Nation,s0,f0,s1,f1,s2,f2,s4,f4,s5,f5,s6,f6,s7,f7,s8,f8,s9,f9,s10,f10,s11,f11,s12,f12,s13,f13,s14,f14,s15,f15,s16,f16,s17,f17,s18,f18,s19,f19,s20,f20,s21,f21,s22,f22,s23,f23,s24,f24,s25,f25,s26,f26,s27,f27,s28,f28,s29,f29,s30,f30,s31,f31,s32,f32,s33,f33,s34,f34,s35,f35,s36,f36,s37,f37,s38,f38,s39,f39,s40,f40,s41,f41,s42,f42,s43,f43,s44,f44,s45,f45,s46,f46,s47,f47,s48,f48,s49,f49,s50,f50,s51,f51,s52,f52,s53,f53,s54,f54,s55,f55,s56,f56,s57,f57,s58,f58,s59,f59,s60,f60,s61,f61,s62,f62,s63,f63,s64,f64,s67,f67,s68,f68,s69,f69,s70,f70,s71,f71,s72,f72,s73,f73,s74,f74,s75,f75,s77,f77,s78,f78,s79,f79,s85,f85,s87,f87,s88,f88
Zions Thris 2,54.67,54.67,21,21,72,72,1.56,1.56,30.57,30.57,45.83,45.83,553.71,553.71,52,52,108,108,-4.9,-4.9,-4.38,-4.38,1248.36,1248.36,-6.63,-6.63,2657.79,2657.79,-2.37,-2.37,84.57,84.57,3004.91,3004.91,1268.49,1268.49,-6.63,-6.63,724.85,724.85,-8.38,-8.38,724.85,724.85,523.5,523.5,-4.1,-4.1,773.17,773.17,1332.92,1332.92,16.73,16.73,1963.14,1963.14,1157.75,1157.75,1258.42,1258.42,755.05,755.05,1229.34,1229.34,64.21,64.21,18.02,18.02,37.62,37.62,28.34,28.34,9.67,9.67,48.6,48.6,1,1,53.38,53.38,104,104,69.9,69.9,105.9,105.9,72.11,72.11,16.63,16.63,1459.77,1459.77,90.44,90.44,-79,-79,57.33,57.33,14.12,14.12,0.82,0.82,93.8,93.8,729.6,729.6,-8,-8,67,67,76.94,76.94,805.39,805.39,1059.58,1059.58,0.27,0.27,216.68,216.68,9.81,9.81,12.47,12.47,556.94,556.94,1.34,1.34,38.37,38.37,48.55,48.55,63.25,63.25,-30,-30,110,110,32735.1,32735.1,25894.93,25894.93,40331,40331,1308.76,1308.76,2.31,2.31,654.38,654.38,8700000000,8800000000,13977.89,13977.89,15.72,15.72,10.5,10.5
Grand Brittania,23,23,72.89,72.89,66.67,66.67,8.22,8.22,32.39,32.21,43,43,184.04,447.09,77,77,51.75,51.75,1693.12,1645.3,2645.32,3261.99,3533.48,3433.67,6404.42,6223.52,3754.32,3862.88,500.94,1487.92,4564.07,4435.16,3965.59,5186.27,-2.45,-2.45,6109.97,2360.65,2797.33,2718.32,6478.04,6295.06,5373.83,5222.04,588.91,572.28,-3.13,-3.13,-4.1,-4.1,9790.67,9514.12,8.94,9.11,276.05,268.26,920.18,894.18,1380.26,1341.28,368.07,357.67,7.94,7.94,12.17,12.17,13,13,64.14,64.14,20.98,20.98,22.34,22.34,50,50,1,1,50,50,98,108,56.74,56.74,62.32,62.32,69.86,70.06,18.69,18.69,1380.26,1341.28,67.39,67.39,68.33,68.33,8.75,8.6,104.84,105.69,1.51,1.51,93.52,93.52,607.64,607.64,-4,-4,64,64,72.28,72.19,644.12,625.93,409.48,546.1,0.31,0.31,27.73,27.92,13.21,12.12,32.57,32.57,461.74,595.57,2.84,2.21,36.31,36.31,57.35,57.42,-66.71,-66.71,96.18,96.18,103,103,62357.74,64170.26,19751.79,20325.9,162324,167042,644.12,625.93,10.51,10.51,-3.16,-3.16,2300000000,2700000000,56870.26,58651.62,14.48,14.48,20.3,23.42
Tinell,75.83,75.83,20,20,75.33,75.33,1.39,1.39,30.84,30.73,44.83,44.83,273.89,420.22,27.25,27.25,164.25,164.25,474.75,485.58,-5.93,-5.93,2227.67,2278.5,409.02,418.35,949.5,1083.22,2220.37,2271.03,1424.25,1456.75,3046.44,3174.96,967.76,989.84,2483.31,672.34,2665.91,2726.73,2282.45,2334.53,474.75,485.58,2300.71,2353.21,-3.55,-3.55,825.34,844.17,4126.68,4220.83,14.21,14.32,1552.07,1587.48,821.68,840.43,456.49,466.91,593.44,606.98,1207.99,1207.99,72.01,72.01,17.36,17.36,36.73,36.73,34.02,34.02,2.44,2.44,51.62,51.62,1,1,53.38,53.38,110,120,67.26,67.26,100.63,100.63,71.73,71.88,26.86,26.86,821.68,840.43,65.1,65.1,-84,-84,35.16,37.19,47.97,45.15,0.76,0.76,93.94,93.94,526,526,-8,-8,67,67,76.64,76.53,502.14,513.6,896.23,991.36,0.43,0.43,244.73,245.3,9.78,9.79,12.56,12.56,572.42,666.01,1.63,1.55,28.14,28.14,48.14,48.19,61.07,61.07,48.68,48.68,108.45,108.45,34510.7,33741.63,29016.46,28369.83,40293,39395,958.63,980.5,2.46,2.46,365.19,373.52,109800000000,108900000000,22362.93,21189.75,12.68,12.68,11.72,12.64
Zions Thris 3,54.67,54.67,15.5,15.5,72,72,1.38,1.38,30.95,30.95,47.2,47.2,535.53,535.53,52,52,108,108,1927.9,1927.9,2497.09,2497.09,2233.92,2233.92,1162.86,1162.86,1499.48,1499.48,1126.14,1126.14,1040.46,1040.46,-5.74,-5.74,-2.45,-2.45,-4.9,-4.9,1315.87,1315.87,-7.56,-7.56,-3.74,-3.74,1774.89,1774.89,1698.39,1698.39,587.55,587.55,5202.28,5202.28,16.88,16.88,1644.84,1644.84,879.8,879.8,803.29,803.29,573.78,573.78,1229.34,1229.34,72.42,72.42,18.96,18.96,32.99,32.99,31.49,31.49,3.07,3.07,49.36,49.36,1,1,53.38,53.38,112,112,70.54,70.54,104.92,104.92,71.6,71.6,18.47,18.47,879.8,879.8,103.92,103.92,-84.5,-84.5,48.41,48.41,21.18,21.18,0.82,0.82,93.8,93.8,779.36,779.36,-8,-8,69,69,76.42,76.42,612.03,612.03,1072.97,1072.97,0.27,0.27,217.54,217.54,9.63,9.63,12.47,12.47,633.34,633.34,1.29,1.29,36.53,36.53,47.27,47.27,46.9,46.9,71.41,71.41,110,110,32827.89,32827.89,27683.22,27683.22,38228,38228,994.55,994.55,2.28,2.28,803.29,803.29,11100000000,11300000000,16939.19,16939.19,14.88,14.88,12.84,12.84
Cosmo Kramerica,49.09,49.09,100.02,100.02,56.53,56.53,1.38,1.38,22.43,22.41,15.98,15.98,843.1,1071.84,56.18,56.18,61,61,15145.22,15128.25,2354.56,2351.92,-2.05,-2.05,600.9,600.23,-4.5,-4.5,-10.7,-10.7,21031.62,21008.05,-12.73,-12.73,-3.67,-3.67,-8.72,-13.27,21276.89,21253.05,5739.24,5732.81,-5.1,-5.1,-14.66,-14.66,4267.64,4262.86,-9.62,-9.62,36176.84,36136.3,20.42,20.49,-16.12,-16.12,6055.02,6048.24,7128.06,7120.08,5365.21,5359.2,239.44,239.44,72.69,72.69,0.49,0.49,40.94,40.94,57.76,57.76,1.21,1.21,49.36,49.36,7.03,7.03,31.88,31.88,143,153,77.15,77.15,121.62,121.62,90.33,90.34,9.27,9.27,7894.52,7885.68,5.64,5.64,31.17,31.17,53.32,53.76,2.46,1.46,5.84,5.84,92.87,92.87,836.61,836.61,-8,-8,74,74,54.75,54.38,-17.61,-17.61,1135.01,1143.62,1.19,1.19,9.97,10.08,9.28,9.28,16.68,16.68,1273.33,1339.87,1.08,1.05,45.73,45.73,88.02,88.03,-116.12,-116.12,115.03,115.03,60.89,60.89,102377.4,102492.36,86502.96,86600.09,119010,119144,4675.4,4670.16,2.04,2.04,-16.73,-16.73,4118800000000,4129300000000,47810.24,47351.47,21.02,21.02,40.28,42.75
State Peace and Development Council,67.43,67.43,69.22,69.22,60,60,1.4,1.4,21.15,21.15,46.76,46.76,7051.48,7361.75,39.86,39.86,137.25,137.25,-9.49,-9.49,-6.32,-6.32,-5.92,-5.92,-9.17,-9.17,-13.1,-12.8,-11.31,-11.31,-14.7,-14.7,-17.96,-17.96,0,0,-10.49,-14.49,-17.32,-17.32,-9.75,-9.75,-7.07,-7.07,-19.49,-19.49,-3.83,-3.83,-14.89,-14.89,0,0,20.78,20.86,4141.35,4127.04,12983.68,12938.83,2574.35,2565.46,2238.57,2230.83,1052.22,1052.22,71.35,71.35,18.02,18.02,26.91,26.91,51.5,51.5,1.35,1.35,52.64,52.64,8.06,8.06,52.44,52.44,285,295,76.09,76.09,106.93,106.93,90.98,90.98,10.38,10.38,2686.28,2677,111.38,111.38,32.83,32.83,68.32,68.18,-28.82,-28.9,1.16,1.16,93.63,93.63,651.92,651.92,-8,-8,77,77,49.52,49.37,559.64,557.71,1246.38,1253.08,0.22,0.22,188.47,188.97,8.98,8.99,13.26,13.26,1818.93,1879.69,0.83,0.82,44.62,44.62,68.48,68.48,-68.92,-68.92,54.77,54.77,108.14,108.14,48353.01,48520.61,40454.55,40594.77,56701,56898,9178.12,9146.41,2.07,2.07,783.5,780.79,324700000000,325800000000,15327.9,15429.55,12.79,12.79,78.74,81.94
Ugg Lands,68.87,68.87,67.81,67.81,65,65,1.31,1.31,20.52,20.51,44.28,44.28,12330.79,12549.66,37.7,37.7,141.75,141.75,-23.54,-23.54,-13.39,-13.39,-15.68,-15.68,-12.59,-12.59,-18.53,-18.31,-13.48,-13.48,-17.32,-17.32,-22.98,-22.98,-20.05,-20.05,-18.55,-21.07,-24.17,-24.17,-17.49,-17.49,-17.15,-17.15,-24.47,-24.47,-8.96,-8.96,-25.06,-25.06,0,0,28.65,28.71,6044.5,6033.49,12330.79,12308.32,7011.63,6998.85,2337.21,2332.95,74.94,74.94,76.32,76.32,15.9,15.9,27.17,27.17,82.81,82.81,0.9,0.9,53.51,53.51,9.3,9.3,51.96,51.96,436,446,87.95,87.95,119.36,119.36,91.35,91.36,14.74,14.74,7172.81,7159.74,100.92,100.92,26.71,26.71,78.29,78.25,-133.13,-133.21,4.8,4.8,92.99,92.99,647.4,647.4,-2,-2,108,108,43.66,43.56,886.53,884.91,1459.47,1464.62,0.18,0.18,162.82,163.28,8.23,8.23,17.42,17.42,3128.46,3182.38,0.58,0.58,40.26,40.26,71.95,71.95,-151.18,-151.18,96.82,96.82,106.84,106.84,66167.18,66287.95,57373.1,57477.83,75172,75310,10880.11,10860.28,1.82,1.82,1611.87,1608.93,761500000000,762700000000,14358.28,14450.77,17.45,17.45,135.44,136.02
Turmissia,72.83,72.83,22.83,22.83,75.33,75.33,1.4,1.4,32.68,32.53,39.43,39.43,1208.39,1442.83,31.75,31.75,155.25,155.25,1804.53,1795.52,2552.13,2539.38,-6.16,-6.16,-8.6,-8.6,-6,-5.69,-7.04,-7.04,251.35,250.09,1450.07,1442.83,580.03,577.13,-2,-10.2,-13.56,-13.56,-9.95,-9.95,193.34,192.38,-8,-8,2739.03,2725.34,-10.65,-10.65,2055.88,2045.61,12.45,12.57,161.12,160.31,966.71,961.89,1288.95,1282.52,563.92,561.1,1078.45,1078.45,71.35,71.35,13,13,44.09,44.09,32.01,32.01,2.9,2.9,47.8,47.8,1,1,52.44,52.44,132,142,64.1,64.1,103.38,103.38,69.55,69.72,23,23,1933.43,1923.77,45.68,45.68,-77.17,-77.17,54.89,55.54,43.1,42.1,0.76,0.76,93.94,93.94,508.52,508.52,-8,-8,67,67,77.04,76.94,886.16,881.73,998.1,1025.02,0.43,0.43,224.53,225.08,9.88,9.88,13.14,13.14,787.95,866,1.54,1.47,32,32,47.03,47.08,35.36,35.36,-56.12,-56.12,105.5,105.5,23170.86,23295.61,19385.9,19490.27,27171,27318,886.16,881.73,2.75,2.75,241.68,240.47,360300000000,370200000000,10450.06,10366.54,15.14,15.14,14.91,16.09
Etruriia,53,53,27.67,27.67,65.33,65.33,1.84,1.84,32.38,32.21,43,43,326.03,507.45,53.25,53.25,105.75,105.75,260.82,253.73,786.38,913.41,782.46,761.18,-7.21,-7.21,-7.48,-7.07,2880.77,4465.58,3860.15,3755.15,-8.35,-7.25,0,0,2869.03,253.73,2608.21,2537.26,2008.32,1953.69,2347.39,2283.54,-7.07,-7.07,1460.6,1420.87,1606.27,1562.58,4903.43,4770.06,10.77,10.91,391.23,380.59,847.67,824.61,1108.49,1078.34,521.64,507.45,32.69,32.69,54.26,54.26,13.62,13.62,40.06,40.06,25.65,25.65,16.21,16.21,51,51,1,1,50.5,50.5,99,109,62.48,62.48,97.32,97.32,69.87,70.06,11.43,11.43,1238.9,1205.2,55.49,55.49,27.67,27.67,24,23.46,72.41,72.73,1.81,1.81,93.45,93.45,770.95,770.95,-8,-8,64,64,57.43,56.96,652.05,634.32,719.88,892.05,0.34,0.34,180.18,180.67,9.64,9.5,17.79,17.79,501.41,611.62,1.84,1.64,43.57,43.57,48.51,48.58,58.31,58.31,-43.59,-43.59,106.84,106.84,34073.27,35016.4,24636.72,25318.66,45408,46665,652.05,634.32,3,3,130.41,126.86,110500000000,113000000000,25895.68,26787.55,13.84,13.84,10.75,12.53
New Golcondan sultinate,71.6,71.6,52.89,52.89,76.67,76.67,3.23,3.23,32.37,32.22,42,42,-5.48,0,33.6,33.6,150.75,150.75,-4.9,-4.9,-3.35,-3.35,1454.46,1450.22,4605.78,4592.35,4120.96,4350.65,387.85,386.72,2666.5,2658.73,-1.73,-1.73,-6,-6,-2,-10.2,4686.58,4672.92,3232.12,3222.7,-2,-2,-4.9,-4.9,-1.67,-1.67,5978.75,5961.32,4120.96,4108.95,7,7,1111.04,1107.8,606.02,604.26,404.02,402.84,0,0,439.84,439.84,30.97,30.97,13.62,13.62,59.49,59.49,31.69,31.69,3,3,50,50,1,1,50.99,50.99,108,118,57.17,57.17,64.87,64.87,69.89,70.05,15.12,15.12,909.03,906.39,42.81,42.81,46.67,46.67,9.6,9.57,97.53,97.65,0.73,0.73,94.04,94.04,345.97,345.97,-4,-4,64,64,68.34,68.16,202.01,201.42,531.25,606.23,1.19,1.19,101.51,101.88,10.61,10.67,16.07,16.07,554.43,650.71,2.25,2.05,39.88,39.88,52.47,52.53,-66.71,-66.71,79.06,79.06,101.45,101.45,41406.87,41527.9,22111.13,22175.76,71395,71604,707.03,704.97,9.9,9.9,-4.47,-4.47,12100000000,13500000000,37431.81,37541.22,12.79,12.79,11.8,12.69
Accipia,27,27,57.78,57.78,66.67,66.67,3.7,3.7,30.28,30.18,45.34,45.34,173.85,425.43,73,73,60.75,60.75,3685.58,3607.67,5071.85,5832.52,3685.58,3607.67,2920.65,2858.91,1808.02,1974.01,-5.86,-3.69,2642.49,2586.63,547.27,680.69,799.7,782.8,208.62,-9.7,1599.4,1565.59,7301.63,7147.27,2990.19,2926.98,1947.1,1905.94,2155.72,2110.15,777.87,761.43,10013.66,9801.97,10.49,10.63,1390.79,1361.39,1130.01,1106.13,1043.09,1021.04,173.85,170.17,468.75,468.75,27.05,27.05,15.9,15.9,52.93,52.93,23.53,23.53,19.29,19.29,50,50,1,1,50.99,50.99,100,110,60.44,60.44,82.91,82.91,72.51,72.65,11.36,11.36,1216.94,1191.21,88.31,88.31,50.33,50.33,16.8,16.55,85.39,85.59,1.51,1.51,93.52,93.52,726.64,726.64,-4,-4,64,64,68.02,67.85,608.47,595.61,590.39,693.46,0.28,0.28,53.15,53.42,11.99,11.6,15.95,15.95,499.1,610.58,2.09,1.88,43.64,43.64,54.67,54.71,17.32,17.32,70.71,70.71,103.37,103.37,53438.95,54592.99,26497.92,27070.15,97947,100062,1043.09,1021.04,3.69,3.69,260.77,255.26,3200000000,3700000000,44461.21,45585.14,14.3,14.3,14.55,16.42
Nikolia,63.11,63.11,97.89,97.89,77.05,77.05,1.5,1.5,19.74,19.74,38.75,38.75,11650.94,11920.31,45.67,45.67,157.75,157.75,-18.81,-18.81,-12.13,-12.13,-13.07,-13.07,-12.82,-12.82,-17.96,-17.74,-13.77,-13.77,-17.72,-17.72,-23.94,-23.94,-14.49,-14.49,-21.77,-23.96,-23.75,-23.75,-16.85,-16.85,-15.94,-15.94,-22.69,-22.69,4331.82,4323.87,-9.28,-9.28,0,0,27.51,27.57,4563.29,4554.92,14563.68,14536.96,6116.75,6105.52,7087.66,7074.66,1698.53,1698.53,66.79,66.79,15.09,15.09,39.77,39.77,68.24,68.24,1.05,1.05,56.34,56.34,12.67,12.67,54.76,54.76,414,424,75.05,75.05,117.99,117.99,91.87,91.88,14.24,14.24,7281.84,7268.48,98.27,98.27,38.62,38.62,90.31,90.35,-136.64,-137.64,4.27,4.27,93.05,93.05,476.03,476.03,8,8,105,105,46.98,46.82,2330.19,2325.91,1348.03,1353.82,0.19,0.19,46.96,47.21,7.6,7.61,10.52,10.52,2619.06,2675.03,0.69,0.68,40.76,40.76,89.75,89.75,-125.97,-125.97,69.8,69.8,104.81,104.81,79172.05,79317.55,63958.01,64075.56,95758,95934,10874.21,10854.27,2.11,2.11,1747.64,1744.44,947600000000,949600000000,7679.69,7693.8,13.76,13.76,133.3,133.9
Czechmate,71,71,65.78,65.78,70.67,70.67,2.02,2.02,29.46,29.41,44.28,44.28,463.28,763.63,34.5,34.5,148.5,148.5,-4.47,-4.47,5781.72,5956.3,4818.1,4963.58,6300.59,6490.84,6004.09,6414.48,-9.38,-9.38,5707.59,5879.94,4632.79,4772.68,518.87,534.54,4447.47,763.63,-3.16,-3.16,0,0,2594.36,2672.7,-7.07,-7.07,-7.07,-7.07,3935.85,4054.69,10525.69,10843.52,8.37,8.54,833.9,859.08,833.9,859.08,0,0,741.25,763.63,8.94,8.94,49.48,49.48,15.51,15.51,50.81,50.81,30.66,30.66,3.44,3.44,51.62,51.62,2.52,2.52,51.48,51.48,135,145,59.23,59.23,72.85,72.85,73.76,73.84,12.82,12.82,2038.43,2099.98,31.37,31.37,43.67,43.67,9.65,10.73,96.12,93.24,0.86,0.86,93.77,93.77,429.53,429.53,-8,-8,64,64,67.29,66.87,92.66,95.45,682.56,767.39,0.8,0.8,211.85,212.38,12.45,12.5,26.89,26.89,737.63,817.97,1.9,1.77,42.18,42.18,56.56,56.58,-52.44,-52.44,96.18,96.18,104.81,104.81,56416.04,54816.87,38826.96,37726.37,78466,76242,1389.84,1431.8,6.05,6.05,-13.78,-13.78,2142000000000,2288800000000,50943.69,48951.46,13.23,13.23,16.64,17.9
Caffeinneburg,59.11,59.11,78.38,78.38,31.81,31.81,1.31,1.31,20.42,20.42,40.78,40.78,9479.43,9791.18,48.67,48.67,193,193,-29.43,-29.43,-22.2,-22.2,-20.64,-20.64,-22.26,-22.26,-22.05,-21.87,-17.73,-17.73,-27.42,-27.42,-27.6,-27.6,-26.93,-26.93,-27.13,-28.91,-22.93,-22.93,-20.42,-20.42,-23.37,-23.37,-33.62,-33.62,-23.71,-23.71,-35.07,-35.07,0,0,21.79,21.86,1256.31,1252.36,11192.58,11157.4,5938.92,5920.25,-9.49,-9.49,3.19,3.19,76.44,76.44,0.82,0.82,21.23,21.23,72.79,72.79,0.99,0.99,61.07,61.07,11.08,11.08,32.53,32.53,553,563,87.49,87.49,109,109,91.41,91.41,15.57,15.57,20786.21,20720.88,5.5,5.5,26.57,26.57,27.76,27.78,48.27,48.19,6.04,6.04,92.84,92.84,992.08,992.08,4,4,109,109,53.86,53.61,-18.44,-18.44,1527.34,1532.2,7.9,7.9,102.73,103.1,5.64,5.64,90.7,90.7,3714.37,3766.42,0.53,0.53,39.43,39.43,74.63,74.63,-30.55,-30.55,-177.73,-177.73,78.21,78.21,54249.73,54420.77,47078.12,47226.55,61588,61782,5596.29,5578.7,1.83,1.83,-16.12,-16.12,932600000000,935600000000,39168.3,39291.8,16.78,16.78,140.82,141.37
Varna Mamluks,66.22,66.22,39.56,39.56,57.33,57.33,2.36,2.36,32.5,32.29,42,42,218.22,417.33,41.67,41.67,132.75,132.75,2327.69,2225.77,-4.84,-4,290.96,278.22,3782.49,3616.88,3782.49,3783.82,2612.83,4451.55,2618.65,2504,1838.87,2434.44,1454.8,1391.11,3491.53,556.44,3782.49,3616.88,290.96,278.22,2618.65,2504,0,0,-7.07,-7.07,3295.91,3151.6,5237.29,5007.99,9.49,9.64,654.66,626,654.66,626,872.88,834.67,436.44,417.33,119.98,119.98,42.42,42.42,12,12,44.14,44.14,24.83,24.83,17.49,17.49,50,50,1,1,50,50,100,110,58.02,58.02,67.02,67.02,69.74,69.98,7.78,7.78,872.88,834.67,59.21,59.21,36.67,36.67,13.73,12.65,88.73,90.36,3.5,3.5,93.16,93.16,651.72,651.72,0,0,64,64,65.45,65.33,581.92,556.44,549.57,731.33,0.36,0.36,159.17,159.63,10.04,9.81,17.16,17.16,468.59,598.34,2.2,1.82,47.22,47.22,49.9,49.98,-80,-80,83.07,83.07,100.2,100.2,43762.73,45719.52,27723.65,28963.28,65351,68273,581.92,556.44,8.55,8.55,72.74,69.56,428500000000,420600000000,37767.24,39958.86,6.69,6.69,9.69,11.36
The Zohan,57.33,57.33,68,68,3,3,1.9,1.9,27.68,27.61,38.75,38.75,1873.82,2271.09,50,50,112.5,112.5,2904.42,2964.37,1236.72,1262.25,4309.79,4398.74,4965.63,5068.11,4028.72,4398.74,-7.95,-7.95,1339.78,1367.43,-10.17,-10.17,-8.94,-8.94,2435.97,-6.93,-10.86,-10.86,-7.62,-7.62,-6.16,-6.16,-14.42,-14.42,1339.78,1367.43,1188.2,1212.73,8553.99,8730.53,12.37,12.49,0,0,2576.5,2629.68,2693.62,2749.21,2342.28,2390.62,130.47,130.47,52.64,52.64,8.23,8.23,17.38,17.38,20.66,20.66,22.68,22.68,52.16,52.16,3.3,3.3,50,50,134,144,61.53,61.53,78.23,78.23,77,77.15,19.26,19.26,1990.93,2032.02,76.42,76.42,41,41,41.05,43.22,53.25,51.33,27.02,27.02,91.28,91.28,1525.44,1525.44,0,0,64,64,63.77,63.05,1171.14,1195.31,799.4,890.78,0.27,0.27,125.59,126,9.98,9.99,17.11,17.11,819.63,896.44,1.73,1.64,35.74,35.74,59.52,59.57,-48.99,-48.99,83.67,83.67,98.34,98.34,46914.12,46041.58,33376.71,32755.95,63405,62226,2576.5,2629.68,3.23,3.23,-5.48,-5.48,2426900000000,2523600000000,27679.33,26151.62,5.88,5.88,12,12.91
Videomapistan,57,57,11.67,11.67,20,20,1.27,1.27,31.44,31.29,45.83,45.83,402.57,537.29,50.25,50.25,112.5,112.5,2157.75,2215.31,647.81,674.51,-4.47,-4.47,-2.45,-2.45,-6,-5.48,-6.11,-4.73,270.52,277.74,-5.2,-5.2,-5.1,-5.1,2157.75,562.09,-6.78,-6.78,-8.25,-8.25,1513.65,1554.02,547.49,562.09,1497.55,1537.49,-6.29,-6.29,2428.28,2493.05,16.52,16.61,1529.75,1570.55,885.65,909.27,1046.67,1074.59,523.34,537.29,1867.79,1867.79,78.86,78.86,17.01,17.01,17.59,17.59,21.44,21.44,21.83,21.83,50,50,1,1,51.96,51.96,101,111,69.45,69.45,92.67,92.67,70.96,71.15,23.47,23.47,684.36,702.62,103.78,103.78,-88.33,-88.33,60.98,63.91,10.92,8.27,16.94,16.94,91.93,91.93,2177.18,2177.18,0,0,67,67,75.86,75.75,603.85,619.95,1022.92,1041.82,0.24,0.24,56.58,56.86,9.61,9.58,9.88,9.88,533.52,633.74,1.48,1.41,31.53,31.53,46.11,46.17,-44.16,-44.16,30.82,30.82,104.46,104.46,23419.19,22811.03,20661.71,20125.16,26200,25519,1006.41,1033.26,2.33,2.33,483.08,495.96,2800000000,3000000000,9133.48,8234.78,7.77,7.77,8.07,8.6
Geozonya,64.67,64.67,39.56,39.56,57.33,57.33,2.36,2.36,32.55,32.39,42,42,235.43,468.27,44,44,126,126,941.74,936.53,0,0,3139.13,3121.78,-6.32,-6.32,2511.3,2684.73,2922.53,4994.84,-3.16,-3.16,3622.56,4682.67,-6.32,-6.32,3766.96,624.36,3139.13,3121.78,-7.07,-7.07,1883.48,1873.07,3453.04,3433.95,2197.39,2185.24,3778.78,3757.89,4080.87,4058.31,9.49,9.64,706.3,702.4,706.3,702.4,941.74,936.53,470.87,468.27,119.98,119.98,42.42,42.42,12,12,42.87,42.87,24.82,24.82,17.5,17.5,50,50,1,1,50,50,100,110,58.11,58.11,68.3,68.3,69.69,69.86,7,7,941.74,936.53,78.18,78.18,36.67,36.67,16.75,17.28,84.52,83.67,3.24,3.24,93.2,93.2,671.49,671.49,0,0,64,64,65.15,64.76,627.83,624.36,437.43,552.5,0.33,0.33,147.71,148.15,10.38,9.92,17.16,17.16,478.97,602.49,2.66,2.19,48,48,49.88,49.94,81.24,81.24,-40,-40,100.2,100.2,40616.48,40860.21,25730.51,25884.91,60653,61017,627.83,624.36,8.41,8.41,78.48,78.04,37400000000,42700000000,33792.91,33791.4,6.82,6.82,10.88,12.84
Obenhor,64.67,64.67,39.56,39.56,57.33,57.33,2.36,2.36,32.6,32.43,42,42,255.42,497.95,44,44,126,126,2383.93,2323.79,650.47,796.73,0,0,2724.5,2655.76,1021.69,1195.09,2291.98,3718.06,4086.74,3983.64,2322.63,2904.74,340.56,331.97,2724.5,-4.47,2043.37,1991.82,0,0,1021.69,995.91,4086.74,3983.64,-7.07,-7.07,-2,-2,6470.68,6307.43,9.49,9.64,766.26,746.93,766.26,746.93,1021.69,995.91,510.84,497.95,119.98,119.98,42.42,42.42,12,12,42.87,42.87,23.85,23.85,18.87,18.87,50,50,1,1,50,50,100,110,58.11,58.11,68.3,68.3,69.63,69.82,7,7,1021.69,995.91,57.54,57.54,36.67,36.67,20.04,19.8,80.69,80.69,3.24,3.24,93.2,93.2,671.49,671.49,0,0,64,64,64.76,64.44,681.12,663.94,529.85,647.37,0.35,0.35,147.71,148.15,9.94,9.84,17.16,17.16,492.17,607.72,2.26,1.96,48,48,49.86,49.92,-66.33,-66.33,66.33,66.33,100.2,100.2,37543.55,38508.51,23783.81,24395.11,56064,57505,681.12,663.94,8.41,8.41,85.14,82.99,40500000000,45600000000,30034.84,30883.82,6.82,6.82,10.88,12.46
WAtheregionofducks,75.6,75.6,78.44,78.44,82,82,3.72,3.72,35.43,35.26,37.37,37.37,728.44,1187.21,27.6,27.6,164.25,164.25,-3.16,-3.16,4895.14,4986.27,1165.51,1187.21,5244.79,5342.43,8974.42,9497.66,-5.66,-5.66,5477.89,5579.87,-6.12,-6.12,-4.47,-4.47,2331.02,-7.75,0,0,0,0,582.75,593.6,-7.07,-7.07,0,0,-3.16,-3.16,6643.4,6767.08,4.36,4.69,-8.94,-8.94,291.38,296.8,0,0,728.44,742,7.84,7.84,26.89,26.89,6.84,6.84,84.46,84.46,31.8,31.8,2.96,2.96,50,50,1,1,50,50,130,140,48.81,48.81,30.99,30.99,67.12,67.25,24.89,24.89,437.07,445.2,32.08,32.08,68.67,68.67,7.5,7.97,105.46,103.78,0.71,0.71,94.13,94.13,160.56,160.56,0,0,64,64,72.14,71.95,145.69,148.4,385.33,449.14,1.35,1.35,143.65,144.09,13.95,14,33.18,33.18,743.12,823.19,3.04,2.59,30.11,30.11,56.78,56.82,-59.58,-59.58,67.45,67.45,92.89,92.89,42745.04,41967.78,21124.41,20740.29,78562,77133,145.69,148.4,16.76,16.76,-10.49,-10.49,100500000000,101800000000,39539.16,38610.35,3.84,3.84,18.84,20.22
Lamoris,72.44,72.44,64.22,64.22,60,60,1.35,1.35,22.55,22.5,42,42,3303.22,3732.85,32.33,32.33,153,153,1931.12,1956.53,-4.2,-4.2,-6,-6,-2.68,-2.68,-7.56,-7.03,-10.24,-10.24,-3.46,-3.46,-12,-12,-8.83,-8.83,1422.93,-8.49,-11.49,-11.49,-7.21,-7.21,-6.48,-6.48,-15.87,-15.87,7572.01,7671.66,324.43,328.7,1931.12,1956.53,15.23,15.33,3430.27,3475.42,9782.63,9911.37,1397.52,1415.91,2032.75,2059.51,158.85,158.85,74.17,74.17,12,12,29.46,29.46,37.38,37.38,2.02,2.02,52.16,52.16,6.28,6.28,50,50,179,189,64.83,64.83,99.98,99.98,90.28,90.3,13.97,13.97,889.33,901.03,82.03,82.03,29.33,29.33,69.49,70.3,15.32,13.76,1.38,1.38,93.56,93.56,618.52,618.52,0,0,62,62,52.15,51.86,381.14,386.16,1053.6,1065.97,0.3,0.3,120.81,121.21,9.31,9.32,16.98,16.98,1050.23,1120.64,1.36,1.31,41.03,41.03,63.43,63.44,-61.16,-61.16,44.05,44.05,101.45,101.45,40725.41,40205.87,34782.07,34338.35,46894,46296,3557.32,3604.13,2.67,2.67,889.33,901.03,5428800000000,5446300000000,12421.25,11941.14,2.47,2.47,13.94,14.99
Fynnigan,9,9,3.75,3.75,1,1,1.08,1.08,34.74,34.56,43.68,43.68,344.15,407.56,91,91,20.25,20.25,-4.9,-4.9,584.53,562.44,-5.83,-5.83,-6,-6,190.61,244.54,3912.31,4543.9,-6.16,-6.16,-7.94,-7.94,-11.22,-11.22,-9.17,-13.56,-11.14,-11.14,-10.2,-10.2,-9.17,-9.17,-9.7,-9.7,-9.9,-9.9,-13.9,-13.9,0,0,15.81,15.91,714.78,687.76,582.41,560.4,926.56,891.54,423.57,407.56,8.11,8.11,92.8,92.8,13.62,13.62,11.1,11.1,1.37,1.37,35.5,35.5,46.97,46.97,1,1,50,50,98,108,69.3,69.3,92.22,92.22,67.65,67.8,46.04,46.04,873.61,840.6,105.74,105.74,-96.25,-96.25,66.25,64.19,11,11.65,31.2,31.2,91.04,91.04,10981.6,10981.6,-8,-8,64,64,75.16,75.06,476.52,458.51,624.81,706.05,0.21,0.21,17.39,17.55,9.24,9.18,31.45,31.45,581.9,674.25,2.01,1.86,8.96,8.96,43.35,43.4,-35.36,-35.36,-21.21,-21.21,109.7,109.7,11898.74,12366.03,11439.95,11889.23,12327,12811,608.88,585.87,2.34,2.34,317.68,305.67,51700000000,53900000000,4021.77,4427.04,17.62,17.62,9.04,10.29
Caribeea,56.67,56.67,62.67,62.67,73.33,73.33,4.19,4.19,31.03,30.93,43.68,43.68,189.65,463.41,50.5,50.5,112.5,112.5,1213.78,1186.32,2434.76,2758.2,5386.14,5264.3,1972.39,1927.77,4930.98,5041.87,2221.59,3084.44,1062.06,1038.03,-6.6,-6,606.89,593.16,-6.16,-11.75,834.47,815.6,1858.6,1816.55,3868.92,3781.4,4248.23,4152.13,4627.53,4522.85,-3.53,-3.53,7661.98,7488.65,10.44,10.58,1517.22,1482.9,1043.09,1019.5,1137.92,1112.18,379.31,370.73,1126.24,1126.24,23.86,23.86,14.16,14.16,61.04,61.04,29.65,29.65,5.38,5.38,51,51,1,1,50.5,50.5,101,111,60.35,60.35,85.21,85.21,71.48,71.62,8.41,8.41,1422.4,1390.22,72.65,72.65,54,54,18.72,18.43,83.47,83.6,0.77,0.77,93.87,93.87,440.98,440.98,-4,-4,64,64,68.39,68.22,663.79,648.77,622.88,717.24,0.36,0.36,184.82,185.32,11.92,11.62,12.93,12.93,513.78,619.12,2.01,1.85,46.59,46.59,54.65,54.7,62.45,62.45,56.57,56.57,103.37,103.37,52184.14,53391.88,24144.9,24703.71,101192,103534,1137.92,1112.18,3.76,3.76,94.83,92.68,800000000,900000000,42425.71,43567.78,13.41,13.41,13.77,15.43
Wabacha,58.67,58.67,96.68,96.68,64.48,64.48,1.31,1.31,19.52,19.51,50.37,50.37,11055.01,11362.1,49,49,20.75,20.75,-20.98,-20.98,-15.75,-15.75,-13.49,-13.49,-10.95,-10.95,-19.88,-19.68,-13.27,-13.27,-19.34,-19.34,-23.4,-23.4,-16.06,-16.06,-17.32,-20,-19.75,-19.75,-17.78,-17.78,-13.78,-13.78,-23.75,-23.75,-12.91,-12.91,-30.61,-30.61,0,0,24.7,24.76,1786.67,1782.29,15633.34,15595.04,8263.34,8243.09,4913.34,4901.3,543.93,543.93,76.5,76.5,19.85,19.85,22.27,22.27,59.66,59.66,1.17,1.17,42.83,42.83,14.65,14.65,50.99,50.99,326,336,81.89,81.89,127.4,127.4,92.04,92.04,10.89,10.89,8151.67,8131.7,108.33,108.33,26.5,26.5,67.19,67.16,-46.34,-46.42,0.53,0.53,95.15,95.15,754.6,754.6,1,1,112,112,56.49,56.07,1786.67,1782.29,1351.98,1357.75,0.18,0.18,93.69,94.04,5.13,5.13,15.62,15.62,2124.16,2182.77,0.68,0.67,44.11,44.11,84.88,84.88,-97.66,-97.66,49.03,49.03,106.84,106.84,68116.71,68284.01,59136.15,59281.39,77303,77493,12283.34,12253.25,1.93,1.93,111.67,111.39,358600000000,359600000000,22342.28,22397.15,21.12,21.12,132.42,133.02
Percanaypso,61.33,61.33,40.33,40.33,57.33,57.33,2.41,2.41,32.44,32.29,42,42,263.22,518.25,47,47,119.25,119.25,4211.49,4145.97,3771.04,4560.56,3509.57,3454.97,1403.83,1381.99,-7.75,-7.35,784.39,1658.39,-7.75,-7.75,-5,-3.87,3860.53,3800.47,3860.53,345.5,2807.66,2763.98,1052.87,1036.49,-4.47,-4.47,-6.32,-6.32,-4.47,-4.47,0,0,7721.06,7600.94,9.49,9.64,789.65,777.37,789.65,777.37,1052.87,1036.49,526.44,518.25,119.98,119.98,41.45,41.45,12,12,44.47,44.47,22.9,22.9,20.11,20.11,50,50,1,1,50,50,100,110,58.1,58.1,67.73,67.73,69.8,69.97,5.81,5.81,1052.87,1036.49,85.32,85.32,37.25,37.25,20.72,20.89,80.13,79.66,3.5,3.5,93.16,93.16,692.28,692.28,0,0,64,64,64.91,64.55,701.91,690.99,530.73,665.13,0.31,0.31,137.81,138.24,10,9.9,17.16,17.16,476.61,601.55,2.25,1.93,49.19,49.19,50.14,50.2,50.99,50.99,48.99,48.99,100.2,100.2,37355.9,37952.88,23370.67,23744.15,56381,57283,701.91,690.99,8.41,8.41,87.74,86.37,262900000000,273300000000,29623.23,30020.73,6.95,6.95,11.44,13.01
Zhonghua-Diguo,41.33,41.33,57.33,57.33,44,44,1.88,1.88,27.29,27.23,43,43,1306.56,1603.14,62,62,85.5,85.5,-6.32,-6.32,2239.82,2263.26,0,0,-5.29,-5.29,4255.65,4526.52,-9.38,-9.38,4031.67,4073.87,1399.89,1414.54,858.6,867.58,1493.21,-7.75,-12.25,-12.25,-10.54,-10.54,1493.21,1508.84,-12.41,-12.41,4404.97,4451.08,1314.03,1327.78,4031.67,4073.87,13.45,13.56,1586.54,1603.14,2239.82,2263.26,1213.23,1225.93,1306.56,1320.24,1199.43,1199.43,53.33,53.33,16.29,16.29,38.65,38.65,24.24,24.24,18.33,18.33,52.16,52.16,3.3,3.3,53.38,53.38,139,149,65.29,65.29,90.11,90.11,77.83,77.97,11.25,11.25,1493.21,1508.84,73.5,73.5,40,40,40.01,41.45,50.12,48.44,6.35,6.35,92.81,92.81,898.55,898.55,-8,-8,67,67,56.7,56.06,839.93,848.72,1057.38,1069.45,0.28,0.28,168.11,168.59,9.99,10,12.6,12.6,807.18,884.46,1.35,1.3,43.75,43.75,56.78,56.82,14.14,14.14,-14.14,-14.14,106.51,106.51,48163.53,47668.07,34505.21,34150.26,64702,64036,1679.86,1697.45,2.62,2.62,559.95,565.82,321500000000,323800000000,28898.12,27885.82,13.07,13.07,18.37,19.73
The Baltic Confederation,18,18,58.67,58.67,53.33,53.33,2.27,2.27,29.12,29.05,43,43,1056.26,1350.03,82,82,40.5,40.5,4762.76,4782.95,4793.49,4813.8,6836.87,6865.84,4685.94,4705.8,3917.75,4165.79,-7.1,-7.1,1229.1,1234.31,-3.46,-3.46,1766.83,1774.32,921.82,-8.72,-9.27,-9.27,691.37,694.3,1305.92,1311.45,-11.66,-11.66,-2.8,-2.8,-8.58,-8.58,12828.72,12883.1,10.77,10.91,576.14,578.58,1248.3,1253.59,1440.35,1446.46,768.19,771.44,468.75,468.75,44.08,44.08,14.16,14.16,46.11,46.11,16.36,16.36,26.7,26.7,47.8,47.8,2.52,2.52,50.99,50.99,130,140,62.25,62.25,91.72,91.72,74.32,74.45,12.56,12.56,1440.35,1446.46,105.84,105.84,49,49,23.83,24.81,74.47,73.11,3.76,3.76,93.12,93.12,938.48,938.48,-8,-8,66,66,67.17,66.86,672.16,675.01,978.61,1021.12,0.24,0.24,33.34,33.55,11.56,11.62,15.95,15.95,764.82,843.87,1.56,1.49,42.44,42.44,54.84,54.88,47.43,47.43,81.55,81.55,105.5,105.5,48472.61,48273.04,31350.44,31221.37,71114,70822,672.16,675.01,3.05,3.05,768.19,771.44,216000000000,220500000000,36936.13,36301.33,15.66,15.66,19.93,21.37
Greece-Cyprus,18.75,18.75,60.89,60.89,30.67,30.67,2.5,2.5,30.56,30.48,40.78,40.78,962.02,1234.94,81.25,81.25,42.75,42.75,3988,4022.37,1007.5,1016.18,5387.3,5433.72,5107.44,5151.45,-1.9,-1.9,-9.08,-9.08,1329.33,1340.79,2361.32,2381.67,2168.91,2187.6,1189.4,-8.12,-8.72,-8.72,-5.66,-5.66,5037.48,5080.89,181.91,183.48,5702.14,5751.28,4966.42,5009.22,10704.64,10796.88,9.7,9.85,262.37,264.63,699.65,705.68,787.11,793.89,437.28,441.05,468.75,468.75,39.99,39.99,12,12,41.78,41.78,18.26,18.26,25.05,25.05,51,51,1,1,50.99,50.99,129,139,59.43,59.43,64.39,64.39,72.11,72.23,18.51,18.51,1311.84,1323.15,91.98,91.98,52.67,52.67,12.62,13.67,92.03,90.35,11.73,11.73,92.32,92.32,1224.19,1224.19,-8,-8,64,64,68.83,68.56,612.19,617.47,791.09,882.05,0.26,0.26,26.64,26.82,11.45,11.45,15.95,15.95,763.7,842.8,1.74,1.65,36.49,36.49,54.73,54.77,-15.81,-15.81,89.16,89.16,105.84,105.84,55015.84,54554.91,33757.65,33474.82,84417,83709,612.19,617.47,5.43,5.43,87.46,88.21,159900000000,165300000000,48083.84,47080.89,14.23,14.23,19.15,20.67
Dniesteria,61.33,61.33,42.89,42.89,57.33,57.33,1.93,1.93,31.47,31.3,42,42,995.55,1424.12,47,47,119.25,119.25,-6.48,-6.48,424.77,455.72,-4.69,-4.69,-9.06,-9.06,-6.63,-6.16,-6.39,-6.39,1238.91,1329.17,-5.61,-5.61,1238.91,1329.17,4778.64,379.76,-6.48,-6.48,-1.41,-1.41,3451.24,3702.7,-6.48,-6.48,-9.06,-9.06,5343.97,5733.33,1238.91,1329.17,9.8,9.95,995.55,1068.09,995.55,1068.09,1327.4,1424.12,663.7,712.06,119.98,119.98,51.84,51.84,12,12,45.55,45.55,22.23,22.23,20.91,20.91,50,50,1,1,50,50,120,130,59,59,73.26,73.26,70.92,71.14,5.14,5.14,1327.4,1424.12,69.53,69.53,39.17,39.17,32.15,37.15,69.6,66.6,3.5,3.5,93.16,93.16,675.76,675.76,0,0,64,64,63.26,62.14,884.93,949.41,751.24,840.04,0.31,0.31,139.1,139.53,9.98,9.99,17.16,17.16,688.65,771.72,1.8,1.69,49.86,49.86,50.96,51.03,50.99,50.99,-60.83,-60.83,100.2,100.2,32157.46,30109.45,22691.54,21246.39,43771,40983,884.93,949.41,6.63,6.63,110.62,118.68,415100000000,453400000000,21834.92,18938.84,6.95,6.95,11.69,12.57
Ducal Imperium,42.33,42.33,68.44,68.44,12,12,5.83,5.83,33.56,33.32,38.75,38.75,177.51,434.2,61.25,61.25,87.75,87.75,4473.26,4376.75,-3.82,-3.35,923.05,903.14,2627.15,2570.47,1562.09,1736.81,5826.24,8357.86,1633.09,1597.86,3363.46,4168.34,1917.11,1875.75,2343.14,-5.83,-3.74,-3.74,1313.58,1285.24,3408.2,3334.67,5538.32,5418.84,6106.35,5974.61,6859.66,6711.67,7029.41,6877.75,9.49,9.64,-4.47,-4.47,710.04,694.72,1420.08,1389.45,443.78,434.2,624.65,624.65,17.14,17.14,10.55,10.55,32.44,32.44,17.39,17.39,25.83,25.83,47.8,47.8,1,1,51.48,51.48,101,111,54.63,54.63,37.25,37.25,68.68,68.91,20.89,20.89,1775.1,1736.81,45.57,45.57,61.67,61.67,9.59,9.51,99.82,100.2,22.41,22.41,91.57,91.57,954.52,954.52,-4,-4,64,64,71.31,71.19,621.29,607.88,325.58,400.91,0.43,0.43,145.3,145.74,11.56,10.69,15.24,15.24,494.68,608.72,3.88,2.91,34.11,34.11,55.41,55.48,-54.31,-54.31,65.19,65.19,101.04,101.04,61248.87,62598.98,23565.07,24084.52,137502,140533,621.29,607.88,13.03,13.03,-5.48,-5.48,42700000000,45100000000,55368.98,56652.08,15.55,15.55,19.95,23.45
The India Raj,25,25,77.33,77.33,40,40,12.04,12.04,34.2,34.2,41.43,41.43,0,0,75,75,56.25,56.25,3948.95,3948.95,3165.49,3165.49,-5.29,-5.29,-2.9,-2.9,5662.64,5662.64,4578.91,4578.91,2160.74,2160.74,4989.83,4989.83,3129.35,3129.35,968.61,968.61,-5.83,-5.83,5737.15,5737.15,2831.32,2831.32,6184.2,6184.2,4880.3,4880.3,-2.8,-2.8,6109.69,6109.69,8.83,8.83,93.14,93.14,558.81,558.81,931.36,931.36,0,0,919.19,919.19,8.31,8.31,14.16,14.16,53.59,53.59,18.5,18.5,24.83,24.83,52.16,52.16,1,1,51.96,51.96,99,99,56.51,56.51,48.7,48.7,68.1,68.1,21.57,21.57,1024.49,1024.49,65.6,65.6,75,75,8.24,8.24,108.26,108.26,7.53,7.53,92.69,92.69,720.73,720.73,-4,-4,67,67,73.2,73.2,465.68,465.68,529.03,529.03,0.31,0.31,48.14,48.14,13.42,13.42,13.87,13.87,490.96,490.96,2.26,2.26,33.43,33.43,58.28,58.28,-40.37,-40.37,15.17,15.17,102.24,102.24,64881.18,64881.18,16462.39,16462.39,198199,198199,838.22,838.22,10.83,10.83,93.14,93.14,1700000000,1900000000,59560.93,59560.93,12.97,12.97,29.42,29.42
Romanesca Moldovei,61.33,61.33,48.44,48.44,57.33,57.33,2.91,2.91,32.57,32.42,42,42,339.62,673.4,47,47,119.25,119.25,2264.1,2244.66,-4,-4,-8.37,-8.37,-3.16,-3.16,5433.85,5656.55,1449.03,1436.58,4981.03,4938.26,-5.62,-5.48,4075.38,4040.39,-4.47,-10.95,-7.75,-7.75,-3.16,-3.16,1358.46,1346.8,-8.37,-8.37,1811.28,1795.73,-4.47,-4.47,7245.13,7182.92,9.33,9.49,1018.85,1010.1,1018.85,1010.1,1358.46,1346.8,339.62,336.7,119.98,119.98,34.4,34.4,12,12,46.46,46.46,23.52,23.52,19.32,19.32,50,50,1,1,50,50,100,110,57.4,57.4,62.55,62.55,69.67,69.83,3.78,3.78,1358.46,1346.8,54.03,54.03,43.33,43.33,26.83,27.43,76.8,75.92,3.24,3.24,93.2,93.2,640.56,640.56,0,0,64,64,66.31,65.99,905.64,897.86,489.15,571.67,0.34,0.34,137.81,138.24,12.55,12.48,17.16,17.16,523.98,626.43,2.41,2.14,51.22,51.22,51.43,51.48,-58.31,-58.31,-10,-10,100.2,100.2,34391.72,34702.48,19448.72,19624.45,56531,57042,905.64,897.86,9.56,9.56,113.21,112.23,12000000000,13900000000,25174.74,25194,6.95,6.95,9.94,10.67
Breizhann,76.5,76.5,54.22,54.22,80.67,80.67,3.34,3.34,31.5,31.38,44.28,44.28,-5.48,0,26.25,26.25,166.5,166.5,2195.18,2076.36,-3.46,-2.83,4390.36,4152.72,3219.6,3045.33,3000.08,3045.33,5358.07,7715.41,3073.25,2906.9,3450.09,4758.33,731.73,692.12,6219.67,2422.42,0,0,3548.87,3356.78,0,0,-4.47,-4.47,951.24,899.76,-2.37,-2.37,9658.79,9135.99,7.75,7.75,1737.85,1643.79,823.19,778.64,182.93,173.03,182.93,173.03,8.36,8.36,29.92,29.92,14.64,14.64,61.67,61.67,35.77,35.77,2.19,2.19,52.64,52.64,1,1,50.5,50.5,99,109,57.04,57.04,64.77,64.77,70.89,71.04,19.24,19.24,365.86,346.06,60.68,60.68,47.67,47.67,9.35,8.74,99.02,102.07,0.69,0.69,94.23,94.23,263.64,263.64,0,0,64,64,67.94,67.94,182.93,173.03,387.41,538.1,0.56,0.56,249.27,249.84,10.57,9.87,30,30,427.42,581.23,3.02,2.23,35.76,35.76,53.75,53.8,24.49,24.49,73.48,73.48,99.3,99.3,47450.62,50159.68,24866.33,26286,83101,87845,1463.45,1384.24,10.09,10.09,-3.16,-3.16,8000000000,9300000000,43037.71,45795.78,1.55,1.55,13.32,16.1
Kingdom of Helgeland,79.33,79.33,19,19,57.33,57.33,1.49,1.49,34.9,34.66,42,42,211.35,427.95,22,22,175.5,175.5,-10,-10,1738.68,2054.18,-3.16,-3.16,-7.07,-7.07,845.39,1027.09,0,0,2817.95,2853.02,-4.07,-3.87,-7.07,-7.07,2817.95,0,-3.16,-3.16,-7.07,-7.07,-3.16,-3.16,-6.32,-6.32,2817.95,2853.02,-4.94,-4.94,2817.95,2853.02,9.33,9.49,634.04,641.93,634.04,641.93,845.39,855.91,211.35,213.98,119.98,119.98,67.28,67.28,12,12,32.5,32.5,29.65,29.65,5.38,5.38,50,50,1,1,50,50,100,110,59.47,59.47,76.48,76.48,67.53,67.71,20.22,20.22,845.39,855.91,47.32,47.32,19,19,28.29,29.87,70.71,69.2,3.24,3.24,93.2,93.2,635.01,635.01,0,0,64,64,53.57,53.23,563.59,570.6,521.85,641,0.49,0.49,256.1,256.69,9.72,9.67,17.16,17.16,511.11,617.32,2.28,1.98,34.78,34.78,45.16,45.22,40,40,-45.83,-45.83,100.2,100.2,22058.92,21825.63,17888.58,17699.39,26590,26309,563.59,570.6,5.29,5.29,70.45,71.33,19100000000,22600000000,15816.25,15299.77,5.74,5.74,7.69,8.11
The Untitled Region,61.33,61.33,38.89,38.89,57.33,57.33,1.79,1.79,31.46,31.34,42,42,1326.64,1649.8,47,47,119.25,119.25,3449.27,3431.59,-7.59,-7.59,4333.7,4311.48,-1.41,-1.41,2971.68,2956.44,-7.8,-7.8,2564.84,2551.69,-6.82,-6.82,-3.46,-3.46,-7.87,-12.73,353.77,351.96,-9.06,-9.06,1238.2,1231.85,-9.06,-9.06,-7.21,-7.21,2528.43,2515.47,10347.82,10294.76,9.95,10.1,994.98,989.88,994.98,989.88,1326.64,1319.84,663.32,659.92,119.98,119.98,56.01,56.01,12,12,43.85,43.85,22.4,22.4,20.72,20.72,50,50,1,1,50,50,130,140,59.32,59.32,75.28,75.28,70.94,71.09,6.14,6.14,1326.64,1319.84,76.84,76.84,36.17,36.17,35.8,36.59,66.51,65.51,3.5,3.5,93.16,93.16,701.7,701.7,0,0,64,64,57.88,57.09,884.43,879.89,763.07,852.53,0.31,0.31,139.53,139.97,11.18,11.18,17.16,17.16,770.3,849.11,1.78,1.68,48.86,48.86,50.3,50.35,67.82,67.82,17.32,17.32,100.2,100.2,29622.91,29800.98,21787.33,21918.3,38896,39130,884.43,879.89,5.79,5.79,110.55,109.99,610200000000,632900000000,19017.91,18893.82,6.95,6.95,9.87,10.63
Tatarica,82.67,82.67,96.6,96.6,79.47,79.47,1.52,1.52,20.36,20.36,42,42,13385.37,13631.69,17.33,17.33,220.75,220.75,-11.92,-11.92,-11.38,-11.38,-13.54,-13.54,-7.43,-7.43,-16.04,-15.8,-12.52,-12.52,-20.3,-20.3,-21.94,-21.94,-15.3,-15.3,-19.8,-22.18,-22.41,-22.41,-9.67,-9.67,-11.49,-11.49,-19.52,-19.52,20992.55,20959.66,-9.57,-9.57,0,0,26.83,26.89,8923.58,8909.6,12046.84,12027.96,7406.57,7394.97,2587.84,2583.78,501.72,501.72,65.62,65.62,18.34,18.34,39.44,39.44,96.69,96.69,0.81,0.81,62.05,62.05,8.22,8.22,56.53,56.53,434,444,85.87,85.87,123.27,123.27,91.45,91.45,24.33,24.33,6514.21,6504.01,72.26,72.26,40.14,40.14,87.55,87.68,-141.21,-142.21,0.89,0.89,93.75,93.75,265.82,265.82,7,7,120,120,44.57,44.44,-11.83,-11.83,1461.38,1466.52,0.22,0.22,131.96,132.38,8.75,8.76,15.8,15.8,3146.33,3200.18,0.58,0.58,30.67,30.67,86.94,86.94,-153.66,-153.66,120.17,120.17,65.19,65.19,85242.34,85376.09,68218.1,68325.14,103956,104119,13385.37,13364.4,1.85,1.85,-7.75,-7.75,874800000000,876600000000,10570.05,10501.26,0.76,0.76,143.02,143.56
Chicken Burger,72.22,72.22,36.44,36.44,41.33,41.33,1.62,1.62,28.81,28.75,42,42,1026.18,1360.07,32.67,32.67,153,153,1003.37,997.38,-6.2,-6.2,2827.68,2810.81,-7.87,-7.87,983.3,977.44,-10.16,-10.16,-8.83,-8.83,3534.6,3513.51,-9.49,-9.49,-6.16,-11.75,-9.9,-9.9,-5.29,-5.29,-6.16,-6.16,-10.39,-10.39,-5.16,-5.16,-7.52,-7.52,3831.05,3808.19,10.68,10.82,912.16,906.71,2280.39,2266.78,1368.23,1360.07,1026.18,1020.05,119.98,119.98,61.7,61.7,12,12,31.27,31.27,26.94,26.94,13.86,13.86,50,50,3.3,3.3,50,50,120,130,60.42,60.42,80.36,80.36,74.85,74.96,16.21,16.21,1368.23,1360.07,78.17,78.17,32.33,32.33,46.43,47.2,58.04,57.04,5.63,5.63,92.89,92.89,714.85,714.85,0,0,64,64,57.01,56.4,912.16,906.71,732.3,820.04,0.34,0.34,193.59,194.09,9.78,9.78,17.16,17.16,702.49,784.73,1.82,1.71,38.79,38.79,52.45,52.49,70.71,70.71,-43.59,-43.59,99.76,99.76,26710.66,26891.26,20686.37,20826.24,33526,33753,1824.31,1813.42,3.71,3.71,0,0,2465600000000,2529700000000,14316.92,14198.59,6.26,6.26,10.55,11.39
Nova Phoenixia,72.83,72.83,47.56,47.56,42.67,42.67,1.67,1.67,28.37,28.32,44.28,44.28,1146.85,1512.35,31.75,31.75,155.25,155.25,509.71,504.12,-2.83,-2.83,-4.9,-4.9,-4.9,-4.9,4791.27,5041.16,-8.94,-8.94,-6.78,-6.78,-2.74,-2.74,3873.79,3831.28,-4.47,-10.95,-3.16,-3.16,3313.11,3276.76,-7.75,-7.75,-12.65,-12.65,861.41,851.96,530.1,524.28,509.71,504.12,9.59,9.75,1146.85,1134.26,2038.84,2016.46,382.28,378.09,637.14,630.15,1034.67,1034.67,59.98,59.98,16.29,16.29,34.22,34.22,29.29,29.29,6.41,6.41,52.64,52.64,3.3,3.3,52.44,52.44,142,152,62.65,62.65,80.19,80.19,75.66,75.76,15.34,15.34,1274.27,1260.29,59.2,59.2,34.67,34.67,36.81,37.35,67.02,66.14,5.98,5.98,92.85,92.85,677.91,677.91,-4,-4,67,67,61.01,58.31,127.43,126.03,1026.5,1042.22,0.46,0.46,219.69,220.23,10.58,10.64,13.34,13.34,835.42,911.65,1.47,1.41,39.66,39.66,54.86,54.89,-38.73,-38.73,17.32,17.32,100.62,100.62,30271.65,30620.02,23092.8,23358.56,38501,38944,2293.69,2268.52,2.97,2.97,-4.47,-4.47,1914900000000,1973900000000,19131.68,19168.13,11.22,11.22,14.79,15.92
Bisofeyri World Assembly Mission,78.44,78.44,71.33,71.33,83,83,2.71,2.71,29.32,29.23,42,42,114.75,473.66,23.33,23.33,173.25,173.25,2386.86,2463.05,-7.38,-7.38,-4.24,-4.24,-2.19,-2.19,-2.5,-2.5,-3.35,-3.35,-6.93,-6.93,1836.04,1894.65,1377.03,1420.99,3304.88,-5.29,5599.93,5778.68,2386.86,2463.05,3763.89,3884.03,-10.86,-10.86,4498.31,4641.89,7771.59,8019.66,2386.86,2463.05,7,7.21,344.26,355.25,1721.29,1776.23,114.75,118.42,803.27,828.91,95.92,95.92,36.86,36.86,12,12,69.17,69.17,35.96,35.96,2.17,2.17,50,50,3.3,3.3,50,50,112,122,55.32,55.32,56.99,56.99,73.99,74.14,23.03,23.03,803.27,828.91,50.06,50.06,58,58,9.44,10.13,98.02,95.58,0.7,0.7,94.17,94.17,183.89,183.89,0,0,64,64,70.54,70.28,344.26,355.25,497.62,570.19,0.72,0.72,232.31,232.86,9.92,9.92,17.29,17.29,575.68,668.84,2.37,2.14,31.97,31.97,58.07,58.11,-34.79,-34.79,17.61,17.61,97.28,97.28,48903.57,47409.45,28709.56,27832.41,77896,75516,803.27,828.91,12.28,12.28,-7.07,-7.07,517500000000,528100000000,44306.63,42621.09,4.73,4.73,15.97,17.28
Cabbages,78.89,78.89,68.78,68.78,88,88,2.9,2.9,31.03,30.9,42,42,725.27,1198.22,22.67,22.67,175.5,175.5,1624.6,1677.51,557.01,575.15,5105.89,5272.18,649.84,671,3481.29,3666.56,-6.39,-6.39,-7.21,-7.21,9283.44,9585.78,696.26,718.93,2785.03,-7.21,-1.41,-1.41,-3.46,-3.46,-6.48,-6.48,-7.21,-7.21,5454.02,5631.65,-3.74,-3.74,6730.49,6949.69,6.63,6.86,435.16,449.33,1305.48,1348,145.05,149.78,580.21,599.11,95.92,95.92,34.5,34.5,12,12,73.09,73.09,36.89,36.89,2.07,2.07,50,50,2.52,2.52,50,50,124,134,54.82,54.82,55.61,55.61,71.48,71.65,25.63,25.63,1015.38,1048.44,56.04,56.04,60.17,60.17,13.91,16.11,92.17,90.23,0.74,0.74,94,94,150.56,150.56,0,0,64,64,70.3,70.06,435.16,449.33,432.07,499.68,0.84,0.84,239.74,240.3,12.56,12.57,17.29,17.29,702.05,784.32,2.69,2.36,29.37,29.37,56.56,56.62,57.36,57.36,33.32,33.32,97.28,97.28,37644.34,36515.84,21319.31,20680.2,61801,59949,1015.38,1048.44,12.83,12.83,-7.07,-7.07,2915500000000,3321000000000,32411.78,30636.79,4.64,4.64,19.64,21.16
James Forsyte II,64.67,64.67,44.89,44.89,28.44,28.44,1.46,1.46,25.58,25.49,37.37,37.37,1215.07,1525.98,44,44,126,126,277.73,287.24,3666.05,3791.61,2360.71,2441.57,874.85,904.82,2235.74,2463.11,-8.76,-8.76,5276.89,5457.63,-3,-3,850.55,879.68,3055.04,-3.46,-8.49,-8.49,520.75,538.58,-3.46,-3.46,-13.86,-13.86,-2.9,-2.9,-7.41,-7.41,7915.34,8186.44,12.21,12.33,-10.49,-10.49,4513.13,4667.71,1301.86,1346.45,781.12,807.87,8.41,8.41,68.31,68.31,7.52,7.52,29.93,29.93,22.06,22.06,21.12,21.12,51,51,5.66,5.66,50.5,50.5,153,163,60.38,60.38,77.84,77.84,82.06,82.31,15.55,15.55,2169.77,2244.09,27.58,27.58,32.67,32.67,34.92,37.62,56.41,53.74,10.05,10.05,92.46,92.46,908.45,908.45,-8,-8,64,64,64.52,63.84,433.95,448.82,934.04,1010.96,0.44,0.44,189.09,189.59,9.44,9.45,29.68,29.68,846.23,922.08,1.6,1.52,39.45,39.45,55.92,56,33.76,33.76,47.54,47.54,103.74,103.74,42270.68,40978.87,34559.61,33503.45,50589,49043,1215.07,1256.69,3.74,3.74,-14.83,-14.83,12319300000000,12778000000000,27518.21,25570.81,14.13,14.13,17.27,18.6
Cupcake Tiana,77.33,77.33,46.67,46.67,57.33,57.33,2.76,2.76,30.82,30.75,40.78,40.78,210.13,513.07,25,25,168.75,168.75,1008.65,985.09,3634.49,3644.84,-8.83,-8.83,-3.1,-3.1,1765.13,1970.18,5944.3,6829.96,4538.92,4432.91,1260.81,1231.36,336.22,328.36,-9.8,-14,-4,-4,3110,3037.36,-9.8,-9.8,-9.8,-9.8,284.1,277.47,-6.44,-6.44,5547.56,5418,9.8,9.95,945.61,923.52,1786.15,1744.43,1155.74,1128.75,420.27,410.45,119.98,119.98,36.28,36.28,10.55,10.55,46.3,46.3,30.08,30.08,4.35,4.35,50,50,2.52,2.52,50,50,98,108,57.12,57.12,59.33,59.33,71.76,71.86,11.57,11.57,1050.67,1026.14,39.49,39.49,42,42,27.4,27.2,74.63,74.29,3.24,3.24,93.2,93.2,479.84,479.84,0,0,68,68,66.05,65.77,840.54,820.91,512.36,586,0.61,0.61,239.1,239.66,9.92,9.9,17.16,17.16,560.5,655.82,2.32,2.1,43.43,43.43,52.71,52.74,-66.48,-66.48,22.8,22.8,100.2,100.2,35499.36,36344.11,20663.81,21155.53,56952,58307,1260.81,1231.36,9.97,9.97,105.07,102.61,7422900000000,7529700000000,25772.54,26458.52,5.53,5.53,18.22,20.05
Sabanalarga,66.13,66.13,39.11,39.11,68.67,68.67,1.7,1.7,28.18,28.12,44.28,44.28,1106.62,1402.2,41.8,41.8,132.75,132.75,-7.87,-7.87,-3.1,-3.1,3138.78,3124.89,4265.52,4246.65,-1.25,-1.25,-8.99,-8.99,-3.95,-3.95,-3,-3,80.48,80.13,-3.46,-10.58,-11.92,-11.92,3138.78,3124.89,-7.21,-7.21,-12.73,-12.73,2977.81,2964.64,-11.22,-11.22,3138.78,3124.89,11.45,11.58,2313.84,2303.61,1911.43,1902.98,804.81,801.25,804.81,801.25,7.94,7.94,58.76,58.76,14.16,14.16,44.11,44.11,31.4,31.4,3.11,3.11,50,50,2.52,2.52,50,50,138,148,63.52,63.52,95.27,95.27,76.01,76.12,12.47,12.47,1609.63,1602.51,72.54,72.54,34.33,34.33,41.93,42.63,56.3,55.3,1.06,1.06,93.67,93.67,574.02,574.02,-8,-8,64,64,54.93,54.55,704.21,701.1,1019.01,1036.29,0.36,0.36,96.19,96.55,9.89,9.89,32.57,32.57,826.75,903.29,1.5,1.43,42.53,42.53,53.08,53.12,-49.5,-49.5,79.69,79.69,106.84,106.84,32108.07,32266.53,24227.48,24347.05,41229,41432,1710.23,1702.67,2.83,2.83,301.81,300.47,2182900000000,2237500000000,18654.79,18520.99,13.63,13.63,13.62,14.75
Nunchia,66.13,66.13,18.33,18.33,68.67,68.67,1.25,1.25,28.75,28.67,44.83,44.83,1207.14,1381.12,41.8,41.8,132.75,132.75,-9.49,-9.49,1931.43,1933.57,1609.52,1611.31,1563.53,1565.27,-6.48,-6,-7.48,-7.48,-3.61,-3.61,574.83,575.47,-7.14,-7.14,229.93,-9.49,-13.42,-13.42,2299.32,2301.87,-8.94,-8.94,-6.32,-6.32,597.82,598.48,-11.26,-11.26,1609.52,1611.31,16.03,16.12,2241.83,2244.32,1667,1668.85,1034.69,1035.84,1034.69,1035.84,8.1,8.1,79.99,79.99,14.64,14.64,32.34,32.34,31.8,31.8,2.96,2.96,50,50,2.52,2.52,50,50,138,148,68.57,68.57,103.46,103.46,74.97,75.1,18.54,18.54,1494.56,1496.21,82.11,82.11,-83.67,-83.67,66.51,66.81,10.81,9.61,1.06,1.06,93.67,93.67,724.86,724.86,-8,-8,64,64,76.23,76.13,977.21,978.29,1055.84,1068.03,0.31,0.31,96.08,96.44,9.6,9.6,31.56,31.56,858.58,934.02,1.35,1.31,36.46,36.46,49.35,49.39,-38.08,-38.08,70.36,70.36,110,110,26062.75,26034.09,23166.89,23141.42,28963,28932,1552.04,1553.76,2.38,2.38,747.28,748.11,219500000000,220300000000,8731.02,8643.32,14.5,14.5,12.04,12.96
Ivernia,66.89,66.89,94.71,94.71,75.05,75.05,1.45,1.45,20.56,20.56,49.24,49.24,7964.17,8306.67,40.67,40.67,157,157,-17.15,-17.15,-10.35,-10.35,-8,-8,2470.12,2462.68,-14.24,-13.96,-10.08,-10.08,-10.45,-10.45,-18.04,-18.04,-11.75,-11.75,-15.62,-18.55,-19.6,-19.6,-13.19,-13.19,-7.35,-7.35,-15.84,-15.84,2153.51,2147.03,-18.22,-18.22,0,0,20.07,20.15,1592.83,1588.04,12742.66,12704.32,6983.96,6962.95,4043.35,4031.18,1095.87,1095.87,68.74,68.74,21.25,21.25,32.4,32.4,55.57,55.57,1.25,1.25,48.6,48.6,11.58,11.58,54.76,54.76,323,333,75.47,75.47,123.45,123.45,91.32,91.33,15.63,15.63,5513.65,5497.06,116.26,116.26,36.12,36.12,76.41,76.55,-29.32,-30.32,0.61,0.61,94.64,94.64,479.63,479.63,4,4,74,74,64.08,63.56,735.15,732.94,1259.68,1266.24,0.17,0.17,18.68,18.84,7.86,7.87,13.06,13.06,1878.66,1938.96,0.8,0.79,39.37,39.37,77.66,77.66,-128.16,-128.16,111.02,111.02,98.83,98.83,60804.07,60987.59,49875.98,50026.51,72558,72777,8086.69,8062.36,2.09,2.09,735.15,732.94,316700000000,318000000000,14349.76,14271.1,0.69,0.69,90.64,93.99
Hansaria,61.33,61.33,48,48,57.33,57.33,2.85,2.85,32.31,32.16,42,42,256.37,506.98,47,47,119.25,119.25,4101.85,4055.87,4161.66,4867.04,4101.85,4055.87,1709.1,1689.95,3760.03,3920.67,-5.89,-4,-7.07,-7.07,1145.1,1267.46,1367.28,1351.96,341.82,-9.49,-3.16,-3.16,3760.03,3717.88,1025.46,1013.97,-7.07,-7.07,3418.21,3379.89,5430.73,5369.86,8203.69,8111.74,9.49,9.64,769.1,760.48,769.1,760.48,1025.46,1013.97,512.73,506.98,119.98,119.98,35.15,35.15,12,12,47.67,47.67,25.47,25.47,16.5,16.5,50,50,1,1,50,50,100,110,57.48,57.48,63.24,63.24,69.95,70.12,3.89,3.89,1025.46,1013.97,84.25,84.25,43,43,16.12,16.42,86.28,85.73,3.5,3.5,93.16,93.16,643.34,643.34,0,0,64,64,66.73,66.46,683.64,675.98,464.38,564.83,0.32,0.32,137.81,138.24,12.84,12.36,17.16,17.16,511.39,617.51,2.52,2.15,51.11,51.11,51.3,51.36,55.68,55.68,53.85,53.85,100.2,100.2,44406.81,44914.59,25406.88,25697.4,72283,73109,683.64,675.98,9.44,9.44,85.46,84.5,62600000000,66400000000,37257.32,37548.59,6.95,6.95,11.03,12.36
Hulvin,66.28,66.28,92.19,92.19,65.71,65.71,1.31,1.31,18.59,18.58,67.99,67.99,16712.45,16923.51,41.58,41.58,68.75,68.75,-22.89,-22.89,-19.27,-19.27,-20.4,-20.4,-16.14,-16.14,-23.59,-23.42,-15.15,-15.15,-26.23,-26.23,-28.64,-28.64,-23.69,-23.69,-25.77,-27.64,-28.35,-28.35,-20.25,-20.25,-21.77,-21.77,-28.02,-28.02,-10,-10,-34.64,-34.64,0,0,34.71,34.76,14932.88,14914.33,13075.94,13059.69,12147.47,12132.38,3327.01,3322.88,1082.81,1082.81,76.44,76.44,35.15,35.15,8.25,8.25,98.3,98.3,0.8,0.8,52.16,52.16,16.08,16.08,55.65,55.65,579,589,109.12,109.12,134.46,134.46,92.8,92.8,13.99,13.99,6112.42,6104.83,146.86,146.86,26.57,26.57,85.99,85.97,-205.28,-205.36,1.77,1.77,93.46,93.46,672.4,672.4,10,10,123,123,40.37,40.29,2398.55,2395.57,1641.07,1645.54,0.12,0.12,81.8,82.13,6.33,6.33,13.12,13.12,3782.4,3834.26,0.47,0.47,41.01,41.01,82.21,82.21,-198.12,-198.12,109.23,109.23,113.24,113.24,93233.78,93349.77,80908.64,81009.29,105846,105977,14700.76,14682.5,1.58,1.58,1237.96,1236.42,493500000000,494200000000,13052.73,13068.97,0.75,0.75,155.53,156.01
QuietNation5,76.67,76.67,5.67,5.67,77.33,77.33,1.12,1.12,33.6,33.44,43.68,43.68,402.08,507.76,26,26,166.5,166.5,116.97,116.06,140.36,139.27,116.97,116.06,116.97,116.06,848.02,928.47,1457.43,1578.4,-3.95,-3.95,146.21,145.07,116.97,116.06,116.97,-9.59,116.97,116.06,116.97,116.06,116.97,116.06,701.81,696.35,116.97,116.06,60.82,60.35,233.94,232.12,15.3,15.39,1644.88,1632.08,840.71,834.17,365.53,362.68,511.74,507.76,14.13,14.13,89.27,89.27,13.62,13.62,28.4,28.4,34.6,34.6,2.35,2.35,50,50,1,1,50,50,100,110,65.73,65.73,101.47,101.47,68.64,68.79,31.71,31.71,657.95,652.83,79.96,79.96,-94.33,-94.33,67.58,67.63,13.75,12.9,0.73,0.73,94.04,94.04,572.96,572.96,0,0,64,64,75.12,75.02,584.84,580.3,610.15,690.45,0.32,0.32,291.56,292.18,9.66,9.66,18.28,18.28,552.49,649.1,2.04,1.89,23.29,23.29,44.06,44.11,-36.06,-36.06,41.23,41.23,104.81,104.81,13580.68,13687.14,12792.41,12892.7,14330,14443,950.37,942.98,2.58,2.58,475.19,471.49,13189300000000,13296500000000,4400.14,4434.63,6.91,6.91,7.25,7.36
NPOs Fist,77.11,77.11,24.67,24.67,0,0,1.28,1.28,28.9,28.83,42,42,1506.98,1737.53,25.33,25.33,168.75,168.75,-13.64,-13.64,-11.17,-11.17,-10.3,-10.3,-4.65,-4.65,-7.97,-7.97,12385.82,12333.27,-11.22,-11.22,-15.87,-15.87,-12.96,-12.96,-8.12,-12.88,-8.12,-8.12,-7.48,-7.48,-12.88,-12.88,-14,-14,-13.34,-13.34,-12.29,-12.29,0,0,13.19,13.3,872.46,868.76,2141.5,2132.42,1506.98,1500.59,793.15,789.78,141.46,141.46,78.02,78.02,12,12,12.86,12.86,23.37,23.37,19.51,19.51,50,50,3.3,3.3,50,50,138,148,62.22,62.22,76.18,76.18,74.7,74.81,33.72,33.72,1031.09,1026.72,68.34,68.34,-75.33,-75.33,56.05,56.67,37.25,36.25,29.5,29.5,91.14,91.14,1303.3,1303.3,0,0,64,64,76.86,76.76,951.78,947.74,714.23,800.92,0.35,0.35,230.99,231.55,9.18,9.18,17.06,17.06,866.33,941.51,1.85,1.73,21.28,21.28,50.86,50.9,-77.59,-77.59,26.83,26.83,101.04,101.04,26186.63,26312.45,22973.01,23083.39,29443,29585,1903.56,1895.48,3.06,3.06,237.94,236.94,16091800000000,16334000000000,11495.93,11393.29,6.07,6.07,12.39,13.41
Rogue Lawnmower,92,92,64.44,64.44,82,82,4.51,4.51,31.17,31.06,44.83,44.83,-6.32,-3.16,8,8,207,207,517.94,513.31,-5.98,-5.37,5845.31,5793.06,2811.67,2786.53,7695.09,7846.3,3503.12,5514.41,-8,-8,1274.87,1558.26,5697.33,5646.4,4957.42,1246.61,517.94,513.31,1960.77,1943.24,-5.1,-5.1,-6.78,-6.78,-4.73,-4.73,5364.37,5316.41,6363.25,6306.37,8.19,8.19,1664.8,1649.92,924.89,916.62,-5.48,-5.48,0,0,1165.08,1165.08,22.19,22.19,17.36,17.36,67.59,67.59,35.58,35.58,2.21,2.21,51.62,51.62,1,1,53.38,53.38,106,116,56.86,56.86,60.19,60.19,71.3,71.45,27.1,27.1,277.47,274.99,63.81,63.81,55.67,55.67,8.88,8.78,102.46,103,0.7,0.7,94.17,94.17,134.19,134.19,0,0,71,71,69.51,69.38,92.49,91.66,574.42,698.41,1.28,1.28,371.7,372.4,13.39,12.46,12.75,12.75,502.03,611.91,2.13,1.87,27.9,27.9,54.53,54.58,61.24,61.24,64.42,64.42,87.18,87.18,55363.6,55862.69,24606.05,24827.86,110893,111893,1017.38,1008.29,10.34,10.34,-4.47,-4.47,757900000000,765300000000,50436.24,50946.77,1.63,1.63,16.91,19.38
Clone Commander Wolffe,67,67,19.67,19.67,67.56,67.56,1.22,1.22,28.51,28.41,45.34,45.34,618.26,796.48,40.5,40.5,135,135,1236.52,1274.36,1978.44,2038.98,535.83,552.22,0,0,577.04,722.14,-2,-2,618.26,637.18,1803.26,1858.44,-9.33,-9.33,2473.05,424.79,1854.78,1911.54,1999.05,2060.22,1854.78,1911.54,824.35,849.57,1772.35,1826.58,69.25,71.36,2390.61,2463.76,15.81,15.91,1391.09,1433.66,1957.83,2017.74,1442.61,1486.75,669.78,690.28,42.28,42.28,82.26,82.26,15.51,15.51,31.74,31.74,33.12,33.12,2.62,2.62,51,51,3.3,3.3,50.5,50.5,109,119,69.53,69.53,107.37,107.37,75.39,75.59,17.29,17.29,1597.18,1646.05,70.97,70.97,19.67,19.67,54.72,57.79,20.35,17.47,1.04,1.04,93.68,93.68,698.79,698.79,-4,-4,62,62,50.53,50.23,721.31,743.38,968.38,1019.01,0.31,0.31,162.72,163.19,9.65,9.65,17.69,17.69,584.93,676.92,1.57,1.5,37.71,37.71,49.82,49.89,-18.71,-18.71,40.62,40.62,107.17,107.17,30477.41,29572.8,27495.37,26679.28,33425,32433,1288.04,1327.46,2.33,2.33,618.26,637.18,201800000000,197500000000,13806.27,12479.72,14.54,14.54,8.98,9.56
My little Playthings,2.33,2.33,74,74,1,1,8.85,8.85,31.76,31.63,38.06,38.06,533.71,844.32,97.67,97.67,6.75,6.75,-5.1,-5.1,-7.9,-7.8,1332.13,1317.14,3671.9,3630.58,4098.86,4306.03,5752.92,6349.29,222.02,219.52,3949.42,3904.98,-9.17,-9.17,-7.48,-12.49,2305.61,2279.66,3928.07,3883.87,-6,-6,597.75,591.02,-4.73,-4.73,-4.05,-4.05,1554.15,1536.66,11.92,12.04,106.74,105.54,1174.15,1160.94,2882.01,2849.58,960.67,949.86,941.61,941.61,11.3,11.3,10.55,10.55,22.61,22.61,0.89,0.89,39.99,39.99,51.62,51.62,1,1,51.96,51.96,103,113,60.68,60.68,70,70,70.58,70.74,39.5,39.5,1814.6,1794.18,99.02,99.02,70,70,27.56,27.72,73.04,72.48,30.34,30.34,91.09,91.09,2707.19,2707.19,-8,-8,71,71,71.23,71.07,1067.41,1055.4,646.75,729.38,0.22,0.22,10.06,10.17,10.61,10.52,13.77,13.77,565.01,659.65,1.97,1.83,15.5,15.5,57.28,57.33,-55.14,-55.14,67.82,67.82,98.83,98.83,54388.46,55007.46,16505.95,16693.81,146128,147791,1067.41,1055.4,3.56,3.56,213.48,211.08,127500000000,129200000000,39377.25,39770.39,14.45,14.45,30.07,32.42
Brame Anttopia,52.33,52.33,52.44,52.44,79.33,79.33,2.15,2.15,28.34,28.26,44.28,44.28,684.99,992.57,53.75,53.75,105.75,105.75,-2.45,-2.45,1127.3,1143.44,-6.78,-6.78,3209.66,3255.63,2348.54,2620.39,250.51,254.1,1878.83,1905.74,6556.33,6650.23,704.56,714.65,1722.26,-7.48,-4,-4,3835.94,3890.88,-2.45,-2.45,547.99,555.84,2739.96,2779.2,-7.77,-7.77,1878.83,1905.74,11.31,11.45,2054.97,2084.4,1663.55,1687.37,1174.27,1191.09,195.71,198.51,1435.67,1435.67,46.42,46.42,15.09,15.09,53.84,53.84,31.98,31.98,2.91,2.91,50,50,2.52,2.52,50.99,50.99,128,138,63.49,63.49,103.94,103.94,75.71,75.87,12.33,12.33,782.85,794.06,88.57,88.57,46.33,46.33,30.99,32.62,65.85,64.09,0.68,0.68,94.26,94.26,454.34,454.34,0,0,64,64,64.98,64.48,391.42,397.03,919.47,1006.64,0.26,0.26,55.32,55.59,10.52,10.57,11.59,11.59,724.23,805.26,1.61,1.53,42.67,42.67,55.27,55.32,-86.6,-86.6,72.11,72.11,100.2,100.2,42582.86,41981.8,28317.96,27918.24,61002,60141,1761.4,1786.63,2.83,2.83,293.57,297.77,166400000000,164900000000,29382.17,28295.73,6.62,6.62,16.61,17.86
Installers,73.67,73.67,36.44,36.44,57.33,57.33,1.46,1.46,28.53,28.46,43.68,43.68,559.91,784.02,30.5,30.5,157.5,157.5,447.93,456.16,-5.93,-5.93,167.97,171.06,3135.52,3193.1,3527.46,3763.29,-7.85,-7.85,335.95,342.12,1959.7,1995.69,447.93,456.16,1847.72,-5.83,4367.34,4447.53,3835.42,3905.84,727.89,741.25,-8.6,-8.6,-1.67,-1.67,28.22,28.74,951.86,969.33,12.96,13.08,1119.83,1140.39,1609.76,1639.31,839.87,855.29,839.87,855.29,1576.14,1576.14,68.58,68.58,15.09,15.09,35.47,35.47,31.55,31.55,3.05,3.05,51,51,3.3,3.3,51.48,51.48,119,129,65.18,65.18,94.5,94.5,75.35,75.49,14.94,14.94,1259.81,1282.94,56.82,56.82,26.33,26.33,33.76,35.51,54.46,52.26,3,3,93.23,93.23,644.73,644.73,-4,-4,64,64,53.96,53.54,559.91,570.2,1030.62,1045.64,0.42,0.42,223.04,223.59,9.68,9.68,11.01,11.01,645.61,731.7,1.45,1.39,40.06,40.06,52.92,52.97,-82.16,-82.16,83.96,83.96,103.37,103.37,42184.2,41462.03,34558.87,33967.24,50395,49532,1469.78,1496.76,2.63,2.63,209.97,213.82,1105500000000,1149700000000,27925.94,26743.01,13.14,13.14,9.19,9.81
FSS Yamaku,82.67,82.67,40.22,40.22,41.33,41.33,1.76,1.76,30.84,30.74,42,42,831.05,1174.43,17.33,17.33,186.75,186.75,1044.75,1033.5,-6.81,-6.81,-2.83,-2.83,-5.48,-5.48,5793.59,6013.09,-8.2,-8.2,-8.83,-8.83,-5.34,-5.34,4084.01,4040.05,-6.93,-12.17,-4.24,-4.24,-5.29,-5.29,94.98,93.95,-11.31,-11.31,-8.49,-8.49,6160.92,6094.6,1044.75,1033.5,8.77,8.94,712.33,704.66,1424.65,1409.32,1187.21,1174.43,474.88,469.77,109.99,109.99,56.72,56.72,12,12,36.7,36.7,27.46,27.46,12.71,12.71,50,50,2.52,2.52,50,50,120,130,58.36,58.36,65.15,65.15,71.74,71.87,19.68,19.68,1187.21,1174.43,55.52,55.52,37.17,37.17,30.38,31.02,73.44,72.56,6.73,6.73,92.77,92.77,548.27,548.27,0,0,64,64,64.05,63.54,712.33,704.66,554.52,631.11,0.58,0.58,268.06,268.66,12,12.05,17.21,17.21,691.28,774.19,2.18,2,35.32,35.32,51.36,51.4,20,20,-28.28,-28.28,98.83,98.83,28314.29,28643.69,20965.72,21209.63,36961,37390,1187.21,1174.43,7.96,7.96,-4.47,-4.47,1875000000000,1935700000000,19706.75,19764.15,5.02,5.02,9.44,10.09
Zagaland,57.33,57.33,48.44,48.44,57.33,57.33,2.91,2.91,32.59,32.43,42,42,286.15,561.62,50,50,112.5,112.5,1526.15,1497.66,4210.27,4942.28,1907.69,1872.08,3815.38,3744.15,-8.37,-8,-2.99,-2,-4.47,-4.47,3460.55,4212.17,-4.47,-4.47,381.54,-9.49,3815.38,3744.15,-8.37,-8.37,3433.84,3369.74,-7.75,-7.75,1144.61,1123.25,5981.62,5869.96,3433.84,3369.74,9.33,9.49,858.46,842.43,858.46,842.43,1144.61,1123.25,286.15,280.81,119.98,119.98,34.4,34.4,12,12,46.46,46.46,23.69,23.69,19.09,19.09,50,50,1,1,50,50,100,110,57.49,57.49,63.08,63.08,69.65,69.82,2.78,2.78,1144.61,1123.25,78.16,78.16,43.33,43.33,19.31,19.37,82.91,82.58,3.24,3.24,93.2,93.2,665.81,665.81,0,0,64,64,66.78,66.53,763.08,748.83,467.31,570.44,0.31,0.31,126.07,126.48,10.53,10.14,17.16,17.16,502.9,612.35,2.5,2.14,52.22,52.22,51.42,51.48,-53.85,-53.85,73.48,73.48,100.2,100.2,40646.21,41420.7,22985.67,23423.65,66812,68085,763.08,748.83,9.42,9.42,95.38,93.6,384100000000,395400000000,32801.49,33385.09,7.09,7.09,14.12,15.91
Betina Polaroid,61.33,61.33,48.44,48.44,57.33,57.33,2.91,2.91,32.63,32.47,42,42,280.43,553.97,47,47,119.25,119.25,-3.16,-3.16,1136.69,1329.52,4113.01,4062.43,-7.07,-7.07,4113.01,4284.02,1914.42,2954.49,3739.1,3693.12,-3.03,-2.74,2617.37,2585.18,747.82,-8.94,4113.01,4062.43,0,0,3739.1,3693.12,4486.92,4431.74,-3.16,-3.16,-3.46,-3.46,7852.11,7755.55,9.33,9.49,841.3,830.95,841.3,830.95,1121.73,1107.94,280.43,276.98,119.98,119.98,34.4,34.4,12,12,46.46,46.46,22.45,22.45,20.65,20.65,50,50,1,1,50,50,100,110,57.4,57.4,62.55,62.55,69.6,69.77,3.78,3.78,1121.73,1107.94,67.97,67.97,43.33,43.33,18.48,18.79,83.79,83.2,3.24,3.24,93.2,93.2,640.56,640.56,0,0,64,64,66.84,66.57,747.82,738.62,458.64,560.52,0.34,0.34,137.81,138.24,12.39,11.79,17.16,17.16,503.25,612.54,2.54,2.17,51.22,51.22,51.41,51.47,87.18,87.18,-45.83,-45.83,100.2,100.2,41470.34,41990.76,23451.72,23746.02,68166,69022,747.82,738.62,9.56,9.56,93.48,92.33,190500000000,197700000000,33798.32,34096.5,6.95,6.95,10.71,11.89
Tairain,66.22,66.22,39.56,39.56,57.33,57.33,2.36,2.36,32.65,32.47,42,42,258.9,496.97,41.67,41.67,132.75,132.75,4487.68,4307.08,4145.92,4770.92,3797.27,3644.45,-7.07,-7.07,4487.68,4505.87,3117.21,4770.92,0,0,-5.46,-4.74,-8.37,-8.37,0,-10,2761.65,2650.51,2071.24,1987.88,-5.48,-5.48,2071.24,1987.88,-8.37,-8.37,-5.17,-5.17,8284.94,7951.53,9.49,9.64,776.71,745.46,776.71,745.46,1035.62,993.94,517.81,496.97,119.98,119.98,42.42,42.42,12,12,44.14,44.14,23.41,23.41,19.45,19.45,50,50,1,1,50,50,100,110,58.02,58.02,67.02,67.02,69.59,69.78,7.78,7.78,1035.62,993.94,75.94,75.94,36.67,36.67,20.56,19.68,80.15,80.82,3.5,3.5,93.16,93.16,651.72,651.72,0,0,64,64,64.6,64.34,690.41,662.63,441.52,548.99,0.34,0.34,159.17,159.63,10.5,9.95,17.16,17.16,501,611.43,2.64,2.2,47.22,47.22,49.85,49.91,87.18,87.18,-45.83,-45.83,100.2,100.2,37123.46,38647.77,23517.68,24483.33,55437,57713,690.41,662.63,8.55,8.55,86.3,82.83,64200000000,69800000000,29476.02,31034.16,6.69,6.69,10.22,11.85
Daingor,71.33,71.33,71.78,71.78,67.33,67.33,7.45,7.45,33.74,33.52,42,42,104.18,403.83,34,34,148.5,148.5,2500.26,2422.96,3758.73,4361.34,-4.47,-4.47,-6.32,-6.32,5833.95,5895.88,3775.4,5815.11,1250.13,1211.48,-5.44,-4.74,4583.82,4442.1,0,-10,416.71,403.83,6250.66,6057.41,6250.66,6057.41,2083.55,2019.14,2083.55,2019.14,6083.98,5895.88,3750.4,3634.45,8,8.19,729.24,706.7,729.24,706.7,937.6,908.61,416.71,403.83,109.99,109.99,13.42,13.42,12,12,66.33,66.33,27.82,27.82,11.74,11.74,50,50,1,1,50,50,100,110,52.71,52.71,38.45,38.45,68.51,68.72,14.76,14.76,1041.78,1009.57,47.12,47.12,66.67,66.67,9.08,8.98,102.75,103.29,1.51,1.51,93.52,93.52,312.51,312.51,0,0,64,64,71.65,71.55,625.07,605.74,319.02,380.8,0.63,0.63,188.15,188.65,14.26,13.79,17.21,17.21,501.8,611.8,4.03,3.09,40.24,40.24,55.92,55.99,26.46,26.46,-41.23,-41.23,99.3,99.3,54455.77,56192.58,18242.23,18824.05,135936,140272,625.07,605.74,14.76,14.76,-3.16,-3.16,21600000000,24200000000,49500.29,51135.25,6.02,6.02,17.15,19.79
Rhaval,51,51,77.11,77.11,11,11,7.45,7.45,33.91,33.56,37.37,37.37,-3.16,183.12,54.75,54.75,103.5,103.5,460.03,439.49,5709.8,6388.65,1610.12,1538.2,5597.09,5347.07,1303.43,1464.95,3175.01,5391.02,7513.9,7178.26,632.55,1007.15,-3.46,-3.46,460.03,-9.38,3143.57,3003.15,5060.38,4834.34,2760.21,2636.91,6057.12,5786.56,1725.13,1648.07,5551.08,5303.12,9584.05,9155.94,7.14,7.28,-7.07,-7.07,479.2,457.8,862.56,824.03,766.72,732.48,7.89,7.89,13.42,13.42,6.84,6.84,33.17,33.17,14.16,14.16,28.37,28.37,51,51,1,1,50,50,99,109,52.29,52.29,24.75,24.75,68.36,68.68,20.71,20.71,1245.93,1190.27,29.07,29.07,66.67,66.67,6.54,6.18,116.62,119.01,23.9,23.9,91.47,91.47,850.65,850.65,-8,-8,64,64,72.83,72.81,383.36,366.24,261.68,346.14,0.94,0.94,59.73,60.01,12.12,11.09,32.88,32.88,471.8,599.63,20.25,3.51,34.29,34.29,57.65,57.75,-74.16,-74.16,87.18,87.18,103,103,63296.16,66253.86,21203.69,22194.5,158004,165387,383.36,366.24,15.07,15.07,-8.94,-8.94,25100000000,28000000000,59181.91,62146.12,13.34,13.34,23.48,27.3
Eprithea,75.83,75.83,4.33,4.33,75.33,75.33,1.09,1.09,34.43,34.21,47.2,47.2,285.43,362.03,27.25,27.25,164.25,164.25,19.03,19.31,-2.53,-2.53,1674.5,1699.11,589.88,598.55,1408.1,1486.72,1084.81,1421.07,1179.76,1197.1,824.69,868.86,437.65,444.09,1065.59,115.85,875.31,888.17,-6.86,-6.86,-8.25,-8.25,-7.62,-7.62,24.74,25.1,178.87,181.5,2873.29,2915.52,15.94,16.03,1046.56,1061.94,570.85,579.24,380.57,386.16,356.78,362.03,9.32,9.32,91.37,91.37,17.69,17.69,25.39,25.39,34.4,34.4,2.38,2.38,49.36,49.36,1,1,51.48,51.48,101,111,68.91,68.91,103.89,103.89,67.91,68.1,30.75,30.75,618.42,627.51,76.27,76.27,-95.67,-95.67,50.28,52.01,22.04,19.89,0.76,0.76,93.94,93.94,617.83,617.83,-8,-8,66,66,75.25,75.14,404.35,410.3,883.08,978.05,0.4,0.4,245.28,245.85,9.7,9.67,25.11,25.11,538.53,637.7,1.64,1.56,24.25,24.25,43.65,43.72,65.95,65.95,66.71,66.71,110.31,110.31,16580.42,16341.39,15810.52,15582.59,17305,17055,642.21,651.65,2.36,2.36,523.28,530.97,6900000000,7600000000,8240.47,7843.87,14.5,14.5,8.01,8.66
Hoonis Fristland,66.22,66.22,39.56,39.56,57.33,57.33,2.36,2.36,32.66,32.5,42,42,273.26,539.92,41.67,41.67,132.75,132.75,2186.08,2159.69,-5.39,-4.9,2186.08,2159.69,-7.07,-7.07,1093.04,1295.81,832.53,1151.83,2914.77,2879.59,797.92,899.87,2186.08,2159.69,3279.12,-3.16,-6.32,-6.32,-7.75,-7.75,-6.32,-6.32,2550.42,2519.64,1821.73,1799.74,-1.67,-1.67,7286.92,7198.96,9.49,9.64,819.78,809.88,819.78,809.88,1093.04,1079.84,546.52,539.92,119.98,119.98,42.42,42.42,12,12,44.14,44.14,24.8,24.8,17.54,17.54,50,50,1,1,50,50,100,110,58.02,58.02,67.02,67.02,69.58,69.74,7.78,7.78,1093.04,1079.84,63.8,63.8,36.67,36.67,22.84,23.19,77.99,77.32,3.5,3.5,93.16,93.16,651.72,651.72,0,0,64,64,64.36,63.91,728.69,719.9,580.5,730.83,0.36,0.36,159.17,159.63,9.96,9.87,17.16,17.16,506.78,614.57,2.11,1.82,47.22,47.22,49.84,49.9,71.41,71.41,-45.83,-45.83,100.2,100.2,35245.02,35688.86,22327.69,22608.86,52632,53294,728.69,719.9,8.55,8.55,91.09,89.99,51800000000,57600000000,27209.16,27409.05,6.69,6.69,9.7,10.54
Buried Alive,61.33,61.33,48.89,48.89,57.33,57.33,2.92,2.92,33.06,32.9,40.78,40.78,296.69,604.53,47,47,119.25,119.25,1977.92,2015.08,3467.29,4352.58,3955.83,4030.17,-5.48,-5.48,0,0,1699.03,3224.14,-4,-4,-6.69,-5.48,3560.25,3627.15,5142.59,1209.05,3164.67,3224.14,791.17,806.03,0,0,3955.83,4030.17,-7.75,-7.75,632.93,644.83,5933.75,6045.25,9.17,9.33,395.58,403.02,890.06,906.79,1186.75,1209.05,593.38,604.53,119.98,119.98,34.22,34.22,10.55,10.55,47.2,47.2,22.35,22.35,20.78,20.78,50,50,1,1,50,50,100,110,56.72,56.72,59.52,59.52,69.17,69.32,3.67,3.67,1186.75,1209.05,74.93,74.93,43.67,43.67,19.8,21.45,82.74,80.89,3.24,3.24,93.2,93.2,637.78,637.78,0,0,64,64,67.12,66.77,791.17,806.03,430.53,533.54,0.34,0.34,137.81,138.24,11.72,10.94,17.16,17.16,478.5,602.3,2.7,2.25,51.33,51.33,51.26,51.32,78.1,78.1,-33.17,-33.17,100.2,100.2,39423.85,38750.08,22229.04,21849.13,64962,63852,791.17,806.03,10.54,10.54,0,0,17000000000,20200000000,31617.93,30418.81,6.95,6.95,11.88,13.76
Filipheads,23,23,22,22,66.67,66.67,1.52,1.52,31.33,31.21,39.43,39.43,476.3,605.97,77,77,51.75,51.75,2009.11,2008.36,2203.44,2410.03,935.28,934.93,2043.75,2042.98,1073.83,1177.31,4150.89,5473.81,1281.67,1281.19,-3.24,-3.24,2320.87,2320,2701.91,969.55,2355.51,2354.63,1835.91,1835.22,1835.91,1835.22,1835.91,1835.22,94.57,94.53,443.39,443.22,4226.06,4224.48,13.45,13.56,562.9,562.69,736.1,735.82,1039.2,1038.81,736.1,735.82,8.08,8.08,65.73,65.73,8.98,8.98,36.72,36.72,19.77,19.77,23.6,23.6,51.62,51.62,1,1,50,50,102,112,64.88,64.88,104.2,104.2,71.1,71.25,22.63,22.63,1039.2,1038.81,80.84,80.84,-80,-80,24.48,25.05,65.63,64.52,1.51,1.51,93.52,93.52,1202.77,1202.77,-4,-4,68,68,77.1,77.01,692.8,692.54,862.27,956.57,0.25,0.25,27.94,28.13,9.64,9.57,31.66,31.66,555.27,651.41,1.67,1.58,32.37,32.37,47.42,47.47,-61.64,-61.64,80.62,80.62,97.83,97.83,40134.41,40153.64,32147.46,32162.87,48907,48930,692.8,692.54,2.66,2.66,173.2,173.13,5400000000,6100000000,30301.48,30075.08,14.53,14.53,11.6,13.55
Perrico,60.33,60.33,0.67,0.67,15,15,1.02,1.02,38.3,37.77,44.28,44.28,260.94,296.65,47.75,47.75,119.25,119.25,-8.83,-8.83,-7.9,-7.9,-2.83,-2.83,457.27,454.86,218.69,247.21,254.48,253.14,427.45,425.2,-2.45,-2.45,-13.3,-13.3,-9.9,-14.07,-4.24,-4.24,59.64,59.33,-11.31,-11.31,308.16,306.54,-11.31,-11.31,-5.18,-5.18,427.45,425.2,18.79,18.87,509.46,506.78,372.77,370.81,521.88,519.14,260.94,259.57,8.25,8.25,98.43,98.43,14.16,14.16,12.38,12.38,20.43,20.43,22.92,22.92,46.97,46.97,1,1,50,50,100,110,71.56,71.56,103.08,103.08,65.42,65.62,29.51,29.51,509.46,506.78,69.17,69.17,-99.33,-99.33,73.46,73.52,-26.34,-27.22,20.26,20.26,91.71,91.71,3119.29,3119.29,-8,-8,64,64,74.69,74.59,323.07,321.37,901.78,996.76,0.27,0.27,96.62,96.98,9.49,9.5,30.62,30.62,607.68,697.15,1.63,1.55,25.49,25.49,42.17,42.24,-80.93,-80.93,78.42,78.42,112.08,112.08,6320.77,6354.23,6268.36,6301.54,6368,6402,385.2,383.17,2.23,2.23,248.52,247.21,9700000000,9800000000,1675,1683.87,17.22,17.22,7.24,7.31
Skandorkindia,66.17,66.17,64.89,64.89,78,78,4.66,4.66,31.97,31.77,44.28,44.28,-4.47,79.33,41.75,41.75,132.75,132.75,6015.4,5711.5,3071.2,3725.16,1670.94,1586.53,5012.83,4759.58,0,0,5203.32,7367.83,-5.1,-5.1,5139.82,6498.41,2673.51,2538.44,6015.4,2538.44,-3.16,-3.16,1670.94,1586.53,1336.76,1269.22,3676.08,3490.36,4010.27,3807.66,5605.71,5322.51,7686.34,7298.02,7.21,7.28,1002.57,951.92,751.92,713.94,584.83,555.28,0,0,12.71,12.71,21.45,21.45,14.16,14.16,67.73,67.73,32.53,32.53,2.75,2.75,50,50,1,1,50,50,100,110,55.5,55.5,55.52,55.52,70.33,70.57,14.08,14.08,584.83,555.28,70.24,70.24,56.33,56.33,6.56,6.03,115.18,118.8,0.73,0.73,94.07,94.07,324.76,324.76,0,0,64,64,70.64,70.67,250.64,237.98,384.62,547.69,0.39,0.39,101.79,102.16,10.92,9.88,18.81,18.81,425.16,580.25,3.05,2.2,40.92,40.92,54.54,54.62,-73.48,-73.48,88.88,88.88,98.34,98.34,61301.62,64560.23,26736.86,28158.11,124653,131279,668.38,634.61,12.07,12.07,-5.48,-5.48,35100000000,38800000000,57255.71,60686.62,5.86,5.86,19.89,24.47
Cromonesia,74.33,74.33,55.11,55.11,79.33,79.33,4.3,4.3,31.99,31.86,44.28,44.28,-5.48,0,29.5,29.5,159.75,159.75,6356.62,5980.19,3981.71,4593.12,-3.16,-3.16,6497.87,6113.09,2472.02,2524.97,644.49,2126.29,-3.61,-3.61,2313.1,3322.33,2118.87,1993.4,1765.73,-7.07,2118.87,1993.4,2966.42,2790.76,1765.73,1661.16,0,0,5403.12,5083.16,440.73,414.63,6356.62,5980.19,7.75,7.75,1677.44,1578.11,794.58,747.52,-4.47,-4.47,-5.48,-5.48,439.84,439.84,23.25,23.25,15.09,15.09,67.4,67.4,37.02,37.02,2.06,2.06,51,51,1,1,50.99,50.99,101,111,55.48,55.48,49.57,49.57,70.31,70.47,18.14,18.14,441.43,415.29,59.98,59.98,54.33,54.33,8.44,7.76,105.21,108.88,0.72,0.72,94.1,94.1,256.11,256.11,0,0,64,64,69.45,69.48,176.57,166.12,363.47,506.27,0.53,0.53,130.88,131.3,12.48,11.05,16.07,16.07,432.88,583.57,3.28,2.34,36.86,36.86,53.33,53.38,-101.98,-101.98,99.5,99.5,99.3,99.3,50004.67,53148.29,22804.78,24238.44,98103,104270,1059.44,996.7,12.09,12.09,88.29,83.06,25800000000,29100000000,45804.28,49002.73,3.52,3.52,14.93,17.72
Jumato,73.87,73.87,35.11,35.11,11,11,1.74,1.74,32.16,32.01,40.78,40.78,346.38,598.53,30.2,30.2,157.5,157.5,346.38,342.02,-2.83,-2.83,3117.4,3078.15,-9.49,-9.49,2286.09,2462.52,1108.41,1094.45,-6.78,-6.78,3055.05,3420.16,0,0,-8.94,-13.42,3117.4,3078.15,-7.07,-7.07,-9.49,-9.49,1039.13,1026.05,2078.27,2052.1,1108.86,1094.9,3463.78,3420.16,10.63,10.77,432.97,427.52,865.94,855.04,1645.29,1624.58,1125.73,1111.55,125.17,125.17,57.32,57.32,10.55,10.55,19.92,19.92,19.35,19.35,24.01,24.01,50,50,1,1,50,50,100,110,59.96,59.96,68.63,68.63,70.12,70.29,28.42,28.42,1472.11,1453.57,54.85,54.85,25.33,25.33,30.54,30.77,66.33,65.69,23.15,23.15,91.52,91.52,1059.77,1059.77,-4,-4,64,64,55.57,55.17,779.35,769.54,442,510.39,0.62,0.62,138.07,138.5,9.88,9.89,17.14,17.14,523.49,626.07,2.63,2.32,26.58,26.58,49.47,49.52,92.47,92.47,-63.64,-63.64,103.74,103.74,33761.9,34202.09,25139.46,25467.23,43858,44430,779.35,769.54,4.16,4.16,86.59,85.5,105300000000,115000000000,23464.52,23667.85,13.43,13.43,9.16,9.88
Northern Vorectana,59.67,59.67,33.78,33.78,41.33,41.33,2.1,2.1,32.55,32.4,40.78,40.78,394.98,634.06,48.25,48.25,117,117,-7.07,-7.07,3033.43,3043.49,3159.82,3170.3,-5.66,-5.66,1895.89,2092.4,-5.29,-5.29,-6,-6,2764.84,2774.01,3159.82,3170.3,631.96,-8.94,3791.78,3804.36,2527.85,2536.24,631.96,634.06,3475.8,3487.33,-3.74,-3.74,-6.55,-6.55,3159.82,3170.3,10.2,10.34,473.97,475.54,868.95,871.83,1184.93,1188.86,394.98,396.29,13.18,13.18,47.72,47.72,10.55,10.55,36.94,36.94,21.38,21.38,21.9,21.9,50,50,1,1,50,50,106,116,58.78,58.78,68.52,68.52,69.69,69.85,11.05,11.05,1105.94,1109.6,83.64,83.64,32.33,32.33,23.89,24.85,74.63,73.35,7.53,7.53,92.69,92.69,858.68,858.68,0,0,64,64,62.57,61.53,789.95,792.57,525.76,600.36,0.3,0.3,85.52,85.85,11.53,11.58,18.61,18.61,584.93,676.92,2.27,2.06,43.95,43.95,49.56,49.62,76.81,76.81,-30,-30,101.04,101.04,35500.55,35412.25,23961.4,23901.8,50211,50086,789.95,792.57,7.11,7.11,157.99,158.51,68000000000,74400000000,27015.92,26594.6,7.28,7.28,10.46,11.23
Balabadis,62,62,15.67,15.67,72,72,1.38,1.38,31.04,30.89,45.83,45.83,501.69,657.64,46.5,46.5,121.5,121.5,291.89,300.64,-5.22,-5.22,-4.24,-4.24,474.33,488.54,1131.09,1277.71,-5.77,-4.65,3356.78,3457.33,-1.73,-1.73,510.81,526.12,2481.1,676.43,474.33,488.54,-7.56,-7.56,1568.93,1615.93,474.33,488.54,1550.69,1597.14,151.78,156.33,3648.67,3757.97,16.73,16.82,1778.73,1832.01,1048.99,1080.42,1140.21,1174.36,684.13,704.62,1229.34,1229.34,72.28,72.28,18.02,18.02,34.75,34.75,31.47,31.47,3.08,3.08,48.6,48.6,1,1,53.38,53.38,104,114,70.18,70.18,106.11,106.11,71.48,71.67,18.91,18.91,1322.64,1362.26,61,61,-84.33,-84.33,60.79,63.98,10.4,7.52,0.86,0.86,93.77,93.77,728.12,728.12,-8,-8,67,67,76.38,76.27,729.73,751.59,1017.32,1035.03,0.3,0.3,225.38,225.92,9.94,9.93,12.47,12.47,536.65,636.2,1.5,1.44,36.09,36.09,47.23,47.29,-59.16,-59.16,50.99,50.99,110,110,27535.08,26734.54,23197.05,22522.63,32092,31159,1185.82,1221.34,2.29,2.29,592.91,610.67,2300000000,2500000000,10793.75,9624.44,15.58,15.58,8.67,9.3
Lannistan,71.83,71.83,68.89,68.89,19,19,5.53,5.53,31,30.91,44.28,44.28,-3.16,183.45,33.25,33.25,150.75,150.75,5745.11,5576.83,4074.11,4890.37,453.56,440.28,3401.71,3302.07,3930.86,4035.87,181.42,704.44,-7.35,-7.35,56.7,91.72,3477.3,3375.45,1587.46,-7.62,1209.5,1174.07,2230.01,2164.69,1965.43,1907.86,-2.83,-2.83,5593.92,5430.07,6986.1,6781.47,6198.67,6017.11,9.54,9.64,1984.33,1926.21,1039.41,1008.97,1039.41,1008.97,472.46,458.62,8.39,8.39,18.07,18.07,14.64,14.64,36,36,26.77,26.77,14.21,14.21,52.64,52.64,1,1,50.5,50.5,99,109,56.25,56.25,43.7,43.7,71.52,71.64,19.95,19.95,755.94,733.79,67.25,67.25,60.33,60.33,11.62,10.89,95.04,96.14,17.58,17.58,91.89,91.89,642.64,642.64,0,0,64,64,69.75,69.65,377.97,366.9,364.9,481.47,0.44,0.44,222.89,223.44,13.65,12.86,29.79,29.79,460.99,595.27,3.26,2.44,35.05,35.05,57.43,57.47,-70.71,-70.71,74.83,74.83,100.2,100.2,57516.98,59251.03,22796.95,23484.24,126160,129964,1700.85,1651.04,11.15,11.15,94.49,91.72,18300000000,20400000000,50845.01,52792.67,2.04,2.04,15.12,16.9
Marraine,75.2,75.2,50.22,50.22,80,80,3.02,3.02,35.21,34.91,38.75,38.75,0,349.15,28.2,28.2,162,162,-9.7,-9.7,231.47,335.18,4147.15,4003.53,-4,-4,771.56,1024.16,-2.53,-1.26,2700.47,2606.95,-6.05,-5.05,3182.7,3072.48,1736.02,-8,3182.7,3072.48,-3.74,-3.74,-3.74,-3.74,2700.47,2606.95,-3.13,-3.13,-4.98,-4.98,6847.62,6610.48,6.93,7.14,-6.32,-6.32,723.34,698.29,482.23,465.53,602.78,581.91,7.9,7.9,33.12,33.12,8.23,8.23,62.25,62.25,32.82,32.82,2.68,2.68,52.16,52.16,1,1,50,50,98,108,54.46,54.46,50.92,50.92,67.28,67.51,19.28,19.28,1085.01,1047.44,44.44,44.44,44.67,44.67,14.5,14.43,90.85,90.72,0.7,0.7,94.2,94.2,296.42,296.42,0,0,64,64,68.36,68.17,602.78,581.91,360.74,468.47,0.72,0.72,137.97,138.4,11.07,10.44,32.78,32.78,488.61,606.3,3.31,2.5,35.72,35.72,51.34,51.42,66.71,66.71,-12.25,-12.25,96,96,33686.43,34891.26,18658.82,19326.17,56341,58356,1085.01,1047.44,13.2,13.2,-8.37,-8.37,16900000000,19600000000,28801.9,29866.92,2.61,2.61,10.69,11.67
Petrea Strong,80.5,80.5,68.89,68.89,80.67,80.67,5.53,5.53,31.23,31.09,45.83,45.83,-4.47,76.3,20.25,20.25,180,180,1673.46,1587.02,2368.27,3003.12,7273.11,6897.42,2638.92,2502.6,3089.46,3112.99,2148.79,4372.54,1287.28,1220.78,1013.73,1602.28,3604.37,3418.19,5213.47,1892.21,2960.73,2807.8,270.33,256.36,1351.64,1281.82,5535.29,5249.36,4441.1,4211.7,7061.67,6696.9,10233.84,9705.22,8.77,8.83,1930.91,1831.17,804.55,762.99,80.45,76.3,321.82,305.2,114.92,114.92,18.07,18.07,16.66,16.66,68.73,68.73,37.38,37.38,2.02,2.02,49.36,49.36,1,1,51.48,51.48,101,111,55.31,55.31,52.09,52.09,71.23,71.41,23.94,23.94,402.27,381.49,72.85,72.85,60.33,60.33,7.38,6.72,111.95,116.26,0.69,0.69,94.23,94.23,173.25,173.25,0,0,66,66,70.44,70.5,241.36,228.9,413.04,626.66,1.16,1.16,309.65,310.29,12.52,10.08,17.19,17.19,422.36,579.04,2.82,2.01,31.06,31.06,56.66,56.72,80.93,80.93,68.92,68.92,105.84,105.84,67546.91,71224.08,26772.32,28229.78,148160,156226,1045.91,991.89,12.29,12.29,643.64,610.39,4300000000,5200000000,62548.44,66452.07,5.05,5.05,20.85,24.82
Aypumpy,76.4,76.4,35.11,35.11,48,48,2.15,2.15,34.45,34.24,37.37,37.37,71.46,286.39,26.4,26.4,166.5,166.5,-4.69,-4.69,2887.23,3024.3,3087.03,3093.04,-1.1,-1.1,228.67,320.76,4774.32,5865.31,3773.03,3780.38,2429.6,2434.33,1657.85,1661.08,1657.85,-6.48,3944.54,3952.21,1486.35,1489.24,2801.19,2806.64,-7.87,-7.87,2686.86,2692.09,219.52,219.95,6860.06,6873.42,7.75,7.94,-5.48,-5.48,500.21,501.19,357.29,357.99,285.84,286.39,463.1,463.1,46.42,46.42,8.23,8.23,39.67,39.67,28.25,28.25,9.96,9.96,50,50,1,1,50.99,50.99,108,118,54.65,54.65,41.97,41.97,67.89,68.07,16.31,16.31,643.13,644.38,39.64,39.64,33.33,33.33,9.31,9.58,97.47,96.22,5.29,5.29,92.93,92.93,610.89,610.89,0,0,64,64,66.52,66.18,428.75,429.59,409.43,475.23,1,1,142.24,142.67,9.83,9.8,15.97,15.97,562.68,657.67,2.84,2.47,38.69,38.69,48.83,48.88,70.43,70.43,20.98,20.98,96.68,96.68,40277.71,40214.63,26785.01,26743.06,57700,57609,428.75,429.59,13.01,13.01,-6.32,-6.32,23100000000,25900000000,36531.88,36354.03,5.39,5.39,13.17,14.79
Curious Inquiry,77.72,77.72,90.48,90.48,76.57,76.57,1.41,1.41,19.97,19.97,27.9,27.9,13211.09,13513.69,24.42,24.42,219,219,-24.25,-24.25,-11.59,-11.59,-14.28,-14.28,-12.44,-12.44,-16.12,-15.88,-12.93,-12.93,-16.85,-16.85,-21.7,-21.7,-15.49,-15.49,-19.44,-21.86,-20.45,-20.45,-15.1,-15.1,-16.37,-16.37,-22.96,-22.96,-7.27,-7.27,-22.59,-22.59,0,0,23.66,23.73,3500.37,3491.04,16937.3,16892.11,2709.97,2702.74,3613.29,3603.65,10.29,10.29,70.87,70.87,1.34,1.34,42.9,42.9,75.15,75.15,0.97,0.97,50,50,10.55,10.55,50,50,397,407,69.1,69.1,112.03,112.03,91.71,91.71,22.76,22.76,5194.1,5180.25,67.87,67.87,33.43,33.43,66.97,66.93,-42.09,-42.17,0.67,0.67,94.33,94.33,372.17,372.17,16,16,101,101,50.05,49.89,2597.05,2590.12,1328.26,1334.2,0.23,0.23,120.71,121.11,8.17,8.17,21.31,21.31,2711.16,2766.72,0.71,0.7,32.24,32.24,77.48,77.48,-146.04,-146.04,87.9,87.9,79.01,79.01,63232.58,63401.72,52716.29,52857.3,74383,74582,12307.77,12274.93,2.35,2.35,1242.07,1238.75,1964000000000,1968900000000,20866.75,20985.97,10.26,10.26,129.25,129.89
Nova Universo Headquarters,78,78,49.78,49.78,41.33,41.33,1.46,1.46,26.76,26.62,42,42,2073.21,2534.5,24,24,171,171,4102.77,4331.69,-6.69,-6.69,-10.49,-10.49,-1.9,-1.9,-9.49,-9.17,-8.39,-8.39,-8.72,-8.72,-7.55,-7.55,1571.27,1658.95,4102.77,-2.45,-13.64,-13.64,1920.44,2027.6,3666.3,3870.87,-14.7,-14.7,2618.79,2764.91,1806.74,1907.55,4102.77,4331.69,12.69,12.81,1200.28,1267.25,3164.37,3340.93,2073.21,2188.89,1418.51,1497.66,119.98,119.98,68.58,68.58,12,12,32.1,32.1,29.62,29.62,5.46,5.46,50,50,3.93,3.93,50,50,154,164,63.12,63.12,96.26,96.26,79.03,79.35,18.33,18.33,2073.21,2188.89,59.9,59.9,34.33,34.33,49.49,54.56,44.8,41.92,5.63,5.63,92.89,92.89,623.99,623.99,0,0,62,62,55.73,55.09,872.93,921.64,1007.62,1028.57,0.35,0.35,224.35,224.9,9.77,9.77,17.16,17.16,912.62,986.39,1.53,1.46,36.67,36.67,55.94,56.04,-80.12,-80.12,30.33,30.33,101.04,101.04,37671.02,35786.92,30861.5,29317.97,45003,42753,1527.63,1612.86,2.89,2.89,327.35,345.61,2771700000000,2927600000000,19023.87,16247.26,6.97,6.97,12.31,13.25
League of Christian Nations Guardian,61.56,61.56,27.25,27.25,33.78,33.78,1.83,1.83,30.67,30.57,37.37,37.37,1088.9,1299.06,46.83,46.83,121.5,121.5,754.97,750.57,2299.76,2286.35,2787.59,2771.33,929.2,923.78,3484.49,3637.38,-3.1,-3.1,603.98,600.46,-1.73,-1.73,-6.32,-6.32,-2,-10.2,-7.35,-7.35,2787.59,2771.33,3077.97,3060.02,1335.72,1327.93,-6.08,-6.08,1916.47,1905.29,4146.55,4122.36,11.83,11.96,290.37,288.68,1451.87,1443.4,1524.47,1515.57,725.94,721.7,8.01,8.01,54.55,54.55,6.84,6.84,32.78,32.78,18.66,18.66,24.68,24.68,46.97,46.97,2.52,2.52,50,50,129,139,58.7,58.7,71.8,71.8,71.97,72.11,15.11,15.11,1306.68,1299.06,68.37,68.37,27.25,27.25,35.03,35.52,58.89,58.01,10.05,10.05,92.46,92.46,951.13,951.13,0,0,64,64,54.99,54.62,871.12,866.04,602.19,681.98,0.31,0.31,59.44,59.72,9.94,9.95,32.07,32.07,755.39,834.87,2.06,1.9,39.89,39.89,48.64,48.69,52.92,52.92,44.72,44.72,100.2,100.2,31766.95,31971.39,23034.99,23183.23,42230,42501,725.94,721.7,7.29,7.29,72.59,72.17,13041400000000,13289600000000,20648.52,20621.55,9.76,9.76,10.07,10.79
NAC Flotilla,80.17,80.17,4.75,4.75,78.67,78.67,1.1,1.1,34.1,33.91,44.83,44.83,506.61,583.86,20.75,20.75,180,180,-5.29,-5.29,1177.48,1171.96,1301.2,1295.1,959.9,955.4,1770.48,1825.88,-7.16,-7.16,14.93,14.86,959.9,955.4,127.99,127.39,-6.16,-11.75,-9.38,-9.38,-6.4,-6.4,-2.83,-2.83,234.64,233.54,725.26,721.86,507.68,505.3,1316.13,1309.96,16,16.09,1093.22,1088.09,666.6,663.47,479.95,477.7,426.62,424.62,8.66,8.66,90.99,90.99,15.09,15.09,27.5,27.5,38.91,38.91,1.89,1.89,51,51,1,1,50.5,50.5,127,137,67.16,67.16,105.39,105.39,68.19,68.36,34.45,34.45,586.61,583.86,86.38,86.38,-95.25,-95.25,58.66,59.01,14.72,13.84,0.72,0.72,94.1,94.1,524.12,524.12,0,0,64,64,74.86,74.75,479.95,477.7,880.75,975.66,0.33,0.33,280.74,281.35,9.93,9.94,28.3,28.3,787.23,865.31,1.65,1.56,20.55,20.55,44.04,44.09,0,0,78.1,78.1,105.5,105.5,15053.37,15126.1,14323.17,14392.37,15742,15818,746.59,743.09,2.47,2.47,399.96,398.08,94700000000,97500000000,6217.04,6201.7,6.61,6.61,7.48,7.78
Talravin Island,76.83,76.83,22.5,22.5,76.67,76.67,1.62,1.62,31.26,31.16,44.28,44.28,364.17,578.36,25.75,25.75,168.75,168.75,757.48,751.87,1957.79,1943.3,466.14,462.69,2155.9,2139.94,874.01,1041.05,-1.26,-1.26,-7.75,-7.75,-6.36,-6.36,815.75,809.71,-2,-10.2,-10.68,-10.68,-6.08,-6.08,757.48,751.87,2796.85,2776.14,2680.31,2660.47,145.44,144.36,1223.62,1214.56,10.86,11,1748.03,1735.09,1019.68,1012.13,437.01,433.77,364.17,361.48,8.45,8.45,61.58,61.58,14.64,14.64,42.72,42.72,36.21,36.21,2.14,2.14,51,51,1,1,50.5,50.5,117,127,62.18,62.18,93.67,93.67,71.18,71.32,25.79,25.79,1092.52,1084.43,58.9,58.9,22.5,22.5,35.16,35.68,61.71,60.83,0.74,0.74,94,94,453.17,453.17,-4,-4,64,64,52.5,52.24,509.84,506.07,687.31,772.42,0.57,0.57,254.37,254.95,9.87,9.87,29.47,29.47,673.57,757.62,1.89,1.77,29.21,29.21,48.36,48.41,-62.85,-62.85,68.92,68.92,104.46,104.46,25579.26,25780.28,19788.93,19944.44,32136,32389,1238.19,1229.02,3.06,3.06,291.34,289.18,359200000000,372500000000,16575.36,16576.72,12.73,12.73,9.3,9.94
South Gufand,76.44,76.44,44,44,41.33,41.33,1.61,1.61,28.46,28.36,42,42,1508.97,1871.53,26.33,26.33,166.5,166.5,5087.39,5196.26,-7.59,-7.59,-9.06,-9.06,1690.05,1726.21,-5,-5,-8.05,-8.05,-6.48,-6.48,431.13,440.36,1552.08,1585.3,1638.31,-7.87,-13.11,-13.11,344.91,352.29,776.04,792.65,-13.11,-13.11,-8.37,-8.37,-9.5,-9.5,5087.39,5196.26,11.31,11.45,862.27,880.72,2155.67,2201.8,1616.75,1651.35,1293.4,1321.08,119.98,119.98,61.95,61.95,12,12,32.22,32.22,28.45,28.45,9.28,9.28,50,50,3.3,3.3,50,50,136,146,61.33,61.33,86.22,86.22,75.49,75.67,18.42,18.42,1616.75,1651.35,58.92,58.92,32,32,42.12,44.51,56.37,54.61,5.98,5.98,92.85,92.85,662.98,662.98,0,0,64,64,55.92,55.38,862.27,880.72,970.65,1019.49,0.36,0.36,219.14,219.69,9.73,9.73,17.16,17.16,816.16,893.09,1.57,1.49,36.58,36.58,53.77,53.83,-85.21,-85.21,56.21,56.21,99.76,99.76,33352.57,32723.22,25885.58,25397.13,41784,40996,1724.54,1761.44,3.29,3.29,0,0,4407200000000,4558900000000,19311.14,18161.39,6.45,6.45,11.51,12.45
DysonsphereConstructors,78,78,39.56,39.56,41.33,41.33,1.32,1.32,28.17,28.12,42,42,2346.15,2698.98,24,24,171,171,-10.77,-10.77,-8.76,-8.76,3161.13,3140.64,968.1,961.82,-8.72,-8.37,6638.38,6595.33,-8.12,-8.12,-12.12,-12.12,-9.38,-9.38,-11.22,-15.03,-14.7,-14.7,-11.22,-11.22,-8.72,-8.72,-14.83,-14.83,-4.27,-4.27,-6.07,-6.07,3161.13,3140.64,11.45,11.58,987.85,981.45,2469.64,2453.62,1358.3,1349.49,1605.26,1594.85,119.98,119.98,75.54,75.54,12,12,29.83,29.83,29.38,29.38,6.14,6.14,51,51,3.3,3.3,50,50,151,161,61.67,61.67,83.35,83.35,76.04,76.14,20.83,20.83,1975.71,1962.9,69.78,69.78,26.67,26.67,56.5,57.2,50.57,49.57,6.35,6.35,92.81,92.81,688.67,688.67,0,0,64,64,53.19,52.9,987.85,981.45,965.29,1018.36,0.37,0.37,227.58,228.13,9.49,9.5,17.16,17.16,948.18,1020.98,1.57,1.5,34.17,34.17,53.41,53.45,30.33,30.33,47.75,47.75,99.76,99.76,26943.72,27137.05,23235.05,23401.77,30760,30981,1975.71,1962.9,3.19,3.19,0,0,5696100000000,5811400000000,11720.52,11614.66,5.81,5.81,12.89,13.88
Dolgavakia,59,59,77.08,77.08,65.22,65.22,1.31,1.31,20.25,20.24,50,50,11533.68,11765.54,48.75,48.75,31,31,-20.2,-20.2,-12.26,-12.26,-16.25,-16.25,-12.44,-12.44,-15.55,-15.3,-13.24,-13.24,-18.17,-18.17,-24.16,-24.16,-17.92,-17.92,-17.26,-19.95,-20.69,-20.69,-16.19,-16.19,-14.76,-14.76,-22.54,-22.54,-9.34,-9.34,-23.86,-23.86,0,0,29.19,29.24,5808.93,5798.73,13133.24,13110.18,5977.31,5966.81,4125.18,4117.94,355.06,355.06,76.4,76.4,21.25,21.25,22.95,22.95,63.87,63.87,1.1,1.1,53.51,53.51,10.42,10.42,53.84,53.84,423,433,83.6,83.6,118.35,118.35,91.52,91.53,11.17,11.17,6987.56,6975.29,112.77,112.77,26.62,26.62,79.67,79.61,-137.17,-137.25,0.84,0.84,93.79,93.79,741.14,741.14,3,3,81,81,43.96,43.87,2273.06,2269.07,1370.14,1375.79,0.17,0.17,52.3,52.56,8.1,8.1,16.33,16.33,2668.28,2724.04,0.66,0.66,43.83,43.83,73.13,73.13,-135.12,-135.12,62.97,62.97,109.7,109.7,71727.69,71853.86,62226.45,62335.9,81453,81596,9934.12,9916.67,1.9,1.9,2441.44,2437.15,542700000000,543600000000,14560.72,14658.19,17.24,17.24,112.12,113.04
Brunswick and Nassau,61.07,61.07,83.43,83.43,58.86,58.86,1.48,1.48,20.1,20.1,42,42,9198.94,9518.94,47.2,47.2,87.25,87.25,-10.68,-10.68,-11.45,-11.45,-12.08,-12.08,-10.22,-10.22,-12.28,-11.96,-11.38,-11.38,-10.68,-10.68,-19.82,-19.82,-17.15,-17.15,-12.41,-15.94,-16.25,-16.25,-13.19,-13.19,-12.41,-12.41,-20.71,-20.71,-2.62,-2.62,-13.7,-13.7,0,0,22.05,22.11,1280.87,1276.93,17466.35,17412.69,4657.69,4643.38,2678.17,2669.95,82.96,82.96,67.72,67.72,12,12,30.93,30.93,62.16,62.16,1.13,1.13,54.29,54.29,10.95,10.95,50,50,318,328,72.67,72.67,111.58,111.58,91.62,91.62,6.22,6.22,5239.9,5223.81,99.54,99.54,37.43,37.43,67.67,67.57,-31.85,-31.93,2.89,2.89,93.25,93.25,682.59,682.59,-4,-4,83,83,52.87,52.66,116.44,116.08,1257.21,1263.79,0.2,0.2,70.76,71.07,8.11,8.12,17.37,17.37,2074.61,2133.54,0.81,0.8,48.78,48.78,74.69,74.69,-126.4,-126.4,84.14,84.14,106.18,106.18,56590.97,56765.36,46053.06,46194.98,68005,68215,10945.58,10911.95,2.19,2.19,931.54,928.68,1285500000000,1289200000000,18278.88,18391.98,6.87,6.87,108.58,109.63
Deleted One More Time,65.44,65.44,80.38,80.38,58.67,58.67,1.51,1.51,19.85,19.85,30.24,30.24,12672.43,12898.68,42.83,42.83,140.5,140.5,-22.8,-22.8,-14.14,-14.14,-15.65,-15.65,-12.49,-12.49,-17.66,-17.44,-14,-14,-12,-12,-21.21,-21.21,-20.02,-20.02,-19.49,-21.91,-23.24,-23.24,-17,-17,-17.03,-17.03,-24.37,-24.37,-7.34,-7.34,-21.11,-21.11,0,0,30.63,30.68,8804.87,8790.82,14400.49,14377.51,11520.39,11502.01,2468.65,2464.72,37.24,37.24,66.06,66.06,1.23,1.23,37.26,37.26,86.02,86.02,0.88,0.88,50,50,9.73,9.73,46.62,46.62,420,430,95.97,95.97,130.74,130.74,91.79,91.8,6.9,6.9,10944.37,10926.91,54.22,54.22,39.57,39.57,84.41,84.36,-178.1,-178.18,0.66,0.66,94.37,94.37,628.9,628.9,-5,-5,119,119,42.88,42.79,987.46,985.89,1510.91,1515.84,0.16,0.16,101.95,102.32,8.28,8.29,17.74,17.74,3189.09,3242.79,0.54,0.54,48.1,48.1,76.63,76.63,-176.77,-176.77,117.21,117.21,101.45,101.45,77186.61,77309.94,61990.66,62089.72,93838,93988,10779.79,10762.6,1.71,1.71,1481.19,1478.83,599300000000,600400000000,12041.11,12060.35,22.49,22.49,144.09,144.62
North Ariguana,55.33,55.33,2,2,5,5,1.04,1.04,37.69,37.34,44.28,44.28,206.45,255.15,51.5,51.5,110.25,110.25,-3.74,-3.74,-10.22,-9.55,-6.32,-6.32,-3.74,-3.74,-11.05,-10.77,2588.99,3071.66,375.37,364.49,-8.05,-7.94,-12.49,-12.49,120.12,-9.17,420.41,408.23,-10,-10,-10.68,-10.68,-8,-8,-6.16,-6.16,-7.24,-7.24,375.37,364.49,15.2,15.3,394.14,382.72,319.06,309.82,581.82,564.96,225.22,218.7,517.74,517.74,96.25,96.25,15.09,15.09,11.39,11.39,12.01,12.01,29.77,29.77,47.8,47.8,1,1,50.99,50.99,100,110,67.76,67.76,90.31,90.31,65.67,65.86,32.11,32.11,450.44,437.39,78.45,78.45,-98,-98,61.32,59.74,17.98,18.19,27.84,27.84,91.24,91.24,4264.48,4264.48,-8,-8,66,66,75.11,75.01,300.29,291.59,747.7,836.3,0.29,0.29,64.84,65.13,9.06,9,15.73,15.73,548.5,645.79,1.8,1.69,22.89,22.89,41.5,41.56,-45.83,-45.83,10,10,108.77,108.77,8507.04,8756.3,8337.74,8582.04,8662,8916,300.29,291.59,2.43,2.43,356.6,346.27,21100000000,22100000000,3292.22,3528.79,15.63,15.63,9.24,10.68
Algae Islands,75.83,75.83,56,56,75.33,75.33,4.03,4.03,33.3,33.1,44.28,44.28,-7.07,-4.47,27.25,27.25,164.25,164.25,-7.87,-7.87,-4.2,-4.2,7725.85,7526.63,4584.57,4466.35,4754.37,4879.91,4778.99,6484.49,1782.89,1736.92,2450.2,2481.31,2716.78,2646.73,-5.66,-11.49,-4.69,-4.69,-8.77,-8.77,-7.87,-7.87,2462.08,2398.6,-1.18,-1.18,628.26,612.06,9508.74,9263.55,6.71,6.71,955.12,930.49,424.5,413.55,106.12,103.39,-4.47,-4.47,1030.28,1030.28,24.8,24.8,16.29,16.29,63.51,63.51,30.97,30.97,3.29,3.29,52.16,52.16,1,1,52.44,52.44,102,112,58.55,58.55,68.84,68.84,68.93,69.13,16.41,16.41,742.87,723.71,56.44,56.44,53,53,9.24,9,99.79,100.84,0.76,0.76,93.94,93.94,283.61,283.61,-8,-8,71,71,69.58,69.48,0,0,658.48,741.83,1.21,1.21,242.75,243.32,12.01,11.68,13.36,13.36,527.14,628.81,1.94,1.81,38.59,38.59,51.93,51.99,58.74,58.74,75.17,75.17,96.68,96.68,41553.18,42652.86,19639.56,20159.31,79200,81296,530.62,516.94,7.59,7.59,-4.47,-4.47,23900000000,25800000000,37730.29,38814.1,11.22,11.22,21.58,24.06
Ivabi,40,40,33.78,33.78,41.33,41.33,2.1,2.1,32.08,31.91,40.78,40.78,355.85,553.9,63,63,83.25,83.25,-3.16,-3.16,2917.95,3323.4,-5.48,-5.48,3643.87,3544.96,3700.81,3766.52,2206.25,3101.84,1252.58,1218.58,-2.74,-2.74,-5.48,-5.48,0,-10,3700.81,3600.35,1992.74,1938.65,1423.39,1384.75,-4.47,-4.47,3302.26,3212.62,2807.51,2731.3,1252.58,1218.58,11,11.14,427.02,415.42,782.86,761.61,1067.54,1038.56,569.36,553.9,1008.25,1008.25,47.72,47.72,10.55,10.55,35.93,35.93,22.64,22.64,20.43,20.43,50,50,1,1,50,50,98,108,60.25,60.25,78.2,78.2,70.21,70.4,14.8,14.8,996.37,969.32,81.44,81.44,32.33,32.33,23.55,22.98,73.22,73.62,7.12,7.12,92.73,92.73,1021.02,1021.02,0,0,64,64,62.49,61.9,711.69,692.37,551,636.67,0.25,0.25,81.08,81.4,9.94,9.9,13.46,13.46,515.43,620.25,2.19,1.99,40.2,40.2,49.74,49.8,-92.74,-92.74,84.26,84.26,101.04,101.04,39260.48,40341.1,26499.2,27228.57,55529,57058,711.69,692.37,3.83,3.83,142.34,138.47,28700000000,32500000000,30034.27,31062.65,7.89,7.89,9.55,10.69
Ogzertovia Peace and WA Committee,61.33,61.33,48.44,48.44,57.33,57.33,2.91,2.91,32.63,32.49,42,42,323.11,623.75,47,47,119.25,119.25,5169.7,4990,1257.96,1497,-7.07,-7.07,1723.23,1663.33,-6.32,-5.83,2050.65,3326.67,-4.47,-4.47,-8.46,-7.25,-5.48,-5.48,3446.47,-4.47,1292.43,1247.5,430.81,415.83,0,0,-4.47,-4.47,3877.28,3742.5,-2,-2,5169.7,4990,9.33,9.49,969.32,935.63,969.32,935.63,1292.43,1247.5,323.11,311.88,119.98,119.98,34.4,34.4,12,12,46.46,46.46,25.14,25.14,17.03,17.03,50,50,1,1,50,50,100,110,57.4,57.4,62.55,62.55,69.6,69.75,3.78,3.78,1292.43,1247.5,67.63,67.63,43.33,43.33,24.52,23.87,78.36,78.44,3.24,3.24,93.2,93.2,640.56,640.56,0,0,64,64,66.43,66.2,861.62,831.67,566.96,720.57,0.33,0.33,137.81,138.24,9.86,9.74,17.16,17.16,493.1,608.09,2.15,1.84,51.22,51.22,51.41,51.46,-70,-70,48.99,48.99,100.2,100.2,36097.44,37383.44,20413.31,21140.55,59335,61448,861.62,831.67,9.56,9.56,107.7,103.96,3900000000,4400000000,27253.56,28448.8,6.95,6.95,11.5,13.06
Figure Humaine,72.27,72.27,1.5,1.5,76,76,1.03,1.03,35.97,35.67,44.83,44.83,392.66,452.06,32.6,32.6,153,153,-10.39,-10.39,-7.9,-7.9,271.29,274.85,571.15,578.64,299.85,324.04,365.53,370.33,10,10.13,-6.6,-6.6,-6.93,-6.93,299.85,-7.62,-12.96,-12.96,59.97,60.76,-4.24,-4.24,14.28,14.47,-10.63,-10.63,-13.55,-13.55,281.29,284.98,19.24,19.31,838.87,849.88,553.3,560.56,535.45,542.48,356.97,361.65,1263.39,1263.39,96.72,96.72,17.36,17.36,23.09,23.09,35.73,35.73,2.2,2.2,51.62,51.62,1,1,53.38,53.38,120,130,71.74,71.74,108.68,108.68,66.74,66.95,30.28,30.28,464.06,470.15,100.92,100.92,-98.5,-98.5,75.51,76.29,-33.41,-35.19,0.75,0.75,93.97,93.97,678.05,678.05,0,0,67,67,74.68,74.58,428.36,433.98,1050.1,1062.78,0.26,0.26,258.27,258.86,9.62,9.62,12.32,12.32,734.36,814.86,1.38,1.33,24.72,24.72,43.2,43.27,-63.25,-63.25,76.81,76.81,107.5,107.5,8795.67,8681.78,8642.51,8530.61,8936,8820,606.84,614.81,2.22,2.22,374.82,379.73,19800000000,19700000000,2154.94,2057.58,7.11,7.11,7.53,7.86
Desolous,63.78,63.78,56.22,56.22,27.33,27.33,1.56,1.56,26.27,26.19,40.78,40.78,1617.6,1993.31,45.17,45.17,123.75,123.75,0,0,3396.95,3525.01,2669.04,2769.65,0,0,1245.55,1468.76,-8.94,-8.94,6632.15,6882.17,-8.22,-8.22,404.4,419.64,3639.59,-3.16,-10,-10,2426.4,2517.87,0,0,-8.37,-8.37,3194.75,3315.19,452.93,470,9301.18,9651.82,12.57,12.69,-5.48,-5.48,3336.29,3462.07,2830.79,2937.51,1011,1049.11,919.19,919.19,64.08,64.08,10.55,10.55,29.93,29.93,23.6,23.6,19.21,19.21,50,50,4.48,4.48,50,50,161,171,65.99,65.99,100.98,100.98,80.22,80.42,13.24,13.24,2022,2098.22,49.65,49.65,39.17,39.17,40.13,43.37,51.55,48.84,10.05,10.05,92.46,92.46,865.93,865.93,-4,-4,62,62,64.96,64.34,505.5,524.56,1065.49,1076.97,0.34,0.34,39.89,40.12,9.74,9.74,13.87,13.87,936.92,1010.02,1.32,1.27,41.76,41.76,57.24,57.3,48.48,48.48,30.82,30.82,97.83,97.83,44403.04,42791.14,35087.97,33814.22,54757,52769,909.9,944.2,2.56,2.56,-6.32,-6.32,3585900000000,3478400000000,26597.42,24219.78,14.09,14.09,14.23,15.35
SL Communications Authority,69.73,69.73,54.89,54.89,65.33,65.33,1.74,1.74,27.14,27.05,45.83,45.83,1024.65,1351.44,36.4,36.4,144,144,1788.49,1853.4,1699.06,1760.73,5141.9,5328.52,1982.24,2054.18,2235.61,2548.42,-7.8,-7.8,-1.61,-1.61,2701.36,2799.4,633.42,656.41,4769.3,1081.15,-7.87,-7.87,3539.72,3668.18,-4.69,-4.69,-12.73,-12.73,2608.21,2702.87,112.67,116.76,6930.39,7181.92,11.79,11.92,1956.16,2027.15,2328.76,2413.28,1210.96,1254.9,1024.65,1061.84,23.5,23.5,57.44,57.44,15.9,15.9,41,41,33.03,33.03,2.63,2.63,51,51,3.3,3.3,50.5,50.5,137,147,64.21,64.21,98.78,98.78,78.17,78.37,12.03,12.03,1490.41,1544.5,73.86,73.86,36.17,36.17,30.33,33.01,63.22,60.34,1.51,1.51,93.52,93.52,556.53,556.53,-4,-4,64,64,57.21,56.3,465.75,482.66,1025.94,1041.76,0.39,0.39,195.57,196.09,9.88,9.89,17.93,17.93,795.26,873.01,1.47,1.41,42.97,42.97,57.08,57.15,51.87,51.87,64.88,64.88,103.37,103.37,47775.87,46169.83,35614.02,34416.81,62002,59918,2142.46,2220.22,2.74,2.74,93.15,96.53,1103000000000,1186100000000,33299.78,30933.79,13.12,13.12,14.43,15.53
GU 2nd Fleet,79.33,79.33,64,64,64,64,4.36,4.36,34.36,34.36,40.78,40.78,115.53,115.53,22,22,175.5,175.5,2310.55,2310.55,-4.9,-4.9,-3.16,-3.16,2680.23,2680.23,5545.31,5545.31,739.37,739.37,4343.83,4343.83,1732.91,1732.91,0,0,2310.55,2310.55,2310.55,2310.55,-8.37,-8.37,462.11,462.11,1386.33,1386.33,-8,-8,4584.12,4584.12,6654.37,6654.37,7.81,7.81,808.69,808.69,808.69,808.69,1039.75,1039.75,115.53,115.53,109.99,109.99,22.94,22.94,10.55,10.55,55.85,55.85,29.57,29.57,5.58,5.58,50,50,1,1,50,50,106,106,53.78,53.78,41.06,41.06,67.97,67.97,13.21,13.21,1155.27,1155.27,36.11,36.11,55,55,12.92,12.92,93.52,93.52,2.15,2.15,93.38,93.38,340.28,340.28,0,0,64,64,69.57,69.57,693.16,693.16,445.97,445.97,1.25,1.25,256.08,256.08,11.75,11.75,17.21,17.21,567.72,567.72,2.61,2.61,41.79,41.79,53.52,53.52,-62.45,-62.45,58.31,58.31,99.3,99.3,43678.57,43678.57,19774.87,19774.87,86198,86198,693.16,693.16,13.85,13.85,-3.16,-3.16,762500000000,763800000000,38044.03,38044.03,5.35,5.35,13.03,13.03
Impolite Penguin,81.56,81.56,11.75,11.75,97,97,1.27,1.27,33.32,33.16,45.34,45.34,460.48,627.66,18.67,18.67,184.5,184.5,2348.43,2328.04,-3.79,-3.79,-2.83,-2.83,506.52,502.13,2164.24,2282.39,442.06,438.22,1657.71,1643.32,345.36,342.36,-8.83,-8.83,-4.24,-10.86,276.29,273.89,1427.48,1415.08,-2.83,-2.83,276.29,273.89,46.05,45.65,-9.48,-9.48,4006.14,3971.36,10.82,10.95,1381.43,1369.43,805.83,798.84,287.8,285.3,287.8,285.3,114.92,114.92,78.79,78.79,15.09,15.09,37.3,37.3,37.9,37.9,1.98,1.98,50,50,1,1,50,50,120,130,62.59,62.59,102.93,102.93,68.91,69.06,39.39,39.39,633.15,627.66,59.69,59.69,-88.25,-88.25,40.59,41.08,56.58,55.7,1.06,1.06,93.67,93.67,327.74,327.74,0,0,64,64,76.02,75.92,402.92,399.42,554.19,630.76,0.42,0.42,267.58,268.18,9.78,9.78,17.19,17.19,687.4,770.55,2.18,2,15.61,15.61,44.87,44.93,-48.48,-48.48,44.16,44.16,101.45,101.45,17191.88,17350.73,15160.5,15300.58,19241,19419,978.51,970.02,2.98,2.98,230.24,228.24,1069200000000,1094000000000,10211.98,10219.58,5.31,5.31,7.41,7.7
Fluffy Furries Vibing to J-Pop,86,86,72.67,72.67,82,82,7.14,7.14,32.41,32.41,44.28,44.28,-6.32,-6.32,14,14,193.5,193.5,3605.35,3605.35,3911.46,3911.46,7349.36,7349.36,5408.02,5408.02,2218.68,2218.68,7297.02,7297.02,3397.35,3397.35,104,104,-6,-6,3952.02,3952.02,2218.68,2218.68,4680.02,4680.02,2218.68,2218.68,-4,-4,5200.02,5200.02,1774.94,1774.94,14352.06,14352.06,7.21,7.21,1646.67,1646.67,780,780,-3.16,-3.16,173.33,173.33,8.94,8.94,14.01,14.01,15.51,15.51,74.93,74.93,38.2,38.2,1.95,1.95,51.62,51.62,1,1,51.48,51.48,105,105,53.21,53.21,40.02,40.02,69.84,69.84,28.55,28.55,433.34,433.34,49.19,49.19,66,66,6.04,6.04,119.26,119.26,0.7,0.7,94.17,94.17,118.16,118.16,0,0,68,68,71.76,71.76,86.67,86.67,372.99,372.99,1.68,1.68,333.31,333.31,10.33,10.33,26.89,26.89,489.64,489.64,3.17,3.17,26.45,26.45,56.71,56.71,49.5,49.5,90.28,90.28,88,88,66323.14,66323.14,22767.65,22767.65,162528,162528,953.34,953.34,14.36,14.36,-3.16,-3.16,436800000000,438200000000,62343.76,62343.76,2,2,23.37,23.37
Davelands Secret LWU Piler Puppet,65.33,65.33,38,38,41.33,41.33,1.66,1.66,30.1,29.99,42,42,993.04,1313,43,43,128.25,128.25,-7.87,-7.87,3241.28,3296.63,1509.42,1535.19,2224.41,2262.39,2780.51,3038.07,-7.54,-7.54,-5.66,-5.66,893.74,909,-6.93,-6.93,1509.42,-7.87,-9.59,-9.59,2701.07,2747.19,3892.72,3959.19,-13.86,-13.86,413.1,420.16,1434.83,1459.33,1509.42,1535.19,10.25,10.39,794.43,808,1390.26,1414,1191.65,1212,893.74,909,119.98,119.98,60.1,60.1,12,12,35.03,35.03,23.82,23.82,18.91,18.91,50,50,2.52,2.52,50,50,124,134,60.12,60.12,76.41,76.41,72.78,72.94,12.36,12.36,1191.65,1212,79.55,79.55,33.5,33.5,32.88,34.77,66.25,64.59,6.73,6.73,92.77,92.77,797.86,797.86,0,0,64,64,57.6,56.77,794.43,808,711.86,798.42,0.3,0.3,151.52,151.97,9.99,9.99,17.16,17.16,728.25,809.06,1.85,1.74,42.64,42.64,51.42,51.48,-41.23,-41.23,60,60,99.76,99.76,32139.64,31666.31,24544.45,24182.98,40838,40237,1191.65,1212,3.94,3.94,0,0,1577500000000,1640600000000,21565.7,20646.43,6.78,6.78,11.22,12.08
Yinyangsanhe Hebenhehua,72.67,72.67,53.67,53.67,75.33,75.33,3.56,3.56,32.32,32.19,42,42,0,274.88,32,32,153,153,2751.01,2785.48,1129.36,1143.51,1303.11,1319.44,-1.55,-1.55,4488.49,4764.64,-7.85,-7.85,3112.98,3151.99,2081.35,2107.44,2280.44,2309.02,1665.08,-7.35,-4.9,-4.9,1665.08,1685.95,2751.01,2785.48,2027.06,2052.46,5502.01,5570.96,1621.65,1641.97,7167.1,7256.91,6.71,6.93,995.43,1007.9,542.96,549.77,361.97,366.51,-3.16,-3.16,7.86,7.86,28.09,28.09,12,12,60.28,60.28,33.77,33.77,2.49,2.49,50,50,1,1,50,50,116,126,57.64,57.64,66.23,66.23,69.94,70.08,14.12,14.12,995.43,1007.9,38.97,38.97,49.25,49.25,7.91,8.29,105.77,103.97,0.75,0.75,93.97,93.97,332.72,332.72,-8,-8,64,64,69.26,69,180.99,183.26,673.22,757.48,1.21,1.21,143.53,143.97,11.78,11.84,33.08,33.08,643.84,730.07,1.92,1.79,40.88,40.88,52.72,52.76,37.01,37.01,20.74,20.74,104.46,104.46,47918.2,47327.54,24257.1,23958.1,86350,85285,633.46,641.39,9.19,9.19,-6.32,-6.32,183800000000,184600000000,44132.66,43399.36,12.94,12.94,14.6,15.71
Zions Thris 4,33.33,33.33,22,22,72,72,1.59,1.59,31.13,31.13,45.83,45.83,506.2,506.2,68,68,72,72,1767.1,1767.1,2269.06,2269.06,-1.67,-1.67,883.55,883.55,2061.61,2061.61,-1.26,-1.26,2098.43,2098.43,3139.18,3139.18,239.29,239.29,1214.88,1214.88,1030.81,1030.81,2669.05,2669.05,846.73,846.73,-5.83,-5.83,478.59,478.59,839.37,839.37,3865.53,3865.53,16.03,16.03,1426.56,1426.56,874.35,874.35,966.38,966.38,690.27,690.27,1229.34,1229.34,62.7,62.7,18.02,18.02,38.32,38.32,25.24,25.24,16.87,16.87,51.62,51.62,1,1,53.38,53.38,106,106,69.05,69.05,104.43,104.43,71.36,71.36,21.63,21.63,1610.64,1610.64,66.51,66.51,-78,-78,43.87,43.87,31.44,31.44,0.82,0.82,93.8,93.8,869.17,869.17,-8,-8,67,67,77.18,77.18,736.29,736.29,1038.46,1038.46,0.25,0.25,169.19,169.19,9.79,9.79,12.47,12.47,538.22,538.22,1.42,1.42,33.37,33.37,48.27,48.27,-60.33,-60.33,59.16,59.16,110,110,37515.3,37515.3,29303,29303,46737,46737,1196.47,1196.47,2.35,2.35,-5.48,-5.48,10100000000,10200000000,21046.08,21046.08,15.23,15.23,12.52,12.52
Sla Mielly,25.5,25.5,40.89,40.89,16,16,2.43,2.43,30.6,30.5,37.37,37.37,951.9,1232.5,74.5,74.5,58.5,58.5,-5.48,-5.48,913.83,910.15,-10.49,-10.49,4873.74,4854.14,-10,-9.7,-6,-6,1484.97,1479,-2.74,-2.74,2284.57,2275.38,-5.48,-11.4,1523.04,1516.92,-8.37,-8.37,1903.81,1896.15,1903.81,1896.15,1370.74,1365.23,-7.88,-7.88,1484.97,1479,12.69,12.81,571.14,568.84,1523.04,1516.92,2855.71,2844.22,1237.47,1232.5,8.06,8.06,41.2,41.2,6.84,6.84,27.86,27.86,13.39,13.39,28.89,28.89,50,50,1,1,50,50,106,116,61.16,61.16,85.49,85.49,72.06,72.2,24.22,24.22,1618.23,1611.73,81.49,81.49,37.67,37.67,46.6,47.24,49.68,48.68,18.89,18.89,91.8,91.8,2315.16,2315.16,0,0,64,64,58.48,57.49,1427.85,1422.11,513.11,586.8,0.23,0.23,24.17,24.34,10.35,10.4,31.76,31.76,613.83,702.69,2.31,2.1,30.78,30.78,51.85,51.9,-113.36,-113.36,85.73,85.73,101.04,101.04,34249.46,34396.13,21356.22,21447.67,51839,52061,1427.85,1422.11,3.35,3.35,285.57,284.42,105400000000,110200000000,18289.21,18161.16,8.68,8.68,11.56,12.43
Luto Araka,54.67,54.67,21,21,72,72,1.56,1.56,30.52,30.43,45.83,45.83,546.56,688.15,52,52,108,108,2702.98,2673.96,2108.13,2265,834.74,825.78,914.24,904.43,71.55,157.29,2110.91,2390.83,222.6,220.21,-4.24,-4.24,556.5,550.52,-7.35,-12.41,914.24,904.43,2484.36,2457.68,715.5,707.81,-5.83,-5.83,1888.11,1867.84,922.19,912.29,3760.33,3719.94,16.91,17,1937.8,1916.99,1142.81,1130.53,1043.43,1032.23,745.31,737.3,2109.85,2109.85,64.21,64.21,18.02,18.02,37.62,37.62,30.89,30.89,3.32,3.32,51.62,51.62,1,1,53.38,53.38,104,114,70.69,70.69,104.57,104.57,72.17,72.3,16.63,16.63,1142.81,1130.53,94.89,94.89,-79,-79,57.68,57.5,12.67,12.25,0.82,0.82,93.8,93.8,729.6,729.6,-8,-8,67,67,76.93,76.84,794.99,786.46,1030.71,1045.71,0.26,0.26,217.43,217.97,9.8,9.79,9.02,9.02,550.42,647.37,1.45,1.39,38.37,38.37,48.57,48.61,-38.73,-38.73,60,60,110,110,33160.82,33520.78,26231.7,26516.44,40856,41299,1291.87,1277.99,2.27,2.27,645.93,639,4900000000,5100000000,14027.03,14246.33,13.8,13.8,12.52,13.81
Twirling in My Grave,97,97,66.67,66.67,97,97,102.81,102.81,102.55,102.55,42,42,-4.47,-4.47,3,3,218.25,218.25,3325.42,3325.42,5878.87,5878.87,5225.67,5225.67,-8.37,-8.37,0,0,-8.29,-8.29,3325.42,3325.42,5106.9,5106.9,3800.48,3800.48,5225.67,5225.67,1900.24,1900.24,-7.07,-7.07,-6.32,-6.32,2850.36,2850.36,475.06,475.06,-2,-2,11876.51,11876.51,5.29,5.29,475.06,475.06,475.06,475.06,118.77,118.77,-4.47,-4.47,95.92,95.92,0.97,0.97,12,12,107.14,107.14,38.08,38.08,1.96,1.96,50,50,1,1,50,50,100,100,38.58,38.58,16.97,16.97,60.54,60.54,47.51,47.51,831.36,831.36,25.21,25.21,97,97,6.43,6.43,117.13,117.13,1.06,1.06,93.67,93.67,2.2,2.2,0,0,64,64,75.62,75.62,356.3,356.3,91.02,91.02,4.17,4.17,371.37,371.37,16.56,16.56,17.29,17.29,442.04,442.04,117.88,117.88,7.49,7.49,51.04,51.04,94.07,94.07,-57.88,-57.88,97.83,97.83,44335.02,44335.02,2779.21,2779.21,285743,285743,356.3,356.3,20.69,20.69,-6.32,-6.32,11700000000,12300000000,41497.58,41497.58,3.19,3.19,31.95,31.95
Natchiwes,68,68,48.44,48.44,57.33,57.33,2.91,2.91,32.74,32.59,42,42,315.27,625.9,39,39,137.25,137.25,2522.17,2503.59,-7.5,-6.93,2101.81,2086.33,-8.37,-8.37,5464.7,5674.81,672.58,667.62,840.72,834.53,-3.87,-3.87,2101.81,2086.33,-8.37,-13.04,840.72,834.53,3362.89,3338.12,4203.62,4172.66,-7.75,-7.75,-7.07,-7.07,2101.81,2086.33,5464.7,5424.45,9.33,9.49,945.81,938.85,945.81,938.85,1261.09,1251.8,315.27,312.95,119.98,119.98,34.4,34.4,12,12,47.86,47.86,23.99,23.99,18.69,18.69,50,50,1,1,50,50,100,110,57.16,57.16,60.42,60.42,69.49,69.65,6.45,6.45,1261.09,1251.8,64.84,64.84,43.33,43.33,23.37,23.97,79.24,78.36,3.5,3.5,93.16,93.16,575.6,575.6,0,0,64,64,66.42,66.11,840.72,834.53,492.55,564.75,0.38,0.38,171.7,172.18,12.04,12.09,17.16,17.16,521.77,624.8,2.39,2.15,48.55,48.55,51.37,51.42,74.83,74.83,-55.68,-55.68,100.2,100.2,37054.9,37345.27,20954.76,21118.96,60908,61386,840.72,834.53,9.92,9.92,105.09,104.32,45600000000,51000000000,28384.05,28382.4,6.59,6.59,9.52,10.26
DSIS,16,16,5.33,5.33,5,5,1.12,1.12,33.1,32.94,39.43,39.43,694.3,785.56,84,84,36,36,25.25,25.14,-5.51,-5.51,-2.83,-2.83,151.48,150.83,90.89,125.69,40.4,40.22,1388.59,1382.59,-4.58,-4.58,75.74,75.41,-8.83,-13.34,-10.86,-10.86,1035.13,1030.66,908.9,904.97,-8.25,-8.25,-9.38,-9.38,287.82,286.57,1413.84,1407.73,17.92,18,757.41,754.14,883.65,879.83,1325.48,1319.74,694.3,691.29,8.27,8.27,89.57,89.57,8.98,8.98,12.13,12.13,1.95,1.95,33.78,33.78,50,50,1,1,50,50,100,110,70.33,70.33,99.77,99.77,69.13,69.29,41.88,41.88,1136.12,1131.21,87.86,87.86,-94.67,-94.67,71.8,71.91,-14.56,-15.51,27.84,27.84,91.24,91.24,8385.4,8385.4,-8,-8,64,64,75.3,75.21,852.09,848.41,762.06,851.46,0.22,0.22,19.44,19.6,9.7,9.7,30.52,30.52,613.98,702.82,1.78,1.68,13.12,13.12,44.28,44.34,-48.48,-48.48,44.16,44.16,110.61,110.61,14937.48,15002.35,14095.23,14156.45,15737,15806,852.09,848.41,2.29,2.29,473.38,471.34,3000000000,3200000000,4212.37,4215.66,16.38,16.38,7.38,7.67
Femboy Task Force,61.33,61.33,12,12,71.33,71.33,1.27,1.27,32.22,32.22,44.28,44.28,507.86,507.86,47,47,119.25,119.25,135.43,135.43,-1.26,-1.26,1896.01,1896.01,846.43,846.43,1388.15,1388.15,758.4,758.4,372.43,372.43,1862.15,1862.15,-8.83,-8.83,-7.87,-7.87,1828.29,1828.29,213.3,213.3,-1.41,-1.41,474,474,-6.9,-6.9,920.92,920.92,2403.87,2403.87,16.19,16.19,1354.29,1354.29,888.75,888.75,1058.04,1058.04,423.22,423.22,1104.56,1104.56,78.58,78.58,16.29,16.29,31.22,31.22,27.62,27.62,12.29,12.29,52.16,52.16,1,1,52.44,52.44,104,104,69.91,69.91,106.03,106.03,70.05,70.05,19.6,19.6,1015.72,1015.72,91.89,91.89,-88,-88,62.41,62.41,12.4,12.4,0.86,0.86,93.77,93.77,774.77,774.77,-8,-8,71,71,76.13,76.13,719.47,719.47,1036.66,1036.66,0.28,0.28,201.38,201.38,9.73,9.73,13.02,13.02,587.68,587.68,1.43,1.43,35.4,35.4,45.33,45.33,46.9,46.9,58.31,58.31,104.1,104.1,22257.78,22257.78,19600.13,19600.13,24942,24942,931.08,931.08,2.31,2.31,634.82,634.82,2300000000,2500000000,8368.92,8368.92,13.38,13.38,10.92,10.92
Takkaviita CCCXXIX,57.33,57.33,57.33,57.33,57.33,57.33,3.61,3.61,32.79,32.79,42,42,300.71,300.71,50,50,112.5,112.5,-7.07,-7.07,1365.25,1365.25,1202.86,1202.86,4811.44,4811.44,5212.39,5212.39,2892.88,2892.88,-8.37,-8.37,5537.16,5537.16,-6.32,-6.32,400.95,400.95,-6.32,-6.32,-3.16,-3.16,4410.48,4410.48,1603.81,1603.81,-5.48,-5.48,2566.1,2566.1,1202.86,1202.86,9.33,9.33,902.14,902.14,902.14,902.14,1202.86,1202.86,300.71,300.71,119.98,119.98,27.72,27.72,12,12,49.93,49.93,23.08,23.08,19.88,19.88,50,50,1,1,50,50,100,100,56.72,56.72,57.19,57.19,69.44,69.44,0.56,0.56,1202.86,1202.86,79,79,50,50,17.74,17.74,85.68,85.68,3.24,3.24,93.2,93.2,610.35,610.35,0,0,64,64,68.17,68.17,801.91,801.91,567.39,567.39,0.32,0.32,126.07,126.07,10.77,10.77,17.16,17.16,523.25,523.25,2.15,2.15,54.44,54.44,52.69,52.69,-70,-70,80,80,100.2,100.2,44834.58,44834.58,22528.82,22528.82,81285,81285,801.91,801.91,10.54,10.54,100.24,100.24,4100000000,4600000000,36898.86,36898.86,7.09,7.09,13.92,13.92
Unyippee,61.33,61.33,48.44,48.44,57.33,57.33,2.91,2.91,32.63,32.63,42,42,278.7,278.7,47,47,119.25,119.25,2601.17,2601.17,4862.32,4862.32,4087.55,4087.55,-4.47,-4.47,0,0,-8.21,-8.21,4087.55,4087.55,1921.15,1921.15,-6.32,-6.32,3344.36,3344.36,-6.32,-6.32,-3.16,-3.16,-3.16,-3.16,-4.47,-4.47,4459.14,4459.14,594.55,594.55,10776.26,10776.26,9.33,9.33,836.09,836.09,836.09,836.09,1114.79,1114.79,278.7,278.7,119.98,119.98,34.4,34.4,12,12,46.46,46.46,25.43,25.43,16.56,16.56,50,50,1,1,50,50,100,100,57.4,57.4,62.55,62.55,69.61,69.61,3.78,3.78,1114.79,1114.79,66.95,66.95,43.33,43.33,18.23,18.23,84.06,84.06,3.24,3.24,93.2,93.2,640.56,640.56,0,0,64,64,66.86,66.86,743.19,743.19,596.58,596.58,0.34,0.34,137.81,137.81,9.97,9.97,17.16,17.16,506.17,506.17,2.07,2.07,51.22,51.22,51.41,51.41,78.1,78.1,-24.49,-24.49,100.2,100.2,41724.56,41724.56,23595.48,23595.48,68584,68584,743.19,743.19,9.56,9.56,92.9,92.9,4500000000,5300000000,34130.69,34130.69,6.95,6.95,12.33,12.33
Abyssal Specter,3,3,3,3,3,3,1.06,1.06,37.46,37.09,42,42,194.81,288.34,97,97,6.75,6.75,-6.32,-6.32,0,0,-10,-10,-9.49,-9.49,-10.49,-10.2,0,0,556.61,576.67,0,0,-6.32,-6.32,667.93,-6.32,667.93,692.01,222.64,230.67,-9.49,-9.49,667.93,692.01,890.57,922.68,-5.66,-5.66,556.61,576.67,12.04,12.17,361.79,374.84,361.79,374.84,612.27,634.34,194.81,201.84,141.46,141.46,94.4,94.4,12,12,11.23,11.23,1.1,1.1,37.34,37.34,50,50,1,1,50,50,100,110,64.21,64.21,81.54,81.54,65.8,66.01,47.59,47.59,445.29,461.34,107.11,107.11,-97,-97,48.76,52.29,44.52,42.32,28.66,28.66,91.19,91.19,12121.34,12121.34,0,0,64,64,75.34,75.23,333.96,346,435.71,503.61,0.19,0.19,10.44,10.56,9.51,9.51,17.06,17.06,526.38,628.23,2.67,2.35,7.41,7.41,41.43,41.5,-33.17,-33.17,-62.45,-62.45,101.85,101.85,8889.01,8603.95,8623.66,8347.11,9135,8842,333.96,346,2.74,2.74,139.15,144.17,2800000000,3300000000,4551.17,4104.08,9.37,9.37,7.22,7.3
The Game Was Rigged From The Start,57.33,57.33,57.33,57.33,57.33,57.33,3.61,3.61,32.81,32.81,42,42,321.54,321.54,50,50,112.5,112.5,-5.48,-5.48,-3.1,-3.1,-6.32,-6.32,2143.58,2143.58,2143.58,2143.58,0,0,0,0,2177.88,2177.88,1286.15,1286.15,4287.16,4287.16,857.43,857.43,3429.73,3429.73,3858.45,3858.45,4287.16,4287.16,5144.59,5144.59,-3.46,-3.46,0,0,9.33,9.33,964.61,964.61,964.61,964.61,1286.15,1286.15,321.54,321.54,119.98,119.98,27.72,27.72,12,12,49.93,49.93,25.35,25.35,16.69,16.69,50,50,1,1,50,50,100,100,56.72,56.72,57.19,57.19,69.41,69.41,0.56,0.56,1286.15,1286.15,67.28,67.28,50,50,20.53,20.53,82.88,82.88,3.24,3.24,93.2,93.2,610.35,610.35,0,0,64,64,67.99,67.99,857.43,857.43,493.78,493.78,0.32,0.32,126.07,126.07,12.11,12.11,17.16,17.16,503.25,503.25,2.39,2.39,54.44,54.44,52.68,52.68,-70,-70,53.85,53.85,100.2,100.2,41941.31,41941.31,21074.99,21074.99,76040,76040,857.43,857.43,10.54,10.54,107.18,107.18,1500000000,1700000000,33343.34,33343.34,7.09,7.09,12.27,12.27
Charcoal Feathers,15,15,15,15,60,60,1.36,1.36,31.96,31.87,42,42,354.6,507.53,85,85,33.75,33.75,-9.49,-9.49,-9.02,-8.49,472.79,451.13,709.19,676.7,-9.49,-9.17,8181.7,9532.47,-9.49,-9.49,-4.74,-4.74,-9.27,-9.27,0,-10,-9.49,-9.49,709.19,676.7,709.19,676.7,-3.16,-3.16,-9.49,-9.49,-8,-8,472.79,451.13,11.66,11.79,709.19,676.7,1063.79,1015.05,1122.89,1071.44,354.6,338.35,135.9,135.9,73.63,73.63,12,12,30.43,30.43,14.82,14.82,27.89,27.89,50,50,2.52,2.52,50,50,102,112,63.29,63.29,97.93,97.93,70.34,70.45,24.58,24.58,886.49,845.88,111.1,111.1,15,15,42,40.03,52.52,53.05,2.77,2.77,93.27,93.27,2142.55,2142.55,0,0,64,64,51.6,51.46,650.09,620.31,558.19,635.04,0.21,0.21,27.48,27.67,9.24,9.17,17.09,17.09,544.52,642.54,2.17,1.99,30.42,30.42,45.52,45.55,-32.4,-32.4,45.28,45.28,101.45,101.45,20474.34,21431.15,17418.47,18232.47,23657,24762,650.09,620.31,2.86,2.86,236.4,225.57,612400000000,616200000000,11875.12,12858.69,8.84,8.84,9.48,10.93
A Qartographer,82.67,82.67,78.83,78.83,97,97,14.46,14.46,36.67,36.41,42,42,509.86,922.9,17.33,17.33,186.75,186.75,2549.28,2636.86,-5.66,-5.66,-3.16,-3.16,6628.13,6855.85,2141.4,2214.97,0,0,-6.32,-6.32,3823.92,3955.3,1529.57,1582.12,3568.99,-5.48,-9.49,-9.49,5098.56,5273.73,5608.42,5801.1,4588.71,4746.36,-4.47,-4.47,-3.74,-3.74,2549.28,2636.86,5.74,6,509.86,527.37,509.86,527.37,127.46,131.84,127.46,131.84,95.92,95.92,6.92,6.92,12,12,96.18,96.18,36.66,36.66,2.09,2.09,50,50,1,1,50,50,120,130,45.12,45.12,27.93,27.93,66.27,66.44,36.14,36.14,892.25,922.9,36.85,36.85,77.25,77.25,7.41,8,110.51,108.11,1.16,1.16,93.63,93.63,50.35,50.35,0,0,64,64,73.17,72.97,382.39,395.53,293.08,348.58,1.92,1.92,270.78,271.38,13.41,13.41,17.29,17.29,675.04,758.99,4.88,3.48,18.86,18.86,57.17,57.23,-84.56,-84.56,81.55,81.55,97.83,97.83,48818.74,47199.88,11111.73,10743.26,160688,155359,382.39,395.53,18.21,18.21,-6.32,-6.32,70900000000,70800000000,45206.16,43423.89,4.09,4.09,23.53,25.28
Keobia,61.33,61.33,43.33,43.33,64.67,64.67,1.79,1.79,28.23,28.15,43.68,43.68,791.87,1076.83,47,47,119.25,119.25,4223.29,4307.33,-5.66,-5.66,5560.66,5671.32,492.72,502.52,-3.95,-3.95,-6.93,-6.93,4434.45,4522.7,4399.26,4486.8,-8.49,-8.49,1759.7,-7.07,-7.07,-7.07,-3.61,-3.61,-6.32,-6.32,-10.49,-10.49,-4.88,-4.88,2852.05,2908.8,14218.41,14501.34,10.49,10.63,1143.81,1166.57,1759.7,1794.72,967.84,987.1,527.91,538.42,457.39,457.39,55.78,55.78,14.64,14.64,43.92,43.92,26.27,26.27,15.15,15.15,51.62,51.62,3.3,3.3,50.99,50.99,134,144,63.15,63.15,94.6,94.6,75.93,76.08,7.69,7.69,1143.81,1166.57,66.99,66.99,37.5,37.5,25.66,27.42,71.64,69.64,1.81,1.81,93.45,93.45,639.17,639.17,-8,-8,68,68,63.55,62.76,439.93,448.68,1034.91,1049.3,0.36,0.36,64.36,64.65,9.72,9.72,15.99,15.99,779.58,857.98,1.44,1.38,47.31,47.31,53.51,53.56,79.37,79.37,40,40,98.83,98.83,39805.82,39072.42,29210.74,28672.55,52370,51405,1231.79,1256.3,2.88,2.88,0,0,744700000000,788600000000,29575.73,28366.58,12.77,12.77,18.47,19.94
Vinogradia,51.33,51.33,67.56,67.56,74,74,5.53,5.53,29.95,29.89,45.83,45.83,-3.16,178.66,54.5,54.5,103.5,103.5,-3.46,-3.46,2787.27,3344.52,4698.49,4430.77,3637.54,3430.28,3561.76,3573.2,3208.61,5602.78,-8,-8,-1.58,-1.22,530.47,500.25,3334.41,-3.46,2576.59,2429.78,2500.81,2358.32,682.04,643.18,2955.5,2787.1,1629.32,1536.48,1742.35,1643.07,4698.49,4430.77,10.68,10.77,1989.28,1875.93,1042,982.63,1042,982.63,284.18,267.99,914.7,914.7,18.07,18.07,17.01,17.01,63.66,63.66,29.99,29.99,4.55,4.55,52.16,52.16,1,1,51.96,51.96,99,109,61.97,61.97,92.5,92.5,73,73.09,12.19,12.19,947.28,893.3,94.66,94.66,60.33,60.33,17.61,15.41,85.52,88.46,0.77,0.77,93.9,93.9,418.22,418.22,-4,-4,67,67,69.46,69.46,378.91,357.32,825.35,1021.73,0.31,0.31,59.39,59.67,11.22,9.9,13.89,13.89,458.84,594.39,1.7,1.49,42.81,42.81,57.48,57.51,17.32,17.32,76.81,76.81,103.37,103.37,56332.75,59736.23,22327.57,23676.55,123563,131028,1705.1,1607.94,3.11,3.11,94.73,89.33,500000000,700000000,46418.19,50536.85,12.29,12.29,20.65,23.99
Jamangland,88.33,88.33,73.78,73.78,74,74,52.58,52.58,93.57,90.61,40.78,40.78,-3.16,228.89,11.67,11.67,200.25,200.25,5662.01,5859.51,6266.26,7031.41,4777.32,4943.96,-2.68,-2.68,2123.25,2435.36,-5.57,-5.37,973.16,1007.1,-1.22,-1.22,2565.6,2655.09,4777.32,366.22,3007.94,3112.87,-1.61,-1.61,2123.25,2197.32,3450.29,3570.64,5042.73,5218.63,339.72,351.57,11412.49,11810.58,5.57,5.74,-5.48,-5.48,221.17,228.89,-5.48,-5.48,0,0,1670.09,1670.09,1.9,1.9,14.16,14.16,85.03,85.03,35.07,35.07,2.28,2.28,51.62,51.62,1,1,52.44,52.44,113,123,40.3,40.3,14.34,14.34,61.17,61.35,33.45,33.45,442.34,457.77,33.13,33.13,90.33,90.33,6.01,6.47,119.1,116.78,0.77,0.77,93.9,93.9,71.48,71.48,0,0,64,64,75.17,74.99,110.59,114.44,176.76,219.34,3.1,3.1,353.36,354.05,16.03,16.06,10.64,10.64,565.33,659.92,83.58,65.33,21.55,21.55,53.78,53.85,74.23,74.23,-10.49,-10.49,96.68,96.68,51968.43,50216.93,5222.7,5046.68,274620,265364,110.59,114.44,20.03,20.03,-7.07,-7.07,224900000000,218900000000,48850.32,46952.83,1.77,1.77,28.27,30.47
Butterfly Ballot,70.86,70.86,78.78,78.78,59,59,1.38,1.38,20.89,20.89,40.78,40.78,8621.92,8938.25,34.71,34.71,174.5,174.5,-11.05,-11.05,-10.28,-10.28,-11.83,-11.83,-9.86,-9.86,-8,-8,-11.87,-11.87,-11.75,-11.75,-21.25,-21.25,-8.83,-8.83,-11.05,-14.9,-16.19,-16.19,-6.71,-6.71,-10.58,-10.58,-18.84,-18.84,2175.94,2169.01,-15.76,-15.76,0,0,21.21,21.28,1494.47,1489.71,14369.86,14324.12,5173.15,5156.68,3103.89,3094.01,190.3,190.3,72.69,72.69,11.33,11.33,29.16,29.16,58.2,58.2,1.2,1.2,48.6,48.6,8.85,8.85,50.5,50.5,298,308,73.85,73.85,112.59,112.59,91.13,91.13,12.46,12.46,3563.73,3552.38,88.72,88.72,31.17,31.17,83.27,83.39,-61.53,-62.53,1.24,1.24,93.6,93.6,629.19,629.19,0,0,80,80,49.07,48.89,459.84,458.37,1254.56,1261.17,0.24,0.24,68.89,69.2,8.82,8.82,16.86,16.86,1988.96,2048.46,0.81,0.8,42.54,42.54,72.46,72.46,-102.66,-102.66,59.5,59.5,102.24,102.24,53907.44,54079.61,45548.66,45694.13,62666,62866,8736.88,8709.06,2.14,2.14,1379.51,1375.12,1254300000000,1258900000000,9002.54,8977.22,9.87,9.87,80.99,84.57
Bee do Bee do Vieors,61.33,61.33,21.67,21.67,66.67,66.67,1.59,1.59,31.45,31.33,45.34,45.34,405.03,603.37,47,47,119.25,119.25,1296.08,1287.19,-5.1,-5.06,4914.31,4880.59,-4.69,-4.69,972.06,1126.29,-2.19,-2.19,-8.49,-8.49,945.06,938.57,-8.83,-8.83,-5.66,-11.49,486.03,482.7,-8.43,-8.43,2916.18,2896.17,-7.87,-7.87,-6,-6,-5.93,-5.93,6210.39,6167.77,13.23,13.34,1620.1,1608.98,1012.56,1005.62,1080.07,1072.66,607.54,603.37,644.28,644.28,62.95,62.95,16.29,16.29,35.96,35.96,25.85,25.85,15.87,15.87,48.6,48.6,1,1,51.48,51.48,101,111,64.32,64.32,100.17,100.17,70.95,71.1,14.04,14.04,1215.08,1206.74,101.96,101.96,21.67,21.67,49.87,50.25,41.31,40.43,1.51,1.51,93.52,93.52,750.51,750.51,-4,-4,66,66,51.3,51.08,742.55,737.45,743.48,831.85,0.32,0.32,187.08,187.58,9.83,9.84,15.15,15.15,532.28,632.77,1.81,1.7,40.96,40.96,47.7,47.75,96.95,96.95,-17.32,-17.32,110,110,25989.13,26172.82,20343.06,20486.85,32317,32546,1080.07,1072.66,2.72,2.72,1012.56,1005.62,17800000000,20400000000,13020.55,13007.89,14.69,14.69,10.38,11.14
Saint Vectoria,64.67,64.67,39.56,39.56,57.33,57.33,2.36,2.36,32.52,32.35,42,42,235.82,461.81,44,44,126,126,2515.42,2463.01,-8.24,-7.48,-8.37,-8.37,1572.14,1539.38,3773.12,3879.24,822.23,985.2,3458.7,3386.63,4216.47,5002.98,3144.27,3078.76,-7.07,-12.25,2200.99,2155.13,2515.42,2463.01,628.85,615.75,3458.7,3386.63,-7.75,-7.75,1509.25,1477.8,5974.11,5849.64,9.49,9.64,707.46,692.72,707.46,692.72,943.28,923.63,471.64,461.81,119.98,119.98,42.42,42.42,12,12,42.87,42.87,23.52,23.52,19.31,19.31,50,50,1,1,50,50,100,110,58.11,58.11,68.3,68.3,69.72,69.91,7,7,943.28,923.63,53.65,53.65,36.67,36.67,16.82,16.73,84.44,84.39,3.24,3.24,93.2,93.2,671.49,671.49,0,0,64,64,65.14,64.84,628.85,615.75,533.68,614.64,0.35,0.35,147.71,148.15,11.46,11.4,17.16,17.16,513.03,618.61,2.25,2.03,48,48,49.89,49.95,-80,-80,53.85,53.85,100.2,100.2,40550.09,41409.3,25688.45,26232.76,60554,61837,628.85,615.75,8.41,8.41,78.61,76.97,26600000000,30400000000,33737.67,34493.95,6.82,6.82,9.62,10.72
Kevin Has a Chubby Banana,29.78,29.78,15.33,15.33,16,16,1.38,1.38,31.72,31.59,45.83,45.83,321.1,456.75,70.67,70.67,67.5,67.5,293.57,292.32,2009.51,2323.94,2238.49,2228.93,-2.9,-2.9,-7.21,-6.78,2322.16,3390.9,462.38,460.4,596.32,593.77,513.75,511.56,1761.44,-2,844.02,840.42,2091.71,2082.77,293.57,292.32,1210.99,1205.82,496.14,494.02,278.89,277.7,2994.44,2981.66,14.11,14.21,963.29,959.17,825.67,822.15,1055.03,1050.52,366.97,365.4,950.54,950.54,72.55,72.55,17.01,17.01,17.21,17.21,12.88,12.88,29.23,29.23,50,50,1,1,51.96,51.96,99,109,67.77,67.77,88.84,88.84,70.63,70.78,30.36,30.36,871.54,867.82,105.69,105.69,-84.67,-84.67,41.8,42.24,41.12,40.23,18.89,18.89,91.8,91.8,3751.56,3751.56,-8,-8,67,67,76.73,76.64,550.45,548.1,889.22,1003.84,0.24,0.24,59.84,60.13,9.56,9.49,13.73,13.73,520.63,623.96,1.64,1.54,24.64,24.64,46.62,46.67,73.96,73.96,25.1,25.1,107.82,107.82,27443.21,27560.95,23165.16,23264.55,31930,32067,779.8,776.47,2.43,2.43,458.71,456.75,3900000000,4400000000,15971.95,15930.23,14.65,14.65,12.61,14.59
Petalumadom,76.89,76.89,100.12,100.12,91,91,1.54,1.54,226.39,225.71,11.18,11.18,-34.93,-34.5,25.67,25.67,214.75,214.75,3788.52,3820.51,3735.65,3767.2,-11.16,-11.16,19180.47,19342.44,4581.46,4793.41,-33.66,-33.66,32413.85,32687.58,-15.73,-15.73,-3.81,-3.81,11497.71,9373.58,14801.65,14926.65,7114.48,7174.56,3347.99,3376.27,1202.63,1212.79,32722.22,32998.55,7540.03,7603.7,36202.37,36508.09,23.09,23.09,-21.91,-21.91,4790.71,4831.17,-18.44,-18.44,4074.86,4109.27,791.5,791.5,64.87,64.87,0.3,0.3,120.83,120.83,112.47,112.47,0.73,0.73,59.25,59.25,0.39,0.39,51.48,51.48,-451,-441,3.92,3.92,4.04,4.04,28.36,28.38,25.61,25.61,14427.2,14549.04,3.23,3.23,41.12,41.12,17.63,18.38,81.39,79.55,11.04,11.04,92.38,92.38,237.36,237.36,47,47,151,151,62.1,59.33,-16.73,-16.73,12.84,12.95,16.87,16.87,371.37,372.07,50.21,50.25,14.47,14.47,2.57,2.63,439.11,433.55,29.39,29.39,70.78,70.79,-321.79,-321.79,306.29,306.29,19.85,19.85,171276.69,170675.09,136233.14,135754.62,210005,209268,6057.22,6108.37,55.49,55.49,-23.87,-23.87,1.2806085e+15,1.3134357e+15,141131.99,139270.87,12.77,12.77,15.33,16.47
Titanica,68.61,68.61,100.39,100.39,54.48,54.48,1.3,1.3,25.12,25.09,14.91,14.91,9036.39,9263.07,38.08,38.08,131.5,131.5,42867.38,42815.96,-16.2,-16.2,-17.55,-17.55,-13.37,-13.37,-10.58,-10.38,-15.85,-15.85,82.44,82.34,-23.04,-23.04,-11.14,-11.14,-24.04,-26.04,-14.42,-14.42,-18.6,-18.6,-16.37,-16.37,-24.52,-24.52,6537.27,6529.43,-26.33,-26.33,42949.81,42898.3,24.98,25.04,3567,3562.72,3170.66,3166.86,8877.86,8867.21,14109.45,14092.53,1923.71,1923.71,76.68,76.68,0.71,0.71,39.66,39.66,63.87,63.87,1.1,1.1,76.85,76.85,0.46,0.46,52.91,52.91,480,490,76.17,76.17,124.38,124.38,83.38,83.48,13.5,13.5,713.4,712.54,9.29,9.29,26.29,26.29,76.23,76.36,-90.07,-91.07,1.21,1.21,93.61,93.61,729.07,729.07,0,0,104,104,43.54,43.41,-27.02,-27.02,1413.55,1418.93,0.26,0.26,165.3,165.77,25.09,25.12,9.68,9.68,3339.38,3392.57,0.62,0.61,41.5,41.5,86.11,86.15,-142.53,-142.53,8.68,8.68,13.36,13.36,98949.44,99068.29,86009.36,86112.66,112171,112306,4914.53,4908.63,2.07,2.07,-24.9,-24.9,1990300000000,1994200000000,23549.97,23380.12,0.32,0.32,118.96,119.75
Fleeb,62.44,62.44,98.33,98.33,66.19,66.19,1.52,1.52,19.76,19.75,12.59,12.59,11091.43,11351.81,46.17,46.17,63.5,63.5,-32.8,-32.8,-15.13,-15.13,-14.39,-14.39,-7.97,-7.97,146.15,145.9,-15.57,-15.57,-14.87,-14.87,-15.87,-15.87,-26.72,-26.72,-19.65,-22.05,-13.27,-13.27,-22.74,-22.74,-18.6,-18.6,-17.67,-17.67,-10.75,-10.75,-25.31,-25.31,0,0,29.72,29.77,5033.09,5024.57,11091.43,11072.67,16590.54,16562.48,652.44,651.33,4388.24,4388.24,65.84,65.84,0.49,0.49,69.56,69.56,95.15,95.15,0.81,0.81,67.36,67.36,13.24,13.24,61.83,61.83,524,534,98.34,98.34,135.69,135.69,91.86,91.86,8.39,8.39,11837.07,11817.05,6.47,6.47,39.86,39.86,91.59,91.63,-157.28,-158.28,11.24,11.24,92.36,92.36,594.38,594.38,-31,-31,144,144,45.88,45.74,2889.36,2884.48,1571.54,1576.23,0.18,0.18,114.08,114.47,7.44,7.44,3.61,3.61,3505.36,3558.02,0.51,0.5,46.61,46.61,93.15,93.16,-190.29,-190.29,150.03,150.03,11.06,11.06,82446.41,82586.1,66097.76,66209.75,100389,100559,12675.92,12654.48,1.68,1.68,-23.24,-23.24,596300000000,597300000000,6925.5,6937.23,0.56,0.56,160.91,161.42
Brantionian Mountasia,70.4,70.4,50.22,50.22,79.33,79.33,3.02,3.02,31.54,31.34,43.68,43.68,-3.16,141.86,35.4,35.4,146.25,146.25,4029.33,3858.62,5053.55,5562.94,2547.96,2440.01,3673.8,3518.15,5214.42,5163.74,2361.6,4357.97,124.44,119.16,577.73,922.1,1955.41,1872.57,2547.96,-3.74,1362.86,1305.12,4325.6,4142.34,3733.05,3574.9,3733.05,3574.9,1244.35,1191.63,1386.56,1327.82,6701.72,6417.79,8.12,8.25,962.89,922.1,592.55,567.44,518.48,496.51,296.27,283.72,12.77,12.77,33.12,33.12,13.62,13.62,61.04,61.04,34.04,34.04,2.44,2.44,52.16,52.16,1,1,50,50,98,108,57.89,57.89,72.55,72.55,70.85,71.09,16.53,16.53,592.55,567.44,70.63,70.63,44.67,44.67,7.93,7.53,106.66,109.21,0.71,0.71,94.13,94.13,344.75,344.75,0,0,64,64,68.23,68.2,296.27,283.72,460.8,625.68,0.38,0.38,86.39,86.73,11.75,10,18.78,18.78,449.62,590.61,2.53,2.01,38.47,38.47,52.85,52.93,-52.44,-52.44,83.96,83.96,98.83,98.83,54346.74,56743.57,30102.51,31430.1,90895,94904,962.89,922.1,8.78,8.78,-4.47,-4.47,35900000000,39000000000,50053.35,52487.8,2.81,2.81,12.08,14.44
Almighty Bush,64.67,64.67,39.56,39.56,57.33,57.33,2.36,2.36,32.58,32.41,42,42,256,499.7,44,44,126,126,3754.7,3664.49,-5.13,-4.9,0,0,1024.01,999.41,-8.37,-8,3109.57,4264.13,3754.7,3664.49,2641.94,2914.93,2048.02,1998.81,-6.32,-11.83,-6.32,-6.32,3754.7,3664.49,-6.32,-6.32,2730.69,2665.08,2730.69,2665.08,-2.83,-2.83,7509.4,7328.97,9.49,9.64,768.01,749.55,768.01,749.55,1024.01,999.41,512,499.7,119.98,119.98,42.42,42.42,12,12,42.87,42.87,25.39,25.39,16.63,16.63,50,50,1,1,50,50,100,110,58.11,58.11,68.3,68.3,69.66,69.84,7,7,1024.01,999.41,58.48,58.48,36.67,36.67,20.14,19.94,80.59,80.53,3.24,3.24,93.2,93.2,671.49,671.49,0,0,64,64,64.75,64.42,682.67,666.27,543.84,619.7,0.35,0.35,147.71,148.15,9.86,9.83,17.16,17.16,521.53,624.62,2.21,2.02,48,48,49.87,49.93,-43.59,-43.59,43.59,43.59,100.2,100.2,37461.67,38377.17,23731.93,24311.91,55942,57309,682.67,666.27,8.41,8.41,85.33,83.28,338900000000,349200000000,29931.87,30740.12,6.82,6.82,11.95,13.47
Westnesia,69.89,69.89,93.42,93.42,73.05,73.05,1.28,1.28,18.85,18.84,59.95,59.95,14769.85,14988.85,36.17,36.17,188,188,-25.5,-25.5,-14.97,-14.97,-14,-14,-12,-12,-13.68,-13.39,-14,-14,-27.82,-27.82,-24.95,-24.95,-13.42,-13.42,-18.17,-20.74,-25.88,-25.88,-16.73,-16.73,-15.49,-15.49,-27.64,-27.64,11272.73,11258.29,-28.96,-28.96,0,0,32.05,32.09,7305.52,7296.16,16437.41,16416.36,4605.65,4599.75,5082.1,5075.59,9.48,9.48,78.37,78.37,26.81,26.81,11.73,11.73,98.16,98.16,0.8,0.8,42.01,42.01,15.58,15.58,50,50,423,433,87.99,87.99,127.02,127.02,92.57,92.58,20,20,2461.64,2458.49,145.23,145.23,24.25,24.25,95.03,95.04,-275.86,-276.86,0.41,0.41,96.12,96.12,557.4,557.4,18,18,120,120,42.17,42.06,3335.13,3330.86,1465.14,1470.26,0.15,0.15,104.9,105.27,6.87,6.88,24.43,24.43,3016.48,3070.8,0.58,0.57,35,35,82.44,82.44,-187.92,-187.92,141.42,141.42,116.29,116.29,92824.52,92943.55,81625.54,81730.21,104150,104284,15563.92,15543.99,1.82,1.82,2699.86,2696.41,468900000000,469700000000,4641.23,4647.18,0.77,0.77,145.31,145.83
Cekan,73.33,73.33,87.12,87.12,72.95,72.95,1.62,1.62,20,20,46.76,46.76,10543.87,10812.11,31,31,97.25,97.25,-12.33,-12.33,-11.03,-11.03,-13.49,-13.49,-5.02,-5.02,-15.88,-15.63,-12.36,-12.36,-15.75,-15.75,-21.6,-21.6,-8.31,-8.31,-13.11,-16.49,-16.79,-16.79,-13.42,-13.42,-13.49,-13.49,-19.47,-19.47,-0.99,-0.99,-14.62,-14.62,0,0,26.87,26.93,5997.43,5985.27,15090.31,15059.72,5030.1,5019.91,3192.18,3185.71,17.41,17.41,61.86,61.86,18.34,18.34,35.52,35.52,71.37,71.37,1.01,1.01,45.31,45.31,10.82,10.82,52.91,52.91,361,371,80.15,80.15,117.25,117.25,91.69,91.69,14.77,14.77,7448.42,7433.32,105.78,105.78,45.12,45.12,91.1,91.14,-148.03,-149.03,1.09,1.09,93.66,93.66,374.18,374.18,12,12,84,84,46.73,46.58,1741.19,1737.66,1333.01,1338.91,0.18,0.18,185.77,186.27,8.26,8.27,18.06,18.06,2346.98,2404.3,0.7,0.7,40.23,40.23,76.39,76.39,-168.39,-168.39,123.49,123.49,109.7,109.7,71345.46,71490.41,55328.23,55440.64,89445,89627,11704.67,11680.93,1.97,1.97,1934.66,1930.73,554400000000,555700000000,6349.75,6362.65,20.14,20.14,116.03,116.84
Sleha,57,57,74.33,74.33,4,4,1.79,1.79,26.22,26.19,39.43,39.43,1904.78,2210.92,50.25,50.25,112.5,112.5,1523.82,1516.06,4368.29,4346.04,5587.34,5558.88,-2.9,-2.9,2539.7,2779.44,-7.59,-7.59,8634.98,8591,-11.09,-11.09,1269.85,1263.38,-8,-12.81,-11.58,-11.58,3216.96,3200.57,4486.81,4463.95,-10.2,-10.2,-6.93,-6.93,355.56,353.75,15746.15,15665.95,12.69,12.81,0,0,3174.63,3158.46,3386.27,3369.02,1904.78,1895.07,7.94,7.94,55.78,55.78,8.98,8.98,18.3,18.3,14.85,14.85,27.87,27.87,50,50,3.93,3.93,50,50,154,164,65.56,65.56,94.61,94.61,80.34,80.44,16.46,16.46,2857.16,2842.61,47.96,47.96,48.5,48.5,34.91,35.37,56.5,55.62,24.66,24.66,91.43,91.43,1193.69,1193.69,-8,-8,62,62,67.25,66.97,740.75,736.97,1050.07,1062.75,0.33,0.33,40.01,40.24,9.94,9.95,32.57,32.57,919.92,993.48,1.38,1.33,38.54,38.54,62.08,62.11,77.27,77.27,25.1,25.1,104.81,104.81,55657.56,55942.59,40843.23,41052.4,73225,73600,1375.67,1368.66,2.6,2.6,-5.48,-5.48,244700000000,246700000000,36233.07,36138.91,14.81,14.81,17.75,19.07
Djas14,57.33,57.33,57.33,57.33,57.33,57.33,3.61,3.61,32.81,32.66,42,42,308.68,609.9,50,50,112.5,112.5,1646.28,1626.4,425.98,487.92,4938.84,4879.19,-4.47,-4.47,823.14,1057.16,-4.35,-2.83,2469.42,2439.59,5379.22,6607.23,-5.48,-5.48,3704.13,-3.16,0,0,4115.7,4065.99,1234.71,1219.8,411.57,406.6,2880.99,2846.19,0,0,9054.55,8945.18,9.33,9.49,926.03,914.85,926.03,914.85,1234.71,1219.8,308.68,304.95,119.98,119.98,27.72,27.72,12,12,49.93,49.93,23.63,23.63,19.17,19.17,50,50,1,1,50,50,100,110,56.72,56.72,57.19,57.19,69.41,69.58,0.56,0.56,1234.71,1219.8,73.51,73.51,50,50,18.81,19.15,84.54,83.92,3.24,3.24,93.2,93.2,610.35,610.35,0,0,64,64,68.1,67.87,823.14,813.2,564.17,696.7,0.33,0.33,126.07,126.48,10.59,9.99,17.16,17.16,502.9,612.35,2.16,1.88,54.44,54.44,52.68,52.73,81.24,81.24,-24.49,-24.49,100.2,100.2,43682.02,44217.64,21949.67,22218.81,79196,80167,823.14,813.2,10.54,10.54,102.89,101.65,130200000000,134100000000,35469.8,35727.85,7.09,7.09,13.6,15.27
Mewing Geometry Dash Compact,3,3,3,3,3,3,1.06,1.06,37.41,37.04,42,42,203.13,299.04,97,97,6.75,6.75,-10.95,-10.95,540.33,574.17,-10,-10,116.08,119.62,-8.94,-8.6,-2,-2,-8.94,-8.94,-8.18,-7.75,928.61,956.94,580.38,-7.07,232.15,239.24,0,0,-5.48,-5.48,-7.07,-7.07,696.46,717.71,430.57,443.7,0,0,12.04,12.17,377.25,388.76,377.25,388.76,638.42,657.9,203.13,209.33,141.46,141.46,94.4,94.4,12,12,11.23,11.23,1.07,1.07,37.58,37.58,50,50,1,1,50,50,100,110,64.21,64.21,81.54,81.54,65.83,66.05,47.59,47.59,464.3,478.47,111.32,111.32,-97,-97,51.74,55.05,43.27,41.3,28.66,28.66,91.19,91.19,12121.34,12121.34,0,0,64,64,75.33,75.22,348.23,358.85,417.59,484.05,0.19,0.19,10.44,10.56,9.69,9.69,17.06,17.06,534.98,634.88,2.78,2.43,7.41,7.41,41.44,41.51,-78.1,-78.1,33.17,33.17,101.85,101.85,8544.85,8314.55,8289.78,8066.35,8781,8544,348.23,358.85,2.74,2.74,145.09,149.52,248100000000,257500000000,4127.16,3733.23,9.37,9.37,7.18,7.26
Help ive gambled all my money away,57.33,57.33,57.33,57.33,57.33,57.33,3.61,3.61,32.82,32.66,42,42,313.59,629.02,50,50,112.5,112.5,-4.47,-4.47,3357.54,4025.74,2926.87,2935.43,1672.5,1677.39,418.12,587.09,-7.01,-4.47,2926.87,2935.43,4624.46,5766.03,3345,3354.78,2508.75,-6.32,2926.87,2935.43,-6.32,-6.32,836.25,838.7,-7.07,-7.07,5435.62,5451.52,0,0,5853.74,5870.87,9.33,9.49,940.78,943.53,940.78,943.53,1254.37,1258.04,313.59,314.51,119.98,119.98,27.72,27.72,12,12,49.93,49.93,25.49,25.49,16.47,16.47,50,50,1,1,50,50,100,110,56.72,56.72,57.19,57.19,69.41,69.57,0.56,0.56,1254.37,1258.04,68.56,68.56,50,50,19.47,20.46,83.88,82.62,3.24,3.24,93.2,93.2,610.35,610.35,0,0,64,64,68.06,67.79,836.25,838.7,479.39,566.37,0.33,0.33,126.07,126.48,12.81,12.4,17.16,17.16,502.54,612.17,2.45,2.15,54.44,54.44,52.68,52.73,33.17,33.17,48.99,48.99,100.2,100.2,42999.92,42878.3,21606.92,21545.81,77959,77739,836.25,838.7,10.54,10.54,104.53,104.84,1300000000,1500000000,34614.93,34088.25,7.09,7.09,13.99,16.13
Zulankan Peoples Militia,77.33,77.33,26.67,26.67,64,64,1.18,1.18,25.28,25.22,43,43,2164.9,2391,25,25,168.75,168.75,-5.1,-5.1,-3.58,-3.58,-5.81,-5.81,-3.95,-3.95,454.63,573.84,-9.3,-9.3,-7.62,-7.62,-3.46,-3.46,-4.9,-4.9,920.08,-8.12,-9.27,-9.27,649.47,655.82,-5.1,-5.1,-13.53,-13.53,1223.17,1235.12,-6.47,-6.47,0,0,20.37,20.45,4465.1,4508.75,3923.88,3962.23,1894.29,1912.8,1826.63,1844.49,15.84,15.84,84.85,84.85,13,13,29.37,29.37,38.78,38.78,1.9,1.9,50,50,4.48,4.48,50,50,157,167,71.98,71.98,106.64,106.64,82.9,83.07,21.7,21.7,2435.51,2459.32,83.51,83.51,-83.33,-83.33,80.45,81.17,-48.82,-50.42,1.65,1.65,93.49,93.49,637.78,637.78,0,0,60,60,76.73,76.64,1488.37,1502.92,1075.34,1086.21,0.27,0.27,279.15,279.76,9.59,9.59,18.11,18.11,975.53,1047.63,1.28,1.24,33.3,33.3,55.01,55.06,-61.32,-61.32,45.5,45.5,107.5,107.5,31323.36,31020.19,28726.07,28448.04,33854,33526,2638.47,2664.26,2.21,2.21,1420.71,1434.6,665200000000,660300000000,6108.06,5831.8,9.19,9.19,8.51,9.04
Ursalian Sea Force,67.87,67.87,3,3,57.33,57.33,1.06,1.06,34.26,34.07,46.76,46.76,293.68,364.61,39.2,39.2,137.25,137.25,-6.32,-6.32,939.78,933.41,-7.07,-7.07,-7.87,-7.87,606.94,661.17,-4.9,-4.9,0,0,122.37,121.54,-10.54,-10.54,-7.07,-12.25,587.36,583.38,1243.25,1234.82,-7.07,-7.07,-9.49,-9.49,0,0,32.89,32.67,0,0,14.9,15,734.2,729.23,685.26,680.61,611.84,607.69,293.68,291.69,8.58,8.58,94.4,94.4,16.66,16.66,17.53,17.53,29.09,29.09,7.03,7.03,51,51,2.52,2.52,50.5,50.5,111,121,69.62,69.62,104.36,104.36,68.05,68.22,19.87,19.87,562.89,559.07,74.42,74.42,-97,-97,64.61,64.9,18.75,17.87,2.77,2.77,93.27,93.27,940.5,940.5,-8,-8,64,64,75.39,75.28,342.63,340.31,978.69,1021.14,0.31,0.31,210.93,211.46,9.6,9.61,28.73,28.73,636.31,723.15,1.56,1.49,35.13,35.13,43.54,43.6,-31.62,-31.62,-38.73,-38.73,109.08,109.08,9650.95,9716.8,9362.86,9426.75,9918,9985,685.26,680.61,2.32,2.32,244.73,243.08,47000000000,47700000000,3416.44,3410.6,13.83,13.83,7.65,8
ZoniStan,64,64,29.78,29.78,6,6,1.93,1.93,32.43,32.29,42,42,429.84,681.13,45,45,123.75,123.75,-9.49,-9.49,2364.13,2452.07,3094.86,3065.08,0,0,1375.49,1566.6,-7.33,-5.66,2063.24,2043.39,3008.89,2979.94,-6.32,-6.32,-9.49,-13.78,-5.48,-5.48,-5.48,-5.48,-4.47,-4.47,343.87,340.56,0,0,1786.4,1769.21,5158.09,5108.47,10.86,11,945.65,936.55,945.65,936.55,1633.4,1617.68,429.84,425.71,130.47,130.47,51.73,51.73,12,12,17.37,17.37,12.66,12.66,29.37,29.37,50,50,1,1,50,50,100,110,59.79,59.79,65.74,65.74,69.82,69.98,23.8,23.8,1203.56,1191.98,75.76,75.76,29.33,29.33,35.64,36.04,62.89,62.08,26.22,26.22,91.33,91.33,1695.78,1695.78,0,0,64,64,55.74,55.32,859.68,851.41,500.43,573.21,0.31,0.31,145.29,145.73,9.93,9.91,17.11,17.11,544.74,642.71,2.36,2.13,31.2,31.2,48.58,48.63,63.25,63.25,22.36,22.36,101.04,101.04,29064.11,29354.97,20484.66,20689.65,39601,39997,859.68,851.41,4.48,4.48,257.9,255.42,1029900000000,1057200000000,18717.29,18787.18,7.16,7.16,9.4,10.27
Everrly,18,18,62.89,62.89,9,9,2.45,2.45,28.62,28.53,42,42,1326.7,1695.53,82,82,40.5,40.5,-4.69,-4.69,-5.8,-5.8,5633.39,5849.58,-7.87,-7.87,6204.9,6697.35,-9.63,-9.63,1959.44,2034.64,918.49,953.74,2122.73,2204.19,5225.18,1186.87,-9.06,-9.06,3184.09,3306.28,2775.87,2882.4,-8.49,-8.49,-5.66,-5.66,5825.2,6048.75,7592.83,7884.22,11.18,11.31,1020.54,1059.71,1632.87,1695.53,1734.92,1801.5,1020.54,1059.71,125.17,125.17,40.89,40.89,12,12,25.31,25.31,1.29,1.29,35.94,35.94,50,50,2.52,2.52,50,50,132,142,59.37,59.37,65.02,65.02,75.2,75.36,25.59,25.59,1326.7,1377.62,105.97,105.97,52.17,52.17,26.77,29.47,70.91,68.03,23.15,23.15,91.52,91.52,2315.16,2315.16,0,0,64,64,67.27,66.86,918.49,953.74,644.21,726.68,0.23,0.23,33.84,34.05,12.99,13.04,17.14,17.14,767.29,846.23,1.97,1.83,29.41,29.41,55.83,55.88,97.72,97.72,-51.48,-51.48,100.62,100.62,49806.48,48051.28,30932.88,29842.79,75643,72977,918.49,953.74,5.65,5.65,204.11,211.94,412000000000,456900000000,36458.34,33876.15,8.49,8.49,13.35,14.37
Greek People Nation,65.17,65.17,91.56,91.56,30.1,30.1,1.37,1.37,20.26,20.25,14.57,14.57,12562.58,12820.43,43.25,43.25,134.25,134.25,-22.58,-22.58,-13.27,-13.27,-15.75,-15.75,-6.93,-6.93,-14.95,-14.69,-14.28,-14.28,-9.54,-9.54,-21.21,-21.21,-21.75,-21.75,-17.32,-20,-21.45,-21.45,-16.31,-16.31,-16.12,-16.12,-21.61,-21.61,-10.62,-10.62,-20.25,-20.25,0,0,28.65,28.71,7593.8,7579.96,11343.82,11323.15,15187.59,15159.92,1031.26,1029.38,658.89,658.89,73.09,73.09,0.63,0.63,34.99,34.99,77.78,77.78,0.94,0.94,57.85,57.85,10.01,10.01,50.99,50.99,480,490,93.19,93.19,117.5,117.5,91.52,91.52,16.33,16.33,21093.88,21055.44,6.25,6.25,30.67,30.67,79.32,79.26,-135.53,-135.61,53.1,53.1,86.4,86.4,908.57,908.57,-12,-12,95,95,41.47,41.38,-9.49,-9.49,1467.85,1472.96,0.18,0.18,129.44,129.86,8.15,8.16,15.09,15.09,3231.85,3285.4,0.57,0.57,38.67,38.67,78.99,79,-180.92,-180.92,127.8,127.8,52.17,52.17,76969.22,77109.72,65225.99,65345.05,89242,89405,8156.3,8141.44,1.75,1.75,-11.4,-11.4,1453900000000,1456800000000,15932.63,15961.71,23.31,23.31,130.53,131.15
Cherno Alpha,70,70,60.22,60.22,39.11,39.11,1.33,1.33,22.49,22.48,40.78,40.78,4321.89,4679.74,36,36,144,144,-9.06,-9.06,-7.59,-7.59,-5.1,-5.1,-5.02,-5.02,-9.12,-8.68,-10.43,-10.43,-1.18,-1.18,-14.28,-14.28,228.81,227.66,-8.49,-13.11,-11.49,-11.49,1423.68,1416.57,-8.49,-8.49,-12.33,-12.33,370.16,368.31,-13.31,-13.31,0,0,16.79,16.88,1525.37,1517.75,10550.5,10497.8,2669.4,2656.07,2542.29,2529.59,152.93,152.93,75.13,75.13,10.55,10.55,24.96,24.96,31.13,31.13,3.21,3.21,50,50,6.85,6.85,50,50,195,205,65.69,65.69,101.84,101.84,90.3,90.31,17.03,17.03,2923.63,2909.03,60.53,60.53,28.17,28.17,76.72,76.84,-5.18,-6.18,4.85,4.85,92.98,92.98,797.86,797.86,-2,-2,62,62,51.8,51.56,1016.92,1011.84,1076.24,1087.07,0.37,0.37,172.8,173.28,9.25,9.25,17.01,17.01,1159.23,1227.57,1.27,1.23,37.97,37.97,62.68,62.68,-47.33,-47.33,30.66,30.66,103.37,103.37,37868.93,38059.21,32562.26,32725.87,43344,43561,3050.75,3035.51,2.58,2.58,1525.37,1517.75,5927600000000,5962900000000,8823.46,8829.74,14.11,14.11,15.23,16.36
Hello Boys,75.56,75.56,30,30,61.33,61.33,1.94,1.94,30.94,30.84,42,42,248.3,488.35,27.67,27.67,164.25,164.25,2847.15,2799.86,-6.42,-5.93,-3.74,-3.74,4237.62,4167.23,222.48,319.05,-5.96,-4.2,-9.17,-9.17,3696,4313.74,-8.37,-8.37,-4.9,-11.14,-2,-2,3509.28,3450.99,2516.09,2474.29,-10.2,-10.2,2814.05,2767.3,-7.63,-7.63,2847.15,2799.86,10.34,10.49,744.89,732.52,1407.02,1383.65,1075.96,1058.09,496.6,488.35,119.98,119.98,51.61,51.61,12,12,41.14,41.14,32.72,32.72,2.71,2.71,50,50,2.52,2.52,50,50,99,109,59.45,59.45,78.11,78.11,71.61,71.73,15.83,15.83,1075.96,1058.09,65.88,65.88,29.5,29.5,29.76,29.82,68.69,68.17,2.77,2.77,93.27,93.27,571.65,571.65,0,0,64,64,57.7,57.03,662.13,651.13,481.51,552.9,0.39,0.39,218.1,218.64,9.84,9.83,17.16,17.16,517.09,621.42,2.44,2.19,39.17,39.17,49.99,50.03,-90,-90,86.02,86.02,100.2,100.2,30552.6,31068.67,21508.42,21871.73,41671,42375,1158.72,1139.48,5.35,5.35,82.77,81.39,1635200000000,1671600000000,21447.92,21810.21,6.17,6.17,9.29,10.34
The Kock,72.11,72.11,6.75,6.75,30.22,30.22,1.14,1.14,32.62,32.48,45.83,45.83,717.42,811.65,32.83,32.83,153,153,-8.25,-8.25,-2.53,-2.53,365.23,363.62,219.14,218.17,1200.06,1272.67,-2.68,-2.68,-12.25,-12.25,-9.8,-9.8,-2.83,-2.83,26.09,-9.9,1069.61,1064.89,795.69,792.17,-6.16,-6.16,-5.66,-5.66,1526.16,1519.42,-12.87,-12.87,365.23,363.62,18.47,18.55,1434.85,1428.51,913.09,909.05,750.03,746.72,619.59,616.86,1259.14,1259.14,87.42,87.42,18.02,18.02,17.82,17.82,30.57,30.57,3.51,3.51,52.16,52.16,1,1,53.38,53.38,114,124,69.17,69.17,93.35,93.35,69.62,69.77,27.55,27.55,717.42,714.26,106.11,106.11,-93.25,-93.25,71.73,71.83,-17.69,-18.61,11.9,11.9,92.31,92.31,1146.21,1146.21,0,0,67,67,74.94,74.84,750.03,746.72,1016.32,1034.29,0.27,0.27,233.78,234.34,9.81,9.82,12.34,12.34,679.95,763.58,1.5,1.44,27.45,27.45,45.32,45.37,-37.28,-37.28,52.82,52.82,106.51,106.51,16869.91,16944.75,15715.87,15785.59,17978,18058,1141.36,1136.32,2.35,2.35,586.98,584.39,189000000000,190100000000,4774.18,4778.42,5.81,5.81,7.34,7.6
PH 25,67.78,67.78,38,38,57.33,57.33,2.28,2.28,32.61,32.46,42,42,249.23,498.28,39.33,39.33,137.25,137.25,996.91,996.56,-7.63,-6.93,3323.05,3321.87,4187.04,4185.56,664.61,863.69,1845.95,2657.5,2658.44,2657.5,2449.09,2906.64,0,0,1661.52,-7.07,-4.47,-4.47,2326.13,2325.31,3323.05,3321.87,-4.47,-4.47,-5.74,-5.74,4030.99,4029.56,6978.4,6975.93,9.38,9.54,747.69,747.42,747.69,747.42,996.91,996.56,498.46,498.28,119.98,119.98,43.77,43.77,12,12,44.7,44.7,24.27,24.27,18.29,18.29,50,50,1,1,50,50,101,111,57.83,57.83,65.48,65.48,69.63,69.79,8.95,8.95,996.91,996.56,64.54,64.54,35.5,35.5,18.99,19.78,81.81,80.69,3.76,3.76,93.12,93.12,641.95,641.95,0,0,64,64,64.34,63.83,664.61,664.37,490.41,562.46,0.37,0.37,167.32,167.8,9.95,9.93,17.16,17.16,511.94,617.87,2.4,2.16,46.05,46.05,49.12,49.18,-38.73,-38.73,80.62,80.62,100.2,100.2,37701.76,37746.56,24290.44,24319.3,55495,55561,498.46,498.28,8.88,8.88,83.08,83.05,3238000000000,3360300000000,30538.42,30272.74,6.59,6.59,10.1,11.32
Saint Clair Avenue,56.44,56.44,47.11,47.11,7,7,1.41,1.41,27.01,26.97,37.37,37.37,2658.33,2964.07,50.67,50.67,112.5,112.5,-11.31,-11.31,2654.08,2642.26,-7.87,-7.87,714.56,711.38,-11.49,-11.22,6260.9,6233.02,-2.37,-2.37,-14.44,-14.44,-7.75,-7.75,-9.9,-14.07,-11.75,-11.75,-12.17,-12.17,-9.38,-9.38,-15.43,-15.43,-2.7,-2.7,-10.51,-10.51,0,0,15.62,15.72,957,952.74,3296.33,3281.65,4253.33,4234.39,2233,2223.06,8.08,8.08,70.95,70.95,6.84,6.84,17.32,17.32,18.16,18.16,25.14,25.14,46.97,46.97,3.3,3.3,50,50,146,156,66.08,66.08,102.07,102.07,78.45,78.55,21.01,21.01,3296.33,3281.65,70.6,70.6,32.33,32.33,69.98,70.15,12.02,11.02,22.41,22.41,91.57,91.57,1778.28,1778.28,0,0,62,62,52.32,52.06,1701.33,1693.76,1020.76,1037.63,0.25,0.25,124.03,124.43,9.49,9.49,31.66,31.66,912.79,986.56,1.49,1.43,33.99,33.99,55.79,55.82,-73.76,-73.76,48.37,48.37,102.24,102.24,35574.86,35734.03,29675.21,29807.99,41827,42014,2339.33,2328.92,2.55,2.55,638,635.16,439500000000,442500000000,10672.46,10684.47,11.25,11.25,13.97,15.04
The Winged Reapers,73.67,73.67,82.25,82.25,74,74,29.9,29.9,38.22,37.52,37.37,37.37,-7.75,-5.48,30.5,30.5,157.5,157.5,5933.16,5672.87,-3.1,-2.81,3200.78,3060.36,2810.44,2687.15,2888.51,2985.72,1748.72,4190.08,8040.99,7688.23,3278.85,4186.72,2146.87,2052.68,1639.43,-7.62,9446.22,9031.8,1288.12,1231.61,78.07,74.64,468.41,447.86,3591.12,3433.58,7541.36,7210.51,17174.94,16421.46,6.24,6.24,-12.65,-12.65,390.34,373.21,0,0,487.92,466.52,8.94,8.94,3.34,3.34,8.98,8.98,82.39,82.39,31.67,31.67,3.01,3.01,51.62,51.62,2.52,2.52,51.48,51.48,99,109,42.97,42.97,18.8,18.8,65.43,65.76,25.65,25.65,2146.87,2052.68,9.69,9.69,85.75,85.75,5.15,4.9,125.17,128.35,0.76,0.76,93.94,93.94,151.57,151.57,-8,-8,64,64,75.75,75.76,97.58,93.3,153.92,236.91,3.46,3.46,231.05,231.6,14.24,12.85,26.89,26.89,282.75,500.91,92.5,55.21,29.35,29.35,58.09,58.2,15.81,15.81,62.05,62.05,101.85,101.85,66153.96,69189.19,9626.88,10068.58,287850,301057,487.92,466.52,19.03,19.03,-16.43,-16.43,217500000000,229400000000,62780.11,65798.92,13.12,13.12,27.22,31.34
Feyris Kirara,72.27,72.27,7,7,67.33,67.33,1.06,1.06,31.32,31.21,45.83,45.83,687.58,770.42,32.6,32.6,153,153,710.49,707.65,165.02,164.36,-3.55,-3.55,-7.07,-7.07,962.61,1027.23,5353.92,5332.45,-8.37,-8.37,-3.67,-3.67,-8.83,-8.83,-9.38,-13.71,-12.96,-12.96,176.48,175.77,-5.29,-5.29,-12.17,-12.17,-6.32,-6.32,178.77,178.05,710.49,707.65,19.72,19.8,1317.85,1312.57,1031.36,1027.23,1031.36,1027.23,744.87,741.89,846.72,846.72,94.4,94.4,17.36,17.36,22.1,22.1,34.35,34.35,2.39,2.39,51.62,51.62,2.52,2.52,52.44,52.44,121,131,73.45,73.45,108.6,108.6,71.11,71.25,25.44,25.44,1002.71,998.69,85.25,85.25,-97,-97,71.53,71.62,-31.52,-32.4,1.51,1.51,93.52,93.52,780.28,780.28,-8,-8,68,68,74.99,74.89,687.58,684.82,1066.5,1077.91,0.29,0.29,251.99,252.57,9.19,9.2,14.21,14.21,758.64,837.97,1.31,1.27,29.56,29.56,46.16,46.2,-20.74,-20.74,-14.14,-14.14,107.17,107.17,19173.04,19250.24,18600.71,18675.6,19703,19783,1203.26,1198.43,2.16,2.16,630.28,627.75,27100000000,27300000000,5464.32,5467.07,14.32,14.32,12.28,13.22
Piano Mania,78.33,78.33,27.67,27.67,77.33,77.33,1.45,1.45,31.14,31,40.78,40.78,1157.74,1462.02,23.5,23.5,173.25,173.25,-9.06,-9.06,-5.8,-5.8,-7.87,-7.87,398.98,409.36,3419.8,3728.14,-6.39,-6.39,1852.39,1900.62,-7.84,-7.84,142.49,146.2,1709.9,-7.21,-13.49,-13.49,1603.03,1644.77,3491.04,3581.94,-13.86,-13.86,2849.83,2924.03,-9.04,-9.04,1852.39,1900.62,10.34,10.49,356.23,365.5,1335.86,1370.64,623.4,639.63,890.57,913.76,8.49,8.49,69.1,69.1,11.33,11.33,44.14,44.14,37,37,2.06,2.06,52.64,52.64,2.52,2.52,50.5,50.5,129,139,60.1,60.1,87.61,87.61,71.34,71.52,25.82,25.82,979.63,1005.14,49.3,49.3,25.67,25.67,37.04,39.59,62.19,60.35,0.72,0.72,94.1,94.1,409.29,409.29,0,0,64,64,54.27,53.86,801.51,822.38,655.48,738.65,0.43,0.43,261.14,261.73,9.98,9.99,29.26,29.26,781.81,860.11,1.95,1.81,29.18,29.18,49.79,49.85,-70.07,-70.07,42.54,42.54,100.2,100.2,25994.02,25409.83,21381.48,20900.96,30943,30248,1513.97,1553.39,3.96,3.96,0,0,1605200000000,1669700000000,16376.23,15347.54,2.04,2.04,8.64,9.17
Ter Schetorn,61.33,61.33,34,34,57.33,57.33,2.1,2.1,32.4,32.25,42,42,770.75,1082.61,47,47,119.25,119.25,-3.16,-3.16,-2.83,-2.83,-7.07,-7.07,3083,3247.84,-2.45,-2.45,-6.63,-6.63,1027.67,1082.61,4710.13,4961.98,1712.78,1804.36,3425.55,0,-9.49,-9.49,-8.37,-8.37,2397.89,2526.1,3083,3247.84,-6.32,-6.32,2965.73,3124.3,1027.67,1082.61,9.8,9.95,770.75,811.96,770.75,811.96,1027.67,1082.61,513.83,541.31,119.98,119.98,47.61,47.61,12,12,41.74,41.74,23.37,23.37,19.51,19.51,50,50,1,1,50,50,120,130,58.65,58.65,71.23,71.23,69.85,70.01,7.39,7.39,1027.67,1082.61,66.22,66.22,32.5,32.5,25.09,28.42,74.53,71.53,3.5,3.5,93.16,93.16,734.06,734.06,0,0,64,64,58.43,57.09,685.11,721.74,644.56,727.05,0.31,0.31,138.67,139.1,10.65,10.65,17.16,17.16,691.48,774.38,1.97,1.83,47.61,47.61,49.05,49.1,-86.02,-86.02,70,70,100.2,100.2,33024.94,31452.73,22263.08,21203.21,46759,44533,685.11,721.74,7.39,7.39,85.64,90.22,523000000000,559000000000,24735.68,22520.15,6.95,6.95,11.4,12.33
Santravalley,61.33,61.33,27.33,27.33,66.67,66.67,1.51,1.51,30.78,30.67,42,42,561.82,773.3,47,47,119.25,119.25,2397.09,2474.55,1677.96,1732.19,-8.6,-8.6,1348.36,1391.94,1648,1855.91,-5.8,-5.8,2397.09,2474.55,187.27,193.32,-8.12,-8.12,2646.78,154.66,2397.09,2474.55,923.88,953.73,3146.18,3247.85,-3.74,-3.74,-6.93,-6.93,-8.07,-8.07,4794.17,4949.11,12.88,13,1248.48,1288.83,936.36,966.62,998.79,1031.06,561.82,579.97,644.28,644.28,66.24,66.24,14.16,14.16,41.99,41.99,27.55,27.55,12.49,12.49,51,51,1,1,51.48,51.48,119,129,63.94,63.94,99.45,99.45,71.81,71.96,12.13,12.13,1123.63,1159.95,54.42,54.42,27.33,27.33,34.51,37.07,54.21,51.33,1.65,1.65,93.49,93.49,700.24,700.24,-4,-4,64,64,53.09,52.67,686.67,708.86,1005.54,1027.45,0.35,0.35,188.35,188.85,9.75,9.75,15.15,15.15,661,745.93,1.53,1.47,42.87,42.87,49.62,49.67,-86.02,-86.02,60.83,60.83,104.81,104.81,35893.88,34824.18,28869.87,28009.5,43581,42282,998.79,1031.06,2.77,2.77,436.97,451.09,248200000000,263900000000,23510.49,21904.41,13.6,13.6,9.84,10.54
Momia Berg Dorpistan,62.93,62.93,31.56,31.56,66.67,66.67,1.65,1.65,30.33,30.23,42,42,913.81,1152.36,45.8,45.8,123.75,123.75,-4.9,-4.9,3874.56,3908.79,-2,-2,2558.67,2581.28,-1.55,-1.55,-7.85,-7.85,3228.8,3257.32,1751.47,1766.95,-10.3,-10.3,791.97,-8.6,-2,-2,2040.84,2058.88,2010.38,2028.15,2619.59,2642.74,-1.67,-1.67,-10.69,-10.69,3228.8,3257.32,13,13.11,1523.02,1536.47,1142.26,1152.36,1218.41,1229.18,685.36,691.41,644.28,644.28,60.71,60.71,14.16,14.16,44.19,44.19,28.15,28.15,10.56,10.56,51,51,1,1,51.48,51.48,129,139,63.56,63.56,98.98,98.98,72.44,72.59,11.42,11.42,1370.72,1382.83,56.92,56.92,30.67,30.67,43.24,44.65,47.23,45.71,1.65,1.65,93.49,93.49,661.29,661.29,-4,-4,64,64,53.02,52.7,837.66,845.06,900.38,995.42,0.36,0.36,190.19,190.7,9.92,9.92,15.15,15.15,754.59,834.11,1.63,1.55,43.58,43.58,50.49,50.54,-73.48,-73.48,72.11,72.11,104.81,104.81,33451.57,33178.62,25685.03,25475.46,42305,41959,1218.41,1229.18,2.82,2.82,533.06,537.77,154300000000,161800000000,19000.49,18380.95,13.54,13.54,12.96,14.03
Zekhaphierre,28.33,28.33,28.89,28.89,74.67,74.67,1.48,1.48,29.11,29.02,47.2,47.2,826.98,1016.13,71.75,71.75,65.25,65.25,1852.44,1896.77,2752.2,2818.06,4057.73,4154.84,-4,-4,740.98,758.71,1199.68,1228.39,2558.14,2619.36,3693.86,3782.26,1984.76,2032.26,2072.97,-2.45,529.27,541.94,61.75,63.23,3175.62,3251.61,-5.1,-5.1,-5.67,-5.67,432.24,442.58,8468.31,8670.97,16.12,16.22,2260.42,2314.52,1157.78,1185.48,771.85,790.32,882.12,903.23,1220.81,1220.81,67.53,67.53,18.96,18.96,41.91,41.91,24.94,24.94,17.33,17.33,49.36,49.36,1,1,53.38,53.38,122,132,69.47,69.47,102.89,102.89,74.34,74.49,23.3,23.3,1157.78,1185.48,108.54,108.54,-75.33,-75.33,47.63,49.99,26.53,23.65,0.77,0.77,93.9,93.9,841.07,841.07,-8,-8,69,69,77,76.9,771.85,790.32,1044.08,1057.36,0.24,0.24,157.28,157.74,9.97,9.97,12.51,12.51,701.29,783.6,1.4,1.35,31.7,31.7,50.95,51,93.81,93.81,20,20,109.39,109.39,41298.46,40333.55,33559.28,32775.19,49692,48531,1323.17,1354.84,2.33,2.33,1047.51,1072.58,22600000000,22500000000,21640.39,20166.78,15.19,15.19,19.53,21.07
Clam Chowder,96,96,76.17,76.17,58.67,58.67,11.01,11.01,35.94,35.59,42,42,0,319.23,4,4,216,216,1362.94,1276.92,1219.83,1532.31,-5.48,-5.48,3180.19,2979.49,-6.32,-5.83,5476.75,8387.26,4088.82,3830.77,4256.91,5320.52,-4.47,-4.47,4088.82,-3.16,1362.94,1276.92,3634.51,3405.13,-3.16,-3.16,-4.47,-4.47,2271.57,2128.21,8722.81,8172.32,5451.76,5107.7,7.14,7.35,681.47,638.46,681.47,638.46,1022.2,957.69,0,0,105.17,105.17,9.08,9.08,12,12,62.01,62.01,32.08,32.08,2.88,2.88,50,50,1,1,50,50,100,110,47.59,47.59,25.2,25.2,66.76,67,23.94,23.94,1022.2,957.69,23.3,23.3,73.25,73.25,8.31,7.9,106.9,109.02,3,3,93.23,93.23,172.53,172.53,0,0,64,64,72.76,72.73,567.89,532.05,270.56,398.67,3.2,3.2,363.84,364.54,10.87,9.9,17.24,17.24,470.95,599.29,11.98,2.93,31.06,31.06,56.76,56.84,-72.46,-72.46,61.24,61.24,98.83,98.83,53399.97,56995.51,14279.84,15241.34,157204,167789,567.89,532.05,17.25,17.25,-4.47,-4.47,92800000000,99800000000,48967.77,52492.87,3.66,3.66,24.43,28.72
Debohills,58.67,58.67,21.75,21.75,66.67,66.67,1.59,1.59,31.57,31.45,45.34,45.34,352.49,522.87,49,49,114.75,114.75,422.99,418.3,2406.56,2732.88,1832.95,1812.63,-7.21,-7.21,3665.89,3764.69,300.79,297.46,-8.49,-8.49,-5.76,-5.61,-4.24,-4.24,-4.69,-11.05,2302.93,2277.4,3736.39,3694.97,-1.41,-1.41,2772.92,2742.18,-5.66,-5.66,404.19,399.71,2255.93,2230.93,12.85,12.96,1174.97,1161.94,998.72,987.65,939.97,929.55,528.73,522.87,644.28,644.28,62.89,62.89,16.29,16.29,37.1,37.1,25.44,25.44,16.55,16.55,51,51,1,1,51.48,51.48,103,113,64.06,64.06,99.42,99.42,70.81,70.95,13.34,13.34,1057.47,1045.75,87.98,87.98,21.75,21.75,37.89,37.98,51.31,50.73,1.65,1.65,93.49,93.49,767.91,767.91,-4,-4,64,64,52.08,51.86,646.23,639.07,689.23,778.8,0.32,0.32,186.15,186.65,10.05,10.06,15.15,15.15,524.99,627.19,1.89,1.76,41.66,41.66,47.65,47.7,75.5,75.5,-42.43,-42.43,104.81,104.81,29842,30177.92,23346.54,23609.34,37126,37544,939.97,929.55,2.76,2.76,411.24,406.68,91800000000,96600000000,18531.88,18710.31,13.65,13.65,7.96,8.48
Troskwauntalki,56.67,56.67,18.25,18.25,72,72,1.35,1.35,30.32,30.21,44.83,44.83,527.41,680.22,50.5,50.5,112.5,112.5,1841.15,1865.76,-6.57,-6.57,1956.22,1982.37,-6.78,-6.78,421.93,544.18,1104.69,1119.45,1495.93,1515.93,-6.36,-6.36,1112.36,1127.23,1074,-6.63,2224.72,2254.46,2397.33,2429.37,882.22,894.01,115.07,116.61,978.11,991.18,-2.64,-2.64,5293.3,5364.05,16.52,16.61,1869.92,1894.91,1102.77,1117.51,1006.88,1020.34,863.04,874.57,1229.34,1229.34,74.24,74.24,17.36,17.36,34.03,34.03,30.87,30.87,3.33,3.33,51.62,51.62,1,1,53.38,53.38,110,120,70.09,70.09,104.89,104.89,72.45,72.61,18.38,18.38,1102.77,1117.51,87.98,87.98,-85.75,-85.75,56.38,58.12,15,13,0.86,0.86,93.77,93.77,777.06,777.06,-8,-8,67,67,76.32,76.21,767.14,777.4,1030.56,1045.59,0.28,0.28,220.17,220.72,9.82,9.83,12.47,12.47,599.17,689.53,1.45,1.39,36.62,36.62,48.46,48.51,76.81,76.81,-28.28,-28.28,110,110,31109.65,30699.48,26582.5,26232.02,35806,35334,1246.61,1263.27,2.3,2.3,623.31,631.64,7800000000,8000000000,13563.81,12863.08,13.75,13.75,9.44,10.09
Jubburpitergen,61.33,61.33,48,48,57.33,57.33,2.85,2.85,32.38,32.23,42,42,280.72,549.88,47,47,119.25,119.25,374.3,366.59,754.21,879.81,2245.78,2199.53,-8.37,-8.37,748.59,953.13,2636.93,4105.8,748.59,733.18,2631.31,3207.65,374.3,366.59,1122.89,-8.37,3742.97,3665.89,2994.38,2932.71,-8.37,-8.37,2620.08,2566.12,3368.68,3299.3,5198.12,5091.06,3368.68,3299.3,9.49,9.64,842.17,824.83,842.17,824.83,1122.89,1099.77,561.45,549.88,119.98,119.98,35.15,35.15,12,12,47.67,47.67,24.67,24.67,17.72,17.72,50,50,1,1,50,50,100,110,57.48,57.48,63.24,63.24,69.87,70.04,3.89,3.89,1122.89,1099.77,72.58,72.58,43,43,19.83,19.78,82,81.77,3.5,3.5,93.16,93.16,643.34,643.34,0,0,64,64,66.4,66.15,748.59,733.18,458.3,561.61,0.33,0.33,137.81,138.24,10.88,10.14,17.16,17.16,501.41,611.62,2.55,2.16,51.11,51.11,51.28,51.33,78.1,78.1,-55.68,-55.68,100.2,100.2,40602.9,41456.68,23230.52,23719,66091,67481,748.59,733.18,9.44,9.44,93.57,91.65,67900000000,72200000000,32563.53,33248.26,6.95,6.95,12.37,14.12
Adar Geopique,61.33,61.33,48,48,57.33,57.33,2.85,2.85,32.33,32.17,42,42,256.94,509.99,47,47,119.25,119.25,4111.1,4079.93,4109.39,4895.92,3768.51,3739.94,2740.73,2719.95,-8.37,-8,-3.19,-2,-7.07,-7.07,4107.67,5099.92,-5.48,-5.48,1712.96,-7.07,1027.78,1019.98,3083.33,3059.95,-7.07,-7.07,1027.78,1019.98,3083.33,3059.95,5100.39,5061.72,7879.61,7819.87,9.49,9.64,770.83,764.99,770.83,764.99,1027.78,1019.98,513.89,509.99,119.98,119.98,35.15,35.15,12,12,47.67,47.67,25.53,25.53,16.41,16.41,50,50,1,1,50,50,100,110,57.48,57.48,63.24,63.24,69.93,70.1,3.89,3.89,1027.78,1019.98,83.4,83.4,43,43,16.21,16.66,86.17,85.42,3.5,3.5,93.16,93.16,643.34,643.34,0,0,64,64,66.72,66.44,685.18,679.99,503.89,583.16,0.32,0.32,137.81,138.24,9.98,9.97,17.16,17.16,499.7,610.88,2.35,2.11,51.11,51.11,51.3,51.35,33.17,33.17,66.33,66.33,100.2,100.2,44308.29,44654.06,25350.52,25548.34,72122,72685,685.18,679.99,9.44,9.44,85.65,85,63500000000,67100000000,37130.35,37196.83,6.95,6.95,14.34,16.33
Shirentwis,66.22,66.22,39.56,39.56,57.33,57.33,2.36,2.36,32.65,32.49,42,42,281.24,538.54,41.67,41.67,132.75,132.75,3749.93,3590.27,-2.83,-2.83,1874.96,1795.14,1499.97,1436.11,3374.93,3446.66,5223.65,7467.77,4874.9,4667.36,-5.81,-5.48,-6.32,-6.32,-4.47,-10.95,-5.48,-5.48,-5.48,-5.48,2249.96,2154.16,-8.37,-8.37,374.99,359.03,-5.17,-5.17,10499.79,10052.77,9.49,9.64,843.73,807.81,843.73,807.81,1124.98,1077.08,562.49,538.54,119.98,119.98,42.42,42.42,12,12,44.14,44.14,24.29,24.29,18.27,18.27,50,50,1,1,50,50,100,110,58.02,58.02,67.02,67.02,69.59,69.76,7.78,7.78,1124.98,1077.08,58.27,58.27,36.67,36.67,24.1,23.08,76.93,77.42,3.5,3.5,93.16,93.16,651.72,651.72,0,0,64,64,64.23,63.93,749.99,718.05,471.71,559.15,0.37,0.37,159.17,159.63,9.96,9.88,17.16,17.16,518.52,622.44,2.48,2.17,47.22,47.22,49.85,49.91,10,10,48.99,48.99,100.2,100.2,34285.58,35777.08,21719.88,22664.75,51199,53426,749.99,718.05,8.55,8.55,93.75,89.76,72700000000,77300000000,26022.75,27512.58,6.69,6.69,9.94,11.36
Scambunny,66.22,66.22,39.56,39.56,57.33,57.33,2.36,2.36,32.53,32.35,42,42,227.15,445.56,41.67,41.67,132.75,132.75,1817.16,1782.25,2483.46,2851.6,2120.02,2079.29,3937.19,3861.55,1514.3,1663.44,3210.32,4752.67,-4.47,-4.47,2241.17,2599.12,-7.07,-7.07,1211.44,-7.75,-5.48,-5.48,1211.44,1188.17,3331.47,3267.46,2725.75,2673.38,2422.89,2376.34,4945.01,4850,3937.19,3861.55,9.49,9.64,681.44,668.34,681.44,668.34,908.58,891.13,454.29,445.56,119.98,119.98,42.42,42.42,12,12,44.14,44.14,26.81,26.81,14.12,14.12,50,50,1,1,50,50,100,110,58.02,58.02,67.02,67.02,69.72,69.91,7.78,7.78,908.58,891.13,74.51,74.51,36.67,36.67,15.31,15.26,86.45,86.4,3.5,3.5,93.16,93.16,651.72,651.72,0,0,64,64,65.24,64.94,605.72,594.08,462.94,555.95,0.34,0.34,159.17,159.63,9.95,9.88,17.16,17.16,512.76,618.42,2.52,2.18,47.22,47.22,49.89,49.95,-58.31,-58.31,83.07,83.07,100.2,100.2,42106.01,42930.8,26674.12,27196.62,62877,64109,605.72,594.08,8.55,8.55,75.72,74.26,60100000000,64900000000,35663.79,36362.39,6.69,6.69,11.89,13.81
Dasaah,66.22,66.22,69.11,69.11,69.33,69.33,4.33,4.33,30.54,30.39,45.34,45.34,84.87,317.15,41.67,41.67,132.75,132.75,3190.96,2981.25,5148.99,5619.34,2851.5,2664.1,2512.04,2346.94,1154.18,1268.62,2615.23,4262.55,332.67,310.81,4730.77,5708.78,4548.82,4249.87,135.79,-9.8,3869.89,3615.56,5227.75,4884.18,-6.78,-6.78,4209.36,3932.71,1493.64,1395.48,4597.07,4294.95,6375.14,5956.16,9.49,9.64,1272.99,1189.33,1018.39,951.46,848.66,792.89,848.66,792.89,12.9,12.9,23.09,23.09,15.09,15.09,59.18,59.18,28.48,28.48,9.2,9.2,50,50,1,1,50,50,100,110,57.22,57.22,64.24,64.24,72.15,72.36,9.25,9.25,848.66,792.89,75.44,75.44,54.67,54.67,9.18,8.44,101.2,105.54,1.16,1.16,93.63,93.63,417.1,417.1,0,0,64,64,69.5,69.57,509.2,475.73,552.36,743.43,0.36,0.36,159.17,159.63,11.36,9.96,18.72,18.72,478.78,602.41,2.19,1.81,45.75,45.75,56.79,56.86,-7.07,-7.07,65.19,65.19,99.76,99.76,64082.07,68584.66,29118.55,31164.5,126091,134950,933.53,872.17,9.82,9.82,0,0,27600000000,31300000000,58186.52,62823.55,6.37,6.37,18.37,22
Perilous Winds,57.33,57.33,57.33,57.33,57.33,57.33,3.61,3.61,32.83,32.83,42,42,283.13,283.13,50,50,112.5,112.5,0,0,-4.23,-4.23,-4.47,-4.47,1132.51,1132.51,-7.75,-7.75,-7.33,-7.33,5285.05,5285.05,-5.08,-5.08,1510.02,1510.02,2265.02,2265.02,-5.48,-5.48,4152.54,4152.54,4907.55,4907.55,4152.54,4152.54,1132.51,1132.51,6485.71,6485.71,5285.05,5285.05,9.85,9.85,849.38,849.38,849.38,849.38,1510.02,1510.02,283.13,283.13,119.98,119.98,27.72,27.72,12,12,49.93,49.93,22.97,22.97,20.02,20.02,46.97,46.97,1,1,50,50,100,100,56.98,56.98,61.56,61.56,69.4,69.4,0.56,0.56,1698.77,1698.77,51.78,51.78,50,50,17.92,17.92,84.71,84.71,3.24,3.24,93.2,93.2,610.35,610.35,0,0,64,64,68.11,68.11,755.01,755.01,590.63,590.63,0.34,0.34,125.49,125.49,10.51,10.51,17.16,17.16,513.3,513.3,2.09,2.09,54.44,54.44,52.67,52.67,-53.85,-53.85,43.59,43.59,100.2,100.2,47607.21,47607.21,23922.03,23922.03,86312,86312,755.01,755.01,10.17,10.17,94.38,94.38,21100000000,22400000000,39085.52,39085.52,9.89,9.89,12.01,12.01
Trigall,66.53,66.53,77.11,77.11,11,11,7.45,7.45,34.48,34.23,37.37,37.37,-3.16,167.21,41.2,41.2,132.75,132.75,6139.05,6086.46,5553.48,6358.68,1079.39,1070.15,4452.49,4414.36,5329.5,5484.51,3370.4,5899.86,3912.8,3879.29,809.54,1337.68,1720.28,1705.55,3103.25,-2.83,3777.87,3745.52,5835.47,5785.49,742.08,735.73,5464.43,5417.62,67.46,66.88,9366.47,9286.25,11131.24,11035.9,7.75,7.87,-7.07,-7.07,421.64,418.03,1011.93,1003.26,674.62,668.84,9.01,9.01,13.42,13.42,8.98,8.98,33.17,33.17,15.42,15.42,27.44,27.44,48.6,48.6,1,1,51.48,51.48,103,113,51.68,51.68,24.97,24.97,67.87,68.08,22.08,22.08,1602.22,1588.5,24.23,24.23,66.67,66.67,5.92,5.95,120.79,120.76,23.15,23.15,91.52,91.52,725.45,725.45,-8,-8,64,64,72.95,72.84,337.31,334.42,232.87,287.37,1.51,1.51,244.44,245.01,13.85,13.15,26.56,26.56,431.88,583.15,57.95,5.16,32.92,32.92,57.2,57.27,-72.11,-72.11,82.46,82.46,103,103,71922.67,72544.01,24093.5,24301.64,179538,181089,337.31,334.42,15.47,15.47,-8.94,-8.94,22900000000,25100000000,67679.23,68263.92,14.62,14.62,21.57,25.53
Covelandian Forces,73.47,73.47,79.56,79.56,70,70,20.24,20.24,36.31,35.98,43,43,-3.16,230.43,30.8,30.8,157.5,157.5,-3.74,-3.74,4084.75,4756.07,2884.37,2765.16,2115.21,2027.78,-3.74,-2.9,-6.86,-4.2,-6,-6,3073.78,3802.09,6057.18,5806.83,-3.74,-10.68,1249.89,1198.23,6249.47,5991.17,-5.83,-5.83,3172.81,3041.67,7114.78,6820.72,359.97,345.09,2884.37,2765.16,7.55,7.68,480.73,460.86,600.91,576.07,1081.64,1036.93,240.36,230.43,451.62,451.62,4.94,4.94,14.16,14.16,76.93,76.93,32.4,32.4,2.79,2.79,47.8,47.8,1,1,50.99,50.99,98,108,48.2,48.2,28.57,28.57,66.51,66.73,22.18,22.18,841.28,806.5,58.54,58.54,81.67,81.67,9.07,8.8,104.83,105.96,1.06,1.06,93.67,93.67,196.61,196.61,0,0,66,66,73.63,73.56,480.73,460.86,298.47,385.66,1.18,1.18,126.63,127.04,15.02,14.36,16.02,16.02,490.96,607.24,4.66,3.04,32.82,32.82,57.93,58.01,20,20,50.99,50.99,104.81,104.81,51758.04,53989.11,9613.43,10027.83,194529,202914,480.73,460.86,17.01,17.01,721.09,691.29,15400000000,17300000000,47048.06,49238.07,7.31,7.31,31.24,34.92
Divarial,62.93,62.93,23.67,23.67,73.33,73.33,1.67,1.67,31.63,31.52,43.68,43.68,363.78,574.33,45.8,45.8,123.75,123.75,-4.47,-4.47,2472.21,2756.8,-7.07,-7.07,2269.96,2239.9,1396.9,1550.7,-3.89,-3.46,1338.69,1320.97,2616.27,2871.67,436.53,430.75,291.02,-9.49,0,0,1367.79,1349.68,291.02,287.17,-3.16,-3.16,-5.83,-5.83,-9.83,-9.83,1338.69,1320.97,11.62,11.75,1382.35,1364.04,1018.57,1005.08,1091.33,1076.88,582.04,574.33,32.69,32.69,59.98,59.98,14.16,14.16,42.31,42.31,29.68,29.68,5.31,5.31,51,51,1,1,50.5,50.5,99,109,63.28,63.28,101.55,101.55,70.73,70.86,17.08,17.08,1309.59,1292.25,58.18,58.18,23.67,23.67,39.34,39.44,56.13,55.48,0.79,0.79,93.84,93.84,636.12,636.12,-4,-4,64,64,52.87,52.62,727.55,717.92,683.62,768.5,0.35,0.35,188.68,189.19,9.89,9.89,17.79,17.79,527.57,629.14,1.9,1.77,37.92,37.92,48.29,48.34,-85.73,-85.73,69.64,69.64,104.46,104.46,26493.01,26850.09,20210.25,20482.66,33695,34150,1091.33,1076.88,2.86,2.86,291.02,287.17,43900000000,49200000000,16081.25,16271.16,13.54,13.54,9.37,10.23
Eastern Feo Hil,66.22,66.22,39.56,39.56,57.33,57.33,2.36,2.36,32.62,32.44,42,42,242.83,471.16,41.67,41.67,132.75,132.75,3885.22,3769.25,-4.66,-4,971.31,942.31,1295.07,1256.42,971.31,1130.78,3720.1,6011.95,1618.84,1570.52,0,0,3237.69,3141.04,1942.61,-6.32,3237.69,3141.04,-5.48,-5.48,647.54,628.21,3885.22,3769.25,323.77,314.1,3343.77,3243.96,6475.37,6282.08,9.49,9.64,728.48,706.73,728.48,706.73,971.31,942.31,485.65,471.16,119.98,119.98,42.42,42.42,12,12,44.14,44.14,24.29,24.29,18.27,18.27,50,50,1,1,50,50,100,110,58.02,58.02,67.02,67.02,69.62,69.81,7.78,7.78,971.31,942.31,64.55,64.55,36.67,36.67,17.95,17.5,83.04,83.4,3.5,3.5,93.16,93.16,651.72,651.72,0,0,64,64,64.9,64.63,647.54,628.21,500.46,607.42,0.35,0.35,159.17,159.63,10.05,9.89,17.16,17.16,484.65,604.73,2.36,2.05,47.22,47.22,49.86,49.92,-30,-30,48.99,48.99,100.2,100.2,39486.05,40682.04,25014.38,25772.04,58965,60751,647.54,628.21,8.55,8.55,80.94,78.53,46900000000,51700000000,32378.56,33562.68,6.69,6.69,10.28,11.89
Terre des Dieu,69.6,69.6,69.78,69.78,75.33,75.33,4.51,4.51,30.55,30.44,44.28,44.28,-6.32,-3.16,36.6,36.6,144,144,4568.02,4603.88,-3.79,-3.79,3344.44,3370.7,3262.87,3288.48,293.66,411.06,4591.27,5393.12,-3.22,-3.22,-5.34,-5.34,3997.02,4028.39,1713.01,-7.62,-4.24,-4.24,2528.73,2548.58,4160.16,4192.82,81.57,82.21,-3.55,-3.55,6936.23,6990.67,7912.47,7974.58,7.62,7.62,1835.37,1849.77,815.72,822.12,203.93,205.53,509.82,513.83,7.84,7.84,22.19,22.19,14.16,14.16,65.23,65.23,31.2,31.2,3.19,3.19,50,50,1,1,50,50,106,116,57.75,57.75,64.74,64.74,72.14,72.28,14.25,14.25,1019.65,1027.65,56.65,56.65,55.67,55.67,8.82,8.9,102.51,102.1,0.76,0.76,93.94,93.94,321.9,321.9,-8,-8,64,64,69.77,69.6,101.96,102.77,550.71,627.05,0.69,0.69,99.51,99.88,10.63,10.48,33.18,33.18,550.93,647.8,2.19,2.01,40.75,40.75,57.35,57.4,-25.5,-25.5,68.92,68.92,105.16,105.16,54099.83,53678.94,24044.37,23857.3,108362,107519,1121.61,1130.42,9,9,-4.47,-4.47,15600000000,17200000000,49339.05,48901.51,12.96,12.96,17.55,19.23
Redros,56.33,56.33,19,19,44,44,1.49,1.49,32.16,32.02,39.43,39.43,586.63,742.85,50.75,50.75,112.5,112.5,-4.9,-4.9,-5.93,-5.93,2645.18,2631.82,-7.87,-7.87,1621.24,1740.4,3265.1,3260.06,-1.67,-1.67,-1.73,-1.73,3114.49,3098.76,-2,-10.2,341.31,339.59,-7.75,-7.75,-2,-2,2474.53,2462.03,2389.2,2377.13,-3.67,-3.67,2645.18,2631.82,13.82,13.93,693.29,689.79,906.62,902.04,1119.94,1114.28,799.96,795.91,517.74,517.74,67.28,67.28,10.55,10.55,29.96,29.96,22.78,22.78,20.26,20.26,51.62,51.62,1,1,50.99,50.99,104,114,62.76,62.76,94.06,94.06,70.12,70.28,14.55,14.55,906.62,902.04,93.9,93.9,-81,-81,42.94,43.35,42.11,41.25,6.35,6.35,92.81,92.81,997.4,997.4,0,0,68,68,76.88,76.78,853.29,848.97,729.01,816.56,0.26,0.26,84.08,84.42,9.91,9.92,15.73,15.73,586.56,678.35,1.83,1.71,40.45,40.45,46.42,46.47,93.27,93.27,-50,-50,92.09,92.09,28725,28877.87,23294.4,23418.37,34625,34810,853.29,848.97,2.95,2.95,319.98,318.37,13100000000,14900000000,16401.98,16373.75,6.58,6.58,8.76,9.33
The Anarchist Revolution,4.33,4.33,70.89,70.89,1,1,6.36,6.36,31.96,31.82,37.37,37.37,568.47,875.03,95.67,95.67,11.25,11.25,3729.19,3587.61,-8.52,-7.9,545.74,525.02,1000.52,962.53,327.44,437.51,16743.63,19454.89,1300.67,1251.29,-8.2,-7.65,-9.33,-9.33,-4.24,-10.86,-6.16,-6.16,-4.24,-4.24,2364.85,2275.07,1000.52,962.53,-7.62,-7.62,-7.91,-7.91,5575.6,5363.91,11,11.14,113.69,109.38,1250.64,1203.16,3069.76,2953.21,1250.64,1203.16,7.98,7.98,15.72,15.72,6.84,6.84,21.44,21.44,0.93,0.93,39.24,39.24,46.97,46.97,1,1,50,50,100,110,58.58,58.58,60.95,60.95,70.34,70.51,36.62,36.62,2842.37,2734.46,75.43,75.43,63.33,63.33,26.87,25.72,75.47,76.06,30.34,30.34,91.09,91.09,3059.3,3059.3,-8,-8,64,64,70.51,70.4,1136.95,1093.78,300.08,356.26,0.24,0.24,12.32,12.44,9.84,9.77,32.27,32.27,529.64,630.72,4.6,3.37,18.38,18.38,56.75,56.81,-31.62,-31.62,40,40,105.16,105.16,49046.63,50982.09,17975.63,18684.98,114328,118840,1136.95,1093.78,7.53,7.53,-4.47,-4.47,1200000000,1500000000,35853.09,37879.69,17.09,17.09,22.98,26.7
Thessaloniki Themata,61.33,61.33,48.44,48.44,57.33,57.33,2.91,2.91,32.64,32.49,42,42,278.99,557.81,47,47,119.25,119.25,-8.37,-8.37,3664.11,4462.48,4091.9,4090.61,-6.32,-6.32,-6.32,-5.83,2436.54,4164.98,2603.93,2603.11,3236.32,4183.58,1859.95,1859.37,4463.89,743.75,4091.9,4090.61,-6.32,-6.32,3347.92,3346.86,-6.32,-6.32,-7.07,-7.07,1190.37,1189.99,6695.83,6693.72,9.33,9.49,836.98,836.72,836.98,836.72,1115.97,1115.62,278.99,278.91,119.98,119.98,34.4,34.4,12,12,46.46,46.46,22.36,22.36,20.76,20.76,50,50,1,1,50,50,100,110,57.4,57.4,62.55,62.55,69.59,69.76,3.78,3.78,1115.97,1115.62,71.06,71.06,43.33,43.33,18.27,19.08,84.02,82.89,3.24,3.24,93.2,93.2,640.56,640.56,0,0,64,64,66.86,66.55,743.98,743.75,491.6,563.74,0.34,0.34,137.81,138.24,10.25,9.99,17.16,17.16,486.53,605.48,2.4,2.16,51.22,51.22,51.41,51.46,84.26,84.26,-40,-40,100.2,100.2,41681.56,41705.6,23571.16,23584.76,68513,68553,743.98,743.75,9.56,9.56,93,92.97,5300000000,6200000000,34053.83,33739.83,6.95,6.95,14.43,16.94
Opal Princess,51.67,51.67,67.56,67.56,20,20,5.53,5.53,34.68,34.38,37.37,37.37,104.16,403.94,54.25,54.25,103.5,103.5,4082.93,3958.66,2848.05,3296.19,-7.21,-7.21,2416.43,2342.88,-7.21,-6.78,3711.3,5687.54,4666.21,4524.18,1196.55,1413.81,4082.93,3958.66,-7.21,-12.33,1999.8,1938.94,5749.43,5574.44,5749.43,5574.44,3666.3,3554.72,-1.41,-1.41,533.28,517.05,8749.14,8482.84,8,8.19,-5.48,-5.48,729.09,706.9,1770.66,1716.77,104.16,100.99,109.99,109.99,18.07,18.07,6.84,6.84,37.75,37.75,13.75,13.75,28.65,28.65,46.97,46.97,1,1,50,50,100,110,52.28,52.28,30.96,30.96,67.7,67.95,15.42,15.42,1458.19,1413.81,40.66,40.66,60.33,60.33,9.58,9.49,99.65,100.08,16.31,16.31,91.97,91.97,820.5,820.5,0,0,64,64,71.21,71.09,624.94,605.92,268.39,333.94,0.39,0.39,54.05,54.32,12.13,11.53,17.21,17.21,502.97,612.39,13.7,3.72,39.58,39.58,54.32,54.4,-76.16,-76.16,56.57,56.57,96.68,96.68,51451.58,53066.24,20392.92,21032.89,112856,116398,624.94,605.92,15.07,15.07,-7.75,-7.75,3800000000,4400000000,46512.23,48024.95,9.58,9.58,18.92,21.64
Polly Plummer,62.93,62.93,25.5,25.5,66.67,66.67,1.75,1.75,31.34,31.23,42,42,322.51,495.25,45.8,45.8,123.75,123.75,2322.1,2377.18,1238.45,1267.83,2107.09,2157.07,2494.1,2553.27,344.01,484.24,3249.43,3451.31,-1.41,-1.41,2633.86,2696.34,-7.94,-7.94,2967.12,836.42,-3.46,-3.46,1698.57,1738.86,1462.06,1496.74,2537.11,2597.29,1806.08,1848.92,872.85,893.56,4429.19,4534.25,12.77,12.88,1075.04,1100.55,806.28,825.41,860.04,880.44,483.77,495.25,644.28,644.28,57.2,57.2,14.16,14.16,40.75,40.75,30.28,30.28,3.97,3.97,51,51,1,1,51.48,51.48,109,119,63.33,63.33,98.5,98.5,71.09,71.23,13.16,13.16,967.54,990.49,74.99,74.99,25.5,25.5,27.55,29.49,63.23,60.47,1.65,1.65,93.49,93.49,705.78,705.78,-4,-4,64,64,53.77,53.33,591.27,605.3,770.25,860.1,0.34,0.34,188.68,189.19,9.64,9.64,15.15,15.15,581.47,673.88,1.77,1.67,41.84,41.84,48.93,48.98,-43.59,-43.59,82.46,82.46,104.81,104.81,38201.21,37328.25,28413.34,27764.05,49673,48538,860.04,880.44,2.86,2.86,376.27,385.19,82900000000,86100000000,27695.88,26316.42,13.54,13.54,12.06,13.05
Vetrahjart,46.33,46.33,39.78,39.78,60,60,1.71,1.71,30.13,30.04,43.68,43.68,865.33,1124.23,58.25,58.25,94.5,94.5,-8.12,-8.12,4304.65,4394.13,3587.21,3661.77,3272.54,3340.57,4468.27,4753.88,-5.87,-5.87,6293.34,6424.17,-3.46,-3.46,31.47,32.12,2013.87,-6,-4,-4,-5.81,-5.81,1384.54,1413.32,-12.49,-12.49,-2.45,-2.45,2172.35,2217.51,9880.55,10085.94,11.36,11.49,629.33,642.42,1022.67,1043.93,1101.34,1124.23,629.33,642.42,624.65,624.65,58.4,58.4,15.09,15.09,40.88,40.88,22.5,22.5,20.59,20.59,51,51,2.52,2.52,51.48,51.48,135,145,62.68,62.68,94.36,94.36,72.73,72.86,9.03,9.03,2124,2168.16,45.67,45.67,34.83,34.83,27.67,29.47,66.99,64.83,2.55,2.55,93.31,93.31,797.08,797.08,-8,-8,64,64,59.89,57.73,550.67,562.11,902.32,997.26,0.32,0.32,175.45,175.94,10.78,10.83,15.24,15.24,763.23,842.35,1.63,1.54,45.97,45.97,51.29,51.34,-10,-10,76.16,76.16,106.18,106.18,40591.32,39813.01,30527.63,29942.29,52273,51270,944,963.62,2.96,2.96,-11.4,-11.4,966700000000,1016400000000,29347.52,28068.17,14.66,14.66,13.35,14.37
-ECW Paul Heyman-,75.81,75.81,66.67,66.67,37.33,37.33,1.56,1.56,23.86,23.84,41.43,41.43,3582.86,3886.69,27.29,27.29,164.25,164.25,1938.96,1932.84,-5.93,-5.93,-5.55,-5.55,-4.52,-4.52,-6.24,-5.86,-8.58,-8.58,1180.23,1176.51,-10.02,-10.02,-8.37,-8.37,-2,-10.2,-8.6,-8.6,-6.63,-6.63,674.42,672.29,-12.88,-12.88,2564.48,2556.39,-9.93,-9.93,3119.19,3109.35,20.32,20.4,6954.96,6933.02,5163.53,5147.24,5268.91,5252.29,2212.94,2205.96,196.95,196.95,64.21,64.21,11.33,11.33,32.99,32.99,49.41,49.41,1.4,1.4,50,50,3.93,3.93,50,50,129,139,74.25,74.25,109.31,109.31,87.52,87.58,16.68,16.68,7271.09,7248.16,29.38,29.38,39,39,79.89,80.02,-48.52,-49.52,8.37,8.37,92.61,92.61,637.38,637.38,-1,-1,77,77,47.41,47.25,1159.16,1155.5,1140.47,1148.94,0.4,0.4,253.65,254.23,9.78,9.78,16.83,16.83,1082.33,1152.09,1.06,1.04,38.32,38.32,65.78,65.8,-80.75,-80.75,70.57,70.57,103.74,103.74,49879.26,50037.08,39456.73,39581.57,61453,61648,5058.15,5042.2,2.13,2.13,1369.92,1365.6,709600000000,712300000000,10025.73,10007.42,17.62,17.62,35.94,38.12
Beth Phoenixxx,68.33,68.33,26.17,26.17,68.67,68.67,1.22,1.22,26.55,26.51,45.83,45.83,1652.83,1831.62,38.5,38.5,139.5,139.5,-8.6,-8.6,470.14,468.89,3575,3565.55,548.49,547.04,-8.22,-7.73,-4.2,-4.2,617.05,615.42,-6.93,-6.93,-9.06,-9.06,-2,-10.2,-12.81,-12.81,1811.99,1807.2,2350.68,2344.47,-12,-12,1336.95,1333.42,763.97,761.95,4192.05,4180.98,18.87,18.95,2632.28,2625.32,2754.71,2747.43,1775.26,1770.57,1285.53,1282.13,977.25,977.25,81.83,81.83,17.01,17.01,31.07,31.07,33.76,33.76,2.49,2.49,51.62,51.62,3.93,3.93,51.96,51.96,151,161,72.04,72.04,108.27,108.27,79.52,79.62,18.33,18.33,1652.83,1648.46,105.77,105.77,-79.83,-79.83,71.49,71.65,-21.5,-22.5,0.86,0.86,93.77,93.77,662.98,662.98,0,0,69,69,77.04,76.95,1101.88,1098.97,1109.11,1118.5,0.24,0.24,167.37,167.84,9.44,9.45,13.6,13.6,935.09,1008.24,1.16,1.13,36.67,36.67,53.02,53.05,65.42,65.42,54.95,54.95,100.2,100.2,34608.93,34700.64,31136.56,31219.07,38050,38151,2081.34,2075.84,2.21,2.21,1040.67,1037.92,74200000000,74600000000,9863.55,9854.98,7.51,7.51,14.55,15.64
Korallia,69.5,69.5,91.57,91.57,30.1,30.1,1.94,1.94,25.19,25.16,34.68,34.68,1654.22,2030.15,36.75,36.75,206,206,1323.38,1319.6,-4.38,-4.38,3053.95,3045.22,12541.55,12505.72,-3.3,-3.3,-8.81,-8.81,3043.77,3035.07,-13.25,-13.25,-6.63,-6.63,-3.74,-10.68,1323.38,1319.6,926.36,923.72,1832.37,1827.13,-12.08,-12.08,1364.1,1360.2,2061.25,2055.36,7421.1,7399.9,15.94,16.03,2290.46,2283.92,4962.67,4948.49,1781.47,1776.38,3435.69,3425.88,9.32,9.32,51.47,51.47,9.76,9.76,41.11,41.11,48.39,48.39,1.44,1.44,52.16,52.16,3.3,3.3,53.84,53.84,108,118,60,60,62.51,62.51,83.17,83.25,14.64,14.64,2035.97,2030.15,50.11,50.11,58.71,58.71,57.11,57.64,35.61,34.61,46.32,46.32,90.12,90.12,597.92,597.92,10,10,66,66,62.93,62.15,763.49,761.31,709.05,795.45,0.47,0.47,314.32,314.97,6.76,6.76,25.11,25.11,744.64,824.63,1.86,1.74,40.36,40.36,72.13,72.16,-122.35,-122.35,134.05,134.05,112.08,112.08,60450.72,60658.67,42491.66,42637.83,82558,82842,7253.13,7232.41,4.09,4.09,1017.98,1015.07,59503800000000,60286300000000,25933.36,25719.28,4.8,4.8,11.84,12.81
Novatiankodania,37,37,11.67,11.67,72,72,1.27,1.27,31.16,31.03,47.2,47.2,400.03,526.07,65.25,65.25,78.75,78.75,1504.12,1521.57,-4.64,-4.56,83.21,84.17,-8.12,-8.12,134.41,194.24,102.41,103.6,492.84,498.56,-2.12,-2.12,432.04,437.05,1984.16,388.49,1184.1,1197.83,2272.19,2298.54,64.01,64.75,1024.08,1035.96,-7.55,-7.55,-7.59,-7.59,2080.17,2104.29,16.12,16.22,1520.13,1537.75,960.08,971.21,880.07,890.28,520.04,526.07,963.92,963.92,78.86,78.86,18.02,18.02,30.08,30.08,25.52,25.52,16.43,16.43,50,50,1,1,51.96,51.96,101,111,70.82,70.82,105.62,105.62,71.32,71.49,24.14,24.14,880.07,890.28,102.59,102.59,-88.33,-88.33,57.36,59.01,16.24,14.42,0.82,0.82,93.8,93.8,944.37,944.37,-8,-8,67,67,76.11,76.01,600.05,607.01,1039.26,1059.96,0.24,0.24,46.06,46.3,9.64,9.59,13.66,13.66,525.33,627.44,1.42,1.34,30.86,30.86,46.23,46.28,48.06,48.06,-45.28,-45.28,109.7,109.7,23548.19,23278.36,20775.52,20537.46,26344,26042,1000.08,1011.68,2.26,2.26,480.04,485.61,1000000000,1100000000,10031.53,9544.13,14.77,14.77,8.73,9.31
Danny G from Smethwick,75.17,75.17,69.78,69.78,15,15,4.51,4.51,30.7,30.59,45.83,45.83,-6.32,-3.16,28.25,28.25,162,162,3077.83,2985.39,1707.44,2271.81,3603.31,3495.09,7206.62,6990.18,5179.76,5242.63,3470.81,6151.72,5254.82,5097.01,3715.16,5097.01,37.53,36.41,1576.45,-7.62,1201.1,1165.03,-3.22,-3.22,450.41,436.89,3828.51,3713.53,-2.37,-2.37,5068.22,4916.01,11935.96,11577.48,8.37,8.37,2064.4,2002.4,750.69,728.14,375.34,364.07,469.18,455.09,8.94,8.94,22.19,22.19,16.66,16.66,30.36,30.36,21.74,21.74,21.49,21.49,49.36,49.36,1,1,51.48,51.48,101,111,56.86,56.86,42.83,42.83,71.93,72.08,21.37,21.37,938.36,910.18,44.47,44.47,55.67,55.67,8.85,8.48,102.7,104.67,19.57,19.57,91.75,91.75,673.62,673.62,-8,-8,66,66,69.52,69.47,93.84,91.02,359.81,446.96,1.52,1.52,240.36,240.93,12.64,11.67,26.89,26.89,439.65,586.45,3.32,2.6,33.63,33.63,56.93,56.98,-73.14,-73.14,100.75,100.75,105.16,105.16,58777.78,60596.07,26123.46,26931.58,117732,121374,1032.2,1001.2,10.34,10.34,563.02,546.11,8500000000,9700000000,53546.56,55445.4,13.12,13.12,19.58,23.62
Ionysia,69.44,69.44,90.62,90.62,30.67,30.67,1.52,1.52,20.66,20.66,39.43,39.43,9335.22,9724.05,36.83,36.83,144,144,-13.93,-13.93,-9.96,-9.96,-13.04,-13.04,-9.61,-9.61,-11.17,-10.82,-11.03,-11.03,-14.35,-14.35,-21.11,-21.11,-11.87,-11.87,-6.63,-12,-15.62,-15.62,-12,-12,-12.41,-12.41,-18.19,-18.19,3495.11,3480.07,-12.3,-12.3,0,0,17.94,18.03,3446.85,3432.02,15510.82,15444.08,3734.09,3718.02,2872.37,2860.02,74.94,74.94,65.84,65.84,8.98,8.98,27.26,27.26,52.95,52.95,1.31,1.31,52.64,52.64,8.38,8.38,50,50,300,310,70.02,70.02,101.1,101.1,91.26,91.26,15.14,15.14,1867.04,1859.01,90.78,90.78,39.86,39.86,77.45,77.58,-15.14,-16.14,8.82,8.82,92.57,92.57,756.32,756.32,0,0,76,76,51.57,51.33,-7.75,-7.75,1226.05,1233,0.25,0.25,69.7,70.01,8.88,8.88,17.42,17.42,1961.78,2021.47,0.86,0.85,39.86,39.86,75.22,75.22,-107.14,-107.14,54.59,54.59,94.38,94.38,49740.34,49955.31,39877.12,40049.46,60565,60827,9191.6,9152.05,2.3,2.3,287.24,286,1586700000000,1594300000000,11191.58,11189.99,3.02,3.02,75.81,78.96
Siovanna,54.33,54.33,26.5,26.5,41.33,41.33,1.71,1.71,32.65,32.49,40.78,40.78,330,525.46,52.25,52.25,108,108,792,788.19,312.84,315.28,2376.01,2364.58,-4.69,-4.69,2376.01,2522.22,-4.94,-3.46,3273.61,3257.87,-2.74,-2.74,792,788.19,2376.01,-3.16,792,788.19,-3.16,-3.16,2112.01,2101.85,-8.94,-8.94,2798.41,2784.95,1632.83,1624.98,6441.63,6410.64,10.95,11.09,396,394.1,726,722.51,1254.01,1247.97,726,722.51,13.18,13.18,58.64,58.64,10.55,10.55,31.95,31.95,23.27,23.27,19.64,19.64,46.97,46.97,1,1,50,50,98,108,59.97,59.97,80.55,80.55,69.58,69.75,13.82,13.82,1320.01,1313.66,68.22,68.22,24.5,24.5,26.2,26.73,69.09,68.19,7.12,7.12,92.73,92.73,976.7,976.7,0,0,64,64,55.32,54.92,660,656.83,598.32,751.51,0.29,0.29,81.49,81.82,9.9,9.8,18.61,18.61,511.94,617.87,2.07,1.8,41.18,41.18,48.19,48.25,70,70,-20,-20,101.04,101.04,33224.52,33402.31,25042.36,25176.37,42704,42932,660,656.83,4.13,4.13,132,131.37,818600000000,841300000000,24519.7,24483.89,10.17,10.17,7.67,8.09
TesGay,78.17,78.17,27,27,74,74,1.26,1.26,28.07,28.02,45.83,45.83,1549.48,1798.44,23.75,23.75,173.25,173.25,757.52,753.63,-8.39,-8.39,1432.41,1425.05,-5.66,-5.66,-4.67,-4.67,-7.69,-7.69,1721.64,1712.8,-11.87,-11.87,1377.31,1370.24,-7.62,-12.57,-11.75,-11.75,48.21,47.96,1446.18,1438.75,-12.57,-12.57,2864.81,2850.1,-4.83,-4.83,3911.57,3891.49,13.27,13.38,1979.89,1969.72,2152.05,2141,602.57,599.48,860.82,856.4,1190.86,1190.86,79.42,79.42,18.02,18.02,34.78,34.78,37.39,37.39,2.02,2.02,51.62,51.62,3.3,3.3,53.38,53.38,156,166,66.16,66.16,100.48,100.48,76.23,76.33,25.54,25.54,1119.07,1113.32,74.03,74.03,-79,-79,62.74,63.34,33.97,32.97,0.74,0.74,94,94,478.04,478.04,0,0,71,71,77.04,76.94,602.57,599.48,1072.09,1083.15,0.33,0.33,258.92,259.51,9.78,9.78,12.64,12.64,955,1027.62,1.29,1.25,29.46,29.46,51.66,51.69,45.06,45.06,7.07,7.07,91.29,91.29,24798.51,24928.12,21960.87,22075.65,27650,27795,2152.05,2141,2.55,2.55,258.25,256.92,486700000000,494100000000,9249.85,9148.62,3.91,3.91,12.68,13.73
Of crazed,31.6,31.6,90.43,90.43,21.5,21.5,1.54,1.54,24.08,24.05,21.44,21.44,1142.95,1392.65,69.3,69.3,69.75,69.75,5059.45,5137.34,3145.39,3193.82,2377.33,2413.93,3242.92,3292.85,1484.92,1507.78,-6.75,-6.75,13288.68,13493.25,3657.43,3713.74,350.5,355.9,4449.88,1423.6,7497.74,7613.16,5784.84,5873.9,2621.16,2661.51,-8.6,-8.6,4449.88,4518.38,1645.85,1671.18,20725.46,21044.52,19.16,19.24,-15.49,-15.49,4267.01,4332.7,6171.92,6266.93,2743.08,2785.3,2.84,2.84,64.75,64.75,0.75,0.75,30.26,30.26,25.56,25.56,16.36,16.36,51.62,51.62,5.66,5.66,42.18,42.18,126,136,74.26,74.26,115.78,115.78,86.74,86.83,19.41,19.41,5943.33,6034.83,5.55,5.55,41.29,41.29,46.23,48.01,21.01,18.01,14.01,14.01,92.14,92.14,1548.44,1548.44,-9,-9,55,55,68,67.62,990.56,1005.8,1026.04,1041.84,10.75,10.75,6.44,6.53,9.63,9.63,94.96,94.96,745.28,825.25,1.47,1.41,35.59,35.59,69.77,69.8,-71.75,-71.75,99.38,99.38,101.45,101.45,93696.14,92275.89,74450.81,73322.28,114984,113241,1371.54,1392.65,2.13,2.13,1295.34,1315.28,2248100000000,2224800000000,50408.53,47983.46,22.8,22.8,10.44,11.27
Terquoise,51.67,51.67,38.44,38.44,78.67,78.67,1.69,1.69,30.89,30.77,37.37,37.37,1487.42,1759.95,54.25,54.25,103.5,103.5,1413.04,1407.96,3034.33,3023.41,4016.02,4001.57,2677.35,2667.71,-3.63,-3.63,-7.54,-7.54,2305.49,2297.2,371.85,370.52,297.48,296.41,-7.87,-12.73,-12.73,-12.73,3272.31,3260.54,-3.46,-3.46,-9.8,-9.8,-8.89,-8.89,1371.63,1366.7,7734.56,7706.73,11.14,11.27,278.89,277.89,1208.52,1204.18,1301.49,1296.81,1208.52,1204.18,8.01,8.01,59.13,59.13,6.84,6.84,55.54,55.54,28.33,28.33,9.72,9.72,51,51,1,1,50,50,129,139,60.05,60.05,91.67,91.67,71.67,71.82,16.35,16.35,1301.49,1296.81,77.23,77.23,33.83,33.83,34.41,35.1,63.52,62.52,0.73,0.73,94.07,94.07,557.95,557.95,0,0,64,64,56.61,56.07,1115.56,1111.55,797.12,888.39,0.28,0.28,55.86,56.13,9.95,9.95,32.07,32.07,794.79,872.56,1.74,1.64,38.65,38.65,50.89,50.94,33.17,33.17,65.57,65.57,99.76,99.76,34540.99,34694.61,26149.19,26265.49,44226,44422,1115.56,1111.55,4,4,0,0,1582700000000,1628100000000,22658.89,22516.8,6.94,6.94,12.31,13.32
Europeiandusre,44.33,44.33,51.67,51.67,20,20,3.13,3.13,31.87,31.87,37.37,37.37,889.12,889.12,59.75,59.75,92.25,92.25,2845.17,2845.17,-6.93,-6.93,2845.17,2845.17,995.81,995.81,4481.15,4481.15,-5.29,-5.29,0,0,-6.12,-6.12,2133.88,2133.88,1066.94,1066.94,-12.65,-12.65,711.29,711.29,2845.17,2845.17,4267.76,4267.76,-8,-8,2389.95,2389.95,5690.35,5690.35,11,11,266.74,266.74,1155.85,1155.85,2044.97,2044.97,622.38,622.38,8.01,8.01,31.99,31.99,6.84,6.84,33.02,33.02,15,15,27.76,27.76,50,50,1,1,50,50,116,116,58.05,58.05,62.43,62.43,70.45,70.45,15.25,15.25,1244.76,1244.76,80.2,80.2,45.75,45.75,23.83,23.83,75.13,75.13,16.31,16.31,91.97,91.97,1064.15,1064.15,0,0,64,64,66.87,66.87,1066.94,1066.94,727.06,727.06,0.28,0.28,50.85,50.85,10.78,10.78,32.07,32.07,688.95,688.95,1.83,1.83,39.75,39.75,52.87,52.87,42.43,42.43,46.9,46.9,99.76,99.76,46152.28,46152.28,25085.26,25085.26,78415,78415,1066.94,1066.94,8.5,8.5,0,0,2507000000000,2508800000000,35168.04,35168.04,7.73,7.73,10.67,10.67
The Islamic Country of Honour EIA,62.13,62.13,18.75,18.75,74,74,1.35,1.35,30.39,30.29,45.83,45.83,329.41,448.74,46.4,46.4,121.5,121.5,263.53,261.09,513.88,509.12,3129.38,3100.39,158.12,156.65,2272.92,2349.77,3684.6,4856.19,724.7,717.98,123.53,122.38,625.88,620.08,757.64,-7.35,1745.87,1729.69,2701.15,2676.12,2404.68,2382.4,922.34,913.8,1284.69,1272.79,1245.17,1233.63,4117.61,4079.46,15.23,15.33,1482.34,1468.6,823.52,815.89,658.82,652.71,617.64,611.92,955,955,73.83,73.83,17.01,17.01,34.79,34.79,30.1,30.1,4.33,4.33,51.62,51.62,1,1,51.96,51.96,103,113,68.98,68.98,103.49,103.49,72.35,72.5,20.24,20.24,823.52,815.89,95.27,95.27,-85.25,-85.25,36.75,36.76,42.41,42.08,0.77,0.77,93.87,93.87,708.84,708.84,-8,-8,71,71,76.47,76.38,535.29,530.33,1042.23,1055.71,0.29,0.29,78.91,79.24,9.63,9.56,13.7,13.7,560.87,656.13,1.41,1.35,34.76,34.76,47.72,47.77,89.83,89.83,37.82,37.82,103.74,103.74,36274.67,36613.94,30905.66,31194.71,41859,42250,947.05,938.28,2.36,2.36,411.76,407.95,707000000000,714100000000,22925.59,23140.01,13.38,13.38,11.86,13.68
Gem,81,81,20.17,20.17,82,82,1.35,1.35,30.64,30.54,46.76,46.76,868.28,1036.69,19.5,19.5,182.25,182.25,1991.26,1981.22,-1.79,-1.79,-4.47,-4.47,1065.09,1059.72,3519.43,3639.92,-9.03,-9.03,-10,-10,2489.07,2476.53,1065.09,1059.72,-6.63,-12,-12.41,-12.41,2384.88,2372.86,-9.17,-9.17,-11.14,-11.14,2361.72,2349.82,-8.27,-8.27,1991.26,1981.22,13.3,13.42,1852.33,1843,1041.94,1036.69,520.97,518.34,520.97,518.34,34.9,34.9,74.31,74.31,16.66,16.66,41.87,41.87,38.11,38.11,1.96,1.96,48.6,48.6,1,1,50.5,50.5,129,139,63.89,63.89,102.44,102.44,72,72.14,31.31,31.31,752.51,748.72,88.35,88.35,-79.83,-79.83,41.32,41.76,45.3,44.42,0.71,0.71,94.13,94.13,373.46,373.46,0,0,66,66,76.45,76.35,636.74,633.53,999.82,1025.41,0.36,0.36,286.85,287.47,9.94,9.94,17.77,17.77,788.26,866.3,1.54,1.47,23.69,23.69,48.19,48.24,-65.95,-65.95,57.88,57.88,108.45,108.45,29586.38,29748.29,25293.17,25431.58,34038,34225,1215.59,1209.47,2.78,2.78,926.17,921.5,573600000000,588800000000,17367.21,17313.5,7.1,7.1,10.79,11.59
CreepieMezzo,42.33,42.33,47.11,47.11,69.33,69.33,2.81,2.81,31.37,31.24,43,43,463.41,736.59,61.25,61.25,87.75,87.75,-9.8,-9.8,1472.9,1502.65,1482.91,1473.19,311.41,309.37,1631.2,1841.48,-1.55,-1.55,2669.24,2651.74,2039,2025.63,-6.78,-6.78,-8.12,-12.88,3484.84,3461.99,3039.96,3020.03,-2.45,-2.45,2372.66,2357.1,2483.87,2467.59,2682.84,2665.25,4152.15,4124.92,12.29,12.41,1019.5,1012.82,926.82,920.74,1575.59,1565.26,278.05,276.22,941.61,941.61,35.53,35.53,15.09,15.09,51.48,51.48,24.18,24.18,18.42,18.42,50,50,1,1,51.96,51.96,103,113,61.61,61.61,94.9,94.9,71.06,71.21,11.22,11.22,2224.36,2209.78,71.96,71.96,42.33,42.33,36.61,37.05,58.81,57.95,1.06,1.06,93.67,93.67,659.45,659.45,0,0,67,67,64.1,63.6,926.82,920.74,668.07,774.89,0.25,0.25,65.92,66.22,11.04,10.85,13.77,13.77,531.22,631.94,1.93,1.76,43.78,43.78,51.98,52.03,32.09,32.09,31.14,31.14,101.45,101.45,40779.89,41049.12,23467.04,23621.96,66058,66494,1390.23,1381.11,3.21,3.21,-8.94,-8.94,3500000000,4100000000,25854.45,25860.94,9.05,9.05,14.05,15.14
Vesetros,23,23,76.22,76.22,66.67,66.67,9.76,9.76,33.16,32.92,40.78,40.78,90.25,350.99,77,77,51.75,51.75,-4.69,-4.69,1635.66,2021.68,2815.75,2737.69,1660.57,1614.53,173.28,350.99,5773.36,8298.35,3321.14,3229.07,-1.58,-1.22,5270.5,5124.39,1371.77,-7.87,5342.7,5194.58,4620.71,4492.61,4259.72,4141.63,6425.68,6247.54,5198.3,5054.19,6103.08,5933.89,6136.88,5966.75,8.66,8.83,180.5,175.49,631.74,614.22,1263.48,1228.45,631.74,614.22,12.9,12.9,10.25,10.25,10.55,10.55,67.01,67.01,23.93,23.93,18.76,18.76,52.16,52.16,1,1,50,50,98,108,56.23,56.23,58.54,58.54,69.07,69.3,19.71,19.71,1263.48,1228.45,65.75,65.75,71.33,71.33,7.71,7.56,110.81,111.81,1.51,1.51,93.52,93.52,583.53,583.53,-4,-4,64,64,72.92,72.84,541.49,526.48,361.49,451.45,0.31,0.31,27.89,28.08,13.08,12.07,18.72,18.72,475.29,601.02,3.3,2.58,35.29,35.29,58.47,58.54,30,30,54.77,54.77,102.62,102.62,67039.42,68950.87,19233.53,19781.92,187654,193005,902.48,877.46,11.19,11.19,-4.47,-4.47,1300000000,1500000000,61877.38,63710.6,13.3,13.3,23.58,27.18
Grand Beringia,72.33,72.33,96.59,96.59,68.57,68.57,1.55,1.55,20.8,20.8,29.05,29.05,14010.63,14357.96,32.5,32.5,1217,1217,-20.35,-20.35,-12.77,-12.77,-14,-14,-8.63,-8.63,-14.24,-13.96,-12.71,-12.71,-12,-12,-22.32,-22.32,-13.19,-13.19,-12,-15.62,-18.81,-18.81,-12.69,-12.69,-14.28,-14.28,-22.2,-22.2,-3.43,-3.43,-16.76,-16.76,0,0,20.9,20.98,1321.76,1317.24,15993.26,15938.65,2907.87,2897.94,5683.56,5664.15,74.94,74.94,64.42,64.42,1.06,1.06,42.75,42.75,58.45,58.45,1.19,1.19,53.9,53.9,7.21,7.21,44.79,44.79,393,403,66.97,66.97,108.56,108.56,91.18,91.18,13.27,13.27,4097.45,4083.46,45.14,45.14,41.71,41.71,59.89,59.71,-13.84,-13.92,0.8,0.8,93.82,93.82,450.92,450.92,1,1,83,83,53.08,52.86,660.88,658.62,1283.3,1289.62,0.32,0.32,340.4,341.08,9.12,9.12,17.42,17.42,2606.18,2662.21,0.77,0.76,41.73,41.73,83.07,83.07,-119.71,-119.71,67.31,67.31,88,88,57760.8,57958.72,45773.48,45930.33,71052,71295,10177.53,10142.78,2.48,2.48,1189.58,1185.52,6003000000000,6024500000000,23162.08,23357.36,0.56,0.56,111.8,112.72
Chikachan,76.89,76.89,59.11,59.11,79.33,79.33,3.84,3.84,30.7,30.59,43.68,43.68,183.4,465.59,25.67,25.67,168.75,168.75,3887.99,3948.19,1144.39,1162.11,3887.99,3948.19,1833.96,1862.35,5648.58,5959.53,-1.26,-1.26,3374.48,3426.73,2109.05,2141.71,4768.28,4842.12,2054.03,-6.63,220.07,223.48,1210.41,1229.15,4621.57,4693.13,3154.4,3203.25,2530.86,2570.05,-3.35,-3.35,11150.45,11323.12,8.12,8.31,1192.07,1210.53,1283.77,1303.65,366.79,372.47,91.7,93.12,8.39,8.39,26.07,26.07,14.16,14.16,63.66,63.66,34.74,34.74,2.33,2.33,52.64,52.64,2.52,2.52,50.5,50.5,112,122,55.8,55.8,57.05,57.05,71.93,72.08,18.45,18.45,733.58,744.94,51.73,51.73,51.33,51.33,9.28,9.71,99.92,97.92,0.7,0.7,94.17,94.17,251.74,251.74,0,0,64,64,69.11,68.83,366.79,372.47,429.61,497.03,0.71,0.71,266.42,267.02,13.15,13.2,29.79,29.79,588.11,679.71,2.71,2.37,36.55,36.55,54.45,54.5,46.37,46.37,56.12,56.12,98.83,98.83,51589.17,50805.03,25067.38,24686.36,96137,94676,1008.68,1024.29,11.72,11.72,-4.47,-4.47,1028500000000,1023900000000,46791.38,45876.94,1.75,1.75,13.28,14.3
GMS Greater Miami Shores 1,38.33,38.33,66,66,64,64,2.2,2.2,29.21,29.16,38.06,38.06,796.07,1134.49,64.25,64.25,81,81,-7.07,-7.07,2388.22,2475.24,2229.01,2310.22,5492.91,5693.05,1353.33,1485.14,-7.75,-7.75,1034.9,1072.6,4975.46,5156.75,2786.26,2887.78,5970.56,2062.7,-7.07,-7.07,-5.1,-5.1,3184.3,3300.32,796.07,825.08,1791.17,1856.43,3889.08,4030.78,3263.9,3382.83,10.44,10.58,-6.32,-6.32,1194.11,1237.62,1293.62,1340.76,1094.6,1134.49,923.69,923.69,45.35,45.35,10.55,10.55,51.69,51.69,24.23,24.23,18.35,18.35,50,50,2.52,2.52,51.96,51.96,125,135,62.63,62.63,94.65,94.65,74.18,74.25,7.66,7.66,1293.62,1340.76,73.42,73.42,48,48,21.18,23.6,77.93,74.97,1.97,1.97,93.42,93.42,705.34,705.34,-8,-8,67,67,68,67.61,597.06,618.81,956.21,1016.36,0.28,0.28,47.26,47.51,11.95,11.97,13.85,13.85,709.33,791.17,1.58,1.5,47.34,47.34,56.62,56.64,-69.28,-69.28,87.18,87.18,103.37,103.37,52310.28,50482.8,34353.02,33152.88,75748,73102,995.09,1031.35,2.97,2.97,-5.48,-5.48,300100000000,302600000000,41220.5,38568.86,13.98,13.98,22.22,23.87
Rise of the Destroyed,61.33,61.33,48.44,48.44,57.33,57.33,2.91,2.91,32.6,32.46,42,42,327.11,633.83,47,47,119.25,119.25,1744.61,1690.23,4915.43,5577.74,2616.91,2535.34,1308.46,1267.67,-5.48,-4.9,0,0,-4.47,-4.47,-2.74,-2.74,-3.16,-3.16,-7.75,-12.65,3053.06,2957.89,436.15,422.56,1308.46,1267.67,-3.16,-3.16,-3.16,-3.16,4187.06,4056.54,4361.52,4225.56,9.33,9.49,981.34,950.75,981.34,950.75,1308.46,1267.67,327.11,316.92,119.98,119.98,34.4,34.4,12,12,46.46,46.46,22.82,22.82,20.21,20.21,50,50,1,1,50,50,100,110,57.4,57.4,62.55,62.55,69.63,69.78,3.78,3.78,1308.46,1267.67,76.29,76.29,43.33,43.33,25.08,24.6,77.96,77.88,3.24,3.24,93.2,93.2,640.56,640.56,0,0,64,64,66.4,66.15,872.3,845.11,561.11,658.91,0.33,0.33,137.81,138.24,9.96,9.94,17.16,17.16,516.47,620.98,2.16,1.94,51.22,51.22,51.42,51.47,33.17,33.17,43.59,43.59,100.2,100.2,35668.49,36804.66,20170.74,20813.25,58630,60497,872.3,845.11,9.56,9.56,109.04,105.64,1482400000000,1493600000000,26715.7,27750.71,6.95,6.95,12.63,13.85
Southern Low Countries,70,70,74.38,74.38,76.67,76.67,1.31,1.31,21,20.99,41.43,41.43,10146.57,10411.72,36,36,150,150,-15.36,-15.36,-12.52,-12.52,-15.43,-15.43,-10.28,-10.28,-14.87,-14.6,-13.21,-13.21,-16.25,-16.25,-20.05,-20.05,-17.41,-17.41,-14.7,-17.78,-18.87,-18.87,-15.46,-15.46,-13.27,-13.27,-23.87,-23.87,2221.04,2215.77,-23.51,-23.51,0,0,24.64,24.7,4155.26,4145.41,14011.94,13978.69,4251.9,4241.81,2995.66,2988.55,239.44,239.44,76.44,76.44,12,12,32.29,32.29,69.5,69.5,1.03,1.03,43.65,43.65,6.85,6.85,50.5,50.5,342,352,75.87,75.87,115.44,115.44,91.06,91.07,21.18,21.18,4251.9,4241.81,104.54,104.54,26.57,26.57,90,90.04,-121.42,-122.42,0.76,0.76,93.95,93.95,497.53,497.53,0,0,88,88,44.82,44.69,1159.61,1156.86,1303.72,1309.86,0.2,0.2,128.89,129.3,8.92,8.93,16.68,16.68,2417.57,2474.52,0.74,0.73,33.82,33.82,72.13,72.13,-133.49,-133.49,76.94,76.94,101.85,101.85,60877.9,61022.68,52830.07,52955.71,69113,69277,10436.48,10411.72,2.08,2.08,1642.78,1638.88,868300000000,870600000000,6087.79,6102.27,0.79,0.79,109.7,110.7
Vidhelia,56.33,56.33,46.33,46.33,74,74,2.75,2.75,30.91,30.83,42,42,216.36,443.66,50.75,50.75,112.5,112.5,3057.87,3135.17,1938.57,1987.58,1903.95,1952.09,646.19,662.53,3692.52,3963.33,7200.41,7382.45,1615.48,1656.32,-4.24,-4.24,807.74,828.16,3346.34,473.23,-11.14,-11.14,1442.39,1478.86,1903.95,1952.09,1327,1360.55,4673.34,4791.49,4394.32,4505.42,6577.3,6743.58,9.33,9.49,1009.67,1035.2,649.08,665.48,649.08,665.48,216.36,221.83,457.39,457.39,36.43,36.43,13.62,13.62,56.16,56.16,31.12,31.12,3.22,3.22,50,50,1,1,50.99,50.99,118,128,59.75,59.75,82.8,82.8,71.64,71.75,10.23,10.23,865.43,887.31,63.21,63.21,41.75,41.75,9.74,10.88,96.78,93.9,0.77,0.77,93.87,93.87,524.12,524.12,-4,-4,64,64,66.84,66.4,360.6,369.71,755.59,844.64,0.38,0.38,93.07,93.42,9.85,9.86,15.99,15.99,654.21,739.64,1.79,1.68,44.77,44.77,52.21,52.25,38.47,38.47,42.66,42.66,102.62,102.62,51401.79,50142.9,29984.38,29250.03,82317,80301,721.19,739.43,4.54,4.54,72.12,73.94,70800000000,72600000000,46415.82,44677.33,13.52,13.52,15.12,16.27
Zoraxy Ghost,54.67,54.67,38.22,38.22,44,44,1.77,1.77,31.62,31.41,42,42,1455.98,1978.65,52,52,108,108,-3.46,-3.46,-7.04,-7.04,-6.48,-6.48,-1.41,-1.41,3940.84,4284.43,-9.21,-9.21,-9.06,-9.06,-7.35,-7.35,-7.87,-7.87,4270.86,-3.46,-1.41,-1.41,-8.49,-8.49,4756.19,5170.86,-1.41,-1.41,-8.49,-8.49,-7.79,-7.79,0,0,9.7,9.85,970.65,1055.28,970.65,1055.28,1455.98,1582.92,727.99,791.46,119.98,119.98,56.37,56.37,12,12,36.89,36.89,19.02,19.02,24.33,24.33,50,50,1,1,50,50,130,140,59.66,59.66,74.81,74.81,70.74,71,9.31,9.31,1455.98,1582.92,83.56,83.56,35.67,35.67,40.16,47.14,65.84,63.08,5.98,5.98,92.85,92.85,843.46,843.46,0,0,64,64,57.52,56.55,970.65,1055.28,770.44,860.3,0.28,0.28,120.02,120.42,10.86,10.86,17.16,17.16,761.89,841.07,1.77,1.67,45.69,45.69,50.01,50.1,-48.99,-48.99,17.32,17.32,99.76,99.76,26430.82,24487.72,19505.33,18071.37,34603,32059,970.65,1055.28,4.72,4.72,0,0,884000000000,953600000000,15805.63,12954,7.17,7.17,9.34,10.03
Waitaha,37.33,37.33,47.05,47.05,65.11,65.11,1.51,1.51,33.49,33.53,46.76,46.76,1171.52,1734.98,65,65,1208.75,1208.75,3397.39,3659.22,562.33,605.66,468.61,504.72,-5.55,-5.55,2120.44,2283.86,-7.54,-7.54,1558.12,1678.2,2050.15,2208.15,-1.22,-1.22,3983.15,-5.66,-9.59,-9.59,4416.61,4756.99,468.61,504.72,-9.95,-9.95,-6.4,-6.4,262.42,282.64,5424.12,5842.14,6.24,6.48,-7.75,-7.75,0,0,1757.27,1892.7,585.76,630.9,57.06,57.06,66.28,66.28,8.23,8.23,42.26,42.26,17,17,26.17,26.17,45.31,45.31,2,2,43.9,43.9,129,139,61.85,61.85,91.15,91.15,68.75,68.71,13.13,13.13,878.64,946.35,63.64,63.64,-67.71,-67.71,19.44,23.69,84.56,82.2,8.52,8.52,92.6,92.6,840.73,840.73,2,2,64,64,77.41,77.31,-3.16,-3.16,818.52,910.86,0.46,0.46,55.94,56.22,10.33,10.33,17.55,17.55,804.58,881.96,1.71,1.62,41.87,41.87,48.51,48.5,44.61,44.61,-39.87,-39.87,100.2,100.2,26639.09,24875.16,21432.44,20013.28,32336,30194,732.2,788.63,3.14,3.14,-3.16,-3.16,14493800000000,15741900000000,21471.1,18979.75,15.54,15.54,11.37,12.3
Kania,69.78,69.78,64.33,64.33,66.44,66.44,1.62,1.62,26.67,26.63,40.11,40.11,2214.62,2572.72,36.33,36.33,144,144,4133.95,4116.35,3189.05,3175.47,-4.47,-4.47,-1.9,-1.9,-5.1,-4.27,-7.38,-7.38,1476.41,1470.13,-3.46,-3.46,393.71,392.03,-4,-10.77,-7.48,-7.48,4626.09,4606.39,196.85,196.02,-10.3,-10.3,5413.51,5390.46,846.48,842.87,5610.37,5586.48,13.27,13.38,492.14,490.04,3321.93,3307.78,2952.82,2940.25,2091.58,2082.68,654.03,654.03,61.58,61.58,9.76,9.76,43.51,43.51,32.15,32.15,2.86,2.86,50,50,3.93,3.93,50,50,132,142,64.69,64.69,105.44,105.44,79.24,79.34,12.05,12.05,2706.76,2695.23,54.58,54.58,37.5,37.5,54.44,55.06,39.96,38.96,1.19,1.19,93.62,93.62,532.95,532.95,-1,-1,62,62,60.98,58.26,984.27,980.08,991.22,1023.63,0.39,0.39,117.67,118.07,9.83,9.83,15.11,15.11,776.84,855.36,1.55,1.48,42.95,42.95,58.45,58.48,-43.82,-43.82,30.33,30.33,102.24,102.24,41930.1,42119.11,32438.46,32584.68,52678,52916,1722.48,1715.15,2.68,2.68,1107.31,1102.59,12912100000000,13219300000000,19120.13,18911.48,14.03,14.03,12.51,13.44
Kultexia,85.67,85.67,33.11,33.11,36.89,36.89,1.42,1.42,31.01,30.91,42,42,2259.03,2614.59,14.33,14.33,193.5,193.5,-2,-2,-1.79,-1.79,-12,-12,-5.66,-5.66,3935.73,3904.46,-7.59,-7.59,301.2,298.81,-10.39,-10.39,-11.14,-11.14,-7.35,-12.41,-9.7,-9.7,-3.74,-3.74,803.21,796.83,-11.75,-11.75,-1.67,-1.67,-9.84,-9.84,301.2,298.81,11.79,11.92,1255.02,1245.05,1255.02,1245.05,2133.53,2116.58,1380.52,1369.55,130.47,130.47,70.55,70.55,12,12,35.66,35.66,28.87,28.87,7.8,7.8,51,51,1,1,50,50,139,149,61.55,61.55,81.58,81.58,71.51,71.64,24.11,24.11,2384.53,2365.59,42.55,42.55,29.83,29.83,69.6,70.18,46.38,45.38,10.38,10.38,92.43,92.43,609,609,0,0,64,64,52.96,52.68,1255.02,1245.05,810.93,902.9,0.46,0.46,285.53,286.15,9.99,9.99,17.11,17.11,870.65,945.69,1.72,1.63,30.89,30.89,50.4,50.45,-81.24,-81.24,-24.49,-24.49,100.62,100.62,22484.85,22679.74,18700.09,18862.17,26506,26736,1757.02,1743.06,3.22,3.22,251,249.01,30942600000000,31468900000000,6835.4,6758.56,5.81,5.81,9.49,10.2
GU 3rd Fleet,3,3,78.67,78.67,29.33,29.33,22.47,22.47,32.71,32.71,40.78,40.78,483.11,483.11,97,97,6.75,6.75,5797.38,5797.38,7423.06,7423.06,2415.57,2415.57,-5.66,-5.66,2415.57,2415.57,-2,-2,-6.78,-6.78,-4.74,-4.74,-5.48,-5.48,7246.72,7246.72,3381.8,3381.8,-7.07,-7.07,483.11,483.11,-5.48,-5.48,5604.13,5604.13,-3.9,-3.9,8212.95,8212.95,10.1,10.1,1207.79,1207.79,1207.79,1207.79,1811.68,1811.68,483.11,483.11,125.17,125.17,4.45,4.45,10.55,10.55,50.78,50.78,9.07,9.07,31.31,31.31,50,50,1,1,50,50,106,106,53.92,53.92,36.19,36.19,69.52,69.52,34.23,34.23,1570.12,1570.12,105.41,105.41,83,83,20.12,20.12,87.62,87.62,11.21,11.21,92.36,92.36,928.41,928.41,0,0,64,64,72.91,72.91,1087.01,1087.01,269.75,269.75,0.23,0.23,10.52,10.52,14.27,14.27,17.14,17.14,565.29,565.29,12.6,12.6,20.77,20.77,59.2,59.2,58.74,58.74,-30.82,-30.82,100.62,100.62,51338.21,51338.21,8939.49,8939.49,200849,200849,1087.01,1087.01,13.72,13.72,241.56,241.56,166300000000,166700000000,41019.23,41019.23,9.02,9.02,25.1,25.1
Vengeance up on those who invades,69.52,69.52,39.78,39.78,69.11,69.11,1.4,1.4,23.23,23.22,48.45,48.45,4090.04,4362.47,36.71,36.71,144,144,-11.4,-11.4,2337.17,2326.65,-12.73,-12.73,-3.46,-3.46,-3.95,-3.95,-9.8,-9.8,-7.21,-7.21,-10.95,-10.95,-12.92,-12.92,-6.32,-11.83,-10.95,-10.95,-7.07,-7.07,1168.58,1163.32,-13.78,-13.78,-4.95,-4.95,-17.41,-17.41,0,0,17.18,17.26,3603.13,3586.92,7595.8,7561.61,1850.26,1841.93,486.91,484.72,7.87,7.87,71.35,71.35,17.69,17.69,34.8,34.8,45.48,45.48,1.54,1.54,50,50,6.08,6.08,50,50,229,239,71.17,71.17,105.94,105.94,89.92,89.95,14.96,14.96,2434.55,2423.59,87.22,87.22,32.83,32.83,75.78,75.91,-7.73,-8.73,0.78,0.78,93.86,93.86,540.95,540.95,-4,-4,68,68,50.32,50.11,292.15,290.83,1162.6,1170.57,0.25,0.25,121.54,121.95,9.33,9.33,32.98,32.98,1470.57,1534.6,1,0.98,40.04,40.04,61,61.02,-111.13,-111.13,65.19,65.19,105.5,105.5,32233.44,32379.19,26968.11,27090.05,37799,37970,5161.25,5138.01,2.25,2.25,681.67,678.61,440200000000,442500000000,7800.49,7803.38,14.29,14.29,36.79,39.13
MTF Alpha-1,74.17,74.17,40,40,65.78,65.78,1.4,1.4,26.37,26.34,42,42,1619.78,1980.49,29.75,29.75,159.75,159.75,-8.49,-8.49,1076.53,1069.47,-10.1,-10.1,1594.87,1584.39,-9.85,-9.54,-10.81,-10.81,-11.05,-11.05,-7.35,-7.35,-11.09,-11.09,-4.69,-11.05,-9.59,-9.59,-9.59,-9.59,1893.9,1881.47,-7.87,-7.87,2541.82,2525.13,2516.51,2499.98,0,0,11.75,11.87,1370.59,1361.59,4236.36,4208.54,1370.59,1361.59,1245.99,1237.81,119.98,119.98,71.21,71.21,12,12,39.82,39.82,29.83,29.83,4.93,4.93,50,50,4.21,4.21,50,50,138,148,60.6,60.6,87.91,87.91,79.97,80.04,15.43,15.43,1370.59,1361.59,70.41,70.41,33,33,60.51,61.17,46.7,45.7,1.3,1.3,93.58,93.58,524.74,524.74,0,0,64,64,55.17,54.77,996.79,990.25,772.62,862.59,0.35,0.35,205.91,206.44,9.61,9.61,17.16,17.16,793.86,871.66,1.77,1.66,39.57,39.57,53.71,53.73,-85.44,-85.44,46.9,46.9,101.04,101.04,26818.27,27013.51,22415.27,22578.46,31476,31705,1245.99,1237.81,3.6,3.6,373.8,371.34,15382500000000,15674800000000,10593.21,10481.24,5.93,5.93,12.52,13.48
Nothing but the wind,62.67,62.67,32,32,57.33,57.33,1.59,1.59,32.12,31.98,42,42,765.26,1042.87,46,46,121.5,121.5,-8.72,-8.72,2479.45,2457.37,918.32,910.14,2448.84,2427.04,4974.21,5157.45,-5.14,-5.14,-7.48,-7.48,1626.18,1611.7,-6,-6,-4,-10.77,-6,-6,-6.78,-6.78,-4,-4,-6,-6,1300.95,1289.36,2579.14,2556.17,918.32,910.14,9.7,9.85,956.58,948.06,956.58,948.06,860.92,853.25,573.95,568.84,119.98,119.98,62.7,62.7,12,12,39.7,39.7,24.23,24.23,18.35,18.35,50,50,1,1,50,50,116,126,58.76,58.76,70.45,70.45,70.17,70.32,8.18,8.18,860.92,853.25,83.03,83.03,31,31,32.41,32.99,68.14,67.26,3.24,3.24,93.2,93.2,738.53,738.53,0,0,64,64,55.89,55.45,765.26,758.45,646.21,728.8,0.31,0.31,142.41,142.85,10.33,10.39,17.16,17.16,669.32,753.66,1.97,1.83,46.82,46.82,48.71,48.76,-48.99,-48.99,60,60,100.62,100.62,27507.59,27774.59,21486.03,21694.58,34269,34602,765.26,758.45,7.17,7.17,191.32,189.61,5435200000000,5580500000000,18595.13,18608.98,6.45,6.45,9.55,10.21
F1nn5ter,49,49,18,18,33.33,33.33,1.45,1.45,32.24,32.1,40.78,40.78,809.55,978.03,56.25,56.25,99,99,2359.27,2347.27,-6.81,-6.81,277.56,276.15,-4.47,-4.47,1526.59,1656.9,-4.82,-4.82,1295.29,1288.7,-6,-6,23.13,23.01,46.26,-9.9,-8.83,-8.83,1063.98,1058.57,971.46,966.52,740.16,736.4,1110.24,1104.6,-6.35,-6.35,3932.12,3912.12,13.45,13.56,578.25,575.31,867.38,862.97,1098.68,1093.09,578.25,575.31,507.09,507.09,68.84,68.84,12,12,26.3,26.3,20.5,20.5,22.85,22.85,50,50,1,1,50.99,50.99,124,134,63.31,63.31,90.49,90.49,70.02,70.18,19.34,19.34,1214.33,1208.15,67.25,67.25,18,18,47.52,47.99,40.53,39.61,9.74,9.74,92.49,92.49,1536.58,1536.58,-4,-4,64,64,51.2,50.98,809.55,805.44,964.85,1018.26,0.31,0.31,78.59,78.91,9.74,9.74,15.78,15.78,737.92,818.25,1.57,1.5,35.66,35.66,46.65,46.71,26.46,26.46,-10,-10,105.5,105.5,25190.98,25327.53,20679.17,20791.25,30041,30203,809.55,805.44,2.86,2.86,462.6,460.25,4100200000000,4168000000000,13225.27,13170.31,14.46,14.46,8.04,8.47
The Navy of South Asians 23,64,64,31.56,31.56,76.67,76.67,1.43,1.43,30.17,30.06,43.68,43.68,1107.61,1365.54,45,45,123.75,123.75,1122.38,1153.12,4182.34,4296.9,2540.12,2609.7,886.09,910.36,-4.38,-4.38,-2.97,-2.97,3071.78,3155.92,1402.98,1441.4,3485.29,3580.75,2008.47,-5.66,-4.69,-4.69,-3.87,-3.87,2599.2,2670.39,-7.21,-7.21,1594.96,1638.65,-1.16,-1.16,6734.28,6918.74,12.49,12.61,1476.82,1517.27,1107.61,1137.95,1107.61,1137.95,1033.77,1062.09,34.9,34.9,69.89,69.89,14.16,14.16,44.67,44.67,29.47,29.47,5.86,5.86,52.16,52.16,1,1,50.5,50.5,133,143,63.25,63.25,102.87,102.87,72.67,72.84,18.67,18.67,1107.61,1137.95,80.5,80.5,24.67,24.67,37.62,40.02,52.51,50.15,0.74,0.74,94,94,580.88,580.88,0,0,68,68,51.85,51.52,812.25,834.5,945.46,1013.86,0.28,0.28,191.69,192.2,10.1,10.1,17.77,17.77,797.75,875.4,1.59,1.51,36.33,36.33,49.94,50,46.9,46.9,45.83,45.83,92.89,92.89,35239.79,34369.16,29161.95,28441.48,41726,40696,1181.45,1213.81,2.87,2.87,369.2,379.32,5375200000000,5542700000000,21989.63,20621.5,5.2,5.2,13.44,14.56
Weitarawi IV,83.25,83.25,74.22,74.22,82,82,6.07,6.07,30.2,30.11,44.28,44.28,-6.32,-3.16,16.75,16.75,189,189,5225.01,5212.89,-3.79,-3.79,-4.24,-4.24,7280.75,7263.86,1541.81,1794.6,-2.68,-2.68,5396.32,5383.8,-5.34,-5.34,5824.6,5811.09,-5.29,-11.31,3083.61,3076.46,3554.72,3546.47,513.94,512.74,3940.17,3931.03,-2.37,-2.37,1644.59,1640.78,10621.33,10596.69,7.42,7.42,1927.26,1922.79,1498.98,1495.5,-5.48,-5.48,535.35,534.11,8.94,8.94,16.49,16.49,15.51,15.51,72.52,72.52,36.97,36.97,2.06,2.06,51.62,51.62,2.52,2.52,51.48,51.48,111,121,53.29,53.29,40.19,40.19,72.62,72.76,26.43,26.43,321.21,320.46,35.83,35.83,62.33,62.33,8.51,8.49,104.71,104.83,0.7,0.7,94.17,94.17,142.26,142.26,0,0,64,64,70.85,70.72,107.07,106.82,350.53,411.35,1.58,1.58,302.86,303.5,12.58,12.63,26.89,26.89,550.29,647.27,3.45,2.83,28.57,28.57,59.07,59.11,-100.75,-100.75,96.18,96.18,98.83,98.83,55183.83,55312.16,20774.01,20822.32,126000,126293,1177.77,1175.04,14.29,14.29,-4.47,-4.47,854300000000,857700000000,50493.2,50610.63,1.82,1.82,15.57,16.75
Bootyswana04,61.33,61.33,38.67,38.67,57.33,57.33,1.69,1.69,31.45,31.33,42,42,1091.05,1390.42,47,47,119.25,119.25,2836.73,2892.07,2531.24,2580.61,1018.32,1038.18,-8.49,-8.49,5164.31,5487.51,-10.04,-10.04,-9.06,-9.06,2182.1,2224.67,-6.48,-6.48,1745.68,-7.21,-11.92,-11.92,2109.37,2150.51,290.95,296.62,1382,1408.95,-4.69,-4.69,1624.82,1656.51,3855.05,3930.24,10.1,10.25,818.29,834.25,818.29,834.25,1091.05,1112.33,818.29,834.25,119.98,119.98,59.01,59.01,12,12,42.61,42.61,22.4,22.4,20.72,20.72,50,50,1,1,50,50,130,140,59.55,59.55,76.6,76.6,70.96,71.1,6.86,6.86,1091.05,1112.33,85.74,85.74,34,34,27.47,29.28,70.63,68.79,3.5,3.5,93.16,93.16,720.73,720.73,0,0,64,64,56.94,56.23,727.37,741.56,862.05,956.34,0.29,0.29,139.53,139.97,10.77,10.83,17.16,17.16,771.09,849.86,1.67,1.58,48.14,48.14,50.08,50.13,67.82,67.82,-56.57,-56.57,100.2,100.2,34974.63,34377.63,26448.48,25997.01,44824,44059,727.37,741.56,4.95,4.95,90.92,92.69,3369400000000,3501600000000,25356.61,24304.99,6.95,6.95,10.39,11.15
Giang Zemin,72.67,72.67,2.33,2.33,15,15,1.05,1.05,45.82,43.65,42,42,142.04,226.27,32,32,153,153,-10.49,-10.49,-8.49,-8,-8.94,-8.94,-6.32,-6.32,-4.47,-3.74,-6.8,-5.29,-8.94,-8.94,710.21,707.08,909.07,905.06,-8.94,-13.42,113.63,113.13,795.43,791.93,-7.75,-7.75,227.27,226.27,227.27,226.27,294.22,292.93,0,0,10.82,10.95,312.49,311.12,312.49,311.12,511.35,509.1,142.04,141.42,130.47,130.47,95.02,95.02,12,12,12.82,12.82,19.04,19.04,24.32,24.32,50,50,1,1,50,50,100,110,61.97,61.97,79,79,64.57,64.79,34.13,34.13,397.72,395.97,70.39,70.39,-97.67,-97.67,40.2,40.93,54.71,53.71,19.57,19.57,91.75,91.75,1953.35,1953.35,0,0,64,64,75.42,75.31,284.08,282.83,529.04,603.86,0.32,0.32,203.92,204.45,9.66,9.65,17.11,17.11,541.02,639.7,2.26,2.06,20.87,20.87,40.83,40.9,-50,-50,-38.73,-38.73,101.04,101.04,8828.1,8874.06,8593.85,8638.59,9044,9091,284.08,282.83,3.11,3.11,85.23,84.85,1282800000000,1309800000000,5279.2,5244.57,6.58,6.58,7.1,7.19
Josi Sedai and Her Warder I,78.83,78.83,72,72,80.67,80.67,6.79,6.79,31.74,31.62,44.28,44.28,-4.47,88.49,22.75,22.75,175.5,175.5,775.64,778.71,507.69,509.7,1128.2,1132.67,1410.25,1415.84,8673.02,8919.77,6489.61,8608.28,49.36,49.55,1410.25,1415.84,4301.26,4318.3,2891.01,-4.24,1833.32,1840.59,-3.22,-3.22,6416.63,6442.05,2891.01,2902.46,2749.98,2760.88,5866.63,5889.88,1953.19,1960.93,8.06,8.12,1762.81,1769.8,881.4,884.9,88.14,88.49,352.56,353.96,8.99,8.99,14.73,14.73,15.51,15.51,73.2,73.2,36.48,36.48,2.11,2.11,51.62,51.62,1,1,51.48,51.48,109,119,54,54,44.76,44.76,70.6,70.75,24.66,24.66,440.7,442.45,53.51,53.51,65,65,7.29,7.41,112.24,111.57,0.69,0.69,94.23,94.23,163.98,163.98,0,0,64,64,71.19,71.03,264.42,265.47,409.84,475.67,1.16,1.16,306.57,307.21,13.08,12.62,26.67,26.67,553.04,649.55,2.84,2.46,30.34,30.34,57.66,57.71,-35.36,-35.36,53.39,53.39,99.76,99.76,64320.35,64066.58,22720.12,22630.49,154231,153622,1145.83,1150.37,13.65,13.65,0,0,423300000000,423800000000,59624.96,59325.66,2.34,2.34,16.78,19.04
Bolum Tigarchyss,66.93,66.93,29.78,29.78,6,6,1.53,1.53,29.57,29.49,38.06,38.06,1247.2,1501.54,40.6,40.6,135,135,2779.47,2755.77,-7.59,-7.59,-8.12,-8.12,-6.16,-6.16,4276.1,4451.62,-9.42,-9.42,1760.33,1745.32,-4.9,-4.9,-8.66,-8.66,-9.06,-13.49,-4.69,-4.69,-6.45,-6.45,-7.87,-7.87,-14.21,-14.21,4810.62,4769.6,167.62,166.19,4539.8,4501.09,12,12.12,-4.47,-4.47,1781.71,1766.52,1781.71,1766.52,623.6,618.28,1065.35,1065.35,65.48,65.48,11.33,11.33,16.01,16.01,23.57,23.57,19.25,19.25,51,51,3.3,3.3,52.44,52.44,144,154,63.82,63.82,84.11,84.11,73.59,73.71,25.22,25.22,1514.45,1501.54,46.22,46.22,29.33,29.33,47.76,48.15,49.62,48.74,23.15,23.15,91.52,91.52,1493.15,1493.15,-4,-4,67,67,55.83,55.39,712.68,706.61,1016.31,1034.29,0.38,0.38,193.37,193.87,9.92,9.93,13.2,13.2,865.97,941.17,1.5,1.44,29.78,29.78,51.16,51.2,-52.92,-52.92,-22.36,-22.36,101.04,101.04,27620.21,27861.66,22077.85,22270.84,33719,34014,1425.37,1413.21,2.79,2.79,-3.16,-3.16,553500000000,566900000000,14417.75,14432.34,13.32,13.32,12.65,13.62
ERN Alba 7,61.33,61.33,47.73,47.73,57.33,57.33,2.02,2.02,31.52,31.39,42,42,572.69,856.19,47,47,119.25,119.25,2596.18,2587.59,3115.42,3105.11,2214.39,2207.06,4123.35,4109.7,-3.63,-3.63,-4.98,-4.98,4505.14,4490.23,-6.82,-6.82,-5.66,-5.66,-3.46,-10.58,-7.21,-7.21,1069.02,1065.48,1450.81,1446.01,-5.66,-5.66,1832.6,1826.53,2397.65,2389.72,9315.71,9284.88,9.64,9.8,859.03,856.19,859.03,856.19,1145.37,1141.58,572.69,570.79,119.98,119.98,49.39,49.39,12,12,47.56,47.56,24.81,24.81,17.52,17.52,50,50,1,1,50,50,110,120,58.8,58.8,71.55,71.55,70.87,71.03,3.93,3.93,1145.37,1141.58,65.92,65.92,42.8,42.8,22.21,22.91,77.76,76.76,3.5,3.5,93.16,93.16,645.01,645.01,0,0,64,64,65.55,65.17,763.58,761.06,758.95,848.18,0.32,0.32,138.67,139.1,9.88,9.88,17.16,17.16,615.34,704.05,1.79,1.68,51.07,51.07,51.61,51.66,-53.85,-53.85,76.16,76.16,100.2,100.2,39985.01,40138.08,27492.18,27597.43,55660,55873,763.58,761.06,7.08,7.08,95.45,95.13,321000000000,337400000000,31108.34,30946.46,6.95,6.95,12.04,13.03
ERN Firestorm 2,61.33,61.33,45.56,45.56,57.33,57.33,1.98,1.98,31.55,31.38,42,42,265.28,505.76,47,47,119.25,119.25,1344.06,1281.27,1724.64,1942.13,3112.56,2967.15,4173.66,3978.68,3678.48,3708.94,717.3,971.07,-5.66,-5.66,2458.92,2866,-6.48,-6.48,-3.46,-10.58,3819.96,3641.5,990.36,944.09,2405.16,2292.8,1697.76,1618.44,3466.26,3304.32,-1.83,-1.83,4456.62,4248.42,9.49,9.64,795.83,758.65,795.83,758.65,1061.1,1011.53,530.55,505.76,119.98,119.98,50.49,50.49,12,12,46.66,46.66,26.09,26.09,15.47,15.47,50,50,1,1,50,50,100,110,58.89,58.89,72.39,72.39,70.82,71.04,4.47,4.47,1061.1,1011.53,84.05,84.05,41.17,41.17,18.71,17.55,81.57,82.79,3.5,3.5,93.16,93.16,658.75,658.75,0,0,64,64,65.88,65.73,707.4,674.35,615.76,756.64,0.3,0.3,138.24,138.67,10,9.92,17.16,17.16,505.61,613.87,2.03,1.79,50.53,50.53,51.37,51.44,-43.59,-43.59,79.37,79.37,100.2,100.2,42219.06,44247.61,29371.3,30782.54,58176,60971,707.4,674.35,6.88,6.88,88.43,84.29,680700000000,665900000000,34324.09,36504.28,6.95,6.95,11.04,12.23
Regiment of the German President,66.22,66.22,39.56,39.56,57.33,57.33,2.36,2.36,32.62,32.45,42,42,251.64,491.89,41.67,41.67,132.75,132.75,3355.19,3279.27,-8.28,-7.48,4026.23,3935.13,671.04,655.85,671.04,852.61,2494.58,3672.79,-4.47,-4.47,3116.97,3689.18,-3.16,-3.16,2348.63,-5.48,-7.75,-7.75,2684.15,2623.42,-7.07,-7.07,-8.37,-8.37,2013.11,1967.56,3800.65,3714.65,7381.42,7214.4,9.49,9.64,754.92,737.84,754.92,737.84,1006.56,983.78,503.28,491.89,119.98,119.98,42.42,42.42,12,12,44.14,44.14,25.28,25.28,16.8,16.8,50,50,1,1,50,50,100,110,58.02,58.02,67.02,67.02,69.61,69.79,7.78,7.78,1006.56,983.78,78.57,78.57,36.67,36.67,19.4,19.26,81.39,81.3,3.5,3.5,93.16,93.16,651.72,651.72,0,0,64,64,64.73,64.39,671.04,655.85,555.51,673.52,0.34,0.34,159.17,159.63,9.86,9.78,17.16,17.16,509.71,616.41,2.18,1.92,47.22,47.22,49.86,49.92,67.82,67.82,37.42,37.42,100.2,100.2,38152.77,39032.41,24169.75,24727,56974,58287,671.04,655.85,8.55,8.55,83.88,81.98,748000000000,766500000000,30751.13,31499.16,6.69,6.69,10.52,12.04
Pigeonism,66.13,66.13,77.89,77.89,68.67,68.67,3.03,3.03,30.05,30,40.78,40.78,549.73,911.92,41.8,41.8,132.75,132.75,-5.83,-5.83,316.65,328.29,3782.16,3921.25,5453.34,5653.89,1336.95,1386.12,-6.13,-6.13,-1.67,-1.67,7476.36,7751.31,1407.31,1459.07,4221.94,-2,-11.14,-11.14,2902.59,3009.33,-6.63,-6.63,-9.7,-9.7,5365.39,5562.7,3289.6,3410.57,3782.16,3921.25,6.08,6.32,-9.49,-9.49,989.52,1025.91,219.89,227.98,879.57,911.92,7.84,7.84,33.03,33.03,10.55,10.55,61.53,61.53,29.74,29.74,5.15,5.15,50,50,2.52,2.52,50,50,130,140,56.25,56.25,55.65,55.65,72.86,72.92,11.21,11.21,1099.46,1139.9,46.67,46.67,61.83,61.83,7.43,8.01,107.69,104.77,1.06,1.06,93.67,93.67,377.5,377.5,-8,-8,64,64,71.78,71.52,109.95,113.99,808.9,900.77,0.68,0.68,96.08,96.44,10.39,10.39,33.18,33.18,747.37,827.24,1.72,1.63,43.79,43.79,59.24,59.26,-46.37,-46.37,80.31,80.31,101.45,101.45,55927.56,53949.08,30931.75,29837.51,93656,90343,109.95,113.99,11.16,11.16,-10.95,-10.95,218800000000,216400000000,51788.92,49633.16,13.1,13.1,24.78,26.6
3rd Vi Guard,82.67,82.67,73.11,73.11,97,97,3.72,3.72,34.3,34.09,42,42,607.19,1056.32,17.33,17.33,186.75,186.75,1092.95,1086.5,-5.06,-5.06,1092.95,1086.5,4128.93,4104.56,-3.63,-3.63,-8.05,-8.05,-1.41,-1.41,2125.18,2112.64,5950.51,5915.39,-9.06,-13.49,-6.48,-6.48,-4.69,-4.69,6557.7,6519,3521.73,3500.95,-7.87,-7.87,6727.72,6688.01,2185.9,2173,5.74,6,607.19,603.61,607.19,603.61,151.8,150.9,151.8,150.9,95.92,95.92,26.89,26.89,12,12,89.58,89.58,36.07,36.07,2.16,2.16,50,50,1,1,50,50,120,130,52.86,52.86,45.93,45.93,68.01,68.2,33.24,33.24,1062.59,1056.32,42.08,42.08,68.67,68.67,9.84,10.53,97.91,96.91,1.16,1.16,93.63,93.63,72.41,72.41,0,0,64,64,71.44,71.27,455.4,452.71,332.89,392.14,1.39,1.39,271.38,271.98,14.28,14.28,17.29,17.29,685.78,769.03,3.74,2.98,21.76,21.76,55.75,55.81,-51.48,-51.48,59.58,59.58,97.83,97.83,37907.18,38136.16,18733.56,18846.73,69670,70091,455.4,452.71,14.64,14.64,-6.32,-6.32,85400000000,88800000000,34192.27,34131.86,4.09,4.09,19.52,21.05
Slabfan 5,61.33,61.33,48.44,48.44,57.33,57.33,2.91,2.91,32.61,32.44,42,42,275.16,536.95,47,47,119.25,119.25,-3.16,-3.16,-8.21,-7.48,3668.85,3579.7,4035.74,3937.67,1467.54,1646.66,-2,-2,-3.16,-3.16,2395.76,2684.77,2568.2,2505.79,-5.48,-11.4,2201.31,2147.82,0,0,4035.74,3937.67,4035.74,3937.67,-6.32,-6.32,3950.5,3854.5,3668.85,3579.7,9.33,9.49,825.49,805.43,825.49,805.43,1100.66,1073.91,275.16,268.48,119.98,119.98,34.4,34.4,12,12,46.46,46.46,23.57,23.57,19.24,19.24,50,50,1,1,50,50,100,110,57.4,57.4,62.55,62.55,69.63,69.81,3.78,3.78,1100.66,1073.91,78.65,78.65,43.33,43.33,17.71,17.52,84.64,84.65,3.24,3.24,93.2,93.2,640.56,640.56,0,0,64,64,66.9,66.68,733.77,715.94,567.99,673.11,0.33,0.33,137.81,138.24,10.95,10.69,17.16,17.16,516.21,620.8,2.15,1.92,51.22,51.22,51.42,51.48,-30,-30,76.81,76.81,100.2,100.2,42253.3,43302.79,23894.49,24487.98,69453,71178,733.77,715.94,9.56,9.56,91.72,89.49,99300000000,102900000000,34774.47,35724.8,6.95,6.95,10.7,11.72
Bytoniaistan,58.67,58.67,20.67,20.67,73.33,73.33,1.55,1.55,33.07,32.89,38.75,38.75,514.94,671.83,49,49,114.75,114.75,2883.65,2821.67,-7.56,-7.16,-8,-8,1739.34,1701.96,-5.1,-4.47,3355.33,4514.67,2883.65,2821.67,1315.95,1287.67,297.52,291.12,137.32,-9.7,823.9,806.19,755.24,739.01,1739.34,1701.96,1739.34,1701.96,-5.83,-5.83,54.93,53.75,5767.3,5643.33,12.65,12.77,286.08,279.93,858.23,839.78,1087.09,1063.72,514.94,503.87,1156.47,1156.47,64.46,64.46,8.98,8.98,40.49,40.49,27.75,27.75,11.96,11.96,51,51,1,1,50.5,50.5,101,111,63.64,63.64,103.92,103.92,69.15,69.33,17.04,17.04,1258.74,1231.68,44.39,44.39,20.67,20.67,36.47,35.97,53.13,53.11,0.77,0.77,93.87,93.87,688.67,688.67,-4,-4,64,64,53.08,52.87,801.01,783.8,672.73,756.96,0.34,0.34,186.15,186.65,9.65,9.61,12.79,12.79,536.43,636.03,1.92,1.79,37.96,37.96,46.72,46.78,-87.75,-87.75,67.08,67.08,103.74,103.74,29278.42,29914.15,23209.09,23713.04,36006,36788,801.01,783.8,2.81,2.81,114.43,111.97,25600000000,28900000000,18591.79,19145.06,14,14,9.43,10.64
Awes Hat,62.67,62.67,48.44,48.44,61.33,61.33,2.91,2.91,31.48,31.33,42,42,494.38,713.95,46,46,121.5,121.5,659.17,634.62,3360.14,3807.73,1318.35,1269.24,-6.93,-6.93,791.01,951.93,-4.91,-3.46,3625.45,3490.42,4083.58,4759.66,-5.48,-5.48,1647.93,-7.07,4284.63,4125.04,0,0,-4.47,-4.47,3295.87,3173.11,3098.11,2982.72,885.99,852.99,5602.97,5394.28,12.04,12.17,988.76,951.93,906.36,872.6,1730.33,1665.88,494.38,475.97,34.9,34.9,34.4,34.4,13,13,47.86,47.86,25.93,25.93,15.75,15.75,51,51,1,1,50.5,50.5,103,113,61.73,61.73,94.42,94.42,70.92,71.1,5.14,5.14,2636.69,2538.49,37.2,37.2,43.33,43.33,27.75,26.47,67.79,68.88,2.55,2.55,93.31,93.31,607.64,607.64,-8,-8,64,64,65.55,65.37,906.36,872.6,759.97,945.27,0.38,0.38,203.49,204.01,9.93,9.82,17.77,17.77,512.49,618.24,1.78,1.59,49.86,49.86,52.24,52.3,61.64,61.64,-42.43,-42.43,107.5,107.5,46828.71,48639.98,26481.91,27506.19,76974,79951,1318.35,1269.24,3.17,3.17,-10.49,-10.49,5400000000,6200000000,33857.16,35750.38,14.78,14.78,15.24,17.27
CaldrasaERN4,56.67,56.67,32,32,66.67,66.67,2,2,31.31,31.2,43.68,43.68,436.28,645.98,50.5,50.5,112.5,112.5,-4.47,-4.47,1745.11,1722.6,756.21,746.46,1221.57,1205.82,1105.23,1263.24,3669.08,4134.24,-6.63,-6.63,0,0,-10.1,-10.1,-3.16,-10.49,3490.21,3445.2,-3.61,-3.61,2908.51,2871,3781.06,3732.3,-8,-8,2323.79,2293.82,756.21,746.46,12.65,12.77,1454.25,1435.5,1090.69,1076.63,1163.4,1148.4,436.28,430.65,644.28,644.28,49.93,49.93,15.09,15.09,42.61,42.61,24.31,24.31,18.25,18.25,52.16,52.16,1,1,51.48,51.48,105,115,63.08,63.08,96.61,96.61,71.13,71.27,10.08,10.08,1308.83,1291.95,77.92,77.92,31,31,37.67,37.68,54.11,53.58,1.51,1.51,93.52,93.52,698.79,698.79,-4,-4,68,68,54.35,54.05,799.84,789.53,774.97,865.07,0.32,0.32,185.22,185.72,9.78,9.77,15.15,15.15,558.73,654.32,1.76,1.66,44.92,44.92,49.43,49.47,-37.42,-37.42,51.96,51.96,98.34,98.34,34670.77,35123.72,23976.31,24289.54,48022,48650,1163.4,1148.4,2.89,2.89,508.99,502.43,3900000000,4400000000,21599.89,21882.08,12.92,12.92,12.45,13.63
This Duck is Happy,61.33,61.33,48.44,48.44,57.33,57.33,2.91,2.91,32.62,32.62,42,42,279.09,279.09,47,47,119.25,119.25,4093.36,4093.36,1570.36,1570.36,1116.37,1116.37,-5.48,-5.48,2232.74,2232.74,0,0,4093.36,4093.36,5001.34,5001.34,1116.37,1116.37,-4.47,-4.47,372.12,372.12,-6.32,-6.32,-5.48,-5.48,1488.49,1488.49,4837.61,4837.61,1786.19,1786.19,9303.09,9303.09,9.33,9.33,837.28,837.28,837.28,837.28,1116.37,1116.37,279.09,279.09,119.98,119.98,34.4,34.4,12,12,46.46,46.46,25.66,25.66,16.2,16.2,50,50,1,1,50,50,100,100,57.4,57.4,62.55,62.55,69.62,69.62,3.78,3.78,1116.37,1116.37,61.03,61.03,43.33,43.33,18.28,18.28,84,84,3.24,3.24,93.2,93.2,640.56,640.56,0,0,64,64,66.86,66.86,744.25,744.25,564.03,564.03,0.34,0.34,137.81,137.81,10.77,10.77,17.16,17.16,513.84,513.84,2.16,2.16,51.22,51.22,51.41,51.41,50.99,50.99,-33.17,-33.17,100.2,100.2,41666.67,41666.67,23562.75,23562.75,68489,68489,744.25,744.25,9.56,9.56,93.03,93.03,4500000000,5300000000,34041.67,34041.67,6.95,6.95,12.4,12.4
Gashia 2,51.67,51.67,51.11,51.11,20,20,3.1,3.1,31.74,31.62,37.37,37.37,595.14,869.78,54.25,54.25,103.5,103.5,2040.47,2087.47,4767.9,5009.92,1700.39,1739.56,5033.17,5149.09,2720.63,2992.04,4897.13,5009.92,2176.5,2226.63,5526.28,5653.56,680.16,695.82,2720.63,-4.47,340.08,347.91,-6.32,-6.32,-4.47,-4.47,2040.47,2087.47,1224.28,1252.48,0,0,5917.37,6053.66,10.86,11,255.06,260.93,1105.26,1130.71,1955.45,2000.49,595.14,608.85,8.01,8.01,32.21,32.21,6.84,6.84,32.88,32.88,19.15,19.15,24.21,24.21,50,50,1,1,50,50,106,116,57.93,57.93,62.62,62.62,70.61,70.74,13.56,13.56,1190.28,1217.69,66.35,66.35,45.33,45.33,20.97,22.78,78.65,76.25,16.31,16.31,91.97,91.97,968.14,968.14,0,0,64,64,67.32,66.95,1020.24,1043.73,468.58,539.01,0.3,0.3,54.11,54.37,10.66,10.71,32.07,32.07,591.11,682.36,2.5,2.23,41.44,41.44,52.92,52.96,-75.5,-75.5,90.55,90.55,99.76,99.76,48280.98,47211.58,26342.36,25758.89,81772,79961,1020.24,1043.73,8.71,8.71,0,0,3300000000,4100000000,38141.98,36447.34,7.53,7.53,17.19,18.54
Rivers Personal F-35,51.67,51.67,51.11,51.11,20,20,3.1,3.1,31.88,31.76,37.37,37.37,836.23,1181.2,54.25,54.25,103.5,103.5,4778.45,4724.82,-2.83,-2.83,477.84,472.48,1146.83,1133.96,-8.37,-8,3378.36,3779.85,0,0,-6.12,-6.12,477.84,472.48,-4.47,-10.95,-4.47,-4.47,-4.47,-4.47,477.84,472.48,-2.65,-2.65,5877.49,5811.52,1318.85,1304.05,5256.29,5197.3,10.63,10.77,358.38,354.36,1553,1535.57,2150.3,2126.17,836.23,826.84,8.01,8.01,32.21,32.21,6.84,6.84,32.88,32.88,19.41,19.41,23.96,23.96,51,51,1,1,50,50,99,109,56.87,56.87,52.43,52.43,70.44,70.58,13.55,13.55,1672.46,1653.69,67.08,67.08,45.33,45.33,36.3,36.66,68.73,67.91,16.94,16.94,91.93,91.93,968.14,968.14,0,0,64,64,66.54,66.24,1433.53,1417.44,409.86,475.7,0.31,0.31,54.53,54.8,9.97,9.97,32.07,32.07,536.56,636.13,2.84,2.46,41.45,41.45,52.7,52.75,-37.42,-37.42,43.59,43.59,99.76,99.76,34777.54,35180.98,18974.81,19194.93,58902,59585,1433.53,1417.44,10.33,10.33,0,0,6600000000,8200000000,22153.29,22269.56,6.94,6.94,12.8,13.9
DONT EVEN GET ME STARTED,57.33,57.33,57.33,57.33,57.33,57.33,3.61,3.61,32.82,32.82,42,42,304.28,304.28,50,50,112.5,112.5,-6.32,-6.32,813.44,813.44,4057.06,4057.06,2028.53,2028.53,3245.65,3245.65,2846.03,2846.03,-6.32,-6.32,2844,2844,-6.32,-6.32,1217.12,1217.12,5274.18,5274.18,-7.75,-7.75,3245.65,3245.65,811.41,811.41,2839.94,2839.94,2596.52,2596.52,4057.06,4057.06,9.33,9.33,912.84,912.84,912.84,912.84,1217.12,1217.12,304.28,304.28,119.98,119.98,27.72,27.72,12,12,49.93,49.93,24.16,24.16,18.45,18.45,50,50,1,1,50,50,100,100,56.72,56.72,57.19,57.19,69.41,69.41,0.56,0.56,1217.12,1217.12,82.05,82.05,50,50,18.22,18.22,85.16,85.16,3.24,3.24,93.2,93.2,610.35,610.35,0,0,64,64,68.13,68.13,811.41,811.41,511.58,511.58,0.32,0.32,126.07,126.07,10.89,10.89,17.16,17.16,500.55,500.55,2.32,2.32,54.44,54.44,52.68,52.68,45.83,45.83,53.85,53.85,100.2,100.2,44311.19,44311.19,22265.82,22265.82,80337,80337,811.41,811.41,10.54,10.54,101.43,101.43,1800000000,2000000000,36246.56,36246.56,7.09,7.09,13.32,13.32
Czeroveepus,13,13,2.75,2.75,3,3,1.06,1.06,37.22,36.83,42,42,302.83,414,87,87,29.25,29.25,847.92,891.69,-9.8,-9.8,-8.37,-8.37,0,0,169.58,178.34,-2.83,-2.83,-6.32,-6.32,605.66,636.92,-10.49,-10.49,847.92,-5.48,-6.32,-6.32,242.26,254.77,-8.37,-8.37,0,0,121.13,127.38,-6.78,-6.78,847.92,891.69,12.29,12.41,393.68,414,393.68,414,666.22,700.61,302.83,318.46,141.46,141.46,94.63,94.63,12,12,11.29,11.29,1.14,1.14,36.99,36.99,50,50,1,1,50,50,110,120,63.99,63.99,80.8,80.8,65.94,66.17,44.34,44.34,484.52,509.53,108.18,108.18,-97.25,-97.25,56.98,62.32,39.84,37.44,29.5,29.5,91.14,91.14,9879.79,9879.79,0,0,64,64,75.11,75,363.39,382.15,487.66,559.51,0.2,0.2,24.31,24.49,9.6,9.6,17.06,17.06,621.53,709.66,2.41,2.17,10.66,10.66,41.47,41.55,-64.03,-64.03,24.49,24.49,101.85,101.85,8255.08,7885.05,8018.93,7659.49,8474,8094,363.39,382.15,2.76,2.76,151.41,159.23,307200000000,319400000000,3549.68,2972.67,9.02,9.02,7.13,7.21
Cylarn,74.06,74.06,96.78,96.78,65.14,65.14,1.44,1.44,19.26,19.26,30.85,30.85,8584.88,8804.63,29.92,29.92,217.75,217.75,-20.69,-20.69,-14.64,-14.64,-12.63,-12.63,-14.03,-14.03,-21.63,-21.45,-13.68,-13.68,8768.84,8758.7,-19.52,-19.52,-2.45,-2.45,-21.86,-24.04,-21.86,-21.86,-14.11,-14.11,-11.31,-11.31,-20.98,-20.98,103.63,103.51,-6.63,-6.63,8768.84,8758.7,34.34,34.38,5672.15,5665.59,15713.39,15695.22,10654.44,10642.12,4828.99,4823.41,19.47,19.47,69.23,69.23,0.89,0.89,37.05,37.05,73.06,73.06,0.99,0.99,31.99,31.99,13.24,13.24,39.73,39.73,425,435,95.58,95.58,123.21,123.21,92.23,92.24,14.53,14.53,19545.92,19523.32,6.18,6.18,35.5,35.5,95.43,95.45,-301.96,-302.96,22.13,22.13,91.59,91.59,514.38,514.38,8,8,119,119,41.08,40.97,2299.52,2296.86,1469.17,1474.28,0.2,0.2,174.01,174.49,7.5,7.5,18.01,18.01,2843.89,2898.89,0.57,0.57,40.47,40.47,87.03,87.03,-135.44,-135.44,86.32,86.32,121.25,121.25,99243.61,99358.52,81715.51,81810.13,118034,118170,12570.71,12556.17,1.72,1.72,1762.97,1760.93,821800000000,823000000000,4565.21,4570.49,30.18,30.18,145.19,145.72
Blackbird,73,73,24,24,68.19,68.19,1.27,1.27,15.59,15.59,171.47,171.47,22913.33,22942.59,31.5,31.5,217.25,217.25,-75.76,-75.76,-54.92,-54.92,-60.03,-60.03,-41.86,-41.86,-71.46,-71.4,-35.94,-35.94,-77.52,-77.52,-73.64,-73.64,-63.51,-63.51,-62.29,-63.09,-75.76,-75.76,-66.16,-66.16,-60.33,-60.33,-77.71,-77.71,774.47,774.4,-90.74,-90.74,0,0,131.42,131.43,17903.64,17902.1,16705.9,16704.46,10925.49,10924.55,10300.58,10299.69,2739.69,2739.69,78.58,78.58,124.73,124.73,4.52,4.52,282.5,282.5,0.41,0.41,44.48,44.48,38.55,38.55,93.17,93.17,1581,1591,255.8,255.8,231.64,231.64,96.47,96.48,19.75,19.75,6415.73,6415.18,337.77,337.77,-76,-76,120.62,120.62,-5989.28,-5990.28,0.54,0.54,95.08,95.08,579.93,579.93,190,190,217,217,86.96,86.91,12966.86,12965.74,2810.7,2813.57,0.06,0.06,165.59,166.06,0.99,0.99,7.06,7.06,10555.16,10597.77,0.23,0.23,35.25,35.25,70.82,70.83,-568.77,-568.77,253,253,344.54,344.54,180664.95,180680.57,159093.01,159106.77,202454,202471,21090.68,21088.86,1.09,1.09,11456.67,11455.67,236300000000,236300000000,0,0,46.82,46.82,259.45,259.75
Minyos,70.28,70.28,26.57,26.57,73,73,1.31,1.31,18.31,18.3,98.34,98.34,11740.87,11810.87,35.58,35.58,1216.25,1216.25,-34.41,-34.41,-27.19,-27.19,-25.16,-25.16,-24.91,-24.91,-34.66,-34.55,-21.01,-21.01,-50.56,-50.56,-32.45,-32.45,-28.25,-28.25,-36.25,-37.6,-40.55,-40.55,-33.38,-33.38,-29.05,-29.05,-45.77,-45.77,1797.66,1796.86,-47.81,-47.81,0,0,57.38,57.4,9934.59,9930.16,9382.66,9378.48,4039.06,4037.26,3512.23,3510.66,1666.02,1666.02,76.44,76.44,60.5,60.5,5.85,5.85,143.99,143.99,0.62,0.62,31.28,31.28,23.17,23.17,66.48,66.48,572,582,119.06,119.06,149.92,149.92,93.06,93.06,19.47,19.47,2508.73,2507.62,206.06,206.06,-73.43,-73.43,100.58,100.58,-1122.99,-1123.99,0.42,0.42,96.01,96.01,535.58,535.58,54,54,202,202,82.93,82.86,5644.65,5642.14,1772.16,1776.28,0.1,0.1,244.17,244.75,3.86,3.87,10.65,10.65,4383.42,4433.77,0.42,0.42,35.53,35.53,70.35,70.35,-156.73,-156.73,82.26,82.26,167.8,167.8,84385.18,84422.8,73229.78,73262.43,95800,95843,13221.03,13215.14,1.51,1.51,3988.89,3987.11,296900000000,297000000000,0,0,11.1,11.1,197.26,197.63
World Assembly Administered Territory,77.83,77.83,50.67,50.67,54.67,54.67,1.37,1.37,22.95,22.92,42,42,3174.3,3524.82,24.25,24.25,171,171,-12.33,-12.33,-7.59,-7.59,-12.49,-12.49,-7.01,-7.01,772.34,777.22,-11.17,-11.17,-4.69,-4.69,-14.28,-14.28,-12.96,-12.96,788.1,-9.06,-14.21,-14.21,-9.06,-9.06,-10.1,-10.1,-12.33,-12.33,4176.94,4203.35,205.96,207.26,0,0,16.16,16.25,1422.96,1431.96,9194.51,9252.66,2408.09,2423.32,1641.88,1652.26,119.98,119.98,72.82,72.82,12,12,29.04,29.04,38.45,38.45,1.93,1.93,50,50,6.85,6.85,50,50,185,195,65.84,65.84,104.75,104.75,90.1,90.12,16.04,16.04,2408.09,2423.32,56.22,56.22,31,31,71.82,72.39,5.22,3.86,1.97,1.97,93.42,93.42,572.31,572.31,0,0,62,62,52.8,52.51,875.67,881.21,1077.22,1087.99,0.32,0.32,222.46,223,9.16,9.16,17.16,17.16,1101.6,1170.97,1.27,1.23,38.96,38.96,61.2,61.2,-89.11,-89.11,11.83,11.83,101.85,101.85,36718.69,36488.27,31055.61,30860.73,42647,42380,3064.84,3084.22,2.57,2.57,547.29,550.75,1579500000000,1573800000000,10354.67,10070.76,7.4,7.4,13.27,14.37
Me and Julio,68.89,68.89,74,74,43.47,43.47,1.36,1.36,20.94,20.93,40.78,40.78,10348.96,10622.71,37.67,37.67,141.75,141.75,-17.61,-17.61,-13.86,-13.86,-15.17,-15.17,-11.49,-11.49,-16.04,-15.8,-10.95,-10.95,-15.03,-15.03,-21.91,-21.91,-15.78,-15.78,-15.81,-18.71,-20,-20,-15.49,-15.49,-15.81,-15.81,-21.19,-21.19,-7.34,-7.34,-20.03,-20.03,0,0,23.98,24.04,4923.29,4910.5,12257.99,12226.14,4722.34,4710.07,3215.21,3206.86,232.05,232.05,73.63,73.63,10.55,10.55,27.89,27.89,51.7,51.7,1.34,1.34,52.16,52.16,8.7,8.7,50,50,380,390,76.75,76.75,108.91,108.91,91.1,91.1,14.96,14.96,3315.69,3307.07,87.84,87.84,-70,-70,69.21,69.15,-55.05,-55.13,6.89,6.89,92.76,92.76,766.23,766.23,-2,-2,79,79,77.5,77.41,1205.7,1202.57,1303.51,1309.65,0.25,0.25,247.52,248.09,8.53,8.54,16.71,16.71,2400.69,2457.73,0.74,0.73,40.04,40.04,70.28,70.28,-111.8,-111.8,31.62,31.62,105.5,105.5,57773.33,57923.85,49150.45,49278.5,66754,66928,8238.98,8217.57,2.05,2.05,2109.98,2104.5,712800000000,714900000000,17794.19,17840.55,13.91,13.91,103.43,104.9
Veksar,69.72,69.72,100.17,100.17,71.24,71.24,1.31,1.31,15.58,15.57,116.24,116.24,29567.7,29687.25,36.42,36.42,216,216,-30.13,-30.13,-21.69,-21.69,-26.3,-26.3,-16.4,-16.4,-38.29,-38.19,-10.35,-10.35,-57.72,-57.72,-29.72,-29.72,-25.95,-25.95,-34.18,-35.61,-52.52,-52.52,-38.25,-38.25,-28.07,-28.07,-47.46,-47.46,54063.83,54044.34,-45.3,-45.3,0,0,53.98,54.01,18756.6,18749.84,13155.67,13150.93,9682.23,9678.74,6642.96,6640.57,5.46,5.46,76.44,76.44,80.25,80.25,5.32,5.32,226.76,226.76,0.46,0.46,91.23,91.23,38.81,38.81,82.5,82.5,1134,1144,127.44,127.44,150.15,150.15,96.5,96.5,18.5,18.5,-40,-40,229.9,229.9,26.57,26.57,99.55,99.56,-929.31,-930.31,0.41,0.41,96.13,96.13,562.41,562.41,274,274,321,321,32.05,32.04,10203.25,10199.57,2186.26,2189.69,0.1,0.1,143.53,143.97,1.48,1.48,55.9,55.9,6924.14,6970.24,0.31,0.31,36.5,36.5,98.83,98.83,-344.98,-344.98,270.7,270.7,155.79,155.79,180584.07,180649.18,156711.55,156768.05,205012,205086,28352,28341.78,1.46,1.46,-4.47,-4.47,639200000000,639500000000,722.34,722.6,0.22,0.22,279.19,279.48
Aetheris,78.67,78.67,52.89,52.89,76.67,76.67,3.23,3.23,33.17,33.02,43.68,43.68,-5.48,0,23,23,173.25,173.25,1747.41,1773.19,790.14,1202.68,5166.27,5242.47,2811.06,2852.52,-2.37,-1.55,547.02,2220.34,4254.57,4317.33,740.75,1252.8,-6,-6,4786.39,1002.24,1367.54,1387.71,2393.2,2428.5,987.67,1002.24,2887.03,2929.62,5774.06,5859.23,-3.58,-3.58,11168.25,11332.99,7.28,7.28,1044.65,1060.06,569.81,578.21,474.84,481.84,189.94,192.74,19.47,19.47,30.97,30.97,14.16,14.16,58.73,58.73,36.21,36.21,2.14,2.14,47.8,47.8,1,1,50.5,50.5,99,109,56.31,56.31,60.57,60.57,69.05,69.2,18.65,18.65,1519.49,1541.9,33.7,33.7,46.67,46.67,9.35,9.5,98.7,98.03,0.73,0.73,94.04,94.04,284.07,284.07,-4,-4,64,64,68.35,68.13,189.94,192.74,313.17,413.07,1.83,1.83,263.15,263.75,11.23,10.25,18.01,18.01,432.15,583.26,4.18,2.82,36.35,36.35,52.2,52.25,50.5,50.5,65.19,65.19,101.45,101.45,44072.82,43435.43,23534.74,23194.37,75992,74893,664.78,674.58,11.09,11.09,-6.32,-6.32,16100000000,17900000000,39974.05,39309.06,14.26,14.26,13.01,14.95
Kry Onei Ran,58.67,58.67,25.5,25.5,66.67,66.67,1.75,1.75,31.44,31.31,43.68,43.68,343.27,502.88,49,49,114.75,114.75,2013.87,1966.83,2525.58,2896.6,3158.12,3084.34,869.63,849.31,366.16,491.71,1718.2,2431.71,-8.12,-8.12,2121.89,2458.53,-7.94,-7.94,183.08,-9.59,2929.27,2860.84,663.66,648.16,1556.17,1519.82,2471.57,2413.83,1785.02,1743.32,95.2,92.98,5171.99,5051.17,13.38,13.49,1144.25,1117.51,858.18,838.14,915.4,894.01,514.91,502.88,1588.44,1588.44,57.2,57.2,15.09,15.09,40.29,40.29,27.72,27.72,12.03,12.03,51,51,1,1,51.48,51.48,103,113,64.67,64.67,99.43,99.43,70.96,71.12,12.09,12.09,1029.82,1005.76,91.17,91.17,25.5,25.5,34.77,34.07,52.87,53.24,1.65,1.65,93.49,93.49,734.06,734.06,-4,-4,64,64,52.99,52.81,629.34,614.63,751.91,840.75,0.31,0.31,186.15,186.65,9.75,9.72,10.96,10.96,514.69,619.74,1.8,1.69,42.91,42.91,48.59,48.65,64.81,64.81,51.96,51.96,104.81,104.81,35819.93,36675.94,26642.19,27278.87,46576,47689,915.4,894.01,2.69,2.69,400.49,391.13,30200000000,31800000000,23354.59,24169.45,13.65,13.65,10.97,12.58
Southern Eureka,70.96,70.96,69.87,69.87,63.56,63.56,2.93,2.93,22.38,22.37,42,42,10090.63,10357.4,34.56,34.56,148.5,148.5,-20.4,-20.4,-11.17,-11.17,-14.39,-14.39,-9.03,-9.03,-12,-11.75,-8.15,-8.15,-13.27,-13.27,-18.08,-18.08,-12,-12,-18.6,-21.12,-19.39,-19.39,-14.14,-14.14,-16.31,-16.31,-17.46,-17.46,-7.86,-7.86,-19.81,-19.81,0,0,23.92,23.98,12049.97,12018.5,6367.87,6351.24,8033.32,8012.33,1077.64,1074.82,13.55,13.55,34.14,34.14,10.55,10.55,44.44,44.44,75.37,75.37,0.97,0.97,53.09,53.09,3.3,3.3,49.01,49.01,308,318,82.41,82.41,118.72,118.72,90.35,90.36,12.83,12.83,9404.86,9380.29,35.38,35.38,33.8,33.8,70.87,70.79,-64.19,-64.25,2.41,2.41,93.33,93.33,578.94,578.94,-2,-2,115,115,44.21,44.12,-6.32,-6.32,1388.32,1393.85,0.24,0.24,140.61,141.05,9.66,9.67,18.47,18.47,2611.71,2667.71,0.64,0.64,42.17,42.17,71.18,71.18,-139.93,-139.93,96.02,96.02,99.76,99.76,56037.28,56184.03,31559.3,31641.95,92428,92670,8621.12,8598.6,1.92,1.92,97.97,97.71,553900000000,555300000000,16306.85,16405.74,18.23,18.23,130.78,131.41
Mygrdiyah,66.4,66.4,7.5,7.5,41.33,41.33,1.16,1.16,32.59,32.38,44.28,44.28,614.07,757.44,41.4,41.4,132.75,132.75,294.75,302.98,-5.8,-5.8,-7.87,-7.87,1408.27,1447.55,-7.87,-7.48,-4.1,-4.1,-12.57,-12.57,-6.82,-6.82,-4.69,-4.69,949.76,-6.48,-1.41,-1.41,-7.87,-7.87,-9.59,-9.59,-7.87,-7.87,-5.1,-5.1,-9.8,-9.8,294.75,302.98,16.4,16.49,1432.83,1472.8,982.52,1009.92,1023.45,1052,736.89,757.44,13.96,13.96,85.87,85.87,14.16,14.16,20.45,20.45,27.45,27.45,12.74,12.74,52.16,52.16,1,1,50,50,98,108,67.21,67.21,99.78,99.78,69.65,69.88,21.65,21.65,982.52,1009.92,99.94,99.94,-92.5,-92.5,70.72,72.03,1.24,-0.92,7.12,7.12,92.73,92.73,1128.23,1128.23,0,0,64,64,75.4,75.3,818.76,841.6,828.73,921.56,0.26,0.26,111.34,111.73,9.58,9.59,18.33,18.33,564.32,659.06,1.7,1.61,33.35,33.35,45.24,45.32,-95.13,-95.13,77.14,77.14,105.16,105.16,15538.48,15121.87,14340.24,13955.76,16699,16251,1187.21,1220.32,2.47,2.47,573.13,589.12,41500000000,42700000000,4552.77,4234.12,6.59,6.59,7.21,7.28
Ausaland,47.33,47.33,44.89,44.89,72,72,2.66,2.66,30.56,30.46,42,42,137.92,348.37,57.5,57.5,96.75,96.75,3475.68,3511.53,3296.93,3544.97,1268.9,1281.99,3972.2,4013.17,1324.07,1504.94,4870.36,6064.35,3475.68,3511.53,3310.17,3344.31,1599.92,1616.42,3199.83,445.91,441.36,445.91,2206.78,2229.54,2096.44,2118.06,2923.98,2954.14,1986.1,2006.59,559.79,565.57,8220.26,8305.04,10.72,10.86,1103.39,1114.77,758.58,766.4,1034.43,1045.1,344.81,348.37,468.75,468.75,37.63,37.63,13.62,13.62,54.1,54.1,28.88,28.88,7.74,7.74,50,50,1,1,50.99,50.99,108,118,62.42,62.42,98.07,98.07,72.12,72.25,11.86,11.86,1034.43,1045.1,64.55,64.55,40.67,40.67,14.48,15.6,87.41,85.5,0.86,0.86,93.77,93.77,609,609,-8,-8,64,64,66.12,65.7,482.73,487.71,657.82,741.13,0.32,0.32,76.96,77.28,9.99,9.96,15.95,15.95,564.76,659.44,1.94,1.81,43.14,43.14,52.31,52.36,-75.5,-75.5,89.44,89.44,106.18,106.18,51414.49,50891.88,30524.69,30214.42,81123,80299,827.54,836.08,3.01,3.01,206.89,209.02,24900000000,26400000000,43959.39,42952.75,13.97,13.97,17.82,20
Holy Kid Island Empire,71.87,71.87,12.33,12.33,76.67,76.67,1.29,1.29,31.95,31.87,45.83,45.83,258.18,398.37,33.2,33.2,150.75,150.75,289.16,278.86,2891.15,3202.93,289.16,278.86,-8.12,-8.12,-2.9,-2,2518.55,3314.47,-2.79,-2.79,-3.46,-3.46,-9.17,-9.17,-7.48,-12.49,289.16,278.86,202.41,195.2,1115.32,1075.61,-8.12,-8.12,702.24,677.24,42.96,41.43,578.31,557.72,13.6,13.71,1703.96,1643.29,877.8,846.54,826.16,796.75,413.08,398.37,485.41,485.41,77.47,77.47,16.29,16.29,33.73,33.73,32.6,32.6,2.74,2.74,46.97,46.97,1,1,50.99,50.99,102,112,65.82,65.82,104,104,70.36,70.45,26.74,26.74,1187.61,1145.33,65.83,65.83,-87.67,-87.67,53.02,51.22,35.36,35.67,0.74,0.74,94,94,585.12,585.12,-4,-4,64,64,76.14,76.05,516.35,497.97,669.46,753.49,0.38,0.38,101.1,101.46,9.54,9.5,15.87,15.87,532.37,632.84,1.92,1.79,28.26,28.26,45.8,45.83,54.77,54.77,-47.96,-47.96,105.5,105.5,20230.62,20960.05,17680.82,18318.32,22823,23646,1032.7,995.93,2.57,2.57,464.72,448.17,37800000000,40400000000,9508.39,10228.5,15.45,15.45,8.87,9.99
Etina,66.22,66.22,39.56,39.56,57.33,57.33,2.36,2.36,32.64,32.49,42,42,290.56,554.68,41.67,41.67,132.75,132.75,774.83,739.57,0,0,-8.37,-8.37,-5.48,-5.48,774.83,961.44,619.86,591.65,3486.72,3328.05,-3.87,-3.87,387.41,369.78,-8.37,-13.04,2324.48,2218.7,3486.72,3328.05,387.41,369.78,1162.24,1109.35,2711.9,2588.49,-6.06,-6.06,4261.55,4067.62,9.49,9.64,871.68,832.01,871.68,832.01,1162.24,1109.35,581.12,554.68,119.98,119.98,42.42,42.42,12,12,44.14,44.14,25.29,25.29,16.79,16.79,50,50,1,1,50,50,100,110,58.02,58.02,67.02,67.02,69.6,69.76,7.78,7.78,1162.24,1109.35,53.67,53.67,36.67,36.67,25.55,24.38,75.8,76.3,3.5,3.5,93.16,93.16,651.72,651.72,0,0,64,64,64.1,63.78,774.83,739.57,602.11,738.87,0.36,0.36,159.17,159.63,9.88,9.82,17.16,17.16,519.78,623.35,2.06,1.81,47.22,47.22,49.85,49.9,-48.99,-48.99,-33.17,-33.17,100.2,100.2,33232.34,34778.17,21052.66,22031.94,49626,51934,774.83,739.57,8.55,8.55,96.85,92.45,49100000000,54400000000,24724.86,26292.29,6.69,6.69,9.72,10.41
OhWow,65.2,65.2,27.67,27.67,60,60,1.45,1.45,29.55,29.47,42,42,965.25,1152.6,43.2,43.2,128.25,128.25,-8.37,-8.37,1544.41,1536.8,-7.75,-7.75,360.36,358.59,3346.21,3483.41,-8,-8,2059.21,2049.06,2574.01,2561.33,1853.29,1844.16,-7.07,-12.25,-12.65,-12.65,-8.89,-8.89,1287,1280.66,-11.83,-11.83,2368.09,2356.42,86.49,86.06,2059.21,2049.06,13.64,13.75,1222.65,1216.63,1287,1280.66,1222.65,1216.63,772.2,768.4,644.28,644.28,69.1,69.1,14.16,14.16,35.1,35.1,30.58,30.58,3.5,3.5,51,51,2.52,2.52,51.48,51.48,139,149,65.32,65.32,101.69,101.69,73.62,73.75,11.62,11.62,1351.35,1344.7,53.66,53.66,25.67,25.67,41.76,42.19,44.12,43.24,2.35,2.35,93.34,93.34,743.31,743.31,-4,-4,64,64,52.2,51.95,707.85,704.37,1057.7,1069.74,0.35,0.35,191.14,191.64,9.89,9.9,15.15,15.15,843.17,919.13,1.35,1.3,43.38,43.38,50.73,50.77,-71.41,-71.41,45.83,45.83,104.46,104.46,34500.98,34676.81,28378.92,28523.55,41070,41279,1287,1280.66,2.62,2.62,386.1,384.2,386200000000,396000000000,20079.57,20043.2,13.76,13.76,11.54,12.42
Yotimmoto,66.17,66.17,96.09,96.09,62.67,62.67,1.5,1.5,19.64,19.64,51.1,51.1,15693.73,15944.94,41.75,41.75,78.75,78.75,-22.85,-22.85,-15.28,-15.28,-19.18,-19.18,-13.01,-13.01,-20.33,-20.14,-13.89,-13.89,-22.58,-22.58,-22.62,-22.62,-22.14,-22.14,-20.05,-22.41,-24.94,-24.94,-16.09,-16.09,-16.19,-16.19,-25.85,-25.85,-9.56,-9.56,-24.27,-24.27,0,0,29.55,29.6,8171.88,8157.88,14857.97,14832.5,8543.33,8528.69,4457.39,4449.75,496.32,496.32,66.83,66.83,19.56,19.56,25.27,25.27,74.16,74.16,0.98,0.98,41.19,41.19,10.95,10.95,49.5,49.5,470,480,89.27,89.27,121.06,121.06,91.94,91.95,8.68,8.68,4271.67,4264.34,123.06,123.06,38.57,38.57,77.33,77.3,-127.12,-127.19,0.68,0.68,94.28,94.28,603.69,603.69,0,0,76,76,44.73,44.63,3064.46,3059.2,1419.62,1424.97,0.17,0.17,13.79,13.93,5.81,5.81,15.83,15.83,3030.47,3084.74,0.61,0.61,46.32,46.32,82.34,82.34,-123.26,-123.26,53.08,53.08,112.08,112.08,81068.78,81207.96,65511.87,65624.34,98024,98192,12815,12793.03,1.8,1.8,1857.25,1854.06,681700000000,682900000000,18402.61,18434.21,0.89,0.89,119.35,120.1
Myeass,55.73,55.73,24.67,24.67,69.11,69.11,1.43,1.43,27.45,27.4,46.3,46.3,1524.17,1705.26,51.2,51.2,110.25,110.25,-11.22,-11.22,-9.63,-9.63,-10,-10,-9.9,-9.9,2133.83,2273.68,8291.47,8245.89,-8.37,-8.37,-9.33,-9.33,-7.62,-7.62,-9.27,-13.64,-12.08,-12.08,-5.81,-5.81,-6,-6,-8.12,-8.12,990.71,985.26,365.8,363.79,0,0,17.2,17.29,2095.73,2084.21,2603.78,2589.47,1587.67,1578.95,762.08,757.89,1100.21,1100.21,69.89,69.89,17.69,17.69,38.58,38.58,30.39,30.39,3.79,3.79,51,51,3.3,3.3,52.44,52.44,144,154,68.72,68.72,105.78,105.78,77.49,77.59,13.65,13.65,1079.62,1073.68,104.95,104.95,24.67,24.67,68.69,68.77,-0.67,-1.55,1.09,1.09,93.65,93.65,728.41,728.41,0,0,67,67,48.79,48.62,1016.11,1010.53,1070.89,1082.03,0.23,0.23,137.8,138.23,9.46,9.46,13.04,13.04,885.74,960.31,1.29,1.25,41.35,41.35,51.69,51.72,-42.43,-42.43,-56.57,-56.57,104.81,104.81,30935.51,31106.51,25600.03,25741.54,36630,36832,1905.21,1894.74,2.37,2.37,825.59,821.05,203400000000,205000000000,9682.81,9705.23,7.24,7.24,15.18,16.34
Selucrayse,69.87,69.87,26.67,26.67,72,72,1.45,1.45,29.03,28.94,45.83,45.83,1319.38,1530.22,36.2,36.2,144,144,897.18,904.82,-6.07,-6.07,-7.75,-7.75,-5.66,-5.66,4063.7,4258,-7.64,-7.64,-8.83,-8.83,-8.49,-8.49,-4.9,-4.9,897.18,-8.12,-6.78,-6.78,-8.53,-8.53,1688.81,1703.2,1055.51,1064.5,3060.97,3087.05,-12.49,-12.49,897.18,904.82,16.64,16.73,2572.79,2594.72,1517.29,1530.22,1055.51,1064.5,1187.44,1197.56,1229.34,1229.34,69.1,69.1,18.02,18.02,39.98,39.98,34.15,34.15,2.42,2.42,52.16,52.16,1,1,53.38,53.38,133,143,68.96,68.96,102.39,102.39,74.48,74.63,19.98,19.98,1517.29,1530.22,77.64,77.64,-77.33,-77.33,66.79,67.31,8.6,7.04,0.92,0.92,93.73,93.73,582.47,582.47,-8,-8,67,67,76.55,76.45,1055.51,1064.5,1052.74,1065.18,0.32,0.32,272.25,272.85,10.62,10.67,12.47,12.47,792.67,870.53,1.37,1.32,35.02,35.02,50.79,50.84,-52.92,-52.92,-14.14,-14.14,110,110,32153.33,31881.74,26447.85,26224.45,38275,37952,1715.2,1729.81,2.36,2.36,857.6,864.91,26900000000,27100000000,10674.91,10425.33,13,13,10.08,10.81
Norvikeland,71.17,71.17,98.4,98.4,70.57,70.57,1.52,1.52,20.06,20.05,12.74,12.74,14813.59,15051.45,34.25,34.25,212.5,212.5,-27.82,-27.82,-21.98,-21.98,-19.87,-19.87,-10.79,-10.79,-18.63,-18.47,-19.02,-19.02,-26.27,-26.27,-21.11,-21.11,-14,-14,-19.34,-21.77,-20.35,-20.35,-25.53,-25.53,-22.67,-22.67,-28.93,-28.93,9135.57,9122.22,-28.61,-28.61,0,0,30.32,30.36,12647.86,12629.38,17325.83,17300.52,6237.3,6228.19,4071.57,4065.62,1406.5,1406.5,65.62,65.62,0.42,0.42,72.53,72.53,111.52,111.52,0.73,0.73,71.86,71.86,2.93,2.93,48.04,48.04,255,265,75.16,75.16,117.82,117.82,91.65,91.66,14.41,14.41,2252.36,2249.07,59.98,59.98,40.14,40.14,93.61,93.65,-232.04,-233.04,0.68,0.68,94.26,94.26,453.17,453.17,32,32,156,156,39.51,39.41,1732.58,1730.05,1394.58,1400.07,0.17,0.17,181.25,181.74,9.86,9.87,11.71,11.71,2969.91,3024.41,0.64,0.63,40.59,40.59,94.74,94.74,-209.53,-209.53,148.79,148.79,39.8,39.8,88747.77,88877.62,71023.45,71127.36,108231,108389,19924.71,19895.6,2.1,2.1,-12.25,-12.25,2556500000000,2560700000000,5679.86,5688.17,0.34,0.34,151.93,152.44
Tarrsonis,73.47,73.47,44.67,44.67,58.22,58.22,1.34,1.34,24.13,24.03,44.28,44.28,1654.16,1974.23,30.8,30.8,157.5,157.5,-4.9,-4.9,4605.17,4779.34,3242.15,3364.77,5293.3,5493.5,-2.28,-1.77,-9.67,-9.67,-4.27,-4.27,-7.94,-7.94,-8.75,-8.75,3506.81,206.01,-8,-8,833.7,865.23,-3.74,-3.74,-8.6,-8.6,7675.29,7965.57,-10.7,-10.7,3242.15,3364.77,14.59,14.7,1240.62,1287.54,5872.26,6094.35,1157.91,1201.7,661.66,686.69,1039.06,1039.06,74.85,74.85,16.29,16.29,27.92,27.92,40.26,40.26,1.8,1.8,47.8,47.8,6.47,6.47,52.44,52.44,178,188,66.35,66.35,102.02,102.02,86.57,86.89,14.12,14.12,1736.87,1802.55,67.65,67.65,28.5,28.5,50.03,53.56,32.29,29.29,1.56,1.56,93.51,93.51,623.72,623.72,-4,-4,65,65,54.46,53.94,165.42,171.67,1075.86,1086.7,0.39,0.39,218.28,218.82,9.3,9.3,13.32,13.32,1014.6,1085.79,1.28,1.24,40.88,40.88,58.77,58.88,-72.8,-72.8,101,101,103,103,42773.2,41214.96,36708.34,35371.05,49041,47254,1819.57,1888.39,2.53,2.53,330.83,343.34,841500000000,815000000000,21386.6,19123.74,14.86,14.86,20.97,22.55
Seafoam Island,81.56,81.56,100.1,100.1,81.78,81.78,1.54,1.54,20.17,20.16,65.68,65.68,18833.82,18990.57,18.67,18.67,220.5,220.5,672.64,672.23,-17.66,-17.66,-18.14,-18.14,-9.8,-9.8,-14.39,-14.18,-14,-14,-14.87,-14.87,-22.58,-22.58,-4.47,-4.47,-23.45,-25.5,-30.5,-30.5,-23.96,-23.96,-18.44,-18.44,-32.25,-32.25,9851.88,9845.97,2403.55,2402.11,672.64,672.23,47.59,47.62,16031.17,16021.54,14629.84,14621.06,6838.47,6834.36,10033.49,10027.47,1385.6,1385.6,64.97,64.97,38.16,38.16,8.15,8.15,138.66,138.66,0.63,0.63,72.05,72.05,0.53,0.53,65.81,65.81,473,483,101.38,101.38,130.34,130.34,91.58,91.58,24.72,24.72,14125.37,14116.88,65.36,65.36,-59,-59,98.99,99,-751.3,-752.3,2.15,2.15,93.38,93.38,250,250,15,15,136,136,77.57,77.49,5100.83,5097.76,1604.57,1609.15,0.16,0.16,370.64,371.34,18.67,18.72,11.8,11.8,4197.72,4248.52,0.49,0.49,30.28,30.28,97.19,97.19,-250.64,-250.64,202.64,202.64,143.94,143.94,139888.2,139972.26,111353.79,111420.7,171401,171504,20683.57,20671.15,1.65,1.65,3138.97,3137.09,945400000000,946100000000,1398.88,1399.72,0.49,0.49,153.2,153.7
Kemoratia,67.11,67.11,69.83,69.83,67.33,67.33,6.42,6.42,32.99,32.83,42,42,358.93,629.48,40.33,40.33,135,135,2153.57,2158.2,2584.28,2589.84,3230.35,3237.3,3589.28,3597,1651.07,1870.44,7350.85,8057.29,2871.42,2877.6,5383.92,5395.51,4666.06,4676.11,1435.71,-7.75,1435.71,1438.8,-3.16,-3.16,5383.92,5395.51,2153.57,2158.2,-6.32,-6.32,8405.47,8423.55,8255.34,8273.11,8.19,8.37,628.12,629.48,628.12,629.48,807.59,809.33,358.93,359.7,109.99,109.99,15.57,15.57,12,12,64.68,64.68,26.38,26.38,14.95,14.95,50,50,1,1,50,50,110,120,53.48,53.48,41.96,41.96,69.23,69.39,11.68,11.68,897.32,899.25,55.28,55.28,63.75,63.75,7.85,8.1,108.92,107.63,1.51,1.51,93.52,93.52,368.7,368.7,0,0,64,64,71.4,71.21,538.39,539.55,416.5,482.87,0.49,0.49,163.45,163.92,12.14,12.02,17.21,17.21,596.45,687.1,2.79,2.43,43.32,43.32,55.49,55.55,-28.28,-28.28,72.8,72.8,99.3,99.3,61465.8,61335.49,22399.85,22352.36,143904,143599,538.39,539.55,14.12,14.12,-3.16,-3.16,68300000000,70000000000,56671.47,56367.31,6.32,6.32,24.07,26.14
Austright,42.67,42.67,20.5,20.5,66.67,66.67,1.55,1.55,31.24,31.12,43.68,43.68,478.31,680.53,61,61,87.75,87.75,-7.35,-7.35,-6.77,-6.57,163.99,163.33,1257.27,1252.17,-2.37,-1.55,-1.26,-1.26,1147.94,1143.28,1571.59,1565.21,2295.89,2286.57,-2,-10.2,-4.9,-4.9,1093.28,1088.84,-5.83,-5.83,437.31,435.54,2623.87,2613.22,448.24,446.42,1311.94,1306.61,13.19,13.3,1434.93,1429.1,1093.28,1088.84,1366.6,1361.05,341.65,340.26,496.32,496.32,64.59,64.59,14.64,14.64,36.87,36.87,26.12,26.12,15.42,15.42,50,50,1,1,50.99,50.99,102,112,65.07,65.07,102.18,102.18,71.22,71.36,17.08,17.08,1298.27,1293,79.93,79.93,20.5,20.5,52.39,53.01,40.05,39.05,1.65,1.65,93.49,93.49,893.62,893.62,-4,-4,64,64,51.23,51,819.96,816.63,704.65,790.79,0.28,0.28,49.22,49.48,9.94,9.94,15.83,15.83,541.99,640.48,1.86,1.75,37.92,37.92,47.64,47.69,-53.39,-53.39,56.12,56.12,105.16,105.16,24459.39,24564.26,19409.32,19492.53,30052,30181,1161.61,1156.89,2.64,2.64,546.64,544.42,65900000000,69000000000,11642.67,11545.2,14.42,14.42,8.4,8.93
Natiateplo,74.89,74.89,64.83,64.83,75.33,75.33,4.29,4.29,31.07,30.95,44.28,44.28,206.65,520.67,28.67,28.67,162,162,909.27,916.38,5554.79,5598.22,3389.09,3415.58,-3.29,-3.29,6199.55,6497.93,-6.57,-6.57,1901.19,1916.06,1136.58,1145.47,2107.85,2124.32,1322.57,-8.25,-7.62,-7.62,2603.81,2624.17,2149.18,2165.98,1322.57,1332.91,2810.46,2832.43,1587.08,1599.49,6199.55,6248.01,7.42,7.62,1859.86,1874.4,826.61,833.07,0,0,206.65,208.27,105.17,105.17,23.28,23.28,15.51,15.51,62.26,62.26,33.3,33.3,2.58,2.58,51.62,51.62,1,1,51.48,51.48,129,139,57.24,57.24,60.58,60.58,71.44,71.59,16.43,16.43,1033.26,1041.34,45.56,45.56,54.25,54.25,9.13,9.48,100.78,99.26,0.75,0.75,93.97,93.97,284.54,284.54,-8,-8,64,64,69.15,68.9,103.33,104.13,648.07,730.78,1.3,1.3,252.3,252.88,13.14,13.19,17.24,17.24,723.77,804.83,1.96,1.83,38.57,38.57,55.56,55.61,62.37,62.37,14.49,14.49,105.16,105.16,49571.58,49188.53,22627.83,22452.98,97182,96431,1136.58,1145.47,9.8,9.8,-4.47,-4.47,34400000000,35900000000,45060.57,44515.62,11.95,11.95,18.3,19.66
Lord Stalker,77,77,76.67,76.67,11,11,2.71,2.71,29.73,29.66,38.06,38.06,742.06,1075,25.5,25.5,168.75,168.75,-4.47,-4.47,2544.21,2579.99,1102.49,1118,4240.34,4299.99,6190.9,6535.98,-9.38,-9.38,4749.19,4815.99,530.04,537.5,2459.4,2493.99,2120.17,-7.07,4240.34,4299.99,4028.33,4084.99,-4.47,-4.47,848.07,860,3349.87,3396.99,6989.13,7087.44,5851.68,5933.98,8.72,8.89,-13.04,-13.04,954.08,967.5,636.05,645,954.08,967.5,1034.67,1034.67,36.86,36.86,11.33,11.33,29.22,29.22,21.24,21.24,22.05,22.05,51,51,3.3,3.3,52.44,52.44,142,152,55.38,55.38,37.96,37.96,73.33,73.44,24.37,24.37,1908.16,1934.99,23.9,23.9,58,58,11.55,12.81,93.43,91.55,21.68,21.68,91.61,91.61,664.39,664.39,0,0,67,67,70.97,70.75,106.01,107.5,607.9,688.05,0.83,0.83,246.77,247.34,13.21,13.27,13.34,13.34,780.83,859.18,2.05,1.89,30.63,30.63,58.95,58.99,-62.85,-62.85,72.46,72.46,92.09,92.09,57385.63,56623.3,33689.08,33241.54,91407,90193,530.04,537.5,12.21,12.21,-15.49,-15.49,591900000000,632700000000,50786.28,49375.51,6.21,6.21,20.38,21.85
Anglenadst,42,42,71.78,71.78,72,72,5.11,5.11,32.32,32.09,40.78,40.78,95.83,369.33,61.5,61.5,87.75,87.75,5826.55,5613.87,-6.65,-5.51,843.32,812.53,843.32,812.53,5519.89,5540,2806.71,5436.59,1379.97,1329.6,-5.92,-4.58,1379.97,1329.6,5059.9,1181.87,4676.57,4505.87,1226.64,1181.87,-6.16,-6.16,2759.94,2659.2,3909.92,3767.2,5824.5,5611.9,8049.83,7756,9.22,9.38,191.66,184.67,670.82,646.33,1724.96,1662,958.31,923.33,7.92,7.92,19.58,19.58,10.55,10.55,64.47,64.47,25.34,25.34,16.71,16.71,46.97,46.97,1,1,50,50,100,110,58.15,58.15,78.32,78.32,69.94,70.19,12.99,12.99,2012.46,1939,55.49,55.49,58.67,58.67,10.08,9.77,97.3,98.53,0.82,0.82,93.8,93.8,500.51,500.51,-8,-8,64,64,70.78,70.7,574.99,554,459.31,626.58,0.35,0.35,73.32,73.63,12.59,10.82,32.68,32.68,441.95,587.41,2.54,2.01,42.01,42.01,56.4,56.48,-17.32,-17.32,37.42,37.42,105.5,105.5,59169.6,61410.76,24531.34,25460.52,125267,130012,574.99,554,8.33,8.33,-4.47,-4.47,15000000000,17200000000,53193.47,55392.51,15.97,15.97,14.47,17.12
Astoura,51,51,71.78,71.78,72.67,72.67,7.45,7.45,32.65,32.41,43,43,0,243.04,54.75,54.75,103.5,103.5,5229.72,5055.22,4744.29,5412.33,2883.05,2786.85,5162.67,4990.41,3285.33,3370.15,756.3,1866.54,3486.48,3370.15,150.86,243.04,1106.29,1069.37,3218.29,-2,871.62,842.54,6369.52,6157,5900.19,5703.33,-4.9,-4.9,6101.33,5897.76,4368.74,4222.98,11599.24,11212.23,8.19,8.37,83.81,81.01,670.48,648.11,1005.71,972.16,251.43,243.04,457.39,457.39,13.42,13.42,14.16,14.16,68.5,68.5,30.76,30.76,3.39,3.39,50,50,1,1,50.99,50.99,100,110,56.93,56.93,65.68,65.68,69.59,69.84,13.7,13.7,1089.52,1053.17,54.44,54.44,66.67,66.67,6.75,6.52,115.81,117.5,0.79,0.79,93.84,93.84,391.17,391.17,-8,-8,64,64,72.64,72.59,419.05,405.07,508.27,707.42,0.45,0.45,88.53,88.88,12.67,11,15.99,15.99,458.46,594.24,2.33,1.86,41.3,41.3,56.62,56.71,-62.05,-62.05,90.28,90.28,105.16,105.16,67636.23,69970.7,22657.57,23439.6,168838,174666,419.05,405.07,10.24,10.24,-3.16,-3.16,8300000000,9400000000,63036.96,65422.61,13.71,13.71,20.63,23.36
Mount Seraph,79,79,27,27,70,70,1.9,1.9,32,31.91,45.83,45.83,-4.47,70.47,22.5,22.5,175.5,175.5,-5.48,-5.48,245.74,338.24,798.67,732.86,-7.87,-7.87,921.54,1014.73,548.32,1352.97,860.1,789.23,2208.62,2818.69,-7.75,-7.75,921.54,-8.37,2457.44,2254.95,-7.21,-7.21,-8.37,-8.37,614.36,563.74,1996.67,1832.15,3064.82,2812.28,1658.77,1522.09,10.1,10.15,1535.9,1409.34,767.95,704.67,0,0,-3.16,-3.16,2058.6,2058.6,52.64,52.64,18.02,18.02,43.39,43.39,33.23,33.23,2.59,2.59,51.62,51.62,1,1,53.38,53.38,102,112,62.78,62.78,85.56,85.56,70.3,70.4,21.34,21.34,691.15,634.2,54.46,54.46,29,29,28.81,25,70.03,73.03,1.06,1.06,93.67,93.67,454.92,454.92,-4,-4,67,67,55.1,55.1,230.38,211.4,762.02,970.08,0.68,0.68,270.42,271.02,9.79,9.64,9.2,9.2,462.49,595.88,1.78,1.57,33.66,33.66,48.67,48.7,59.58,59.58,-47.43,-47.43,103,103,27742.1,30224,19736.92,21502.65,37494,40848,998.33,916.07,2.95,2.95,0,0,23600000000,25800000000,19752.37,22668,11.68,11.68,11.52,13.13
Wrestlemaniac,82.67,82.67,73.11,73.11,97,97,3.72,3.72,33.84,33.64,42,42,884.48,1258.34,17.33,17.33,186.75,186.75,4953.09,4932.7,-6.45,-6.45,1415.17,1409.34,1920.59,1912.68,1273.65,1268.41,-10.04,-10.04,-6.48,-6.48,6191.36,6165.88,-4.69,-4.69,-5.66,-11.49,-10.58,-10.58,4447.67,4429.36,-1.41,-1.41,3436.84,3422.69,1920.59,1912.68,9643.36,9603.67,6368.26,6342.05,6,6.24,505.42,503.34,505.42,503.34,126.35,125.83,126.35,125.83,95.92,95.92,26.89,26.89,12,12,89.58,89.58,36.69,36.69,2.09,2.09,50,50,1,1,50,50,130,140,52.86,52.86,45.93,45.93,68.42,68.6,33.24,33.24,884.48,880.84,45.34,45.34,68.67,68.67,8.63,8.91,102.3,101.3,1.16,1.16,93.63,93.63,72.41,72.41,0,0,64,64,71.5,71.33,379.06,377.5,438.46,506.58,1.37,1.37,271.98,272.59,13.13,13.13,17.29,17.29,759.03,838.34,2.65,2.34,21.76,21.76,55.89,55.95,-25.5,-25.5,45.28,45.28,97.83,97.83,45533.06,45723.12,22502.24,22596.17,83686,84035,379.06,377.5,14.64,14.64,-6.32,-6.32,105100000000,107800000000,41617.21,41653.77,4.09,4.09,20.8,22.41
1st Northern Polish division,77.5,77.5,72.5,72.5,66,66,7.87,7.87,36.45,36.45,40.78,40.78,270.81,270.81,24.75,24.75,171,171,5271.85,5271.85,6895.66,6895.66,5632.94,5632.94,3755.29,3755.29,3177.56,3177.56,924.38,924.38,722.17,722.17,4784.39,4784.39,2744.25,2744.25,5271.85,5271.85,1661,1661,2780.36,2780.36,938.82,938.82,3105.34,3105.34,2599.82,2599.82,207.99,207.99,11626.97,11626.97,6.24,6.24,0,0,451.36,451.36,180.54,180.54,90.27,90.27,9.01,9.01,12.7,12.7,13,13,64.46,64.46,32.04,32.04,2.89,2.89,53.09,53.09,1,1,51.48,51.48,115,115,48.29,48.29,24.56,24.56,66.41,66.41,17.56,17.56,722.17,722.17,47.21,47.21,67.75,67.75,5.48,5.48,121.76,121.76,1.65,1.65,93.49,93.49,265.87,265.87,0,0,64,64,72.64,72.64,361.09,361.09,420.56,420.56,1.4,1.4,303.95,303.95,12.86,12.86,26.56,26.56,609.1,609.1,2.76,2.76,37.44,37.44,56.08,56.08,44.72,44.72,76.16,76.16,98.34,98.34,63700.24,63700.24,20678.81,20678.81,162810,162810,722.17,722.17,16.97,16.97,-6.32,-6.32,437300000000,438800000000,60196.73,60196.73,1.52,1.52,23.49,23.49
Lubey 1,67.11,67.11,49.67,49.67,46.67,46.67,3,3,34.67,34.67,43.68,43.68,576.73,576.73,40.33,40.33,135,135,-4.9,-4.9,-5.93,-5.93,999.66,999.66,2537.59,2537.59,-5.48,-5.48,369.1,369.1,461.38,461.38,-5.74,-5.74,4075.53,4075.53,1384.14,1384.14,-8.6,-8.6,3191.22,3191.22,-5.83,-5.83,-8.6,-8.6,3691.05,3691.05,7737.44,7737.44,1461.04,1461.04,8.43,8.43,576.73,576.73,480.61,480.61,384.48,384.48,192.24,192.24,23.5,23.5,33.35,33.35,14.16,14.16,42.54,42.54,25.66,25.66,16.19,16.19,51,51,1,1,50.5,50.5,121,121,54.38,54.38,38.12,38.12,67.71,67.71,8.37,8.37,2018.54,2018.54,42.53,42.53,44.25,44.25,14.16,14.16,89.91,89.91,5.63,5.63,92.89,92.89,644.03,644.03,0,0,64,64,67.21,67.21,480.61,480.61,614.09,614.09,0.43,0.43,190.5,190.5,10.02,10.02,17.93,17.93,686.15,686.15,2.03,2.03,46.63,46.63,51.21,51.21,-50,-50,61.64,61.64,99.3,99.3,42144.92,42144.92,23431.32,23431.32,70268,70268,961.21,961.21,13.28,13.28,-13.04,-13.04,512400000000,515200000000,36160.34,36160.34,7.34,7.34,12.67,12.67
Gridlands WA puppet state,71,71,34.22,34.22,68.67,68.67,1.38,1.38,28.76,28.69,45.83,45.83,1087.33,1303.07,34.5,34.5,148.5,148.5,405.93,405.4,487.12,486.48,2609.58,2606.15,463.93,463.32,397.82,397.29,-5.14,-5.14,1507.76,1505.77,-4.42,-4.42,1855.7,1853.26,115.98,-9.8,-6,-6,-4.56,-4.56,2145.65,2142.83,-8.12,-8.12,3972.36,3967.14,1816.12,1813.74,4523.27,4517.32,14.42,14.53,1812.21,1809.83,1377.28,1375.47,724.88,723.93,1159.81,1158.29,1207.99,1207.99,72.28,72.28,18.02,18.02,36.13,36.13,31.74,31.74,2.99,2.99,51.62,51.62,2.52,2.52,53.38,53.38,138,148,66.69,66.69,98.17,98.17,74.94,75.07,18.87,18.87,2174.65,2171.79,50.51,50.51,-77.33,-77.33,48.21,48.88,34.54,33.46,1.06,1.06,93.67,93.67,609,609,-8,-8,67,67,77.14,77.05,797.37,796.32,1058.53,1070.51,0.37,0.37,210.87,211.4,9.74,9.74,12.56,12.56,779.36,857.77,1.34,1.3,36.13,36.13,51.55,51.59,53.39,53.39,40.62,40.62,108.14,108.14,38081.17,38132.44,32081.65,32124.85,44384,44444,1522.26,1520.25,2.5,2.5,-9.49,-9.49,160600000000,162800000000,19726.05,19485.68,13.94,13.94,13.3,14.4
Alliance Expeditionary Force,61.33,61.33,37,37,57.33,57.33,2.23,2.23,32.45,32.3,42,42,493.19,735.43,47,47,119.25,119.25,657.58,653.72,2367.29,2353.39,4274.28,4249.18,1643.95,1634.3,2170.02,2353.39,-4.47,-4.47,-6.32,-6.32,3698.89,3677.17,2630.32,2614.88,0,-10,-10.95,-10.95,-8.37,-8.37,3616.69,3595.46,3945.49,3922.32,-8.37,-8.37,1117.89,1111.32,4931.86,4902.9,9.64,9.8,739.78,735.43,739.78,735.43,986.37,980.58,493.19,490.29,119.98,119.98,44.87,44.87,12,12,43.04,43.04,22.88,22.88,20.13,20.13,50,50,1,1,50,50,110,120,58.41,58.41,69.67,69.67,69.79,69.96,6.64,6.64,986.37,980.58,86.92,86.92,34.75,34.75,21.16,21.73,78.91,78.03,3.5,3.5,93.16,93.16,714.11,714.11,0,0,64,64,63.3,62.65,657.58,653.72,586.52,665.27,0.31,0.31,138.24,138.67,11.48,11.53,17.16,17.16,620.98,709.16,2.1,1.93,48.36,48.36,49.47,49.53,60,60,53.85,53.85,100.2,100.2,36068.31,36297.78,23552.07,23701.91,52484,52818,657.58,653.72,7.85,7.85,82.2,81.71,198700000000,208300000000,28421.83,28421.16,6.95,6.95,11.19,12.03
A T-14 Armata,62.67,62.67,7,7,16,16,1.15,1.15,33.31,33.11,39.43,39.43,738.54,861.41,46,46,121.5,121.5,-2.83,-2.83,-2.53,-2.53,984.72,1004.98,-5.02,-5.02,-4.24,-3.46,1170.42,1194.49,-2.37,-2.37,562.7,574.28,-11.31,-11.31,731.51,-6.93,309.48,315.85,309.48,315.85,-9.9,-9.9,450.16,459.42,-7.21,-7.21,-12.65,-12.65,984.72,1004.98,17.35,17.44,808.88,825.52,949.56,969.09,1441.92,1471.58,738.54,753.74,8.25,8.25,87.19,87.19,8.98,8.98,14.82,14.82,17.57,17.57,25.67,25.67,51.62,51.62,1,1,50,50,102,112,67.81,67.81,102.7,102.7,68.91,69.11,27.65,27.65,984.72,1004.98,92.81,92.81,-93,-93,70.97,71.98,-7.87,-9.91,18.89,18.89,91.8,91.8,2454.83,2454.83,0,0,68,68,75.38,75.28,914.39,933.2,823.3,915.88,0.25,0.25,69.7,70.01,9.52,9.53,30.62,30.62,617.84,706.31,1.71,1.61,27.35,27.35,44.12,44.19,60.5,60.5,-12.65,-12.65,98.83,98.83,15695.11,15379.12,14601.92,14307.94,16746,16409,914.39,933.2,2.43,2.43,492.36,502.49,500000000,600000000,4551.58,4306.15,7.96,7.96,8.08,8.53
Getting around the WA ban,33.67,33.67,17.5,17.5,6,6,1.24,1.24,29.13,29.06,45.83,45.83,1243.62,1381.1,67.75,67.75,74.25,74.25,1530.61,1523.97,-2.83,-2.83,956.63,952.48,2716.83,2705.04,1492.35,1600.17,-9.8,-9.8,267.86,266.69,2391.58,2381.2,650.51,647.69,-8.94,-13.42,1530.61,1523.97,-9.49,-9.49,-7.75,-7.75,-10.95,-10.95,-6,-6,0,0,2755.1,2743.14,17.66,17.75,1721.94,1714.46,1434.95,1428.72,1578.44,1571.59,1100.13,1095.35,8.18,8.18,80.69,80.69,15.51,15.51,13.51,13.51,12.57,12.57,29.43,29.43,50,50,2.52,2.52,50,50,134,144,70.08,70.08,94.5,94.5,74.3,74.42,32.7,32.7,2056.76,2047.83,80.83,80.83,-84.5,-84.5,66.57,66.68,-2.18,-3.06,25.44,25.44,91.38,91.38,4450.92,4450.92,-8,-8,64,64,76.09,75.99,1052.29,1047.73,1042.46,1055.92,0.24,0.24,45.78,46.03,9.77,9.78,31.04,31.04,810.89,888.02,1.41,1.35,22.3,22.3,48.73,48.77,-77.46,-77.46,92.2,92.2,111.5,111.5,29559.91,29688.78,26398.03,26513.12,32714,32857,1530.61,1523.97,2.3,2.3,95.66,95.25,41200000000,41700000000,9873.01,9886.36,16.53,16.53,9.86,10.56
New Awesome Prussia,68.39,68.39,94.24,94.24,72.1,72.1,1.31,1.31,20.33,20.32,67.49,67.49,12444.97,12703.08,38.42,38.42,165.5,165.5,-22.41,-22.41,-9.47,-9.47,-9.61,-9.61,-14.53,-14.53,-16.36,-16.12,-13.3,-13.3,-26.87,-26.87,-24.98,-24.98,-17.32,-17.32,-20.05,-22.41,-18.76,-18.76,-15.94,-15.94,-12.73,-12.73,-23.43,-23.43,21424.07,21386,-26.57,-26.57,0,0,24.76,24.82,4865.7,4857.06,10760.69,10741.57,842.14,840.64,3087.85,3082.36,1339.46,1339.46,76.32,76.32,33.3,33.3,8.21,8.21,85.88,85.88,0.88,0.88,45.31,45.31,12.07,12.07,51.96,51.96,379,389,80.74,80.74,120.7,120.7,91.47,91.48,18.18,18.18,0,0,152.63,152.63,26.71,26.71,79.52,79.66,-74.1,-75.1,0.53,0.53,95.14,95.14,566.88,566.88,9,9,104,104,48.08,47.91,3368.56,3362.58,1381.75,1387.32,0.14,0.14,125.47,125.88,5.16,5.17,11.99,11.99,2602.41,2658.46,0.65,0.64,36.82,36.82,80.79,80.8,-94.39,-94.39,65.5,65.5,120.99,120.99,78783.23,78923.47,68312.4,68434,89506,89665,15064.97,15038.2,1.95,1.95,0,0,716500000000,718400000000,16150.56,16021.46,0.84,0.84,126.17,126.84
Formisia,70.22,70.22,96.16,96.16,35.81,35.81,1.54,1.54,19.81,19.81,23.24,23.24,6736.62,6973.71,35.67,35.67,84.25,84.25,-14.28,-14.28,-11.1,-11.1,-8.93,-8.93,-9.61,-9.61,-16.28,-16.04,-11.56,-11.56,-8.93,-8.93,-12.67,-12.67,-7.94,-7.94,-4.9,-11.14,-17.72,-17.72,-15.43,-15.43,-9.17,-9.17,-24.23,-24.23,13106.5,13088.91,-18.64,-18.64,0,0,30.92,30.97,2464.62,2461.31,13884,13865.37,8297.54,8286.41,5997.23,5989.18,18.38,18.38,65.08,65.08,1.3,1.3,34.36,34.36,69.37,69.37,1.03,1.03,46.97,46.97,14.12,14.12,53.84,53.84,182,192,83.08,83.08,127.76,127.76,91.82,91.83,13.76,13.76,10433.54,10419.54,111.56,111.56,40.86,40.86,92.92,92.96,-221.55,-222.55,12.15,12.15,92.29,92.29,702.74,702.74,4,4,104,104,44.98,44.85,5422.15,5414.88,1255.15,1261.76,0.14,0.14,153.19,153.64,7.37,7.37,18.03,18.03,1306.96,1373.01,0.81,0.8,41.24,41.24,81.86,81.86,-120.17,-120.17,98.25,98.25,110.31,110.31,91645.59,91768.74,73016.85,73114.97,112203,112354,11583.69,11568.15,1.91,1.91,3368.31,3363.79,788300000000,789800000000,6506.84,6423.81,23.06,23.06,123.37,124.07
Cricket Fans,62.22,62.22,68.29,68.29,73.71,73.71,1.35,1.35,20.74,20.73,57,57,13840.61,14013.98,46.33,46.33,179.5,179.5,-23.62,-23.62,-16.92,-16.92,-16.61,-16.61,-16.4,-16.4,-21.4,-21.26,-14.81,-14.81,-25.34,-25.34,-23.04,-23.04,-18.38,-18.38,-24.04,-26.04,-27.35,-27.35,-18.71,-18.71,-20.45,-20.45,-24.04,-24.04,-10.8,-10.8,-29.95,-29.95,0,0,36.97,37.01,14973.03,14956.62,7612.34,7604,9185.13,9175.07,3648.89,3644.89,2.91,2.91,74.09,74.09,25.46,25.46,28.13,28.13,83.4,83.4,0.9,0.9,51.62,51.62,7.39,7.39,51.96,51.96,400,410,101.24,101.24,133.81,133.81,91.21,91.22,15.28,15.28,6731.57,6724.2,138.52,138.52,29.43,29.43,92.77,92.76,-300.7,-300.76,0.68,0.68,94.3,94.3,588.84,588.84,12,12,120,120,36.11,36.05,3648.89,3644.89,1529.28,1534.13,0.13,0.13,90.47,90.81,8.64,8.65,94.15,94.15,3196.45,3250.12,0.53,0.53,39.72,39.72,72.18,72.18,-149.32,-149.32,70.32,70.32,125.67,125.67,86000.53,86094.84,73409.12,73489.63,99075,99184,9940.08,9929.19,1.65,1.65,2956.86,2953.62,504800000000,505400000000,6192.04,6198.83,0.96,0.96,140.84,141.4
Progressiya,49,49,50.22,50.22,66,66,3.02,3.02,30.77,30.6,43.68,43.68,0,216.41,56.25,56.25,99,99,1705.85,1615.88,1185.57,1592.8,4752.01,4501.38,1035.7,981.07,2680.62,2712.37,1058.85,2585.41,2193.24,2077.56,3711.44,4905.36,243.69,230.84,5361.25,2192.98,3228.93,3058.63,182.77,173.13,4142.78,3924.28,4752.01,4501.38,974.77,923.36,2907.19,2753.86,8651.1,8194.83,9.17,9.33,1066.16,1009.93,685.39,649.24,837.69,793.51,380.77,360.69,12.84,12.84,33.12,33.12,13.62,13.62,50.3,50.3,25.86,25.86,15.86,15.86,52.16,52.16,1,1,50,50,98,108,61.03,61.03,86.03,86.03,71.83,72.06,7.09,7.09,1066.16,1009.93,74.68,74.68,44.67,44.67,9.61,9.11,97.72,100.54,1.65,1.65,93.49,93.49,639.86,639.86,-8,-8,64,64,67.92,67.91,380.77,360.69,632.01,856.71,0.33,0.33,58.2,58.48,10.7,9.87,18.75,18.75,434.43,584.24,2,1.67,47.91,47.91,53.26,53.33,72.11,72.11,50.99,50.99,105.5,105.5,52769.21,55705.73,29228.71,30855.24,88256,93168,1066.16,1009.93,3.4,3.4,-3.16,-3.16,12000000000,14000000000,47703.36,50636.5,12.72,12.72,14.13,17
Regulus Corneas,68,68,45.78,45.78,57.33,57.33,1.24,1.24,23.12,23.08,45.83,45.83,2660.15,2924.64,39,39,137.25,137.25,-7.87,-7.87,300.44,303.53,-8.94,-8.94,-6.57,-6.57,-9.81,-9.4,-8.76,-8.76,-9.7,-9.7,-10.68,-10.68,-11.81,-11.81,1189.24,-7.87,-8.49,-8.49,1489.68,1505.01,2128.12,2150.01,-13.11,-13.11,3267.29,3300.9,-2.41,-2.41,0,0,22,22.07,3677.26,3715.09,7198.05,7272.09,3364.31,3398.91,2347.19,2371.33,1246.38,1246.38,80.84,80.84,18.02,18.02,23.84,23.84,37.82,37.82,1.98,1.98,48.6,48.6,6.47,6.47,53.38,53.38,168,178,75.81,75.81,111.53,111.53,90.04,90.05,13.84,13.84,3207.83,3240.82,86.95,86.95,-78.67,-78.67,80.59,81.26,-68.53,-70.29,1.65,1.65,93.49,93.49,762.59,762.59,-8,-8,65,65,78.18,78.1,1564.79,1580.89,1125.65,1134.52,0.26,0.26,170.89,171.36,9.09,9.09,12.39,12.39,981.19,1053.16,1.1,1.08,41.16,41.16,60.96,60.97,-70.64,-70.64,31.46,31.46,112.37,112.37,47119.06,46639.38,42118.03,41689.26,52104,51573,3520.78,3557,2.08,2.08,1643.03,1659.93,166800000000,165600000000,9141.1,8721.56,16.37,16.37,17.96,19.27
Argesea,44.13,44.13,97.48,97.48,46.48,46.48,1.46,1.46,17.99,17.98,23.71,23.71,1529.56,1692.45,59.9,59.9,62.25,62.25,-14.35,-14.35,-16.88,-16.88,-17.15,-17.15,21842.09,21829.38,-13.59,-13.3,-15.31,-15.31,17131.05,17121.08,-35.45,-35.45,-23.69,-23.69,-27.68,-29.43,28493.49,28476.91,-17.2,-17.2,-17.2,-17.2,-27.48,-27.48,-27.32,-27.32,-26.56,-26.56,17131.05,17121.08,36.61,36.65,4534.05,4531.41,1201.8,1201.1,19283.36,19272.14,-17.03,-17.03,3336.17,3336.17,68.61,68.61,0.77,0.77,35.6,35.6,86.26,86.26,0.87,0.87,22.26,22.26,27.93,27.93,40.94,40.94,535,545,107.51,107.51,159.43,159.43,93.36,93.37,11.47,11.47,35452.98,35432.35,3.71,3.71,-63.71,-63.71,94.76,94.8,-338.53,-339.53,0.79,0.79,93.83,93.83,896.15,896.15,4,4,120,120,83.33,83.27,-29.15,-29.15,1515.37,1520.27,0.14,0.14,44.96,45.2,3.3,3.3,5.56,5.56,2699.01,2754.63,0.54,0.54,43.53,43.53,91.87,91.87,-267.91,-267.91,241.89,241.89,114.92,114.92,140666.93,140748.85,115272.9,115340.03,168004,168102,163.88,163.79,1.6,1.6,-28.11,-28.11,883300000000,884000000000,7314.68,7318.94,59.64,59.64,156.45,156.93
Karbarel Scus,58.33,58.33,2.75,2.75,38.67,38.67,1.06,1.06,35.63,35.38,44.28,44.28,480.31,537.89,49.25,49.25,114.75,114.75,-5.29,-5.29,307.4,306,256.17,255,816.53,812.82,1056.69,1099.69,537.95,535.5,-11.14,-11.14,620.41,617.58,-10.86,-10.86,-10.39,-14.42,-12.17,-12.17,-11.27,-11.27,-4.24,-4.24,-2.83,-2.83,-8.83,-8.83,278.58,277.31,256.17,255,18.6,18.68,820.54,816.8,600.39,597.66,720.47,717.19,480.31,478.13,9.56,9.56,94.63,94.63,15.51,15.51,16.88,16.88,24.76,24.76,17.59,17.59,48.6,48.6,1,1,51.48,51.48,113,123,69.49,69.49,104.68,104.68,66.97,67.15,21.32,21.32,680.45,677.35,106.66,106.66,-97.25,-97.25,70.29,70.38,-19.09,-19.97,8.37,8.37,92.61,92.61,1736.62,1736.62,0,0,64,64,74.69,74.59,520.34,517.97,1023.41,1039.72,0.23,0.23,205.14,205.67,9.55,9.56,24.09,24.09,696.64,779.23,1.48,1.42,33.68,33.68,43.13,43.19,-71.06,-71.06,81.55,81.55,107.17,107.17,11787.72,11841.63,11450.5,11502.88,12100,12155,620.41,617.58,2.33,2.33,400.26,398.44,8300000000,8600000000,3500.95,3505.12,10.67,10.67,7.31,7.52
Chiss Admiral Thrawn,70.57,70.57,58.44,58.44,40,40,1.5,1.5,23.33,23.31,42,42,2820.43,3145.95,35.14,35.14,146.25,146.25,-9.27,-9.27,4548.78,4530.17,1805.07,1797.69,5938.69,5914.39,-9.81,-9.4,-8.85,-8.85,-6.78,-6.78,-14.39,-14.39,-6,-6,-7.48,-12.49,-11.66,-11.66,758.13,755.03,-6,-6,-10.3,-10.3,2897.14,2885.29,106.14,105.7,1805.07,1797.69,14.9,15,564.09,561.78,8461.28,8426.66,2820.43,2808.89,1240.99,1235.91,614.76,614.76,66.63,66.63,14.16,14.16,28.46,28.46,33.57,33.57,2.52,2.52,51,51,6.47,6.47,51.48,51.48,185,195,66.12,66.12,103.84,103.84,89.53,89.57,13.45,13.45,2256.34,2247.11,63.85,63.85,38.83,38.83,66.11,66.29,22.92,21.92,4.64,4.64,93.01,93.01,688.46,688.46,-8,-8,62,62,57.53,56.83,564.09,561.78,1072.01,1083.07,0.38,0.38,198.29,198.81,9.34,9.35,15.29,15.29,1079.18,1149,1.29,1.25,41.55,41.55,61.88,61.9,-81.73,-81.73,93.17,93.17,106.51,106.51,41099.34,41268.23,33158.92,33295.18,49766,49970,2256.34,2247.11,2.55,2.55,338.45,337.07,1530900000000,1538200000000,13932.68,13907.39,13.46,13.46,22.31,23.85
Flemingovia,60.89,60.89,94.71,94.71,65.33,65.33,1.46,1.46,18.58,18.58,66.46,66.46,14800.95,15000.02,47.33,47.33,85.25,85.25,-16.25,-16.25,-17.98,-17.98,-18.22,-18.22,-13.28,-13.28,-19.88,-19.68,-15.15,-15.15,-25.42,-25.42,-22.65,-22.65,-22.32,-22.32,-19.6,-22,-22,-22,-19.75,-19.75,-18.28,-18.28,-28.37,-28.37,-5.6,-5.6,-27.72,-27.72,0,0,38.17,38.21,14800.95,14785.73,14943.95,14928.59,10010.3,10000.01,5434.16,5428.58,1730.95,1730.95,68.73,68.73,34.05,34.05,8.32,8.32,89.65,89.65,0.85,0.85,47.8,47.8,15.38,15.38,55.65,55.65,480,490,108.67,108.67,131.28,131.28,92.8,92.81,8.33,8.33,5148.16,5142.86,150.16,150.16,36.14,36.14,95.03,95.02,-354.98,-355.06,0.58,0.58,94.8,94.8,644.93,644.93,-1,-1,100,100,36.74,36.67,4004.12,4000.01,1554.26,1559.01,0.13,0.13,86.76,87.1,6.71,6.71,10.4,10.4,3124.44,3178.36,0.52,0.51,46.67,46.67,83.3,83.3,-190.46,-190.46,119.68,119.68,115.74,115.74,104178.65,104285.84,85445.74,85533.66,124329,124457,14800.95,14785.73,1.59,1.59,3575.11,3571.43,625000000000,625700000000,5208.93,5214.29,14.53,14.53,139.36,139.92
Lower Pensaland,68.83,68.83,22.25,22.25,32,32,1.62,1.62,30.7,30.6,44.28,44.28,436.25,597.28,37.75,37.75,141.75,141.75,2617.52,2606.33,-6.32,-6.32,1003.38,999.09,2050.39,2041.62,2530.27,2649.77,1047.01,1042.53,1614.14,1607.24,2726.58,2714.93,-3.87,-3.87,-7.07,-12.25,0,0,1265.13,1259.73,2617.52,2606.33,1090.63,1085.97,3206.46,3192.75,1420.51,1414.44,5235.04,5212.66,12.69,12.81,872.51,868.78,927.04,923.07,872.51,868.78,381.72,380.09,932.65,932.65,61.76,61.76,15.9,15.9,28.12,28.12,31.68,31.68,3.01,3.01,52.16,52.16,2.52,2.52,51.96,51.96,113,123,64.94,64.94,87.86,87.86,71.92,72.07,20.22,20.22,708.91,705.88,80.09,80.09,22.25,22.25,31.36,31.83,58.34,57.46,10.71,10.71,92.4,92.4,923.4,923.4,0,0,67,67,53.02,52.75,436.25,434.39,918.24,1006.22,0.29,0.29,173.33,173.81,9.85,9.85,13.81,13.81,663.01,747.79,1.61,1.53,34.78,34.78,49.54,49.59,-65.19,-65.19,80.93,80.93,100.2,100.2,33496.01,33646.04,25955.24,26071.5,42023,42211,1363.29,1357.46,2.66,2.66,272.66,271.49,453600000000,464500000000,22978.26,22946.6,3.91,3.91,10.87,11.68
Gidoraland,79,79,23,23,70,70,1.63,1.63,34.85,34.43,43.68,43.68,60.53,224.72,22.5,22.5,175.5,175.5,1404.36,1303.38,-5.86,-5.06,920.1,853.94,261.5,242.7,1355.94,1393.27,2202.91,3523.63,4455.22,4134.87,-1.58,-1.22,1355.94,1258.44,193.71,-9.59,3099.28,2876.43,702.18,651.69,1888.62,1752.83,-7.87,-7.87,135.59,125.84,1854.38,1721.05,6779.68,6292.2,9.49,9.64,423.73,393.26,363.2,337.08,302.66,280.9,242.13,224.72,619.71,619.71,61.21,61.21,15.09,15.09,40.22,40.22,29.61,29.61,5.49,5.49,51,51,1,1,51.48,51.48,105,115,59.2,59.2,74.48,74.48,67.57,67.91,23.39,23.39,1513.32,1404.51,20.92,20.92,23,23,18.4,16.17,80.31,83.17,1.06,1.06,93.67,93.67,498.05,498.05,-4,-4,64,64,55.79,55.78,363.2,337.08,505.34,678.33,1.47,1.47,269.44,270.04,9.78,9.6,15.27,15.27,478.59,602.34,2.34,1.91,31.61,31.61,45.95,46.06,31.78,31.78,29.83,29.83,103,103,30684,32982.05,23661.79,25433.92,38658,41554,665.86,617.98,6.14,6.14,-11.83,-11.83,474900000000,474000000000,25038.14,27638.95,13.55,13.55,8.32,9.35
BPU,68,68,49.56,49.56,78,78,2.15,2.15,30.83,30.73,43.68,43.68,533.35,831.01,39,39,137.25,137.25,1208.93,1255.75,-2.19,-2.19,3697.89,3841.12,1137.81,1181.88,1692.5,1758.05,796.47,827.32,2488.96,2585.37,-4.42,-4.42,2631.19,2733.1,4764.59,1255.75,-11.22,-11.22,-2.79,-2.79,2986.76,3102.44,3697.89,3841.12,1066.7,1108.01,5402.81,5612.07,7395.78,7682.23,9.75,9.9,1244.48,1292.68,800.02,831.01,1066.7,1108.01,266.67,277,614.76,614.76,46.53,46.53,15.09,15.09,59.8,59.8,31.54,31.54,3.05,3.05,47.8,47.8,1,1,51.48,51.48,121,131,59.61,59.61,87.43,87.43,71.75,71.88,14.82,14.82,1244.48,1292.68,70.52,70.52,44.17,44.17,18.37,20.76,82.11,79.11,0.73,0.73,94.07,94.07,383.07,383.07,0,0,64,64,65.67,65.11,444.46,461.67,691.47,776.83,0.34,0.34,210.04,210.57,11.11,11.11,15.29,15.29,679.4,763.07,1.89,1.76,40.18,40.18,52.92,52.96,53.85,53.85,47.96,47.96,99.3,99.3,45393.35,43735.16,30224.59,29120.51,64959,62586,888.92,923.35,4.82,4.82,88.89,92.33,164900000000,174900000000,37040.97,34638.25,8.57,8.57,12.35,13.37
Tokevetne,75.17,75.17,46.33,46.33,79.33,79.33,2.75,2.75,31.86,31.77,43.68,43.68,134.42,342.62,28.25,28.25,162,162,4731.73,4824.02,2129.28,2170.81,2849.79,2905.38,2527.17,2576.47,5215.65,5481.84,258.09,263.13,1666.86,1699.37,5001.65,5344.8,3656.34,3727.65,4194.03,1534.92,1774.4,1809.01,3844.53,3919.52,430.16,438.55,3925.18,4001.74,-3.13,-3.13,3766.72,3840.19,9248.38,9428.77,7.81,8,873.76,890.8,537.7,548.18,268.85,274.09,268.85,274.09,302.78,302.78,36.43,36.43,14.16,14.16,58.94,58.94,33.45,33.45,2.55,2.55,51,51,1,1,50.5,50.5,109,119,57.16,57.16,66.29,66.29,70.46,70.57,19.89,19.89,537.7,548.18,59.19,59.19,41.75,41.75,6.96,7.41,112.21,109.51,0.71,0.71,94.13,94.13,319.34,319.34,0,0,64,64,67.76,67.38,268.85,274.09,480.55,551.87,0.5,0.5,239.3,239.87,12.84,12.9,16.48,16.48,570.82,664.63,2.44,2.19,35.11,35.11,51.73,51.77,-7.07,-7.07,73.14,73.14,98.83,98.83,55254.91,54207.35,32232.03,31620.95,88487,86810,604.91,616.71,9.92,9.92,-4.47,-4.47,112600000000,115600000000,51387.06,50196,4.15,4.15,12.02,13.05
Versord,66.4,66.4,44.89,44.89,41.33,41.33,2.66,2.66,31.3,31.19,43.68,43.68,174.69,435.72,41.4,41.4,132.75,132.75,2305.93,2300.6,-3.77,-3.35,4751.61,4740.63,782.62,780.81,-3.46,-2.9,-2.13,-1.26,3563.71,3555.47,1943.97,2440.03,4052.84,4043.48,559.01,-9.17,1956.55,1952.03,1991.48,1986.88,908.4,906.3,4052.84,4043.48,-5.29,-5.29,-1.25,-1.25,10621.24,10596.71,10.49,10.63,1397.53,1394.3,960.8,958.58,960.8,958.58,436.73,435.72,624.65,624.65,37.63,37.63,15.09,15.09,40.12,40.12,24.3,24.3,18.26,18.26,52.64,52.64,1,1,51.48,51.48,101,111,59.12,59.12,67.73,67.73,71.13,71.28,10.56,10.56,873.46,871.44,74.89,74.89,40.67,40.67,23.85,24.55,75.45,74.41,7.53,7.53,92.69,92.69,718.37,718.37,0,0,64,64,64.52,64.05,611.42,610.01,485.38,587.16,0.34,0.34,193.59,194.09,11.91,11.56,15.24,15.24,498.69,610.39,2.42,2.1,44.44,44.44,52.28,52.33,68.41,68.41,46.04,46.04,100.2,100.2,40879.21,40989.04,24269.91,24335.12,64500,64674,1397.53,1394.3,6.34,6.34,262.04,261.43,39500000000,43400000000,31109.08,30946.73,2.74,2.74,10.95,12.01
Puppeneppestioia,11,11,2,2,3,3,1.04,1.04,40.31,38.64,42,42,138.48,189.5,89,89,24.75,24.75,474.8,454.8,453.04,454.8,-8.37,-8.37,79.13,75.8,395.67,424.48,2704.37,3170.36,-5.48,-5.48,-8.69,-8.22,-8.94,-8.94,-7.07,-12.25,158.27,151.6,-6.32,-6.32,-10.49,-10.49,-8.94,-8.94,0,0,-11.48,-11.48,474.8,454.8,12.17,12.29,257.18,246.35,257.18,246.35,435.23,416.9,197.83,189.5,141.46,141.46,96.25,96.25,12,12,11.1,11.1,1.09,1.09,37.45,37.45,50,50,1,1,50,50,100,110,64.12,64.12,81.76,81.76,65.16,65.38,45.25,45.25,316.53,303.2,108.5,108.5,-98,-98,40.75,39.05,48.15,48.86,28.66,28.66,91.19,91.19,10473.76,10473.76,0,0,64,64,75.27,75.17,237.4,227.4,478.93,550.12,0.2,0.2,20.93,21.09,9.26,9.19,17.06,17.06,538.13,637.38,2.45,2.2,9.75,9.75,40.99,41.06,-67.82,-67.82,33.17,33.17,101.85,101.85,8316.89,8669.71,8151.38,8497.17,8469,8828,237.4,227.4,2.75,2.75,98.92,94.75,16400000000,18600000000,4923.6,5279.85,9.09,9.09,7.46,8.18
Morozko the snow demon,68.53,68.53,21.67,21.67,49.33,49.33,1.3,1.3,27.65,27.6,42,42,1861.97,2053.67,38.2,38.2,139.5,139.5,-3.46,-3.46,2808.91,2798.29,744.79,741.97,670.31,667.77,-4.14,-4.14,-6.99,-6.99,1542.77,1536.94,-8.75,-8.75,-4.24,-4.24,-7.87,-12.73,-11.49,-11.49,851.18,847.97,478.79,476.98,-11.49,-11.49,2739.75,2729.39,-13.61,-13.61,2287.56,2278.91,15.68,15.78,1462.97,1457.44,2327.46,2318.66,1529.47,1523.69,930.98,927.46,507.09,507.09,77.19,77.19,13.62,13.62,29.34,29.34,31.8,31.8,2.96,2.96,50,50,3.93,3.93,50.99,50.99,171,181,66.36,66.36,102.36,102.36,77.07,77.17,15.92,15.92,1396.47,1391.19,77.67,77.67,21.67,21.67,67.57,67.75,12.74,11.74,4.04,4.04,93.08,93.08,807.5,807.5,0,0,64,64,49.69,49.5,930.98,927.46,1069.45,1080.67,0.28,0.28,89.28,89.62,9.65,9.65,15.78,15.78,1052.32,1122.69,1.3,1.26,39.08,39.08,50.93,50.97,-40.12,-40.12,54.86,54.86,102.62,102.62,26195.19,26294.91,22850.2,22937.18,29602,29715,1662.47,1656.18,2.53,2.53,598.49,596.23,2087400000000,2099400000000,8487.24,8493.25,7.83,7.83,13.8,14.94
Cabrinialand,41.45,41.45,97.95,97.95,44,44,2.05,2.05,21.65,21.64,14.13,14.13,4721.87,5010.06,61.91,61.91,41.75,41.75,-6.48,-6.48,-3.1,-3.1,-1.18,-1.18,5398.67,5391.22,-1.91,-1.91,-10.24,-10.24,14220.7,14201.06,-17.15,-17.15,3698.8,3693.69,-9.06,-13.49,-9.59,-9.59,2455.37,2451.98,-9.06,-9.06,-14.18,-14.18,-6.34,-6.34,1694.21,1691.87,14220.7,14201.06,23.47,23.54,-13.04,-13.04,12198.16,12181.32,11411.18,11395.43,4426.75,4420.64,1831.71,1831.71,48.88,48.88,0.38,0.38,46.51,46.51,46.01,46.01,1.52,1.52,58.14,58.14,3.63,3.63,27.72,27.72,293,303,83.57,83.57,117.86,117.86,90.71,90.71,11.77,11.77,13772.12,13753.1,13.4,13.4,38.57,38.57,76.55,76.69,-76.95,-77.95,81.43,81.43,67.37,67.37,911.8,911.8,-14,-14,77,77,47.08,46.93,-16.73,-16.73,1306.79,1312.9,0.15,0.15,105.79,106.16,9.73,9.73,10.02,10.02,2246.97,2304.85,0.74,0.73,43.23,43.23,87.26,87.27,-109.48,-109.48,109.19,109.19,28.37,28.37,93456.66,93622.33,63898.58,64011.86,130722,130954,4623.5,4617.11,1.9,1.9,-10.49,-10.49,590239000000000,592798000000000,21962.31,21814,21.72,21.72,81.49,85.07
Dragonian Kazaman,70.11,70.11,54.44,54.44,57.78,57.78,1.27,1.27,24.33,24.27,43,43,3095.33,3482.91,35.83,35.83,146.25,146.25,-5.66,-5.66,-5.06,-5.06,2017.69,2043.3,-4.9,-4.9,-5.81,-5.1,-8.29,-8.29,-6.63,-6.63,-9.95,-9.95,-4.24,-4.24,1283.99,-8.49,-11.49,-11.49,825.42,835.9,2201.12,2229.06,-13.11,-13.11,-3.3,-3.3,-8.6,-8.6,2017.69,2043.3,16.55,16.64,3897.82,3947.29,5502.8,5572.65,2636.76,2670.23,2636.76,2670.23,196.95,196.95,78.72,78.72,13,13,29.99,29.99,28.87,28.87,7.8,7.8,50,50,4.48,4.48,50,50,156,166,67.83,67.83,104.62,104.62,85.88,86.07,13.97,13.97,1948.91,1973.65,99.19,99.19,23.83,23.83,73.75,74.6,-1.27,-2.83,2.09,2.09,93.39,93.39,708.99,708.99,0,0,62,62,49.36,49.15,1261.06,1277.07,1057.36,1069.43,0.27,0.27,71.6,71.91,9.6,9.61,16.83,16.83,929.68,1002.97,1.35,1.3,41.03,41.03,59.2,59.26,45.28,45.28,12.25,12.25,104.1,104.1,37740.05,37267.1,33265.07,32848.2,42256,41727,2636.76,2670.23,2.42,2.42,1604.98,1625.36,2210200000000,2184800000000,9925.63,9465.84,7.16,7.16,9.94,10.63
Numadsh,65.27,65.27,82.14,82.14,39.11,39.11,1.72,1.72,26.94,26.9,44.83,44.83,2149.47,2476.18,43.09,43.09,178.25,178.25,5002.41,5071.21,4126.98,4183.75,2438.67,2472.22,9692.16,9825.48,1586.7,1822.47,-7.27,-7.27,3517.32,3565.7,-3,-3,-6,-6,2266.71,-6.48,-11.05,-11.05,3360.99,3407.22,1094.28,1109.33,-6.4,-6.4,9457.67,9587.77,341.41,346.11,10958.39,11109.13,11.79,11.92,1270.14,1287.61,1270.14,1287.61,1074.74,1089.52,2637.99,2674.27,34.9,34.9,58.18,58.18,16.29,16.29,34.91,34.91,39.93,39.93,1.82,1.82,46.97,46.97,3.93,3.93,51.96,51.96,128,138,61.95,61.95,80.31,80.31,78.62,78.71,13.36,13.36,97.7,99.05,12.24,12.24,32.14,32.14,23.57,24.9,69.11,67.06,8.67,8.67,92.58,92.58,827.1,827.1,1,1,72,72,62.03,59.03,586.22,594.28,1051.95,1064.47,7.97,7.97,59.56,59.84,9.59,9.6,17.77,17.77,835.75,911.97,1.37,1.32,41.64,41.64,65.9,65.93,-125.87,-125.87,141.31,141.31,101.04,101.04,68206.08,67357.46,51190.91,50554,87991,86897,3321.91,3367.6,3.12,3.12,195.41,198.09,4947200000000,5134800000000,52109.44,50585.45,7.6,7.6,22.52,24.11
The Imperia1 Remnant,64.17,64.17,5.33,5.33,40,40,1.12,1.12,32.91,32.75,45.83,45.83,445.44,546.25,44.75,44.75,126,126,1206.12,1201.74,-4.2,-4.2,-7.21,-7.21,-8.83,-8.83,-8.72,-8.37,1052.62,1048.79,-10.68,-10.68,137.06,136.56,630.47,628.18,-7.21,-12.33,794.94,792.06,-7.21,-7.21,657.88,655.5,-10.3,-10.3,-9.95,-9.95,-10.18,-10.18,1206.12,1201.74,16.12,16.22,1404.86,1399.76,856.62,853.51,719.56,716.95,445.44,443.83,13.79,13.79,89.57,89.57,15.51,15.51,18.13,18.13,24.73,24.73,17.63,17.63,51,51,1,1,50,50,99,109,68.12,68.12,95.4,95.4,69.32,69.47,21.57,21.57,890.89,887.65,86.22,86.22,-94.67,-94.67,68.45,68.62,7.54,6.54,7.94,7.94,92.65,92.65,1373,1373,-4,-4,64,64,75.18,75.07,616.77,614.53,803.22,894.8,0.3,0.3,78.1,78.43,9.59,9.6,18.39,18.39,559.6,655.05,1.73,1.63,33.43,33.43,44.52,44.57,-14.14,-14.14,-48.99,-48.99,108.14,108.14,13969.08,14020.8,13181.44,13230.24,14717,14772,959.41,955.93,2.41,2.41,513.97,512.11,2400000000,3000000000,4414.23,4402.53,14.22,14.22,7.63,7.98
Zather,78,78,67.71,67.71,61.33,61.33,1.31,1.31,20.7,20.69,43,43,9782.85,10023.41,24,24,171,171,-16.97,-16.97,-14.09,-14.09,-16.79,-16.79,-12.92,-12.92,-15.96,-15.72,-12.3,-12.3,-17.32,-17.32,-21.87,-21.87,-19.29,-19.29,-18.38,-20.93,-18.92,-18.92,-16.34,-16.34,-14.76,-14.76,-21.33,-21.33,-4.32,-4.32,-23.99,-23.99,0,0,26.44,26.5,4629.39,4619.48,12839.99,12812.53,5502.85,5491.08,2620.41,2614.8,421.35,421.35,76.44,76.44,14.64,14.64,26.86,26.86,64.05,64.05,1.1,1.1,54.29,54.29,9.59,9.59,51.48,51.48,385,395,80.52,80.52,116.9,116.9,91.24,91.24,18.21,18.21,5764.9,5752.56,76.7,76.7,26.57,26.57,73.39,73.33,-87.9,-87.98,1.06,1.06,93.67,93.67,565.85,565.85,-2,-2,82,82,45.86,45.75,1921.63,1917.52,1331.32,1337.23,0.23,0.23,339.95,340.63,8.22,8.23,16.14,16.14,2485.9,2542.51,0.7,0.7,36.79,36.79,69.54,69.54,-132.65,-132.65,48.13,48.13,106.84,106.84,61055.48,61186.36,52984.18,53097.76,69315,69463,9084.08,9064.65,1.96,1.96,1746.94,1743.2,493800000000,494800000000,16240.76,16336.76,8.73,8.73,109.18,110.2
Gerfaanlich,69.22,69.22,90.9,90.9,65.33,65.33,2.14,2.14,22.37,22.33,32.72,32.72,7887.71,8361.15,37.17,37.17,185.75,185.75,-6.78,-6.78,841.36,851.32,-7.29,-7.29,-4.65,-4.65,196.32,198.64,-8.85,-8.85,260.42,263.5,-7.04,-7.04,901.45,912.13,1702.74,-8.12,-5.1,-5.1,260.42,263.5,-8.12,-8.12,-8.31,-8.31,-1.71,-1.71,428.69,433.77,260.42,263.5,20.47,20.54,4882.87,4940.68,7637.3,7727.73,5884.48,5954.15,4006.45,4053.89,13.04,13.04,46.82,46.82,1.69,1.69,53.27,53.27,54.04,54.04,1.28,1.28,46.97,46.97,7.39,7.39,47.56,47.56,220,230,71.37,71.37,111.53,111.53,90.36,90.38,8.37,8.37,7762.51,7854.41,53.3,53.3,44.71,44.71,80.64,81.46,-45.85,-47.53,0.7,0.7,94.19,94.19,497.7,497.7,5,5,79,79,49.81,49.58,2128.43,2153.63,1191.07,1198.52,0.23,0.23,100.53,100.9,9.34,9.34,18.67,18.67,1591.58,1654.34,0.93,0.92,46.63,46.63,75.01,75.02,-94.5,-94.5,79.18,79.18,99.3,99.3,57050.91,56383.52,38115.04,37669.16,81404,80452,8889.32,8994.57,2.24,2.24,1252.02,1266.84,1254000000000,1242700000000,11067.88,10430.95,18.58,18.58,80.06,83.62
Mario Cola 49,57.67,57.67,27.67,27.67,41.33,41.33,1.84,1.84,32.71,32.57,40.78,40.78,331.67,540.23,49.75,49.75,114.75,114.75,53.07,54.02,2415.6,2657.92,3449.34,3511.48,1379.73,1404.59,1379.73,1566.66,3160.65,3976.08,2281.87,2322.98,-7.14,-7.14,2971.74,3025.28,2441.07,-2.83,2175.74,2214.94,-8.25,-8.25,849.07,864.37,1379.73,1404.59,-3.55,-3.55,1831.35,1864.35,5784.27,5888.49,10.34,10.49,398,405.17,729.67,742.81,995,1012.93,530.67,540.23,13.18,13.18,54.26,54.26,10.55,10.55,33.59,33.59,20.3,20.3,23.06,23.06,51.62,51.62,1,1,50,50,100,110,59.34,59.34,73.51,73.51,69.52,69.67,12.08,12.08,928.67,945.4,76.24,76.24,27.67,27.67,22.14,23.7,75.34,73.33,7.12,7.12,92.73,92.73,919.23,919.23,0,0,68,68,57.42,56.58,663.33,675.29,578.25,656.45,0.3,0.3,84.89,85.22,9.98,9.95,18.61,18.61,546,643.74,2.12,1.95,42.92,42.92,48.03,48.08,58.31,58.31,55.68,55.68,91.29,91.29,33980.76,33429.89,24569.83,24171.53,45285,44551,663.33,675.29,5.74,5.74,132.67,135.06,41000000000,47400000000,26471.01,25507.01,6.04,6.04,10.46,11.6
Objectivist Chimpz,72.33,72.33,93.48,93.48,66.78,66.78,1.53,1.53,21.26,21.25,23.24,23.24,8329.73,8670.79,32.5,32.5,153,153,-14.63,-14.63,-9.96,-9.96,-13.19,-13.19,-9.92,-9.92,288.11,287.24,-11.21,-11.21,1019.17,1016.07,-18.85,-18.85,-11.7,-11.7,-13.93,-17.15,-9.17,-9.17,-8.25,-8.25,-10.68,-10.68,-19.9,-19.9,9593.89,9564.73,49.39,49.24,1019.17,1016.07,20.05,20.12,-12.25,-12.25,14822.01,14776.98,7227.26,7205.3,3184.9,3175.22,13.25,13.25,65.4,65.4,1.02,1.02,44.67,44.67,64.06,64.06,1.1,1.1,55.01,55.01,6.08,6.08,49.01,49.01,305,315,74.13,74.13,116.59,116.59,90.92,90.92,12.81,12.81,6492.29,6472.56,23.82,23.82,40.43,40.43,77.01,77.14,-33.46,-34.46,4.59,4.59,93.01,93.01,479.16,479.16,4,4,79,79,52.76,52.49,-7.75,-7.75,1269.97,1276.42,0.29,0.29,68.39,68.69,9.5,9.5,18.58,18.58,2119.47,2178.12,0.79,0.78,42.19,42.19,77.64,77.64,-128.47,-128.47,76.48,76.48,88,88,60193.94,60377.41,48086.7,48233.27,73523,73747,8329.73,8304.42,2.14,2.14,489.98,488.5,1266500000000,1271000000000,13844.61,13826.43,12.94,12.94,82.04,85.63
Arikea,68.53,68.53,48.44,48.44,27.33,27.33,1.43,1.43,26.05,25.98,43.68,43.68,1478.42,1779.64,38.2,38.2,139.5,139.5,4402.4,4542.33,2523.17,2603.37,657.07,677.96,2483.74,2562.69,2956.84,3254.21,-10.32,-10.32,3942.45,4067.76,-9.33,-9.33,2562.59,2644.04,4402.4,1152.53,-9.8,-9.8,-4.56,-4.56,-6,-6,-7.75,-7.75,4468.11,4610.13,1117.03,1152.53,9001.93,9288.05,13.78,13.89,1560.55,1610.15,3121.11,3220.31,1314.15,1355.92,985.61,1016.94,468.75,468.75,70.15,70.15,14.64,14.64,27.08,27.08,28.94,28.94,7.55,7.55,51,51,4.48,4.48,50.99,50.99,154,164,65.52,65.52,89.88,89.88,80.78,80.97,17.52,17.52,1889.09,1949.13,52.4,52.4,33.33,33.33,39.79,42.54,46.85,43.97,10.54,10.54,92.42,92.42,854.98,854.98,-4,-4,62,62,55.62,55,574.94,593.21,1039.14,1052.98,0.38,0.38,165.8,166.27,9.89,9.9,15.95,15.95,888.41,962.9,1.42,1.37,37.48,37.48,56.67,56.74,-64.65,-64.65,71.97,71.97,104.46,104.46,47131.98,45697.89,39081.25,37892.11,55709,54014,1314.15,1355.92,2.6,2.6,492.81,508.47,1911700000000,1950500000000,28373.45,26276.29,13.8,13.8,11.73,12.62
SucWAti,78.57,78.57,78.78,78.78,69,69,1.38,1.38,20.62,20.62,42,42,10122.87,10422.47,23.14,23.14,173.25,173.25,-14.76,-14.76,-12.26,-12.26,-14,-14,-7.67,-7.67,-13.2,-12.9,-12.46,-12.46,-15.1,-15.1,-21.35,-21.35,-16.76,-16.76,-13.71,-16.97,-18.38,-18.38,-13.71,-13.71,-12.96,-12.96,-21.77,-21.77,1636.38,1631.61,-18.8,-18.8,0,0,22.29,22.36,3080.87,3071.89,15074.28,15030.3,4181.19,4168.99,2860.81,2852.47,147.13,147.13,72.69,72.69,12,12,31.44,31.44,61.6,61.6,1.14,1.14,52.16,52.16,8.85,8.85,50,50,361,371,73.99,73.99,112.51,112.51,91.29,91.29,20.1,20.1,4731.34,4717.54,73.91,73.91,31.17,31.17,85.4,85.51,-78.4,-79.4,0.74,0.74,94.02,94.02,454.75,454.75,0,0,80,80,47.74,47.57,330.09,329.13,1285.77,1292.07,0.26,0.26,257.8,258.39,8.57,8.58,17.03,17.03,2331.59,2389,0.76,0.76,34.9,34.9,72.63,72.63,-124.54,-124.54,75.56,75.56,104.1,104.1,56321.91,56486.73,47588.75,47728,65472,65664,8912.53,8886.53,2.14,2.14,1210.34,1206.81,754900000000,757500000000,8223,8190.58,8.45,8.45,102.9,104.45
Morombe,70.44,70.44,97.48,97.48,58.48,58.48,1.3,1.3,20.99,20.98,42,42,4644.2,4880.97,35.33,35.33,72.25,72.25,5201.51,5225.51,2812.24,2825.22,817.38,821.15,14484.2,14551.03,-5.72,-5.72,-10.35,-10.35,12346.43,12403.41,-19.9,-19.9,3772.52,3789.93,1200.35,-7.62,1200.35,1205.89,3418.13,3433.91,-8.83,-8.83,-16.25,-16.25,14164.1,14229.46,-12.34,-12.34,18365.32,18450.07,25.94,26,71.45,71.78,11217.54,11269.3,9931.45,9977.28,4286.96,4306.74,9.32,9.32,76.68,76.68,0.89,0.89,26.49,26.49,65.47,65.47,1.08,1.08,57.27,57.27,9,9,33.52,33.52,232,242,82.2,82.2,128.84,128.84,91.07,91.08,13.7,13.7,11789.13,11843.53,10.41,10.41,26.29,26.29,74.71,75.05,-86.98,-88.82,0.74,0.74,94.02,94.02,678.83,678.83,27,27,94,94,49,48.78,928.84,933.13,1283.86,1290.18,0.2,0.2,120.37,120.77,8.9,8.9,25.11,25.11,1858.63,1919.08,0.77,0.76,41.3,41.3,87.92,87.92,-212.17,-212.17,216.96,216.96,71.93,71.93,107584.89,107090.78,93515.51,93086.01,121961,121401,4501.3,4522.08,1.92,1.92,357.25,358.89,2285600000000,2277500000000,27218.98,26772.69,19.61,19.61,109.86,110.95
Comnemnus,52.61,52.61,81.81,81.81,38.22,38.22,1.67,1.67,23.24,23.22,24.2,24.2,1696.22,1924.85,53.55,53.55,141.75,141.75,-11.05,-11.05,-9.47,-9.47,-7.1,-7.1,5094.82,5087.77,-7.56,-7.03,-11.17,-11.17,15296.8,15275.63,5319.96,5312.59,-5.2,-5.2,-9.06,-13.49,3330.76,3326.15,-8.02,-8.02,-3.46,-3.46,-17,-17,-13.02,-13.02,-9.49,-9.49,15296.8,15275.63,26.55,26.61,771.01,769.94,3623.74,3618.72,15574.36,15552.81,3161.13,3156.76,1242.13,1242.13,59.94,59.94,0.69,0.69,37.67,37.67,51.87,51.87,1.34,1.34,46.15,46.15,8.85,8.85,37.41,37.41,94,104,96.46,96.46,137.29,137.29,89.88,89.96,13.05,13.05,15497.26,15475.82,4.67,4.67,29.71,29.71,84.6,84.74,-135.08,-136.08,3.5,3.5,93.16,93.16,960.45,960.45,-34,-34,78,78,46.4,46.25,2544.33,2540.81,1240.19,1246.96,10.37,10.37,65.93,66.23,8.83,8.84,12.41,12.41,958.23,1030.77,0.84,0.83,41.95,41.95,72.59,72.61,-135.94,-135.94,126.33,126.33,104.1,104.1,83398.41,83513.98,63600.92,63689.06,106100,106247,4163.44,4157.68,1.71,1.71,1079.41,1077.92,432300000000,433100000000,12843.36,12777.64,31.75,31.75,48.46,50.95
Andech,65.67,65.67,38.67,38.67,70.89,70.89,1.65,1.65,29.56,29.47,45.83,45.83,523.94,807.62,42.5,42.5,130.5,130.5,-5.48,-5.48,4191.5,4307.29,4401.08,4522.66,489.01,502.52,2235.47,2297.22,-9.38,-9.38,-3.61,-3.61,-5.48,-5.48,489.01,502.52,2095.75,-6.32,-3.16,-3.16,978.02,1005.03,-7.07,-7.07,-5.48,-5.48,2025.89,2081.86,1604.52,1648.84,4401.08,4522.66,8.31,8.49,1222.52,1256.29,1047.88,1076.82,-3.16,-3.16,87.32,89.74,896.67,896.67,60.47,60.47,17.01,17.01,44.23,44.23,30.37,30.37,3.81,3.81,50,50,2.52,2.52,51.96,51.96,136,146,63.23,63.23,88.41,88.41,73.6,73.75,13.4,13.4,436.61,448.68,80.3,80.3,34,34,16.62,18.5,84.14,81.94,0.85,0.85,93.78,93.78,556.01,556.01,-8,-8,67,67,61.77,58.56,0,0,1052.07,1064.57,0.36,0.36,95.89,96.25,9.84,9.84,13.97,13.97,784.13,862.34,1.37,1.32,41.6,41.6,51.85,51.9,68.56,68.56,40,40,103.74,103.74,35433.43,34527.85,27148,26454.17,44896,43748,1047.88,1076.82,2.87,2.87,-7.75,-7.75,2515200000000,2736700000000,29551.48,28140.2,12.67,12.67,16.12,17.44
Mali i Zi i Ri ne Sardenje,61.33,61.33,48.44,48.44,57.33,57.33,2.91,2.91,32.63,32.46,42,42,290.5,561.48,47,47,119.25,119.25,-4.47,-4.47,2817.89,3144.28,774.68,748.64,1936.69,1871.6,1936.69,2096.19,3030.93,4192.38,3486.05,3368.87,3311.75,3743.19,4260.73,4117.51,-5.48,-11.4,2324.03,2245.92,387.34,374.32,1162.02,1122.96,3486.05,3368.87,-5.48,-5.48,-3.46,-3.46,4260.73,4117.51,9.33,9.49,871.51,842.22,871.51,842.22,1162.02,1122.96,290.5,280.74,119.98,119.98,34.4,34.4,12,12,46.46,46.46,22.98,22.98,20.01,20.01,50,50,1,1,50,50,100,110,57.4,57.4,62.55,62.55,69.61,69.78,3.78,3.78,1162.02,1122.96,62.24,62.24,43.33,43.33,19.93,19.35,82.29,82.6,3.24,3.24,93.2,93.2,640.56,640.56,0,0,64,64,66.73,66.53,774.68,748.64,500.51,573.3,0.34,0.34,137.81,138.24,11.51,11.26,17.16,17.16,516.73,621.16,2.36,2.13,51.22,51.22,51.41,51.47,-43.59,-43.59,53.85,53.85,100.2,100.2,40050.82,41437.14,22648.97,23432.94,65833,68112,774.68,748.64,9.56,9.56,96.83,93.58,295100000000,302400000000,32080.71,33398.34,6.95,6.95,13.26,15.09
BRU MkI,52.12,52.12,90.46,90.46,17,17,1.26,1.26,22.56,22.54,27.34,27.34,2062.58,2288.48,53.91,53.91,65.75,65.75,3905.15,3938.96,-12.26,-12.26,-4.84,-4.84,-6.84,-6.84,-17.92,-17.92,-12.2,-11.97,22495.89,22690.62,-9,-9,-17.58,-17.58,1980.08,-5.29,1430.06,1442.44,-10.52,-10.52,-4.24,-4.24,-15.2,-15.2,-10.71,-10.71,-11.95,-11.95,26401.04,26629.58,32.8,32.85,2062.58,2080.44,5500.22,5547.83,15950.63,16088.71,4262.67,4299.57,3000.39,3000.39,79.11,79.11,0.85,0.85,22.54,22.54,37.53,37.53,2.01,2.01,40.38,40.38,7.73,7.73,40.94,40.94,113,123,100.63,100.63,138.29,138.29,90.27,90.28,21.59,21.59,16706.91,16851.53,5.92,5.92,23.38,23.38,92.57,92.76,-240.76,-243.2,40.37,40.37,90.52,90.52,1892.33,1892.33,-15,-15,58,58,43.27,43.11,5225.21,5270.44,1214.22,1221.33,0.2,0.2,136.39,136.81,8.58,8.57,6.37,6.37,761.19,840.41,0.89,0.87,33.41,33.41,73.95,73.95,-73.41,-73.41,64.25,64.25,109.7,109.7,103789.1,102898.37,91719.1,90931.96,115942,114947,5431.46,5478.48,1.66,1.66,2131.33,2149.78,563100000000,558800000000,7680.39,7408.68,35.65,35.65,9.57,10.34
Venice rp,61.33,61.33,37,37,57.33,57.33,2.23,2.23,32.48,32.34,42,42,505.26,784.01,47,47,119.25,119.25,4042.11,4181.4,2829.48,2926.98,-3.16,-3.16,673.69,696.9,3233.69,3554.19,-4.9,-4.9,-7.75,-7.75,421.05,435.56,0,0,2694.74,-4.47,-11.83,-11.83,-6.32,-6.32,3031.58,3136.05,336.84,348.45,2357.9,2439.15,3002.16,3105.61,4042.11,4181.4,9.64,9.8,757.9,784.01,757.9,784.01,1010.53,1045.35,505.26,522.67,119.98,119.98,44.87,44.87,12,12,43.04,43.04,24.46,24.46,18.03,18.03,50,50,1,1,50,50,110,120,58.41,58.41,69.67,69.67,69.76,69.92,6.64,6.64,1010.53,1045.35,77.07,77.07,34.75,34.75,22.18,24.53,77.9,75.42,3.5,3.5,93.16,93.16,714.11,714.11,0,0,64,64,63.15,62.1,673.69,696.9,635.03,716.92,0.31,0.31,138.24,138.67,10.41,10.46,17.16,17.16,611.43,700.52,1.99,1.85,48.36,48.36,49.46,49.51,-43.59,-43.59,37.42,37.42,100.2,100.2,35237.99,34135.06,23009.88,22289.69,51276,49671,673.69,696.9,7.85,7.85,84.21,87.11,326900000000,351200000000,27415.16,25771.97,6.95,6.95,9.97,10.68
Asfaltum,65.33,65.33,97.18,97.18,54.48,54.48,1.66,1.66,21.7,21.69,45.34,45.34,1582.57,1752.73,43,43,150.25,150.25,1012.84,1019.77,6786.06,6832.45,768.07,773.32,38192.68,38453.78,1843.38,1855.98,-8.99,-8.99,28655.06,28850.96,-10.32,-10.32,-8.49,-8.49,3333.95,1232.22,2489.91,2506.93,2110.09,2124.52,5233.03,5268.81,-19.48,-19.48,10157.99,10227.43,447.68,450.74,30435.98,30644.05,27.73,27.78,1160.55,1168.49,6066.52,6107.99,5961.01,6001.76,2110.09,2124.52,1043.45,1043.45,60.19,60.19,13,13,38.39,38.39,89.15,89.15,0.85,0.85,51.62,51.62,9,9,48.04,48.04,213,223,84.01,84.01,119.06,119.06,90.68,90.69,4.57,4.57,17724.78,17845.95,3.92,3.92,47.38,47.38,72.46,72.9,-99.86,-102.86,14.19,14.19,92.13,92.13,592.32,592.32,-7,-7,91,91,54.01,53.53,105.5,106.23,1278.53,1284.9,10.08,10.08,8.71,8.82,8.91,8.91,13.3,13.3,1660.65,1722.75,0.78,0.77,50.43,50.43,88.95,88.95,-430.48,-430.48,434.31,434.31,100.62,100.62,144222.22,143243.02,110229.55,109481.14,183126,181883,5486.24,5523.75,1.89,1.89,-7.07,-7.07,2086300000000,2074900000000,39661.11,38818.86,34.1,34.1,114.15,115.09
The Kaverian,16,16,15.33,15.33,1,1,1.2,1.2,30.54,30.4,42,42,1306.91,1559.84,84,84,36,36,-5.1,-5.1,836.42,855.68,-9.8,-9.8,116.17,118.84,1208.16,1235.99,-11.06,-11.06,-6.78,-6.78,1234.3,1262.73,-3,-3,987.44,-8.12,-13.27,-13.27,-9.8,-9.8,-9.8,-9.8,-10.77,-10.77,-6.78,-6.78,-8.81,-8.81,0,0,12.96,13.08,943.88,965.62,1379.51,1411.28,1597.33,1634.12,943.88,965.62,141.46,141.46,83.41,83.41,12,12,11.91,11.91,1.13,1.13,37.08,37.08,50,50,2.52,2.52,50,50,138,148,63.76,63.76,82.27,82.27,72.15,72.35,40.45,40.45,1161.7,1188.45,106.56,106.56,-86.67,-86.67,66.51,69.86,34.22,32.54,28.66,28.66,91.19,91.19,7676.38,7676.38,0,0,64,64,76.22,76.12,871.27,891.34,758.75,847.97,0.21,0.21,29.93,30.13,9.82,9.82,17.06,17.06,833.37,909.68,1.79,1.68,14.55,14.55,46.43,46.5,-74.83,-74.83,28.28,28.28,101.85,101.85,18241.52,17874.28,16577.7,16243.96,19876,19475,871.27,891.34,2.79,2.79,363.03,371.39,1807900000000,1860400000000,6110.91,5380.16,8.92,8.92,8.36,8.9
Breat Gritain,61.33,61.33,42.22,42.22,40,40,1.89,1.89,30.38,30.29,43.68,43.68,872.01,1147.8,47,47,119.25,119.25,1902.56,1967.65,2663.58,2754.71,1268.37,1311.77,1268.37,1311.77,4249.05,4591.18,-10.2,-10.2,0,0,0,0,4122.21,4263.24,3488.02,327.94,-5.48,-5.48,2980.67,3082.65,2853.84,2951.48,-9.49,-9.49,317.09,327.94,-7,-7,3170.93,3279.42,10.72,10.86,1268.37,1311.77,872.01,901.84,872.01,901.84,396.37,409.93,468.75,468.75,52.87,52.87,14.64,14.64,38.7,38.7,21.29,21.29,22,22,50,50,1,1,50.99,50.99,132,142,60.05,60.05,73.15,73.15,72.37,72.5,9.66,9.66,792.73,819.85,85.74,85.74,38.67,38.67,22.33,24.63,74.98,72.1,7.94,7.94,92.65,92.65,796.31,796.31,0,0,64,64,61.73,58.3,554.91,573.9,962.84,1017.83,0.29,0.29,139.53,139.97,11.65,11.7,15.95,15.95,756.44,835.87,1.57,1.5,45.34,45.34,51.62,51.66,-24.49,-24.49,50.99,50.99,100.2,100.2,43425.88,42074.92,30967.05,30003.68,58572,56750,951.28,983.83,4.01,4.01,237.82,245.96,431700000000,464400000000,33741.91,31724.49,6.65,6.65,10.8,11.61
Dinkome,69.33,69.33,80.89,80.89,75.33,75.33,24.3,24.3,37.08,36.55,38.06,38.06,-6.32,-3.16,37,37,141.75,141.75,2619.11,2511.28,-4.86,-4.56,4828.99,4630.16,-7.35,-7.35,5156.38,5179.51,2911.31,4018.04,7611.8,7298.39,-5.59,-5.2,2537.27,2432.8,-6,-11.66,3846.82,3688.44,4992.68,4787.12,1800.64,1726.5,-6.78,-6.78,-3.82,-3.82,8643.07,8287.21,15059.9,14439.83,6.24,6.24,-8.94,-8.94,204.62,196.19,204.62,196.19,306.93,294.29,901.19,901.19,4.11,4.11,10.55,10.55,84.71,84.71,26.22,26.22,15.24,15.24,51.62,51.62,1,1,51.96,51.96,103,113,52.03,52.03,35.26,35.26,66.02,66.35,23.44,23.44,818.47,784.77,28,28,83.67,83.67,5.74,5.33,121.15,123.81,0.75,0.75,93.97,93.97,179.45,179.45,-8,-8,71,71,75,74.99,102.31,98.1,504.47,651.09,1.81,1.81,98.87,99.23,13.81,12.76,13.95,13.95,514.79,619.81,2.35,1.96,31.56,31.56,55.37,55.48,93.54,93.54,-53.39,-53.39,92.89,92.89,62239.94,64912.54,10321.71,10764.93,250834,261605,102.31,98.1,15.24,15.24,-8.37,-8.37,6800000000,8000000000,58692.26,61472.17,12.02,12.02,31.62,34.59
Bobogoobo,68.39,68.39,32.76,32.76,64.1,64.1,1.38,1.38,20.65,20.64,48.85,48.85,7375.66,7514.36,38.42,38.42,149.5,149.5,-20.98,-20.98,-17.44,-17.44,-17.26,-17.26,-10.1,-10.1,-19.81,-19.62,-14.83,-14.83,-20.4,-20.4,-17.1,-17.1,-19.82,-19.82,-21.91,-24.08,-21.45,-21.45,-17.61,-17.61,-17.89,-17.89,-26.53,-26.53,-2.21,-2.21,-30.46,-30.46,0,0,32.28,32.33,7076.65,7066.48,7375.66,7365.06,4584.87,4578.28,1345.56,1343.63,15.25,15.25,72.36,72.36,2.14,2.14,27.21,27.21,71.92,71.92,1,1,41.19,41.19,13.8,13.8,37.04,37.04,273,283,89.05,89.05,123.93,123.93,91.27,91.27,12.44,12.44,4883.88,4876.87,121.92,121.92,31.57,31.57,86.66,86.62,-201.88,-201.95,0.58,0.58,94.81,94.81,624.28,624.28,6,6,110,110,41.95,41.86,2292.43,2289.14,1350.79,1356.56,0.15,0.15,14.48,14.62,5.32,5.33,18.14,18.14,2231.69,2289.65,0.68,0.68,42.56,42.56,64.43,64.43,-144.86,-144.86,86.38,86.38,125.43,125.43,51928.62,52003.32,43772.1,43835.06,60493,60580,7724.51,7713.41,1.8,1.8,1594.74,1592.45,510500000000,511100000000,6906.51,6968.44,11.52,11.52,133.27,133.87
Worthless United,40,40,92.52,92.52,16,16,2.07,2.07,27.09,27.04,38.75,38.75,1869.6,2292.62,63,63,83.25,83.25,13000.89,12953.29,-1.79,-1.79,-1.67,-1.67,6673.02,6648.59,-2.7,-2.7,-8.58,-8.58,4371.98,4355.97,-1.73,-1.73,230.1,229.26,-2,-10.2,-10.2,-10.2,1196.54,1192.16,-2,-2,-7.42,-7.42,2462.12,2453.1,7943.86,7914.78,17372.87,17309.26,10.34,10.49,-10.49,-10.49,2588.67,2579.19,2444.86,2435.91,4314.45,4298.66,13.04,13.04,48.22,48.22,3.55,3.55,29.25,29.25,17.42,17.42,25.8,25.8,51.62,51.62,3.93,3.93,46.16,46.16,120,130,58.7,58.7,64.09,64.09,78.28,78.39,17.14,17.14,143.82,143.29,85.35,85.35,45.57,45.57,28.47,29.19,73.1,72.1,18.23,18.23,91.84,91.84,1333.27,1333.27,-2,-2,67,67,68.61,68.37,575.26,573.15,644.05,726.51,0.27,0.27,65.23,65.53,9.91,9.91,18.67,18.67,771.28,850.04,1.97,1.83,37.86,37.86,67.25,67.29,-83.01,-83.01,82.16,82.16,99.76,99.76,52592.14,52829.44,35696.87,35857.94,74027,74361,1294.34,1289.6,7.3,7.3,575.26,573.15,8606300000000,8855500000000,37603.38,37403.24,3.91,3.91,18.27,19.73
Bruderheim,65.56,65.56,74.5,74.5,42.22,42.22,6.58,6.58,28.27,28.2,32.72,32.72,213.9,539.49,42.67,42.67,178.5,178.5,6246.01,6301.23,821.39,828.66,-2,-2,359.36,362.54,4278.09,4574.87,3148.67,3176.51,6160.45,6214.91,5133.71,5179.09,64.17,64.74,1540.11,-8,4534.77,4574.87,2002.15,2019.85,-2,-2,4748.68,4790.66,5176.49,5222.25,-2.64,-2.64,12406.46,12516.14,10.15,10.3,-5.48,-5.48,1604.28,1618.47,3957.23,3992.22,855.62,863.18,468.75,468.75,15.19,15.19,1.34,1.34,50.22,50.22,27.94,27.94,11.37,11.37,53.9,53.9,4.98,4.98,46.16,46.16,105,115,61.85,61.85,101.68,101.68,75.84,75.97,7.63,7.63,3315.52,3344.83,48.6,48.6,52.75,52.75,16.28,17.44,91.06,89.46,9.89,9.89,92.47,92.47,620.57,620.57,-2,-2,64,64,70,69.77,748.67,755.28,694.67,780.22,0.26,0.26,205.06,205.58,9.81,9.81,15.95,15.95,564.76,659.44,1.88,1.76,47.37,47.37,59.89,59.93,-49.93,-49.93,46.94,46.94,85.53,85.53,55230.12,54747.34,19852.62,19679.08,130677,129535,213.9,215.8,3.14,3.14,-3.16,-3.16,620700000000,619900000000,46227.61,45221.31,12.35,12.35,18.22,19.58
Empire of Ice Reloaded,73.78,73.78,61.11,61.11,71.56,71.56,1.63,1.63,25.15,25.14,43.68,43.68,3226.94,3607.84,30.33,30.33,157.5,157.5,-11.75,-11.75,-7.9,-7.9,139.83,138.97,-4.1,-4.1,5001.76,5013.56,-5.59,-5.59,-10.1,-10.1,-6,-6,-7.94,-7.94,-10.39,-14.42,645.39,641.39,1559.69,1550.03,1721.03,1710.38,645.39,641.39,-4.32,-4.32,-13.03,-13.03,139.83,138.97,13.56,13.67,2151.29,2137.98,5109.32,5077.7,2285.75,2271.6,1479.01,1469.86,26.8,26.8,61.33,61.33,14.16,14.16,54.15,54.15,38.86,38.86,1.9,1.9,51,51,4.21,4.21,50.5,50.5,163,173,65.36,65.36,103.66,103.66,83.27,83.32,14.18,14.18,2285.75,2271.6,65.37,65.37,44.83,44.83,68.29,68.79,33.66,32.67,0.81,0.81,93.81,93.81,385.22,385.22,-4,-4,68,68,56.08,55.6,941.19,935.37,1075.05,1085.94,0.41,0.41,199.77,200.29,9.86,9.86,17.87,17.87,1051.01,1121.4,1.28,1.24,40.82,40.82,60.83,60.84,-42.19,-42.19,43.7,43.7,103.37,103.37,35722.23,35944.76,27576.62,27748.4,44964,45244,4437.04,4409.58,2.62,2.62,134.46,133.62,568500000000,573200000000,11323.95,11214.76,13.05,13.05,24.15,25.92
New Antifascist Order,83.25,83.25,19.8,19.8,70,70,1.26,1.26,27.82,27.76,47.2,47.2,1124.69,1289.67,16.75,16.75,189,189,674.81,672.87,-6.32,-6.32,0,0,3374.07,3364.36,989.73,986.88,1799.51,1794.33,-6.24,-6.24,-12.55,-12.55,1079.7,1076.6,-10,-14.14,2024.44,2018.62,-5.1,-5.1,1124.69,1121.45,-4.47,-4.47,2136.91,2130.76,161.96,161.49,674.81,672.87,16.34,16.43,2249.38,2242.91,2586.79,2579.35,506.11,504.65,899.75,897.16,9.32,9.32,79.59,79.59,17.69,17.69,35.26,35.26,41.16,41.16,1.74,1.74,51.62,51.62,3.3,3.3,51.48,51.48,126,136,65.64,65.64,97.19,97.19,76.73,76.83,26.36,26.36,843.52,841.09,82.75,82.75,-80.2,-80.2,65.33,65.85,9.82,8.82,0.98,0.98,93.7,93.7,479.48,479.48,0,0,64,64,76.4,76.3,955.99,953.24,867.99,962.5,0.36,0.36,305.58,306.22,9.7,9.7,25.11,25.11,756.92,836.33,1.66,1.57,28.64,28.64,50.92,50.95,-98.99,-98.99,98.99,98.99,105.16,105.16,28380.46,28467.01,25161.18,25237.91,31613,31709,2024.44,2018.62,2.59,2.59,787.28,785.02,1717200000000,1742100000000,9848.02,9735.72,3.89,3.89,8.42,8.96
Darksight1,59.78,59.78,37.11,37.11,66.22,66.22,1.47,1.47,29,28.92,43.68,43.68,759.42,1002.11,48.17,48.17,117,117,-8.72,-8.72,4155.54,4218.11,552.86,561.18,595.38,604.35,-3.53,-3.53,9428.95,9570.91,-5.48,-5.48,-11.49,-11.49,106.32,107.92,1336.58,-7.48,425.27,431.68,-4.56,-4.56,2247.88,2281.72,-10.77,-10.77,1670.72,1695.88,892.56,906,552.86,561.18,11.66,11.79,1215.07,1233.36,1594.78,1618.79,835.36,847.94,455.65,462.51,624.65,624.65,68.18,68.18,15.09,15.09,43.31,43.31,29.16,29.16,6.82,6.82,52.16,52.16,2.52,2.52,51.48,51.48,128,138,63.27,63.27,95.93,95.93,74.52,74.67,8.95,8.95,987.25,1002.11,75.28,75.28,34.83,34.83,30.31,31.87,62.61,60.73,1.47,1.47,93.54,93.54,651.72,651.72,-4,-4,68,68,56.08,55.5,531.59,539.6,1043.5,1056.84,0.33,0.33,188.03,188.53,9.41,9.41,15.24,15.24,760.05,839.31,1.4,1.35,46.05,46.05,52.34,52.39,-35.64,-35.64,46.69,46.69,96,96,38581.04,38036.43,31511.05,31066.24,46214,45562,1366.96,1387.53,2.86,2.86,227.83,231.26,667300000000,708900000000,26890.99,25902.81,12.41,12.41,19.61,21.15
Vertana,47.33,47.33,55.56,55.56,10,10,3.46,3.46,33.36,33.17,40.78,40.78,0,304.53,57.5,57.5,96.75,96.75,818.41,812.09,-5.66,-5.66,3682.86,3654.4,1964.19,1949.01,-3.74,-3.46,6665.98,7796.05,1391.3,1380.55,2046.03,2030.22,613.81,609.07,818.41,-8.94,2046.03,2030.22,4501.27,4466.49,-4.47,-4.47,-3.16,-3.16,1473.14,1461.76,474.68,471.01,5892.58,5847.04,8,8.19,102.3,101.51,613.81,609.07,1739.13,1725.69,511.51,507.56,7.9,7.9,28.89,28.89,10.55,10.55,27,27,12.48,12.48,29.49,29.49,50,50,1,1,50,50,106,116,57.68,57.68,53.51,53.51,68.87,69.06,16.85,16.85,1432.22,1421.15,60.74,60.74,48.67,48.67,12.47,13.05,92.92,92.1,23.9,23.9,91.47,91.47,1233.47,1233.47,-8,-8,64,64,69.05,68.84,511.51,507.56,506.97,580.22,0.38,0.38,76.76,77.08,9.87,9.84,32.78,32.78,567.93,662.14,2.34,2.11,38.15,38.15,52.38,52.45,40.62,40.62,53.39,53.39,105.16,105.16,43191.76,43532,22204.72,22379.63,76849,77455,511.51,507.56,9.11,9.11,-5.48,-5.48,121500000000,126100000000,37792.79,37872.84,13.88,13.88,17.65,19.54
The Problem,61.33,61.33,37.11,37.11,52,52,1.65,1.65,30.29,30.15,42,42,1116.16,1471.04,47,47,119.25,119.25,4390.24,4628.88,-5.8,-5.8,-7.21,-7.21,-2.83,-2.83,3497.31,3922.78,-9.21,-9.21,4018.18,4236.61,-4.06,-4.06,1190.57,1255.29,3646.13,-1.41,-12.33,-12.33,-6.48,-6.48,4390.24,4628.88,-10.58,-10.58,-6.24,-6.24,-7.56,-7.56,8408.42,8865.49,10.25,10.39,744.11,784.56,1302.19,1372.97,1116.16,1176.84,837.12,882.63,119.98,119.98,60.59,60.59,12,12,36.78,36.78,22.65,22.65,20.41,20.41,50,50,2.52,2.52,50,50,131,141,59.71,59.71,78.31,78.31,72.5,72.7,8.58,8.58,1116.16,1176.84,60.55,60.55,32.83,32.83,30.91,34.64,67.41,64.57,3.76,3.76,93.12,93.12,767.14,767.14,0,0,64,64,57.07,56.2,744.11,784.56,769.66,859.48,0.31,0.31,139.22,139.65,10.85,10.9,17.16,17.16,766.5,845.47,1.77,1.67,46.42,46.42,50.77,50.84,-52.92,-52.92,14.14,14.14,99.76,99.76,32476.58,30927.22,24909.48,23721.13,41110,39149,930.13,980.7,4.63,4.63,0,0,4844300000000,5094600000000,22441.32,20226.4,6.95,6.95,9.54,10.2
Nike Employees,58.67,58.67,39.56,39.56,50.67,50.67,2.36,2.36,32.49,32.34,42,42,271.79,550.39,49,49,114.75,114.75,1811.91,1834.64,-5.72,-4.9,1449.53,1467.71,1811.91,1834.64,-3.16,-2.45,-7.62,-4.47,-7.75,-7.75,-3.54,-2.74,2536.68,2568.5,4348.59,733.86,3986.21,4036.21,4710.97,4770.06,-4.47,-4.47,-4.47,-4.47,2536.68,2568.5,0,0,3261.44,3302.35,9.49,9.64,815.36,825.59,815.36,825.59,1087.15,1100.78,543.57,550.39,119.98,119.98,42.42,42.42,12,12,39.49,39.49,23.34,23.34,19.54,19.54,50,50,1,1,50,50,100,110,58.39,58.39,68.83,68.83,69.76,69.92,7,7,1087.15,1100.78,82.8,82.8,36.67,36.67,22.71,24.14,78.11,76.5,4.34,4.34,93.04,93.04,759.56,759.56,0,0,64,64,64.59,64.06,724.76,733.86,529.21,658.02,0.3,0.3,129.8,130.22,10.86,9.99,17.16,17.16,475.19,600.98,2.26,1.94,48,48,49.91,49.96,-30,-30,53.85,53.85,100.2,100.2,35274.31,34876.5,22346.24,22094.23,52675,52081,724.76,733.86,7.89,7.89,90.6,91.73,1066300000000,1122000000000,27267.04,26471.26,7.04,7.04,9.01,10.04
USS Concord,66.22,66.22,39.56,39.56,57.33,57.33,2.36,2.36,32.65,32.5,42,42,265.05,546.28,41.67,41.67,132.75,132.75,-6.32,-6.32,-7.68,-6.93,0,0,4594.12,4734.44,353.39,509.86,-8.19,-5.29,1060.18,1092.56,4664.8,5918.04,3180.55,3277.69,4240.73,728.37,-5.48,-5.48,-8.37,-8.37,3533.94,3641.87,3533.94,3641.87,706.79,728.37,-6.06,-6.06,1060.18,1092.56,9.49,9.64,795.14,819.42,795.14,819.42,1060.18,1092.56,530.09,546.28,119.98,119.98,42.42,42.42,12,12,44.14,44.14,25.42,25.42,16.58,16.58,50,50,1,1,50,50,100,110,58.02,58.02,67.02,67.02,69.58,69.74,7.78,7.78,1060.18,1092.56,64.3,64.3,36.67,36.67,21.54,23.7,79.18,76.87,3.5,3.5,93.16,93.16,651.72,651.72,0,0,64,64,64.49,63.86,706.79,728.37,481.64,558.86,0.35,0.35,159.17,159.63,11.74,11.36,17.16,17.16,507.08,614.75,2.44,2.17,47.22,47.22,49.85,49.9,-83.07,-83.07,83.07,83.07,100.2,100.2,36293.58,35289.76,22991.95,22356.03,54197,52698,706.79,728.37,8.55,8.55,88.35,91.05,186000000000,201900000000,28490.46,26926.08,6.69,6.69,9.78,11.28
Naughty Puppy,66.22,66.22,39.56,39.56,57.33,57.33,2.36,2.36,32.51,32.28,42,42,223.97,424.7,41.67,41.67,132.75,132.75,3583.57,3397.62,2441.3,2718.1,1194.52,1132.54,2090.41,1981.95,2986.3,3001.23,4038.98,5889.21,2687.67,2548.22,-5.15,-4.74,2986.3,2831.35,-8.37,-13.04,2687.67,2548.22,-7.75,-7.75,2389.04,2265.08,-7.75,-7.75,-8.37,-8.37,3681.42,3490.39,7465.76,7078.38,9.49,9.64,671.92,637.05,671.92,637.05,895.89,849.41,447.95,424.7,119.98,119.98,42.42,42.42,12,12,44.14,44.14,24.18,24.18,18.43,18.43,50,50,1,1,50,50,100,110,58.02,58.02,67.02,67.02,69.73,69.98,7.78,7.78,895.89,849.41,61.36,61.36,36.67,36.67,14.75,13.35,87.23,89.25,3.5,3.5,93.16,93.16,651.72,651.72,0,0,64,64,65.31,65.22,597.26,566.27,565.44,689.01,0.36,0.36,159.17,159.63,9.98,9.85,17.16,17.16,511.39,617.51,2.15,1.89,47.22,47.22,49.9,49.98,-43.59,-43.59,62.45,62.45,100.2,100.2,42682.55,44955.52,27039.36,28479.29,63738,67132,597.26,566.27,8.55,8.55,74.66,70.78,66800000000,68800000000,36365.54,38976.44,6.69,6.69,10.64,12.43
Homia Godart,66.22,66.22,39.56,39.56,57.33,57.33,2.36,2.36,32.66,32.5,42,42,275.57,560.16,41.67,41.67,132.75,132.75,0,0,4811.45,5825.71,-6.32,-6.32,1102.28,1120.33,2204.56,2464.72,-2.67,-2,0,0,-4.25,-3.87,1469.71,1493.77,4776.55,1120.33,-7.75,-7.75,-8.37,-8.37,4776.55,4854.76,-5.48,-5.48,2204.56,2240.66,661.37,672.2,0,0,9.49,9.64,826.71,840.25,826.71,840.25,1102.28,1120.33,551.14,560.16,119.98,119.98,42.42,42.42,12,12,44.14,44.14,25.38,25.38,16.65,16.65,50,50,1,1,50,50,100,110,58.02,58.02,67.02,67.02,69.58,69.74,7.78,7.78,1102.28,1120.33,64.3,64.3,36.67,36.67,23.21,24.82,77.68,75.94,3.5,3.5,93.16,93.16,651.72,651.72,0,0,64,64,64.32,63.73,734.85,746.89,529.67,629.38,0.34,0.34,159.17,159.63,10.59,10.33,17.16,17.16,506.78,614.57,2.26,2,47.22,47.22,49.84,49.9,-62.45,-62.45,43.59,43.59,100.2,100.2,34962.47,34450.12,22148.7,21824.12,52210,51444,734.85,746.89,8.55,8.55,91.86,93.36,82500000000,90800000000,26851.18,25906.49,6.69,6.69,10.21,11.26
Halyan Blurgland,66.22,66.22,39.56,39.56,57.33,57.33,2.36,2.36,32.64,32.48,42,42,297.81,591.06,41.67,41.67,132.75,132.75,2382.51,2364.23,1681.66,1891.38,1588.34,1576.15,-6.32,-6.32,-8.37,-8,-7.93,-5.29,2779.6,2758.27,-2.74,-2.74,2382.51,2364.23,-5.48,-11.4,1588.34,1576.15,1985.43,1970.19,-7.07,-7.07,794.17,788.08,3573.77,3546.35,1985.43,1970.19,6750.46,6698.65,9.49,9.64,893.44,886.59,893.44,886.59,1191.26,1182.12,595.63,591.06,119.98,119.98,42.42,42.42,12,12,44.14,44.14,25.75,25.75,16.04,16.04,50,50,1,1,50,50,100,110,58.02,58.02,67.02,67.02,69.6,69.76,7.78,7.78,1191.26,1182.12,63.31,63.31,36.67,36.67,26.69,27.3,74.99,74.1,3.5,3.5,93.16,93.16,651.72,651.72,0,0,64,64,64,63.48,794.17,788.08,493.46,565.73,0.35,0.35,159.17,159.63,10.62,10.37,17.16,17.16,514.64,619.7,2.39,2.15,47.22,47.22,49.85,49.91,60,60,-40,-40,100.2,100.2,32455.8,32724.9,20560.73,20731.19,48466,48868,794.17,788.08,8.55,8.55,99.27,98.51,85400000000,93400000000,23790.1,23791,6.69,6.69,10.21,11.36
Suttonia,62.93,62.93,44.89,44.89,66.67,66.67,2.66,2.66,30.78,30.67,45.34,45.34,162.4,383.05,45.8,45.8,123.75,123.75,-3.74,-3.74,533.33,588.37,-4.9,-4.9,-6.78,-6.78,454.72,612.89,3483.84,5197.28,3118.11,2941.86,871.77,995.94,2403.54,2267.68,-4.9,-11.14,3767.71,3554.74,5294.29,4995.03,3442.91,3248.3,4092.52,3861.19,253.35,239.03,-3.69,-3.69,3118.11,2941.86,10.15,10.3,1299.21,1225.77,1055.61,995.94,974.41,919.33,568.41,536.28,26.8,26.8,37.63,37.63,15.51,15.51,49.04,49.04,26.75,26.75,14.25,14.25,51,51,1,1,50.5,50.5,99,109,60.48,60.48,84.18,84.18,71.82,71.96,8.09,8.09,1218.01,1149.16,53.03,53.03,40.67,40.67,18.84,17.05,81.69,83.86,1.65,1.65,93.49,93.49,579.29,579.29,-4,-4,64,64,65.36,65.28,568.41,536.28,667.88,822.36,0.41,0.41,188.68,189.19,9.93,9.79,17.87,17.87,503.39,612.61,1.93,1.71,46.91,46.91,52.21,52.26,17.32,17.32,-38.73,-38.73,103.37,103.37,43789.28,46392.47,25997.61,27543.13,69092,73199,974.41,919.33,3.67,3.67,81.2,76.61,33700000000,35400000000,35556.89,38459.36,13.28,13.28,12.8,14.72
Northern Rocky Stas Ering,66.22,66.22,39.56,39.56,57.33,57.33,2.36,2.36,32.54,32.3,42,42,230.75,430.87,41.67,41.67,132.75,132.75,-4.47,-4.47,3456.68,3791.67,1538.35,1436.24,1538.35,1436.24,615.34,746.84,3908.96,5515.16,-6.32,-6.32,3221.31,3590.6,-5.48,-5.48,-8.37,-13.04,3999.72,3734.22,3692.05,3446.97,-5.48,-5.48,2461.36,2297.98,3692.05,3446.97,-2.45,-2.45,1538.35,1436.24,9.49,9.64,692.26,646.31,692.26,646.31,923.01,861.74,461.51,430.87,119.98,119.98,42.42,42.42,12,12,44.14,44.14,26.96,26.96,13.81,13.81,50,50,1,1,50,50,100,110,58.02,58.02,67.02,67.02,69.7,69.96,7.78,7.78,923.01,861.74,74.69,74.69,36.67,36.67,15.93,13.92,85.6,88.36,3.5,3.5,93.16,93.16,651.72,651.72,0,0,64,64,65.16,65.13,615.34,574.5,593.06,735.51,0.34,0.34,159.17,159.63,9.74,9.61,17.16,17.16,514.64,619.7,2.08,1.82,47.22,47.22,49.89,49.97,-20,-20,53.85,53.85,100.2,100.2,41470.92,44336.69,26271.79,28087.26,61929,66208,615.34,574.5,8.55,8.55,76.92,71.81,68400000000,69800000000,34877.05,38173.89,6.69,6.69,13.21,15.69
Western Condia Gle,66.22,66.22,39.56,39.56,57.33,57.33,2.36,2.36,32.61,32.46,42,42,299.6,591.06,41.67,41.67,132.75,132.75,-8.37,-8.37,3469.39,3782.77,2396.81,2364.23,3994.69,3940.38,2396.81,2600.65,1278.3,1260.92,-4.47,-4.47,0,0,-6.32,-6.32,-8.37,-13.04,-8.37,-8.37,-6.32,-6.32,3595.22,3546.35,-6.32,-6.32,-3.16,-3.16,2636.5,2600.65,2396.81,2364.23,9.49,9.64,898.81,886.59,898.81,886.59,1198.41,1182.12,599.2,591.06,119.98,119.98,42.42,42.42,12,12,44.14,44.14,24.62,24.62,17.79,17.79,50,50,1,1,50,50,100,110,58.02,58.02,67.02,67.02,69.63,69.79,7.78,7.78,1198.41,1182.12,73.71,73.71,36.67,36.67,26.97,27.3,74.8,74.1,3.5,3.5,93.16,93.16,651.72,651.72,0,0,64,64,63.98,63.48,798.94,788.08,518.38,592.46,0.34,0.34,159.17,159.63,9.99,9.99,17.16,17.16,536.34,635.95,2.3,2.08,47.22,47.22,49.86,49.92,-48.99,-48.99,73.48,73.48,100.2,100.2,32271.1,32724.9,20443.72,20731.19,48191,48868,798.94,788.08,8.55,8.55,99.87,98.51,86700000000,94300000000,23557.9,23791,6.69,6.69,10.5,11.37
Tones0606,66.22,66.22,39.56,39.56,57.33,57.33,2.36,2.36,32.6,32.42,42,42,242.49,470.17,41.67,41.67,132.75,132.75,4203.24,4074.8,2591.46,3009.08,969.98,940.34,-8.37,-8.37,2909.94,3009.08,3894.47,6018.16,-8.37,-8.37,-7.05,-6.12,-3.16,-3.16,969.98,-8.37,1293.31,1253.78,1939.96,1880.68,3879.92,3761.35,3233.26,3134.46,1616.63,1567.23,2133.95,2068.74,5173.22,5015.14,9.49,9.64,727.48,705.25,727.48,705.25,969.98,940.34,484.99,470.17,119.98,119.98,42.42,42.42,12,12,44.14,44.14,24.78,24.78,17.57,17.57,50,50,1,1,50,50,100,110,58.02,58.02,67.02,67.02,69.63,69.83,7.78,7.78,969.98,940.34,75.77,75.77,36.67,36.67,17.9,17.42,83.1,83.5,3.5,3.5,93.16,93.16,651.72,651.72,0,0,64,64,64.91,64.64,646.65,626.89,495.1,572.5,0.34,0.34,159.17,159.63,9.97,9.89,17.16,17.16,501.41,611.62,2.38,2.13,47.22,47.22,49.86,49.93,67.82,67.82,-55.68,-55.68,100.2,100.2,39536.36,40763.66,25046.25,25823.75,59040,60873,646.65,626.89,8.55,8.55,80.83,78.36,73900000000,78800000000,32459.35,33670.79,6.69,6.69,10.32,12.13
Godus Rhy,66.22,66.22,39.56,39.56,57.33,57.33,2.36,2.36,32.53,32.34,42,42,225.79,439.74,41.67,41.67,132.75,132.75,-7.75,-7.75,3629.27,4221.47,2709.53,2638.42,2408.48,2345.26,3913.77,3986.95,3963.45,6097.68,3311.65,3224.74,1538.41,1832.24,301.06,293.16,3913.77,879.47,-3.16,-3.16,2408.48,2345.26,-5.48,-5.48,-3.16,-3.16,2107.42,2052.1,1023.6,996.74,6021.19,5863.16,9.49,9.64,677.38,659.61,677.38,659.61,903.18,879.47,451.59,439.74,119.98,119.98,42.42,42.42,12,12,44.14,44.14,26.1,26.1,15.45,15.45,50,50,1,1,50,50,100,110,58.02,58.02,67.02,67.02,69.71,69.92,7.78,7.78,903.18,879.47,63.07,63.07,36.67,36.67,15.07,14.73,86.78,87.15,3.5,3.5,93.16,93.16,651.72,651.72,0,0,64,64,65.27,65.02,602.12,586.32,540.5,656.32,0.36,0.36,159.17,159.63,9.95,9.83,17.16,17.16,504.26,613.09,2.22,1.95,47.22,47.22,49.89,49.96,10,10,66.33,66.33,100.2,100.2,42350.03,43475.3,26828.71,27541.57,63241,64922,602.12,586.32,8.55,8.55,75.26,73.29,63900000000,67600000000,35955.18,37084.43,6.69,6.69,11.42,13.63
FluffyNation,66.22,66.22,39.56,39.56,57.33,57.33,2.36,2.36,32.59,32.43,42,42,239.85,475.03,41.67,41.67,132.75,132.75,-7.75,-7.75,-8.34,-7.48,2238.56,2216.8,3517.73,3483.55,4157.32,4306.93,-6.22,-4,-4.47,-4.47,2587.13,3166.86,0,0,3517.73,316.69,639.59,633.37,1918.76,1900.12,2878.14,2850.17,1598.97,1583.43,1918.76,1900.12,1598.97,1583.43,2238.56,2216.8,9.49,9.64,719.54,712.54,719.54,712.54,959.38,950.06,479.69,475.03,119.98,119.98,42.42,42.42,12,12,44.14,44.14,26.16,26.16,15.35,15.35,50,50,1,1,50,50,100,110,58.02,58.02,67.02,67.02,69.64,69.82,7.78,7.78,959.38,950.06,74.51,74.51,36.67,36.67,17.46,17.83,83.63,82.98,3.5,3.5,93.16,93.16,651.72,651.72,0,0,64,64,64.96,64.58,639.59,633.37,576.05,729.16,0.34,0.34,159.17,159.63,10.55,9.95,17.16,17.16,503.59,612.72,2.12,1.83,47.22,47.22,49.87,49.93,-48.99,-48.99,76.81,76.81,100.2,100.2,39958.24,40361.63,25313.51,25569.06,59670,60272,639.59,633.37,8.55,8.55,79.95,79.17,68700000000,75800000000,32965.55,33177.26,6.69,6.69,8.65,9.61
North Deauss Ameationrond,62.93,62.93,44.89,44.89,66.67,66.67,2.66,2.66,30.73,30.63,45.34,45.34,181.11,448.41,45.8,45.8,123.75,123.75,-7.35,-7.35,-6.79,-5.93,579.55,573.97,-6,-6,4129.32,4304.78,-5.51,-3.1,4201.77,4161.29,-5.32,-4.24,289.78,286.99,3115.1,-3.74,4563.99,4520.02,3368.66,3336.21,-4.9,-4.9,-2,-2,2245.77,2224.14,-7.49,-7.49,4781.32,4735.26,10.15,10.3,1448.88,1434.93,1177.22,1165.88,1086.66,1076.2,633.89,627.78,26.8,26.8,37.63,37.63,15.51,15.51,49.04,49.04,27.98,27.98,11.23,11.23,51,51,1,1,50.5,50.5,99,109,60.48,60.48,84.18,84.18,71.89,72.02,8.09,8.09,1358.33,1345.24,53.92,53.92,40.67,40.67,23.67,24.06,76.44,75.71,1.65,1.65,93.49,93.49,579.29,579.29,-4,-4,64,64,64.84,64.44,633.89,627.78,635.86,797.58,0.41,0.41,188.68,189.19,11.15,10.18,17.87,17.87,480.58,603.12,1.99,1.74,46.91,46.91,52.23,52.28,42.43,42.43,-31.62,-31.62,103.37,103.37,39317.66,39704.43,23342.82,23572.45,62037,62647,1086.66,1076.2,3.67,3.67,90.56,89.68,34000000000,37300000000,29999.37,30135.66,13.28,13.28,9.27,10.26
United Estland,66.22,66.22,39.56,39.56,57.33,57.33,2.36,2.36,32.67,32.51,42,42,281.17,584.7,41.67,41.67,132.75,132.75,1124.68,1169.39,-4.66,-4,0,0,3374.05,3508.18,-4.47,-3.74,-5.94,-3.46,749.79,779.6,3242.84,4385.23,-7.75,-7.75,4873.63,1169.39,2249.37,2338.79,4123.84,4287.78,-3.16,-3.16,0,0,-3.16,-3.16,3496.89,3635.9,1874.47,1948.99,9.49,9.64,843.51,877.05,843.51,877.05,1124.68,1169.39,562.34,584.7,119.98,119.98,42.42,42.42,12,12,44.14,44.14,24.52,24.52,17.94,17.94,50,50,1,1,50,50,100,110,58.02,58.02,67.02,67.02,69.56,69.73,7.78,7.78,1124.68,1169.39,65.29,65.29,36.67,36.67,24.08,26.79,76.94,74.46,3.5,3.5,93.16,93.16,651.72,651.72,0,0,64,64,64.24,63.53,749.79,779.6,482.32,553.77,0.35,0.35,159.17,159.63,9.97,9.95,17.16,17.16,484.17,604.55,2.43,2.18,47.22,47.22,49.84,49.9,-70,-70,70,70,100.2,100.2,34294.51,33065.65,21725.54,20947.06,51212,49377,749.79,779.6,8.55,8.55,93.72,97.45,77800000000,88200000000,26029.53,24204.06,6.69,6.69,10.16,11.45
Ikkashire,64.93,64.93,71.78,71.78,72.67,72.67,7.45,7.45,34.1,33.77,40.78,40.78,0,267.4,43.6,43.6,128.25,128.25,4693.71,4492.28,476.82,684.54,2831.12,2709.63,2384.1,2281.79,5960.26,5918.4,756.58,2053.61,5960.26,5704.48,1005.79,1604.38,1974.34,1889.61,5438.74,1640.04,596.03,570.45,5699.5,5454.91,6183.77,5918.4,-2,-2,1192.05,1140.9,-2.42,-2.42,13485.09,12906.38,8.25,8.43,93.13,89.13,558.77,534.79,1396.94,1336.99,465.65,445.66,23.5,23.5,13.42,13.42,11.33,11.33,72.1,72.1,28.72,28.72,8.32,8.32,47.8,47.8,1,1,50.5,50.5,99,109,56.08,56.08,62.32,62.32,68.19,68.48,14.25,14.25,1862.58,1782.65,33.96,33.96,66.67,66.67,8.12,7.81,107.76,109.61,0.82,0.82,93.8,93.8,321.9,321.9,-8,-8,64,64,72.24,72.19,465.65,445.66,457.21,657.71,0.95,0.95,203.19,203.72,13.38,11.58,17.93,17.93,451.47,591.37,2.55,1.95,40.75,40.75,56.16,56.25,12.25,12.25,60.42,60.42,105.16,105.16,60879.22,63608.51,20394.03,21308.32,151971,158784,465.65,445.66,11.37,11.37,-5.48,-5.48,24600000000,27400000000,55948,58647.04,15.11,15.11,17.65,20.05
Gren Youguan,66.22,66.22,39.56,39.56,57.33,57.33,2.36,2.36,32.61,32.44,42,42,240.63,473.43,41.67,41.67,132.75,132.75,3850.05,3787.45,3777.86,4521.26,0,0,962.51,946.86,-5.48,-4.9,3954.32,6304.52,641.67,631.24,3384.84,4339.78,641.67,631.24,4170.89,946.86,1283.35,1262.48,-4.47,-4.47,2887.54,2840.59,2245.86,2209.34,2566.7,2524.96,-3.16,-3.16,4491.72,4418.69,9.49,9.64,721.88,710.15,721.88,710.15,962.51,946.86,481.26,473.43,119.98,119.98,42.42,42.42,12,12,44.14,44.14,25.85,25.85,15.88,15.88,50,50,1,1,50,50,100,110,58.02,58.02,67.02,67.02,69.62,69.8,7.78,7.78,962.51,946.86,65.29,65.29,36.67,36.67,17.59,17.7,83.47,83.15,3.5,3.5,93.16,93.16,651.72,651.72,0,0,64,64,64.95,64.6,641.67,631.24,468.91,550.87,0.35,0.35,159.17,159.63,9.9,9.82,17.16,17.16,479.45,602.67,2.49,2.19,47.22,47.22,49.86,49.92,-43.59,-43.59,43.59,43.59,100.2,100.2,39831.97,40494.12,25233.52,25652.99,59481,60470,641.67,631.24,8.55,8.55,80.21,78.91,72600000000,78000000000,32821.54,33326.66,6.69,6.69,13.68,16.69
AntidoteNPO,88.67,88.67,78.22,78.22,97,97,24.3,24.3,45.31,43.04,42,42,-4.47,123.27,11.33,11.33,200.25,200.25,5556.57,5423.82,404.11,591.69,1515.43,1479.22,1010.28,986.15,1010.28,1281.99,0,0,6566.85,6409.97,5167.61,6779.77,5556.57,5423.82,-3.16,-10.49,2525.71,2465.37,-7.75,-7.75,6566.85,6409.97,3030.85,2958.45,2525.71,2465.37,-4.24,-4.24,13638.84,13313.01,5.39,5.48,505.14,493.07,505.14,493.07,126.29,123.27,126.29,123.27,95.92,95.92,4.11,4.11,12,12,101.02,101.02,37.74,37.74,1.99,1.99,50,50,1,1,50,50,100,110,42.56,42.56,23.33,23.33,64.62,64.85,40.28,40.28,884,862.88,24.08,24.08,83.67,83.67,6.8,6.72,113.82,114.39,1.16,1.16,93.63,93.63,25.51,25.51,0,0,64,64,74.17,74.09,378.86,369.81,109.46,164.77,3.21,3.21,300.85,301.49,15.98,15.5,17.29,17.29,464.36,596.64,110.06,88.29,14.72,14.72,56.18,56.25,18.71,18.71,33.91,33.91,97.83,97.83,48635.1,49825.16,8065.52,8262.88,196005,200801,378.86,369.81,19.18,19.18,-6.32,-6.32,19800000000,21300000000,45327.91,46486.87,3.68,3.68,24.58,27.12
Pat Pat Pat,48,48,71.78,71.78,53.33,53.33,7.45,7.45,32.84,32.68,42,42,214.18,533.45,57,57,96.75,96.75,-4.47,-4.47,3827.38,4608.98,5568.66,5547.84,3426.87,3414.06,428.36,597.46,-5.65,-3.46,428.36,426.76,-6.43,-5.48,-5.48,-5.48,3855.23,-3.16,1285.08,1280.27,6853.73,6828.11,856.72,853.51,5568.66,5547.84,6425.38,6401.36,-1.67,-1.67,5997.02,5974.6,8.77,8.94,856.72,853.51,856.72,853.51,1177.99,1173.58,535.45,533.45,114.92,114.92,13.42,13.42,12,12,58.12,58.12,24.18,24.18,18.42,18.42,50,50,1,1,50,50,100,110,54.05,54.05,41.38,41.38,69.39,69.55,9.44,9.44,1177.99,1173.58,79.05,79.05,66.67,66.67,11.59,12.23,96.36,95.4,4.34,4.34,93.04,93.04,557.3,557.3,0,0,64,64,71.33,71.15,749.63,746.82,418.71,533.33,0.33,0.33,100.7,101.07,12.26,11.51,17.19,17.19,494.49,608.65,2.78,2.25,45.56,45.56,56.33,56.39,46.37,46.37,65.95,65.95,99.76,99.76,52972.94,53173.93,17745.49,17812.83,132235,132736,749.63,746.82,13.6,13.6,0,0,24500000000,26600000000,46828.08,46686.71,7.24,7.24,17.03,19.19
Lahab,66.22,66.22,39.56,39.56,57.33,57.33,2.36,2.36,32.65,32.49,42,42,263.5,520.45,41.67,41.67,132.75,132.75,2810.65,2775.73,3207.66,3747.24,2810.65,2775.73,3513.32,3469.67,-5.48,-4.9,-5.11,-3.46,2810.65,2775.73,3604.66,4337.09,-8.37,-8.37,702.66,-8.94,702.66,693.93,-5.48,-5.48,3513.32,3469.67,0,0,2459.32,2428.77,-3.16,-3.16,8431.96,8327.2,9.49,9.64,790.5,780.68,790.5,780.68,1054,1040.9,527,520.45,119.98,119.98,42.42,42.42,12,12,44.14,44.14,26.29,26.29,15.11,15.11,50,50,1,1,50,50,100,110,58.02,58.02,67.02,67.02,69.59,69.76,7.78,7.78,1054,1040.9,65.29,65.29,36.67,36.67,21.3,21.61,79.42,78.8,3.5,3.5,93.16,93.16,651.72,651.72,0,0,64,64,64.52,64.1,702.66,693.93,484.07,559.73,0.36,0.36,159.17,159.63,9.95,9.94,17.16,17.16,508.85,615.85,2.43,2.17,47.22,47.22,49.85,49.91,-37.42,-37.42,73.48,73.48,100.2,100.2,36499.86,36969.32,23122.63,23420.03,54505,55206,702.66,693.93,8.55,8.55,87.83,86.74,75700000000,83400000000,28725.39,28983.94,6.69,6.69,11.71,13.24
Jackniandreufflielph,66.22,66.22,39.56,39.56,57.33,57.33,2.36,2.36,32.66,32.49,42,42,258.49,510.46,41.67,41.67,132.75,132.75,344.65,340.31,-7.18,-6.32,1723.25,1701.55,3791.14,3743.4,2412.55,2586.35,2946.75,4900.45,-5.48,-5.48,3343.1,4253.86,-3.16,-3.16,4135.79,680.62,2412.55,2382.16,1378.6,1361.24,0,0,-8.37,-8.37,344.65,340.31,3904.07,3854.91,2067.9,2041.86,9.49,9.64,775.46,765.7,775.46,765.7,1033.95,1020.93,516.97,510.46,119.98,119.98,42.42,42.42,12,12,44.14,44.14,24.98,24.98,17.26,17.26,50,50,1,1,50,50,100,110,58.02,58.02,67.02,67.02,69.58,69.75,7.78,7.78,1033.95,1020.93,73.8,73.8,36.67,36.67,20.5,20.79,80.22,79.63,3.5,3.5,93.16,93.16,651.72,651.72,0,0,64,64,64.61,64.2,689.3,680.62,488.42,580.95,0.34,0.34,159.17,159.63,9.98,9.9,17.16,17.16,486.53,605.48,2.41,2.11,47.22,47.22,49.85,49.9,-58.31,-58.31,76.81,76.81,100.2,100.2,37179.97,37664.63,23553.48,23860.51,55521,56245,689.3,680.62,8.55,8.55,86.16,85.08,73600000000,79700000000,29558.08,29830.38,6.69,6.69,10.27,12.05
New Asdanst,66.22,66.22,39.56,39.56,57.33,57.33,2.36,2.36,32.67,32.52,42,42,269.26,558.09,41.67,41.67,132.75,132.75,0,0,-5.59,-4.9,1795.04,1860.31,2872.07,2976.49,1436.03,1711.48,-5.81,-3.46,-8.37,-8.37,987.27,1395.23,718.02,744.12,3231.07,-3.16,3590.08,3720.62,-5.48,-5.48,2513.06,2604.43,-8.37,-8.37,2872.07,2976.49,5143.75,5330.77,1795.04,1860.31,9.49,9.64,807.77,837.14,807.77,837.14,1077.02,1116.19,538.51,558.09,119.98,119.98,42.42,42.42,12,12,44.14,44.14,26.33,26.33,15.04,15.04,50,50,1,1,50,50,100,110,58.02,58.02,67.02,67.02,69.56,69.73,7.78,7.78,1077.02,1116.19,77.39,77.39,36.67,36.67,22.21,24.65,78.56,76.08,3.5,3.5,93.16,93.16,651.72,651.72,0,0,64,64,64.42,63.75,718.02,744.12,431.13,545.1,0.34,0.34,159.17,159.63,11.7,10.97,17.16,17.16,488.89,606.42,2.7,2.21,47.22,47.22,49.84,49.89,-43.59,-43.59,66.33,66.33,100.2,100.2,35749.2,34574.82,22647.09,21903.12,53384,51631,718.02,744.12,8.55,8.55,89.75,93.02,77800000000,88200000000,27812.88,26034.84,6.69,6.69,9.15,10.1
Elputojack,47,47,20,20,68.67,68.67,1.52,1.52,32,31.87,43.68,43.68,340.11,495.86,57.75,57.75,96.75,96.75,1088.35,1057.83,489.76,476.02,2222.06,2159.73,-10.1,-10.1,1949.97,2027.5,7879.92,9344.8,-10.3,-10.3,-3,-3,544.18,528.91,408.13,-9.06,-8.49,-8.49,-6.4,-6.4,1315.1,1278.21,-3.46,-3.46,-8.49,-8.49,-12.36,-12.36,3310.41,3217.56,13.27,13.38,1133.7,1101.9,850.28,826.43,736.91,716.24,510.17,495.86,1588.44,1588.44,65.73,65.73,15.09,15.09,37.43,37.43,24.15,24.15,18.46,18.46,51,51,1,1,51.48,51.48,103,113,64.94,64.94,98.5,98.5,70.3,70.44,17.18,17.18,1020.33,991.71,99.46,99.46,20,20,41.68,40.66,45.98,46.27,1.26,1.26,93.59,93.59,837.89,837.89,-4,-4,64,64,51.4,51.24,623.54,606.05,696.71,782.38,0.28,0.28,157.15,157.61,9.62,9.56,10.96,10.96,534.8,634.74,1.88,1.76,37.82,37.82,47.04,47.09,95.92,95.92,-65.57,-65.57,104.81,104.81,28096.11,28894.75,22504.84,23144.55,34237,35211,906.96,881.52,2.66,2.66,396.8,385.67,41900000000,44600000000,16380.03,17134.59,13.86,13.86,10.09,11.59
Disguisedlark,71.33,71.33,71.78,71.78,67.33,67.33,7.45,7.45,34.03,33.71,42,42,0,255.26,34,34,148.5,148.5,4718.74,4492.56,3499.38,4165.83,4003.78,3811.87,4718.74,4492.56,2931.34,2995.04,-6.35,-3.35,5791.19,5513.59,2637.49,3488.54,-5.29,-5.29,786.46,-8.83,4003.78,3811.87,2931.34,2790.83,3646.3,3471.52,-4.24,-4.24,5433.7,5173.25,5905.58,5622.5,14513.71,13818.02,7.42,7.62,536.22,510.52,536.22,510.52,714.96,680.69,446.85,425.43,105.17,105.17,13.42,13.42,12,12,66.33,66.33,31.09,31.09,3.23,3.23,50,50,1,1,50,50,100,110,51.98,51.98,35.47,35.47,68.25,68.54,14.78,14.78,804.33,765.78,43.52,43.52,66.67,66.67,6.66,6.3,115.57,118.09,1.51,1.51,93.52,93.52,312.51,312.51,0,0,64,64,72.23,72.21,446.85,425.43,358,511.15,0.97,0.97,188.15,188.65,12.76,11.34,17.24,17.24,461.92,595.65,3.35,2.32,40.22,40.22,55.7,55.8,-35.36,-35.36,82.76,82.76,98.83,98.83,63470.32,66663.43,21262.03,22331.69,158439,166410,446.85,425.43,15.28,15.28,-4.47,-4.47,29400000000,32900000000,59217.81,62463.63,5.85,5.85,17.53,20.29
Lottieland,54.67,54.67,44.89,44.89,76.67,76.67,2.66,2.66,30.72,30.61,43.68,43.68,169.71,409.56,52,52,108,108,271.53,262.12,-5.06,-5.06,2579.52,2490.13,1289.76,1245.06,1289.76,1441.65,8387.85,10603.68,-7.48,-7.48,-6.24,-6.24,-5.66,-5.66,-7.87,-12.73,2986.81,2883.31,427.66,412.84,2307.99,2228.01,4344.46,4193.9,1235.45,1192.64,4220.11,4073.86,2851.05,2752.25,10.44,10.58,1357.64,1310.59,933.38,901.03,1187.94,1146.77,424.26,409.56,468.75,468.75,37.63,37.63,14.64,14.64,56.46,56.46,28.28,28.28,9.86,9.86,51.62,51.62,1,1,50.99,50.99,102,112,60.45,60.45,92.19,92.19,71.9,72.04,12.34,12.34,848.53,819.12,99.62,99.62,40.67,40.67,22.33,21.5,77.13,77.78,0.74,0.74,94,94,511.62,511.62,0,0,68,68,64.81,64.56,593.97,573.38,651.98,734.94,0.27,0.27,55.93,56.21,9.82,9.75,15.95,15.95,548.88,646.11,1.96,1.82,42.66,42.66,51.91,51.95,36.06,36.06,50,50,89.65,89.65,41916.07,43412.3,24885.49,25773.8,66136,68497,1018.23,982.94,3.69,3.69,254.56,245.74,31700000000,34100000000,32568.78,34078.65,5.47,5.47,13.78,15.94
9Pluto,58.33,58.33,65.78,65.78,72,72,3.59,3.59,29.35,29.27,44.28,44.28,87.24,350.38,49.25,49.25,114.75,114.75,5164.87,5185.61,335.02,336.36,2024.07,2032.2,-3.74,-3.74,4257.53,4484.85,6094.2,7736.37,2512.64,2522.73,1221.42,1226.33,-1.73,-1.73,2722.03,-4.69,2373.05,2382.58,5409.16,5430.87,2024.07,2032.2,1326.12,1331.44,-6,-6,-7.87,-7.87,9701.58,9740.53,10.86,11,2006.62,2014.68,1134.18,1138.73,1134.18,1138.73,872.44,875.95,25.09,25.09,27.88,27.88,14.64,14.64,58.9,58.9,28.13,28.13,10.66,10.66,51,51,1,1,50.5,50.5,107,117,61.96,61.96,94.12,94.12,73.93,74.07,6.62,6.62,1308.67,1313.92,66.19,66.19,49.67,49.67,16.35,17.21,85.52,84.09,0.86,0.86,93.77,93.77,476.84,476.84,-8,-8,64,64,67.38,67.08,523.47,525.57,877.12,976.36,0.35,0.35,185.45,185.95,9.86,9.82,17.9,17.9,559.39,654.88,1.65,1.56,48.38,48.38,56.99,57.03,50.99,50.99,17.32,17.32,106.84,106.84,59567.38,59329.65,30030.65,29910.8,107704,107274,1395.91,1401.52,3.12,3.12,261.73,262.78,24400000000,25900000000,49857.9,49124.95,13.38,13.38,16.32,18.31
Far Raatheistan,66.22,66.22,39.56,39.56,57.33,57.33,2.36,2.36,32.65,32.48,42,42,255.19,498.17,41.67,41.67,132.75,132.75,4423.33,4317.47,1992.2,2391.21,1701.28,1660.57,340.26,332.11,-3.16,-2.45,1213.01,2125.52,3062.31,2989.02,4324.66,5396.84,1361.02,1328.45,1020.77,-8.37,4083.07,3985.36,-6.32,-6.32,2722.05,2656.91,340.26,332.11,1020.77,996.34,-4.24,-4.24,9186.92,8967.06,9.49,9.64,765.58,747.25,765.58,747.25,1020.77,996.34,510.38,498.17,119.98,119.98,42.42,42.42,12,12,44.14,44.14,24.47,24.47,18.02,18.02,50,50,1,1,50,50,100,110,58.02,58.02,67.02,67.02,69.58,69.76,7.78,7.78,1020.77,996.34,62.09,62.09,36.67,36.67,19.97,19.78,80.77,80.71,3.5,3.5,93.16,93.16,651.72,651.72,0,0,64,64,64.67,64.33,680.51,664.23,442.42,547.4,0.36,0.36,159.17,159.63,10.65,10,17.16,17.16,487.01,605.67,2.63,2.2,47.22,47.22,49.85,49.91,40,40,30,30,100.2,100.2,37642.55,38558.34,23846.52,24426.68,56212,57579,680.51,664.23,8.55,8.55,85.06,83.03,72900000000,78800000000,30114.04,30923.79,6.69,6.69,11.98,13.88
KOBKK,62.93,62.93,21.67,21.67,66.67,66.67,1.59,1.59,31.8,31.67,43.68,43.68,355.77,524.89,45.8,45.8,123.75,123.75,2087.16,2052.91,2184.64,2463.5,-3.46,-3.46,-6.16,-6.16,2514.08,2612.8,-6.3,-4.56,-5.1,-5.1,1333.41,1399.71,1091.01,1073.11,426.92,-9.06,664.1,653.2,924.99,909.81,1849.98,1819.63,-1.18,-1.18,1921.13,1889.61,417.43,410.58,2087.16,2052.91,12.57,12.69,1185.89,1166.43,889.41,874.82,652.24,641.54,533.65,524.89,644.28,644.28,62.95,62.95,15.09,15.09,37.68,37.68,28.57,28.57,8.86,8.86,51,51,1,1,51.48,51.48,102,112,62.99,62.99,92.78,92.78,70.53,70.68,14.42,14.42,1067.3,1049.79,69.4,69.4,21.67,21.67,35.64,35.45,55.77,55.47,1.81,1.81,93.45,93.45,739.72,739.72,-4,-4,64,64,52.3,52.09,652.24,641.54,735.23,849.46,0.35,0.35,189.34,189.84,9.94,9.9,15.15,15.15,523.54,626.1,1.82,1.68,40.58,40.58,47.71,47.76,20,20,-31.62,-31.62,104.81,104.81,29879.8,30376.14,23388.5,23777.01,37155,37773,948.71,933.14,2.91,2.91,415.06,408.25,74700000000,80700000000,19242.59,19592.61,13.54,13.54,8.36,9.1
Inner Waldnianacyopia,59.2,59.2,23.67,23.67,76.67,76.67,1.67,1.67,31.33,31.21,45.34,45.34,300.58,476.08,48.6,48.6,117,117,3126.03,3094.53,1198.71,1428.25,2019.89,1999.54,913.76,904.56,1442.78,1571.07,1912.89,3046.92,-6.24,-6.24,473.71,595.1,1202.32,1190.2,1202.32,-7.07,3126.03,3094.53,-7.07,-7.07,3126.03,3094.53,240.46,238.04,1731.34,1713.89,-9.13,-9.13,5145.92,5094.08,11.96,12.08,1382.67,1368.74,841.62,833.14,901.74,892.65,480.93,476.08,13.18,13.18,59.98,59.98,15.09,15.09,43.12,43.12,31.32,31.32,3.14,3.14,47.8,47.8,1,1,50,50,96,106,63.02,63.02,102.53,102.53,71.1,71.25,17.82,17.82,841.62,833.14,104.62,104.62,23.67,23.67,30.75,30.96,61.47,60.87,0.74,0.74,94,94,617.97,617.97,0,0,66,66,52.89,52.64,601.16,595.1,619.99,708.47,0.27,0.27,84.35,84.68,9.93,9.88,18.61,18.61,498.93,610.5,2.02,1.86,37.18,37.18,48.42,48.47,36.74,36.74,53.39,53.39,107.17,107.17,31996.07,32325.96,24408.28,24659.94,40695,41114,901.74,892.65,2.9,2.9,721.39,714.12,65500000000,71600000000,22141.28,22304.91,8.89,8.89,10.95,12.49
Sax Hum Tomiastan,81.78,81.78,80.44,80.44,49.33,49.33,17.12,17.12,35.77,35.51,42,42,0,360.81,18.33,18.33,184.5,184.5,4909.53,4810.8,-5.77,-4.9,-6.32,-6.32,3436.67,3367.56,4909.53,5099.45,495.86,1539.46,4909.53,4810.8,5076.45,6614.85,-3.16,-3.16,4909.53,0,-3.16,-3.16,5891.43,5772.96,3927.62,3848.64,0,0,0,0,1669.24,1635.67,9819.06,9621.6,7.42,7.62,736.43,721.62,736.43,721.62,1227.38,1202.7,368.21,360.81,105.17,105.17,5.84,5.84,12,12,62.06,62.06,27.14,27.14,13.44,13.44,50,50,1,1,50,50,100,110,46.71,46.71,22.51,22.51,66.87,67.06,22.97,22.97,1104.64,1082.43,27.97,27.97,79.67,79.67,9.03,9.1,104.7,104.43,5.29,5.29,92.93,92.93,243.1,243.1,0,0,64,64,73.33,73.21,613.69,601.35,232.68,321.1,1.97,1.97,263.03,263.63,14.33,13.55,17.24,17.24,469.53,598.72,58.07,3.98,32.03,32.03,58.13,58.19,-75.83,-75.83,61.24,61.24,98.83,98.83,51972.27,53039.1,10687.5,10906.88,182997,186753,613.69,601.35,17.6,17.6,-4.47,-4.47,21800000000,23700000000,47294.76,48212.54,4.86,4.86,20.88,23.67
Publemostlawicstana,66.22,66.22,39.56,39.56,57.33,57.33,2.36,2.36,32.65,32.49,42,42,263.36,523.6,41.67,41.67,132.75,132.75,2809.17,2792.55,-3,-2.83,2106.88,2094.41,3511.46,3490.69,351.15,488.7,1509.93,2234.04,702.29,698.14,3230.54,3927.02,4213.75,4188.82,1404.58,-7.75,351.15,349.07,1404.58,1396.27,-7.75,-7.75,2809.17,2792.55,1755.73,1745.34,-1.67,-1.67,5618.33,5585.1,9.49,9.64,790.08,785.4,790.08,785.4,1053.44,1047.21,526.72,523.6,119.98,119.98,42.42,42.42,12,12,44.14,44.14,25.83,25.83,15.91,15.91,50,50,1,1,50,50,100,110,58.02,58.02,67.02,67.02,69.59,69.75,7.78,7.78,1053.44,1047.21,69.87,69.87,36.67,36.67,21.27,21.87,79.44,78.55,3.5,3.5,93.16,93.16,651.72,651.72,0,0,64,64,64.52,64.07,702.29,698.14,461.61,554.49,0.35,0.35,159.17,159.63,11.3,10.87,17.16,17.16,507.08,614.75,2.53,2.18,47.22,47.22,49.85,49.9,-48.99,-48.99,73.48,73.48,100.2,100.2,36519.18,36756.93,23134.87,23285.48,54534,54889,702.29,698.14,8.55,8.55,87.79,87.27,74900000000,83200000000,28740.59,28707.16,6.69,6.69,10.86,12.16
Milorez Llystan,66.22,66.22,39.56,39.56,57.33,57.33,2.36,2.36,32.64,32.48,42,42,272.66,541.73,41.67,41.67,132.75,132.75,727.1,722.3,-8.1,-7.48,-3.16,-3.16,3271.95,3250.36,2181.3,2383.59,-2,-2,1817.75,1805.75,454.44,451.44,2181.3,2166.9,-5.48,-11.4,-6.32,-6.32,2181.3,2166.9,4362.6,4333.81,2908.4,2889.2,3271.95,3250.36,1236.07,1227.91,2544.85,2528.05,9.49,9.64,817.99,812.59,817.99,812.59,1090.65,1083.45,545.33,541.73,119.98,119.98,42.42,42.42,12,12,44.14,44.14,26.66,26.66,14.42,14.42,50,50,1,1,50,50,100,110,58.02,58.02,67.02,67.02,69.6,69.76,7.78,7.78,1090.65,1083.45,61.6,61.6,36.67,36.67,22.75,23.34,78.07,77.19,3.5,3.5,93.16,93.16,651.72,651.72,0,0,64,64,64.37,63.9,727.1,722.3,475.05,561.34,0.35,0.35,159.17,159.63,11.57,11.43,17.16,17.16,524.7,626.97,2.47,2.16,47.22,47.22,49.85,49.91,-73.48,-73.48,70,70,100.2,100.2,35318.91,35573.33,22374.5,22535.68,52742,53122,727.1,722.3,8.55,8.55,90.89,90.29,75900000000,82600000000,27301.52,27284.75,6.69,6.69,9,9.67
Southville,78.67,78.67,35.11,35.11,76.67,76.67,2.15,2.15,32.61,32.47,43.68,43.68,-3.16,204.1,23,23,173.25,173.25,-9.7,-9.7,2284,2743.15,661.19,653.13,-9.27,-9.27,1818.28,2041.03,-5.12,-3.1,2562.12,2530.88,-9.24,-7.94,-6,-6,247.95,-9.7,1074.44,1061.34,-5.59,-5.59,1074.44,1061.34,1487.68,1469.54,4628.34,4571.92,-8.18,-8.18,3223.31,3184.01,8.19,8.31,1343.04,1326.67,826.49,816.41,309.93,306.16,206.62,204.1,609.8,609.8,46.42,46.42,15.09,15.09,51.2,51.2,35.07,35.07,2.28,2.28,51,51,1,1,51.48,51.48,101,111,58.79,58.79,74.09,74.09,69.62,69.77,23.11,23.11,1136.42,1122.57,40.24,40.24,33.33,33.33,23.12,23.34,80.14,79.71,0.74,0.74,94,94,362.92,362.92,-4,-4,64,64,63.02,62.39,413.24,408.21,421.13,497.19,1.33,1.33,263.98,264.58,10.3,10.08,15.31,15.31,493.75,608.35,2.76,2.37,31.89,31.89,49.68,49.73,66.71,66.71,-60.42,-60.42,102.24,102.24,27967.14,28317.31,18598.38,18831.25,40064,40566,929.8,918.47,7.11,7.11,0,0,61000000000,66300000000,21506.73,21719.38,12.3,12.3,9.14,10.19
Rischionlan Islands,66.22,66.22,39.56,39.56,57.33,57.33,2.36,2.36,32.66,32.5,42,42,283.94,557.25,41.67,41.67,132.75,132.75,757.18,743,-4.36,-4,0,0,-7.75,-7.75,1514.35,1708.9,3893.77,5944.01,3785.88,3715.01,1207.69,1393.13,-4.47,-4.47,3407.29,-3.16,-4.47,-4.47,-4.47,-4.47,2650.11,2600.5,-8.37,-8.37,2650.11,2600.5,-4.24,-4.24,4543.05,4458.01,9.49,9.64,851.82,835.88,851.82,835.88,1135.76,1114.5,567.88,557.25,119.98,119.98,42.42,42.42,12,12,44.14,44.14,25.26,25.26,16.83,16.83,50,50,1,1,50,50,100,110,58.02,58.02,67.02,67.02,69.58,69.74,7.78,7.78,1135.76,1114.5,57.56,57.56,36.67,36.67,24.52,24.59,76.59,76.13,3.5,3.5,93.16,93.16,651.72,651.72,0,0,64,64,64.19,63.76,757.18,743,543.95,657.58,0.36,0.36,159.17,159.63,9.86,9.76,17.16,17.16,506.78,614.57,2.21,1.95,47.22,47.22,49.84,49.9,50.99,50.99,-50.99,-50.99,100.2,100.2,33972.56,34623.85,21521.59,21934.18,50731,51704,757.18,743,8.55,8.55,94.65,92.88,73100000000,81000000000,25649.28,26106.38,6.69,6.69,10.48,11.94
Adant Blan,66.22,66.22,39.56,39.56,57.33,57.33,2.36,2.36,32.64,32.47,42,42,255.34,494.05,41.67,41.67,132.75,132.75,-6.32,-6.32,4425.93,5121.66,340.46,329.37,-4.47,-4.47,1021.37,1185.72,3404.56,5269.88,340.46,329.37,-7.07,-6.12,2042.74,1976.2,2723.65,-4.47,2383.19,2305.57,2723.65,2634.94,340.46,329.37,1021.37,988.1,4425.93,4281.78,0,0,680.91,658.73,9.49,9.64,766.03,741.08,766.03,741.08,1021.37,988.1,510.68,494.05,119.98,119.98,42.42,42.42,12,12,44.14,44.14,26.7,26.7,14.35,14.35,50,50,1,1,50,50,100,110,58.02,58.02,67.02,67.02,69.59,69.78,7.78,7.78,1021.37,988.1,67.05,67.05,36.67,36.67,19.99,19.44,80.74,81.09,3.5,3.5,93.16,93.16,651.72,651.72,0,0,64,64,64.66,64.37,680.91,658.73,535.78,654.58,0.34,0.34,159.17,159.63,9.94,9.83,17.16,17.16,500,611.06,2.24,1.95,47.22,47.22,49.85,49.91,33.17,33.17,-24.49,-24.49,100.2,100.2,37620.42,38865.35,23832.51,24621.17,56179,58038,680.91,658.73,8.55,8.55,85.11,82.34,68100000000,73300000000,30096.34,31325.47,6.69,6.69,11.17,13.15
Toka Hod,66.22,66.22,39.56,39.56,57.33,57.33,2.36,2.36,32.58,32.4,42,42,236.27,457.91,41.67,41.67,132.75,132.75,-8.37,-8.37,3775.53,4395.96,1260.09,1221.1,4095.28,3968.57,315.02,427.38,-7.1,-4.47,2835.19,2747.47,-8.38,-7.25,0,0,1575.11,-7.07,4095.28,3968.57,-7.07,-7.07,2835.19,2747.47,1575.11,1526.37,-7.07,-7.07,5143.56,4984.43,4095.28,3968.57,9.49,9.64,708.8,686.87,708.8,686.87,945.06,915.82,472.53,457.91,119.98,119.98,42.42,42.42,12,12,44.14,44.14,24.83,24.83,17.49,17.49,50,50,1,1,50,50,100,110,58.02,58.02,67.02,67.02,69.66,69.86,7.78,7.78,945.06,915.82,61.36,61.36,36.67,36.67,16.86,16.35,84.38,84.89,3.5,3.5,93.16,93.16,651.72,651.72,0,0,64,64,65.04,64.78,630.04,610.55,570.73,727.16,0.36,0.36,159.17,159.63,9.96,9.84,17.16,17.16,498.93,610.5,2.14,1.83,47.22,47.22,49.87,49.94,-70,-70,83.07,83.07,100.2,100.2,40540.95,41815.84,25682.66,26490.3,60540,62444,630.04,610.55,8.55,8.55,78.76,76.32,63200000000,68600000000,33689.53,34958.04,6.69,6.69,9.69,11.09
Tejuguasu,81.33,81.33,71.78,71.78,80.67,80.67,7.45,7.45,34.61,34.29,42,42,0,280.47,19,19,182.25,182.25,3138.35,2991.7,3356.07,4038.8,3138.35,2991.7,6276.7,5983.41,-3.16,-2.45,5360.69,7971.02,392.29,373.96,588.44,934.91,1569.17,1495.85,5099.82,1121.89,784.59,747.93,-6.32,-6.32,0,0,3922.94,3739.63,6276.7,5983.41,6982.82,6656.54,6668.99,6357.37,7.07,7.28,588.44,560.94,588.44,560.94,490.37,467.45,294.22,280.47,105.17,105.17,13.42,13.42,12,12,78.31,78.31,37.34,37.34,2.02,2.02,50,50,1,1,50,50,100,110,51.01,51.01,36.58,36.58,67.76,68.03,26.42,26.42,882.66,841.42,43.77,43.77,66.67,66.67,7.28,7.01,111.47,113.28,0.7,0.7,94.2,94.2,141.93,141.93,0,0,64,64,72.06,72.01,490.37,467.45,278.55,409.98,1.49,1.49,259,259.59,11.12,9.92,17.24,17.24,458.74,594.35,7.3,2.84,28.58,28.58,55.54,55.63,-65.19,-65.19,90.83,90.83,98.83,98.83,57847.6,60681.11,19378.47,20327.67,144403,151476,490.37,467.45,15.84,15.84,-4.47,-4.47,24000000000,27100000000,53624.73,56433.43,4.93,4.93,20.94,24.68
Dastanlavia,66.22,66.22,39.56,39.56,57.33,57.33,2.36,2.36,32.57,32.4,42,42,238.13,466.44,41.67,41.67,132.75,132.75,3810.02,3731.53,0,0,1587.51,1554.81,3810.02,3731.53,3492.52,3607.15,1820.87,2487.69,3492.52,3420.57,3013.09,3498.31,4127.53,4042.49,-7.07,-12.25,952.51,932.88,1905.01,1865.77,1270.01,1243.84,0,0,-8.37,-8.37,1587.51,1554.81,8890.06,8706.91,9.49,9.64,714.38,699.66,714.38,699.66,952.51,932.88,476.25,466.44,119.98,119.98,42.42,42.42,12,12,44.14,44.14,24.68,24.68,17.71,17.71,50,50,1,1,50,50,100,110,58.02,58.02,67.02,67.02,69.66,69.85,7.78,7.78,952.51,932.88,60.16,60.16,36.67,36.67,17.17,17.1,83.99,83.91,3.5,3.5,93.16,93.16,651.72,651.72,0,0,64,64,65,64.68,635,621.92,479.89,560.17,0.36,0.36,159.17,159.63,11.96,11.7,17.16,17.16,515.16,620.07,2.44,2.17,47.22,47.22,49.87,49.94,-62.45,-62.45,80,80,100.2,100.2,40235.44,41077.96,25489.12,26022.85,60084,61342,635,621.92,8.55,8.55,79.38,77.74,49600000000,54100000000,33314.95,34053.63,6.69,6.69,10.22,11.37
Even More Pressure,64.67,64.67,39.56,39.56,57.33,57.33,2.36,2.36,32.57,32.4,42,42,258.54,500.49,44,44,126,126,-6.32,-6.32,3631.69,4003.88,4136.71,4003.88,-7.75,-7.75,2757.81,2869.45,4000.55,5338.51,4136.71,4003.88,0,0,3791.99,3670.23,-5.48,-11.4,-7.75,-7.75,4136.71,4003.88,344.73,333.66,-7.07,-7.07,-5.48,-5.48,-3.46,-3.46,8273.42,8007.77,9.49,9.64,775.63,750.73,775.63,750.73,1034.18,1000.97,517.09,500.49,119.98,119.98,42.42,42.42,12,12,42.87,42.87,23.02,23.02,19.96,19.96,50,50,1,1,50,50,100,110,58.11,58.11,68.3,68.3,69.67,69.85,7,7,1034.18,1000.97,66.27,66.27,36.67,36.67,20.54,20.01,80.17,80.46,3.24,3.24,93.2,93.2,671.49,671.49,0,0,64,64,64.71,64.41,689.45,667.31,507.54,580.84,0.35,0.35,147.71,148.15,10.85,10.51,17.16,17.16,529.45,630.58,2.33,2.11,48,48,49.88,49.94,92.74,92.74,-50.99,-50.99,100.2,100.2,37106.31,38320.51,23506.82,24276.01,55411,57224,689.45,667.31,8.41,8.41,86.18,83.41,36600000000,41400000000,29499.52,30656.41,6.82,6.82,11.26,12.78
Monspisia,77.5,77.5,64.22,64.22,76.67,76.67,4.48,4.48,31.19,31.13,45.34,45.34,113.94,436.31,24.75,24.75,171,171,1731.84,1657.98,870.93,942.43,-7.87,-7.87,-7.35,-7.35,2825.64,2966.92,-4.32,-2.97,2643.34,2530.6,2744.51,3163.26,4922.08,4712.16,-6.48,-11.92,1276.09,1221.67,4694.2,4494.01,-5.66,-5.66,-4.69,-4.69,-7.48,-7.48,-4.47,-4.47,4375.18,4188.59,9.7,9.85,1709.05,1636.17,1367.24,1308.93,911.5,872.62,569.68,545.39,763.57,763.57,22.34,22.34,17.01,17.01,63.07,63.07,32.77,32.77,2.7,2.7,51.62,51.62,1,1,52.44,52.44,103,113,56.81,56.81,64.04,64.04,71.28,71.35,18.79,18.79,1025.43,981.7,49.12,49.12,55.33,55.33,21.94,20.86,81.85,82.49,0.73,0.73,94.04,94.04,246.97,246.97,0,0,64,64,68.54,68.4,683.62,654.47,500.04,619.13,0.59,0.59,298.15,298.78,12.53,11.96,14.6,14.6,507.74,615.16,2.36,2.02,36.21,36.21,55.29,55.31,-33.91,-33.91,-44.16,-44.16,99.76,99.76,44946.32,46947.08,20050.68,20943.23,89758,93754,1253.31,1199.86,10.41,10.41,227.87,218.16,15200000000,17000000000,35103.08,37135.14,3.17,3.17,13.85,15.26
Yomon,77.56,77.56,71.78,71.78,80.67,80.67,7.45,7.45,34.7,34.41,42,42,0,326.16,24.67,24.67,171,171,6048.43,5653.36,5089.99,5740.34,1861.06,1739.5,-5.48,-5.48,1861.06,2000.42,-6.47,-4,2791.58,2609.24,6923.13,8153.89,4652.64,4348.74,-4.47,-10.95,-3.16,-3.16,0,0,6048.43,5653.36,-3.16,-3.16,465.26,434.87,-2,-2,10701.07,10002.1,7.07,7.28,697.9,652.31,697.9,652.31,581.58,543.59,348.95,326.16,105.17,105.17,13.42,13.42,12,12,75.8,75.8,32.06,32.06,2.88,2.88,50,50,1,1,50,50,100,110,51.33,51.33,37.94,37.94,67.69,67.92,24.53,24.53,1046.84,978.47,41.12,41.12,66.67,66.67,8.99,8.58,102.95,104.83,0.69,0.69,94.23,94.23,165.04,165.04,0,0,64,64,71.75,71.7,581.58,543.59,300.5,402.44,1.29,1.29,233.76,234.32,13.64,12.81,17.24,17.24,494.95,608.84,4.58,2.9,30.47,30.47,55.51,55.59,57.01,57.01,-35.36,-35.36,98.83,98.83,48778.29,52184.89,16340.32,17481.51,121764,130268,581.58,543.59,15.67,15.67,-4.47,-4.47,9000000000,10600000000,44388.24,47696.99,5.27,5.27,19.89,23.01
East America Republic,77.5,77.5,55.11,55.11,25,25,3.44,3.44,34.14,33.92,39.43,39.43,213.53,523.12,24.75,24.75,171,171,1281.18,1255.48,-5.39,-4.9,5295.55,5189.31,1281.18,1255.48,-4.47,-3.74,-7.57,-4.9,0,0,-8.26,-7.25,5551.79,5440.41,-6.32,-11.83,3843.55,3766.44,4697.67,4603.42,2562.37,2510.96,2135.3,2092.47,2391.54,2343.56,-4.47,-4.47,6576.74,6444.79,8.12,8.31,213.53,209.25,854.12,836.99,1281.18,1255.48,213.53,209.25,7.94,7.94,29.06,29.06,8.98,8.98,36.43,36.43,23.46,23.46,19.39,19.39,47.8,47.8,1,1,50,50,98,108,53.44,53.44,34.22,34.22,68.15,68.35,17.85,17.85,960.89,941.61,54.87,54.87,48.33,48.33,14.5,14.66,90.43,90.09,13.35,13.35,92.19,92.19,621.93,621.93,0,0,66,66,68.69,68.49,747.36,732.36,358.56,440.96,1.05,1.05,116.13,116.52,12.16,11.63,32.57,32.57,506.47,614.38,3.34,2.64,37.15,37.15,51.92,51.99,65.95,65.95,43.01,43.01,104.1,104.1,41518.86,42372.43,21413.54,21853.77,73677,75191,747.36,732.36,14.15,14.15,320.3,313.87,11600000000,13200000000,35498.62,36143.68,7.34,7.34,14.19,16.07
Anonymous Endorsing Agent,77,77,42.67,42.67,50.22,50.22,1.34,1.34,26.21,26.1,42,42,2357.56,2793.26,25.5,25.5,168.75,168.75,2873.98,2979.48,-8.76,-8.76,-10.49,-10.49,-3.1,-3.1,-8.38,-7.9,-9.72,-9.72,-10.77,-10.77,-7.04,-7.04,1347.18,1396.63,2424.92,-6.78,-5.1,-5.1,-7.48,-7.48,-5.1,-5.1,-12.49,-12.49,4894.74,5074.42,-4.18,-4.18,2873.98,2979.48,13.15,13.27,1234.91,1280.24,3929.27,4073.5,2020.77,2094.94,1459.44,1513.01,119.98,119.98,74.44,74.44,12,12,30.97,30.97,34.19,34.19,2.41,2.41,52.16,52.16,4.48,4.48,50,50,157,167,63.87,63.87,99.94,99.94,80.36,80.66,17.38,17.38,2020.77,2094.94,66.21,66.21,29,29,63.27,67.77,35.64,33.56,3.33,3.33,93.18,93.18,625.36,625.36,0,0,62,62,53.57,53.19,898.12,931.09,1018.6,1035.98,0.33,0.33,220.17,220.72,9.69,9.7,17.16,17.16,936.29,1009.4,1.5,1.43,37.62,37.62,55.76,55.86,-81.98,-81.98,34.93,34.93,101.04,101.04,30962.63,29934.42,26495.38,25615.52,35591,34409,2245.3,2327.72,2.78,2.78,336.79,349.16,4272200000000,4447700000000,11363.28,9638.88,4.43,4.43,11.01,11.81
Menorah,66.8,66.8,45.78,45.78,67.33,67.33,1.64,1.64,27.87,27.81,45.34,45.34,681.34,940.94,40.8,40.8,135,135,2861.62,2874.14,4251.55,4270.16,5586.97,5611.42,2575.46,2586.73,3883.62,4105.92,-8.85,-8.85,1839.61,1847.66,-5.2,-5.2,374.74,376.38,817.6,-8.72,-11.22,-11.22,-5.66,-5.66,5246.3,5269.26,817.6,821.18,177.15,177.92,373.37,375.01,10288.19,10333.23,10.44,10.58,1533.01,1539.72,1703.34,1710.8,766.5,769.86,511,513.24,439.84,439.84,60.96,60.96,15.9,15.9,42.22,42.22,32.89,32.89,2.67,2.67,52.16,52.16,3.3,3.3,50.99,50.99,136,146,64.21,64.21,95.86,95.86,76.62,76.75,12.46,12.46,1022.01,1026.48,75.07,75.07,33.33,33.33,22.76,23.73,74.11,72.75,1.26,1.26,93.59,93.59,589.91,589.91,-4,-4,64,64,58.3,57.31,170.33,171.08,1023.94,1040.14,0.37,0.37,81.54,81.87,9.94,9.95,16.07,16.07,796.88,874.56,1.48,1.42,42.54,42.54,55.28,55.32,51.19,51.19,74.7,74.7,102.24,102.24,43784.79,43617.2,33691.78,33562.82,55268,55056,2044.01,2052.96,2.74,2.74,0,0,792000000000,827700000000,33801.86,33279.92,12.08,12.08,12.53,13.5
Jeruselem,67.89,67.89,94.19,94.19,45.56,45.56,1.31,1.31,19.06,19.06,38.06,38.06,17362.65,17605.78,39.17,39.17,149.25,149.25,-18.97,-18.97,-15.49,-15.49,-14,-14,-12.25,-12.25,-16.76,-16.52,-13.56,-13.56,-19.18,-19.18,-26.97,-26.97,-20.57,-20.57,-19.49,-21.91,-25.3,-25.3,-20.42,-20.42,-18.44,-18.44,-25.34,-25.34,-8.57,-8.57,-27.14,-27.14,0,0,29.87,29.92,10999.38,10980.93,14635.54,14610.99,9090.39,9075.15,2545.31,2541.04,1074.08,1074.08,76.44,76.44,18.02,18.02,25.56,25.56,87.77,87.77,0.86,0.86,52.64,52.64,13.8,13.8,58.65,58.65,539,549,91.3,91.3,123.04,123.04,92.39,92.4,15.14,15.14,9817.63,9801.16,111.32,111.32,26.57,26.57,81.33,81.29,-160.27,-160.35,0.67,0.67,94.31,94.31,797.19,797.19,1,1,123,123,42.61,42.53,-10.49,-10.49,1534.67,1539.5,0.14,0.14,91.27,91.62,7.15,7.16,13.16,13.16,3567.24,3619.72,0.53,0.53,39.86,39.86,82.41,82.41,-144.91,-144.91,105.83,105.83,91.29,91.29,81086.32,81222.56,70367.02,70485.25,92055,92210,13090.17,13068.21,1.77,1.77,-4.47,-4.47,740300000000,741600000000,15163.14,15188.62,19.53,19.53,150.45,150.95
Chocolate Zen,78.13,78.13,27.17,27.17,81.33,81.33,1.16,1.16,27.62,27.56,42,42,1975.21,2162.32,23.8,23.8,173.25,173.25,888.85,889.64,-4.38,-4.38,888.85,889.64,-4,-4,2814.68,2965.47,-7.04,-7.04,-8,-8,2962.82,2965.47,-4.47,-4.47,395.04,-9.17,-10.68,-10.68,2370.26,2372.38,-3.74,-3.74,148.14,148.27,1283.89,1285.04,572.81,573.32,1777.69,1779.28,19.6,19.67,2715.92,2718.35,2469.02,2471.22,1666.59,1668.08,1975.21,1976.98,278.15,278.15,86.17,86.17,12,12,40.26,40.26,39.92,39.92,1.82,1.82,46.97,46.97,2.52,2.52,50,50,120,130,68.28,68.28,108.52,108.52,77.14,77.26,31.28,31.28,1172.78,1173.83,97.16,97.16,-84.83,-84.83,73.3,73.58,-32.15,-33.35,0.71,0.71,94.13,94.13,441.9,441.9,0,0,64,64,75.59,75.5,1604.86,1606.3,882.44,977.4,0.3,0.3,270.08,270.68,9.87,9.88,16.56,16.56,773.18,851.86,1.65,1.56,23.72,23.72,52.74,52.78,20,20,37.42,37.42,107.5,107.5,36027.88,35998.32,33309.36,33282.03,38657,38625,2469.02,2471.22,2.4,2.4,1481.41,1482.73,3481000000000,3500300000000,9619.44,9503.56,9.09,9.09,8.39,8.89
West Aclar,71.2,71.2,68.56,68.56,45.33,45.33,1.82,1.82,27.06,27,41.43,41.43,1191.08,1537.95,34.2,34.2,148.5,148.5,1667.52,1722.51,-6.2,-6.2,4129.09,4265.26,2699.79,2788.82,3335.03,3691.09,-7.43,-7.43,6511.25,6725.99,-4.58,-4.58,238.22,246.07,4843.74,902.27,-12.17,-12.17,-7.75,-7.75,4446.71,4593.36,1667.52,1722.51,134.2,138.62,4192.28,4330.53,12307.85,12713.76,11.18,11.31,99.26,102.53,2382.17,2460.73,1588.11,1640.48,893.31,922.77,910.2,910.2,54.84,54.84,14.16,14.16,44.04,44.04,26.73,26.73,14.28,14.28,46.97,46.97,3.93,3.93,51.96,51.96,149,159,62.32,62.32,90.29,90.29,78.35,78.47,8.8,8.8,1885.88,1948.08,57.49,57.49,49.83,49.83,24.47,26.82,71.84,68.96,5.63,5.63,92.89,92.89,557.56,557.56,0,0,65,65,67.93,67.55,297.77,307.59,1054.54,1066.84,0.34,0.34,114.01,114.41,9.88,9.89,13.91,13.91,853.27,928.89,1.36,1.31,46.2,46.2,59.13,59.17,30.82,30.82,65.19,65.19,98.83,98.83,54832.34,53093.13,39873.93,38609.18,72711,70405,893.31,922.77,3.03,3.03,99.26,102.53,919400000000,923500000000,41398.42,38864.17,9.47,9.47,16.7,17.96
Tingus Pingus is him,58.67,58.67,27.67,27.67,60,60,1.45,1.45,30.42,30.32,43.68,43.68,1132.27,1383.14,49,49,114.75,114.75,-2.83,-2.83,-4.73,-4.73,2451.03,2544.98,2930.59,3042.91,2078.05,2235.15,-8.2,-8.2,3410.14,3540.84,1065.67,1106.51,532.83,553.26,2983.87,331.95,-6.93,-6.93,612.76,636.24,2451.03,2544.98,-6.16,-6.16,-6.48,-6.48,-8.69,-8.69,5861.17,6085.82,13.42,13.53,732.65,760.73,1065.67,1106.51,1065.67,1106.51,799.25,829.88,644.28,644.28,69.1,69.1,15.09,15.09,35.76,35.76,27.9,27.9,11.51,11.51,51,51,2.52,2.52,51.48,51.48,139,149,64.02,64.02,98.32,98.32,72.31,72.46,9.68,9.68,1998.13,2074.71,46.32,46.32,25.67,25.67,41.99,45.19,44.98,42.04,2.55,2.55,93.31,93.31,796.31,796.31,-4,-4,64,64,52.52,52.13,732.65,760.73,1023.55,1039.83,0.34,0.34,188.03,188.53,9.91,9.91,15.15,15.15,815.94,892.89,1.48,1.42,45.32,45.32,50.29,50.34,-47.96,-47.96,83.07,83.07,104.46,104.46,33797.64,32611.68,27800.38,26824.86,40232,38821,1598.5,1659.77,2.76,2.76,-10,-10,973600000000,1015600000000,19602.63,17871.2,14.69,14.69,10.33,11.12
Te Punga,76.93,76.93,73.67,73.67,77.33,77.33,4.49,4.49,31.16,31.08,39.43,39.43,85,347.55,25.6,25.6,168.75,168.75,6187.73,6325.41,2529.49,2585.77,1767.92,1807.26,1767.92,1807.26,2447.89,2710.89,-8.34,-6.57,530.38,542.18,2634.89,2693.51,4283.82,4379.13,3467.85,69.51,6527.72,6672.95,6561.72,6707.71,3467.85,3545.01,3127.87,3197.46,5847.75,5977.86,4528.6,4629.36,8486.03,8674.84,6.4,6.63,-7.75,-7.75,1019.96,1042.65,85,86.89,849.96,868.87,8.99,8.99,22.26,22.26,11.33,11.33,69.63,69.63,34.48,34.48,2.37,2.37,51.62,51.62,2.52,2.52,51.48,51.48,115,125,49.2,49.2,31.49,31.49,71.32,71.42,18.88,18.88,424.98,434.44,40.16,40.16,55.5,55.5,5.25,5.71,122.9,120.02,0.73,0.73,94.04,94.04,245.33,245.33,0,0,64,64,71.61,71.36,254.99,260.66,358.28,419.78,1.3,1.3,283.15,283.77,12.6,12.42,26.67,26.67,561.78,656.9,3.34,2.77,36.12,36.12,57.08,57.11,-12.25,-12.25,52.44,52.44,94.38,94.38,68738.24,67261.3,30607.32,29949.68,137476,134523,254.99,260.66,16.59,16.59,-9.49,-9.49,187500000000,194400000000,65163.85,63427.41,2.49,2.49,15.08,16.63
GU 4th Fleet,67.33,67.33,44,44,92,92,2.59,2.59,34.23,34.23,40.78,40.78,116.38,116.38,40,40,135,135,3258.73,3258.73,-6.32,-6.32,5120.86,5120.86,-7.21,-7.21,-7.75,-7.75,-3.46,-3.46,-4,-4,-6.71,-6.71,-6.32,-6.32,-4.47,-4.47,-4.47,-4.47,-5.48,-5.48,-7.75,-7.75,-8.37,-8.37,5865.71,5865.71,5865.89,5865.89,8379.59,8379.59,7.55,7.55,814.68,814.68,814.68,814.68,581.92,581.92,116.38,116.38,109.99,109.99,38.6,38.6,10.55,10.55,62.98,62.98,35.05,35.05,2.29,2.29,50,50,1,1,50,50,106,106,56.76,56.76,68.41,68.41,68.08,68.08,21.21,21.21,1163.83,1163.83,71.07,71.07,40,40,19.73,19.73,85.04,85.04,0.79,0.79,93.84,93.84,316.41,316.41,0,0,64,64,66.17,66.17,698.3,698.3,412.2,412.2,0.37,0.37,167.68,167.68,9.97,9.97,17.21,17.21,579.47,579.47,2.82,2.82,33.79,33.79,50.22,50.22,87.18,87.18,-45.83,-45.83,99.3,99.3,30003.76,30003.76,18061.96,18061.96,46789,46789,698.3,698.3,10.48,10.48,-3.16,-3.16,1052700000000,1054900000000,24093.02,24093.02,6.32,6.32,10.49,10.49
South Pacific Special Furries,83.33,83.33,74.67,74.67,82,82,8.37,8.37,32.94,32.94,44.28,44.28,-6.32,-6.32,16.67,16.67,189,189,2396.74,2396.74,2918.41,2918.41,1947.35,1947.35,5093.08,5093.08,2921.03,2921.03,3587.25,3587.25,1423.07,1423.07,6061.51,6061.51,898.78,898.78,524.29,524.29,-6.78,-6.78,5430.12,5430.12,2396.74,2396.74,5018.18,5018.18,-6.32,-6.32,8206.97,8206.97,5767.16,5767.16,6.78,6.78,1685.21,1685.21,748.98,748.98,-5.48,-5.48,187.25,187.25,8.94,8.94,11.95,11.95,15.51,15.51,71.53,71.53,34.61,34.61,2.35,2.35,51.62,51.62,1,1,51.48,51.48,105,105,52.13,52.13,36,36,69.29,69.29,28.66,28.66,280.87,280.87,45.02,45.02,69,69,6.21,6.21,117.78,117.78,0.69,0.69,94.23,94.23,116.97,116.97,0,0,68,68,72.12,72.12,93.62,93.62,372.67,372.67,1.56,1.56,321.9,321.9,12.09,12.09,26.89,26.89,522.66,522.66,3.17,3.17,26.34,26.34,57.19,57.19,-67.45,-67.45,84.56,84.56,87.18,87.18,63070.66,63070.66,19768.42,19768.42,165468,165468,1029.85,1029.85,15.18,15.18,-4.47,-4.47,504800000000,506400000000,59160.28,59160.28,1.82,1.82,24.85,24.85
Invasadin,39,39,45.67,45.67,70.67,70.67,2.28,2.28,28.55,28.48,44.28,44.28,140.38,348.73,63.75,63.75,83.25,83.25,3930.59,3905.77,0,0,1123.03,1115.94,3256.78,3236.21,-4.27,-4.27,7173.33,7588.36,3481.38,3459.4,-6.12,-6.12,140.38,139.49,-4.47,-10.95,842.27,836.95,4211.35,4184.76,3088.32,3068.82,842.27,836.95,4548.26,4519.54,0,0,8535,8481.11,11.09,11.22,1544.16,1534.41,1263.4,1255.43,1052.84,1046.19,561.51,557.97,12.84,12.84,43.93,43.93,14.16,14.16,48.74,48.74,31.45,31.45,3.09,3.09,50,50,2.52,2.52,50,50,112,122,64.58,64.58,101.18,101.18,75.32,75.44,15.07,15.07,1193.22,1185.68,72.72,72.72,35.25,35.25,16.48,16.83,83.26,82.59,0.98,0.98,93.7,93.7,725.16,725.16,-8,-8,64,64,64.03,63.55,350.95,348.73,1008.67,1029.18,0.28,0.28,34.7,34.91,9.4,9.39,18.75,18.75,622.07,710.15,1.53,1.46,39.93,39.93,54.35,54.39,-71.76,-71.76,84.56,84.56,106.51,106.51,52782.24,53118.54,34072.12,34289.21,77565,78059,1333.59,1325.17,2.69,2.69,140.38,139.49,296200000000,301100000000,44073.17,44194.62,14.3,14.3,15.62,17.17
Alvarin,39,39,67.78,67.78,65.33,65.33,2.16,2.16,29.11,29.03,37.37,37.37,1138.47,1475.1,63.75,63.75,83.25,83.25,5464.64,5446.51,-4,-4,-7.07,-7.07,9016.66,8986.74,-6.63,-6.16,-8,-8,-5.29,-5.29,3415.4,3404.07,637.54,635.43,-7.07,-12.25,-9.49,-9.49,-7.07,-7.07,455.39,453.88,-13.04,-13.04,3916.33,3903.33,2794.09,2784.82,5464.64,5446.51,9.59,9.75,-5.48,-5.48,1480.01,1475.1,1480.01,1475.1,1480.01,1475.1,7.92,7.92,46.21,46.21,6.84,6.84,52.24,52.24,26.28,26.28,15.13,15.13,52.16,52.16,2.52,2.52,50,50,130,140,60.7,60.7,88.09,88.09,74.34,74.47,8.61,8.61,1707.7,1702.03,62.21,62.21,46.67,46.67,21.78,22.48,78.79,77.79,1.65,1.65,93.49,93.49,695.17,695.17,-8,-8,64,64,67.73,67.47,683.08,680.81,891.86,986.98,0.29,0.29,48.59,48.85,9.96,9.97,32.68,32.68,767.89,846.81,1.64,1.55,46.39,46.39,57.33,57.38,-114.46,-114.46,102.96,102.96,103.74,103.74,47467.53,47650.45,31487.58,31608.92,68145,68408,1138.47,1134.69,3.55,3.55,-7.75,-7.75,480400000000,505700000000,37119.61,36929.1,13.01,13.01,18.23,19.59
Huanzejiuzhong Shuyingduzhi,72.33,72.33,66,66,75.33,75.33,5.37,5.37,32.78,32.78,42,42,-5.48,-5.48,32.5,32.5,153,153,4112.97,4112.97,5081.48,5081.48,3786.55,3786.55,6006.25,6006.25,4504.68,4504.68,5386.36,5386.36,848.71,848.71,3765,3765,750.78,750.78,-5.83,-5.83,4765.83,4765.83,-7.35,-7.35,3133.69,3133.69,1827.99,1827.99,4961.68,4961.68,-3.58,-3.58,8748.23,8748.23,6.71,6.71,897.67,897.67,489.64,489.64,326.43,326.43,-3.16,-3.16,7.86,7.86,18.61,18.61,12,12,67.13,67.13,35.22,35.22,2.26,2.26,50,50,1,1,50,50,106,106,56.38,56.38,56.69,56.69,69.45,69.45,17.04,17.04,897.67,897.67,46.24,46.24,60,60,5.6,5.6,121.1,121.1,0.75,0.75,93.97,93.97,273.99,273.99,-8,-8,64,64,71.58,71.58,163.21,163.21,550.54,550.54,1.25,1.25,143.09,143.09,10.29,10.29,33.08,33.08,548.71,548.71,2.19,2.19,37.96,37.96,54.77,54.77,-62.85,-62.85,98.74,98.74,104.46,104.46,63681.88,63681.88,25662.85,25662.85,137874,137874,571.25,571.25,11,11,-6.32,-6.32,189900000000,191300000000,60115.69,60115.69,12.94,12.94,23.21,23.21
Enfieldco,70.53,70.53,1.5,1.5,76,76,1.03,1.03,36.21,35.94,47.2,47.2,389.07,440.81,35.2,35.2,146.25,146.25,367.85,366.76,441.42,440.11,396.15,394.97,-6.16,-6.16,-7.75,-7.35,22.64,22.57,59.42,59.25,371.39,370.28,-10.86,-10.86,-6.16,-11.75,-14.07,-14.07,488.11,486.66,-9.38,-9.38,-2.83,-2.83,-9.59,-9.59,161.29,160.81,823.42,820.97,18.84,18.92,901.94,899.26,548.24,546.61,565.92,564.24,389.07,387.92,74.94,74.94,96.72,96.72,17.01,17.01,22.35,22.35,33.62,33.62,2.52,2.52,48.6,48.6,1,1,50.5,50.5,109,119,71.04,71.04,109.2,109.2,66.57,66.76,29.41,29.41,459.81,458.45,106.81,106.81,-98.5,-98.5,73.84,73.99,-27.18,-28.18,0.75,0.75,93.97,93.97,700.53,700.53,0,0,66,66,74.48,74.38,424.44,423.18,1018.36,1035.8,0.25,0.25,215.93,216.47,9.5,9.51,17.42,17.42,684.7,768.02,1.5,1.43,25.59,25.59,42.94,43,54.77,54.77,-14.14,-14.14,112.37,112.37,8883.57,8910.06,8728.88,8754.91,9025,9052,601.29,599.51,2.25,2.25,512.87,511.34,4300000000,4400000000,2327.5,2316.62,9.35,9.35,9.26,9.88
Scheinen,54.33,54.33,26.5,26.5,41.33,41.33,1.79,1.79,32.32,32.17,40.78,40.78,377.83,565.31,52.25,52.25,108,108,1964.71,1959.75,2055.39,2050.2,-7.87,-7.87,3425.65,3416.99,-5.66,-5.1,2337.5,2331.6,3073.01,3065.24,1826.17,1821.56,2720.37,2713.5,-7.21,-12.33,-1.41,-1.41,1057.92,1055.25,705.28,703.5,1964.71,1959.75,-6.78,-6.78,2249.7,2244.02,5037.72,5024.99,11.62,11.75,440.8,439.69,755.66,753.75,1007.54,1005,566.74,565.31,490.88,490.88,55.78,55.78,12,12,33.91,33.91,22.15,22.15,21.02,21.02,50,50,1,1,50.99,50.99,108,118,60.19,60.19,78.07,78.07,69.94,70.1,13.18,13.18,881.6,879.37,64.38,64.38,26.5,26.5,27.84,28.45,65.97,64.97,7.53,7.53,92.69,92.69,956.22,956.22,0,0,64,64,55.41,55,692.69,690.94,586.9,665.68,0.29,0.29,81.95,82.28,9.9,9.91,15.85,15.85,600.08,690.33,2.1,1.93,41.82,41.82,48.4,48.45,-103.2,-103.2,86.89,86.89,101.45,101.45,34350.05,34451.7,25207.12,25281.72,45192,45326,692.69,690.94,3.88,3.88,314.86,314.06,117100000000,124400000000,24800.73,24667.42,7.45,7.45,11.21,12.05
Arehwa,66.67,66.67,44.44,44.44,66.67,66.67,2.64,2.64,30.34,30.34,45.34,45.34,0,0,41,41,132.75,132.75,-6.48,-6.48,-3.1,-3.1,4767.82,4767.82,-7.87,-7.87,-5.1,-5.1,8210.49,8210.49,-8.49,-8.49,-4.9,-4.9,1740.63,1740.63,-8.49,-8.49,1059.52,1059.52,3481.27,3481.27,-9.06,-9.06,-3.46,-3.46,3405.59,3405.59,1292.87,1292.87,4767.82,4767.82,10.2,10.2,2081.19,2081.19,1135.2,1135.2,946,946,0,0,457.39,457.39,37.82,37.82,15.9,15.9,47.33,47.33,28.88,28.88,7.77,7.77,51.62,51.62,1,1,50.99,50.99,102,102,61.13,61.13,85.31,85.31,72.43,72.43,9.77,9.77,1135.2,1135.2,82.54,82.54,40.33,40.33,26.12,26.12,74.11,74.11,1.51,1.51,93.52,93.52,544.42,544.42,-4,-4,68,68,64.14,64.14,473,473,687.37,687.37,0.4,0.4,114.18,114.18,9.87,9.87,15.99,15.99,548.67,548.67,1.89,1.89,45.23,45.23,52.34,52.34,93.01,93.01,-48.48,-48.48,96.68,96.68,37504.86,37504.86,22328.76,22328.76,59037,59037,1418.99,1418.99,3.36,3.36,378.4,378.4,3800000000,4200000000,27716.09,27716.09,12.51,12.51,15.78,15.78
TX2,61.33,61.33,48.44,48.44,57.33,57.33,2.91,2.91,32.61,32.61,42,42,286.77,286.77,47,47,119.25,119.25,3441.29,3441.29,2846.71,2846.71,-4.47,-4.47,-7.07,-7.07,-8.37,-8.37,5098.84,5098.84,2294.19,2294.19,-3.87,-3.87,4970.75,4970.75,-8.37,-8.37,-5.48,-5.48,1911.83,1911.83,3058.92,3058.92,-8.37,-8.37,-3.16,-3.16,0,0,5735.48,5735.48,9.33,9.33,860.32,860.32,860.32,860.32,1147.1,1147.1,286.77,286.77,119.98,119.98,34.4,34.4,12,12,46.46,46.46,22.45,22.45,20.65,20.65,50,50,1,1,50,50,100,100,57.4,57.4,62.55,62.55,69.62,69.62,3.78,3.78,1147.1,1147.1,62.24,62.24,43.33,43.33,19.39,19.39,82.82,82.82,3.24,3.24,93.2,93.2,640.56,640.56,0,0,64,64,66.77,66.77,764.73,764.73,621.87,621.87,0.34,0.34,137.81,137.81,9.86,9.86,17.16,17.16,525.18,525.18,2.02,2.02,51.22,51.22,51.42,51.42,33.17,33.17,-45.83,-45.83,100.2,100.2,40565.16,40565.16,22939.83,22939.83,66678,66678,764.73,764.73,9.56,9.56,95.59,95.59,4600000000,5300000000,32695.52,32695.52,6.95,6.95,14.32,14.32
The King of Boats in Paper Crowned,74.67,74.67,25.33,25.33,26.67,26.67,1.32,1.32,27.99,27.94,42,42,2441.29,2697.26,29,29,159.75,159.75,-8.83,-8.83,-8.85,-8.85,-10.86,-10.86,-5.9,-5.9,779.77,775.37,5323.82,5293.82,-9.9,-9.9,-4.58,-4.58,-8.12,-8.12,-11.31,-15.1,-13.34,-13.34,-2.83,-2.83,-8.25,-8.25,-11.31,-11.31,-8.37,-8.37,12.15,12.08,0,0,13.78,13.89,904.18,899.09,2531.71,2517.44,2260.45,2247.72,1175.44,1168.81,135.9,135.9,75.81,75.81,12,12,22.39,22.39,27.91,27.91,11.48,11.48,52.16,52.16,3.93,3.93,50,50,168,178,64.76,64.76,97.99,97.99,76.38,76.49,24.85,24.85,1898.78,1888.08,65.22,65.22,21.33,21.33,73.32,73.85,27.54,26.54,10.38,10.38,92.43,92.43,888.7,888.7,0,0,64,64,51.26,51.03,994.6,988.99,1043.77,1057.09,0.31,0.31,203.73,204.26,9.47,9.47,17.09,17.09,1058.54,1128.77,1.4,1.35,30.15,30.15,51.6,51.63,-76.88,-76.88,3.16,3.16,100.62,100.62,23295.18,23433.64,20127.34,20246.98,26549,26707,2079.62,2067.9,2.68,2.68,180.84,179.82,3553500000000,3609100000000,6219.81,6116.18,5.45,5.45,14.28,15.46
Penguindon,53,53,71.22,71.22,64,64,1.78,1.78,26.39,26.35,41.43,41.43,1771.91,2078.54,53.25,53.25,105.75,105.75,4836.28,4822.21,300.18,299.31,2001.22,1995.4,2684.97,2677.16,-7.9,-7.39,-9.67,-9.67,3251.98,3242.52,-8.83,-8.83,166.77,166.28,-6.63,-12,250.15,249.42,1834.45,1829.11,4836.28,4822.21,1500.92,1496.55,4044.13,4032.37,392.24,391.1,10089.49,10060.13,12.96,13.08,416.92,415.71,2814.22,2806.03,2084.6,2078.54,1563.45,1558.9,923.69,923.69,56.25,56.25,14.16,14.16,45.08,45.08,29.55,29.55,5.64,5.64,50,50,3.93,3.93,51.96,51.96,161,171,66.12,66.12,103.84,103.84,79.92,80.02,4,4,2084.6,2078.54,68.79,68.79,47.83,47.83,37.47,38.07,53.06,52.06,1.51,1.51,93.52,93.52,613.75,613.75,-8,-8,65,65,66.33,66.01,625.38,623.56,1096.01,1105.89,0.3,0.3,40.31,40.54,9.75,9.75,13.85,13.85,951.62,1024.33,1.2,1.17,51,51,61.03,61.06,-44.94,-44.94,66.48,66.48,106.18,106.18,53482.96,53639.12,39424.83,39539.95,70088,70293,1250.76,1247.12,2.55,2.55,416.92,415.71,234800000000,236300000000,33426.85,33202.62,14.3,14.3,22.43,23.97
The Wille-Harlians,53.67,53.67,44.33,44.33,72,72,2.49,2.49,29.17,29.1,43.68,43.68,437.93,696.77,52.75,52.75,108,108,-7.35,-7.35,252.25,250.84,-6.63,-6.63,-6.78,-6.78,1821.79,2020.64,2578.54,2564.12,-2.28,-2.28,1576.55,1567.74,105.1,104.52,-2,-10.2,4064,4041.28,-5.83,-5.83,4414.35,4389.66,-8.6,-8.6,4624.56,4598.7,2479.97,2466.1,0,0,10.86,11,1401.38,1393.54,1488.97,1480.64,1226.21,1219.35,700.69,696.77,994.99,994.99,40.24,40.24,13.62,13.62,48.68,48.68,29.71,29.71,5.23,5.23,50,50,2.52,2.52,50,50,110,120,61.25,61.25,95.73,95.73,74.24,74.36,11.08,11.08,788.28,783.87,86.41,86.41,38.25,38.25,26.31,26.84,71.68,70.8,0.79,0.79,93.84,93.84,590.18,590.18,0,0,64,64,63.83,63.29,613.1,609.68,746.47,835.01,0.27,0.27,55.74,56.01,9.82,9.82,13.52,13.52,602.94,692.89,1.8,1.69,43.92,43.92,53.02,53.06,-26.46,-26.46,-38.73,-38.73,100.2,100.2,40828.75,41070.75,25137.1,25286.1,62469,62839,1051.04,1045.16,3.32,3.32,87.59,87.1,1561600000000,1609600000000,30090.79,30063.79,6.73,6.73,12.03,12.95
Roilandax,73.5,73.5,74.11,74.11,7,7,2.03,2.03,28.77,28.7,38.75,38.75,1281.72,1621.41,30.75,30.75,157.5,157.5,2703.27,2686.9,2684.63,2668.37,-8.72,-8.72,-5.02,-5.02,7643.73,7875.41,-9.84,-9.84,6431.92,6392.98,-10.68,-10.68,2516.84,2501.6,-1.41,-10.1,-11.05,-11.05,4614.2,4586.27,4567.59,4539.94,-8.49,-8.49,3728.65,3706.07,-7.1,-7.1,9135.18,9079.88,8.6,8.77,-8.94,-8.94,1631.28,1621.41,815.64,810.7,1048.68,1042.33,8.96,8.96,49.15,49.15,10.55,10.55,22.97,22.97,22.81,22.81,20.22,20.22,48.6,48.6,3.3,3.3,51.48,51.48,147,157,56.8,56.8,46.02,46.02,74.92,75.06,23.25,23.25,2330.4,2316.3,19.35,19.35,56.17,56.17,15.71,16.31,86.83,85.95,22.41,22.41,91.57,91.57,761.83,761.83,-4,-4,62,62,69.99,69.8,233.04,231.63,720.33,807.38,1.4,1.4,225.89,226.44,12.12,12.17,26.78,26.78,857.56,933.03,1.84,1.73,31.75,31.75,60.21,60.25,-59.5,-59.5,-16.12,-16.12,98.34,98.34,50802.81,51120.65,34837.41,35055.37,70880,71324,932.16,926.52,10.43,10.43,-10.49,-10.49,852600000000,881600000000,42826.77,42787.99,14.42,14.42,14.61,15.73
Second Leopard Guard,13.67,13.67,47.33,47.33,15,15,2.02,2.02,30.92,30.82,38.75,38.75,1015.74,1308.61,86.33,86.33,31.5,31.5,2363.91,2392.89,1950.23,1974.13,1255.83,1271.22,-3.1,-3.1,-9.27,-8.94,13237.89,13400.17,5318.8,5384,-8.92,-8.92,-7.35,-7.35,1255.83,-8.12,-13.64,-13.64,-4.56,-4.56,-9.27,-9.27,-9.8,-9.8,-4.47,-4.47,-10.12,-10.12,8938.53,9048.11,11.66,11.79,92.34,93.47,1015.74,1028.19,2400.85,2430.28,738.72,747.78,485.41,485.41,49.59,49.59,9.76,9.76,29.23,29.23,1.7,1.7,34.31,34.31,46.97,46.97,1,1,50.99,50.99,120,130,62.48,62.48,86.03,86.03,71.63,71.76,26.86,26.86,2216.17,2243.33,70.93,70.93,42.5,42.5,32.9,34.42,62.51,60.83,20.26,20.26,91.71,91.71,2866.21,2866.21,-8,-8,64,64,64.95,64.45,923.4,934.72,633.58,715.38,0.24,0.24,25.73,25.92,9.59,9.6,15.87,15.87,707.6,789.55,1.99,1.85,28.14,28.14,52.43,52.48,38.47,38.47,14.83,14.83,105.16,105.16,41043.38,40555.71,28281.13,27945.11,57026,56348,923.4,934.72,3,3,0,0,417000000000,427000000000,27540.11,26604.55,16.81,16.81,21.74,23.28
Nousagin Military 3rd Division,61.33,61.33,48.44,48.44,57.33,57.33,2.91,2.91,32.64,32.47,42,42,308.19,645.99,47,47,119.25,119.25,-7.75,-7.75,1243.05,1550.37,2054.62,2153.3,3287.4,3445.28,-5.48,-4.9,-5.41,-3.46,4931.1,5167.91,-7.04,-6.12,-4.47,-4.47,4520.17,430.66,1232.77,1291.98,-7.07,-7.07,-4.47,-4.47,4109.25,4306.59,4109.25,4306.59,-5.69,-5.69,6985.72,7321.21,9.33,9.49,924.58,968.98,924.58,968.98,1232.77,1291.98,308.19,322.99,119.98,119.98,34.4,34.4,12,12,46.46,46.46,25.76,25.76,16.02,16.02,50,50,1,1,50,50,100,110,57.4,57.4,62.55,62.55,69.59,69.78,3.78,3.78,1232.77,1291.98,61.51,61.51,43.33,43.33,22.43,25.47,80,77.24,3.24,3.24,93.2,93.2,640.56,640.56,0,0,64,64,66.56,66.1,821.85,861.32,504.65,582.2,0.35,0.35,137.81,138.24,10.45,10.3,17.16,17.16,502.18,611.99,2.35,2.11,51.22,51.22,51.41,51.47,-43.59,-43.59,66.33,66.33,100.2,100.2,37794.79,36132.33,21373.17,20433.04,62125,59392,821.85,861.32,9.56,9.56,102.73,107.66,7300000000,9100000000,29328.76,26918.59,6.95,6.95,10.89,12.09
Nuutste,71,71,66.78,66.78,68.67,68.67,2.09,2.09,28.05,27.94,46.76,46.76,584.17,980.09,34.5,34.5,148.5,148.5,3551.73,3724.35,-5.93,-5.93,-7.35,-7.35,1701.09,1783.77,3551.73,4018.37,-6.13,-6.13,3271.33,3430.32,1518.83,1592.65,2430.13,2548.24,6823.07,2254.21,-8,-8,2009.53,2107.2,-6.63,-6.63,-9.7,-9.7,3645.2,3822.35,2362.83,2477.66,6823.07,7154.66,8.6,8.77,1986.17,2082.69,1752.5,1837.67,233.67,245.02,934.67,980.09,8.34,8.34,47.83,47.83,16.66,16.66,48.69,48.69,32.87,32.87,2.67,2.67,51,51,2.52,2.52,50.5,50.5,129,139,61.43,61.43,84.1,84.1,76.26,76.48,11.31,11.31,1168.33,1225.11,50.21,50.21,45.17,45.17,18.05,20.82,83.92,81.04,1.06,1.06,93.67,93.67,439.83,439.83,-8,-8,64,64,66.32,65.83,116.83,122.51,800.82,892.27,0.49,0.49,208.67,209.2,11.75,11.8,30.1,30.1,735.92,816.34,1.73,1.64,43.69,43.69,58.41,58.48,-75.3,-75.3,54.5,54.5,104.81,104.81,45399.55,43367.05,30680.46,29306.92,64144,61273,1752.5,1837.67,3.26,3.26,-5.48,-5.48,357900000000,402800000000,37182.23,34346.71,12.52,12.52,15.03,16.18
Machinatia,47.67,47.67,71.89,71.89,65.33,65.33,1.8,1.8,26.48,26.44,40.11,40.11,1859.65,2200.47,57.25,57.25,96.75,96.75,-7.35,-7.35,-4.38,-4.38,1952.64,1945.68,4277.2,4261.96,4370.19,4632.57,-7.59,-7.59,8926.34,8894.53,-10.75,-10.75,1627.2,1621.4,278.95,-9.7,278.95,277.95,2975.45,2964.84,-3.74,-3.74,-7.35,-7.35,3579.83,3567.08,-10.95,-10.95,10878.97,10840.21,12.37,12.49,232.46,231.63,3021.94,3011.17,1975.88,1968.84,1627.2,1621.4,919.19,919.19,55.54,55.54,13,13,47.09,47.09,27.67,27.67,12.16,12.16,47.8,47.8,3.93,3.93,51.96,51.96,153,163,65.4,65.4,102.93,102.93,79.7,79.8,5.66,5.66,2208.34,2200.47,60.25,60.25,48.83,48.83,39.62,40.25,54.25,53.25,1.26,1.26,93.59,93.59,621.93,621.93,-8,-8,67,67,66.8,66.5,581.14,579.07,1067.99,1079.3,0.3,0.3,37.87,38.1,10.8,10.85,13.87,13.87,903.32,977.36,1.31,1.26,49.34,49.34,60.84,60.87,-58.74,-58.74,74.5,74.5,104.1,104.1,48653.19,48827.28,35622.53,35749.99,64136,64365,1278.51,1273.96,2.61,2.61,813.6,810.7,224100000000,225600000000,29386.53,29149.89,15.37,15.37,20.92,22.42
Cynfin,76.48,76.48,74.78,74.78,66.33,66.33,1.38,1.38,19.82,19.81,45.83,45.83,11924.05,12126.97,26.29,26.29,166.5,166.5,-24.04,-24.04,-15.7,-15.7,-16.97,-16.97,-14.24,-14.24,-18.53,-18.31,-14.25,-14.25,-20.25,-20.25,-23.84,-23.84,-20.02,-20.02,-21.4,-23.62,-24.66,-24.66,-17.55,-17.55,-18.38,-18.38,-24.98,-24.98,-8.22,-8.22,-26.64,-26.64,0,0,33.15,33.2,12801.89,12784.45,14118.66,14099.43,6656.98,6647.92,3438.22,3433.54,246.94,246.94,72.69,72.69,15.51,15.51,28.51,28.51,82.54,82.54,0.9,0.9,48.6,48.6,8.85,8.85,50,50,434,444,92.44,92.44,122.99,122.99,91.82,91.82,17.71,17.71,7681.14,7670.67,106.19,106.19,-68.83,-68.83,88.39,88.34,-214.86,-214.94,0.78,0.78,93.85,93.85,506.31,506.31,0,0,109,109,77.89,77.8,1975.15,1972.46,1472.59,1477.68,0.18,0.18,247.34,247.92,8.39,8.39,16.66,16.66,3148.72,3202.56,0.57,0.57,37.29,37.29,74.43,74.43,-142.34,-142.34,76.55,76.55,110,110,80395.88,80505.53,67929.85,68022.5,93458,93585,10534.13,10519.78,1.76,1.76,2560.38,2556.89,610900000000,611700000000,9325.92,9419.15,16.38,16.38,135.54,136.12
Frawley,76.83,76.83,99.31,99.31,72,72,1.66,1.66,22.93,22.9,11.6,11.6,821.28,992.18,25.75,25.75,200.75,200.75,9329.74,9392.63,9356.02,9419.08,4467.76,4497.88,17967.42,18088.52,8628.91,8819.37,-9.25,-9.25,7573.3,7624.34,10019.62,10087.15,1379.75,1389.05,7358.67,5203.43,6044.62,6085.36,4441.48,4471.42,4511.56,4541.97,3302.64,3324.9,12763.79,12849.82,2779.12,2797.85,21370.8,21514.85,20.45,20.52,-26.83,-26.83,7336.77,7386.22,3504.13,3527.75,3777.89,3803.35,9.84,9.84,60.19,60.19,0.29,0.29,97.41,97.41,83.76,83.76,0.89,0.89,56.66,56.66,1,1,35.59,35.59,138,148,64.19,64.19,119.81,119.81,90.11,90.12,15.29,15.29,766.53,771.69,6.22,6.22,47.38,47.38,9.66,10.15,105.19,102.31,0.63,0.63,94.52,94.52,336.49,336.49,-14,-14,78,78,71.88,71.63,711.78,716.57,1035.2,1049.55,0.68,0.68,225.98,226.53,14.88,14.93,22.94,22.94,1384.32,1449.37,1.44,1.38,39.71,39.71,89.56,89.56,-247.3,-247.3,275.4,275.4,18.72,18.72,142566.22,141619.99,108963.86,108240.65,181024,179822,5967.97,6008.19,2.74,2.74,-6.32,-6.32,17834100000000,17904000000000,128737.3,127174.75,0.57,0.57,71.81,74.95
Haven and Sanctuary WA Puppet,77.67,77.67,68.44,68.44,62.67,62.67,1.45,1.45,21.55,21.55,42,42,6653.69,7025.3,24.5,24.5,171,171,0,0,-6.93,-6.93,-8.12,-8.12,-7.35,-7.35,-2.79,-2.79,-11.31,-11.31,-13.04,-13.04,-13.42,-13.42,-9.49,-9.49,-5.48,-11.4,-18.17,-18.17,-3.16,-3.16,-12.25,-12.25,-18.17,-18.17,-7.07,-7.07,-14.11,-14.11,0,0,17.15,17.23,1493.69,1486.12,13443.17,13375.09,2444.21,2431.83,2444.21,2431.83,105.17,105.17,69.1,69.1,12,12,31.07,31.07,43.85,43.85,1.61,1.61,50,50,7.73,7.73,50,50,256,266,66.87,66.87,105.2,105.2,90.76,90.76,15.25,15.25,2580,2566.94,78.28,78.28,35.67,35.67,54.91,54.39,13.95,13.95,0.98,0.98,93.7,93.7,493.16,493.16,0,0,66,66,54,53.75,678.95,675.51,1152.24,1160.43,0.31,0.31,223.84,224.39,9.12,9.12,17.24,17.24,1564.86,1627.88,1.03,1.01,39.75,39.75,66.45,66.45,-69.64,-69.64,39.37,39.37,101.04,101.04,39922.13,40125.26,32838.1,33005.19,47523,47765,6110.53,6079.58,2.49,2.49,407.37,405.31,1055700000000,1060700000000,18004.88,18297.12,6.97,6.97,35.13,37.41
C123po,68.11,68.11,54.22,54.22,60.89,60.89,1.38,1.38,22.84,22.75,42,42,3126.56,3541.76,38.83,38.83,139.5,139.5,-11.66,-11.66,-9.21,-9.21,112.96,116.67,4179.51,4316.78,-7.21,-6.65,-8.63,-8.63,-11.66,-11.66,-15.15,-15.15,847.2,875.02,2985.36,-5.1,-6.78,-6.78,-6,-6,1775.08,1833.38,-14,-14,5736.74,5925.15,-15.2,-15.2,112.96,116.67,16.43,16.52,2017.14,2083.39,8673.69,8958.56,1916.28,1979.22,1512.85,1562.54,12.97,12.97,72.28,72.28,12,12,30.62,30.62,40.36,40.36,1.79,1.79,50,50,6.85,6.85,50,50,201,211,67.16,67.16,104.63,104.63,90.15,90.19,11.11,11.11,2218.85,2291.72,75.93,75.93,31.67,31.67,68.52,69.91,6.36,3.88,1.3,1.3,93.58,93.58,647.52,647.52,-4,-4,62,62,52.34,51.99,706,729.19,1092.76,1102.78,0.33,0.33,87.47,87.81,9.3,9.31,18.69,18.69,1191.99,1259.78,1.21,1.18,43.89,43.89,62.25,62.27,-89.94,-89.94,90.72,90.72,104.81,104.81,42868.18,41505.22,36114.49,34966.26,49963,48375,3328.28,3437.59,2.47,2.47,504.28,520.85,1098800000000,1066700000000,13503.48,12493.07,14.08,14.08,17.2,18.46
Davenham,73,73,53.78,53.78,70,70,4.14,4.14,33.29,33.1,43.68,43.68,-5.48,0,31.5,31.5,155.25,155.25,-7.35,-7.35,-5.37,-4.38,248.79,239.52,6385.69,6147.75,-6.16,-5.66,477.27,1660.69,912.24,878.25,1119.57,1796.42,3483.1,3353.32,4395.35,239.52,-3.74,-3.74,464.41,447.11,5639.31,5429.18,-2,-2,3814.83,3672.68,1194.21,1149.71,1161.03,1117.77,7,7,1140.3,1097.81,621.98,598.81,414.66,399.2,-5.48,-5.48,439.84,439.84,24.17,24.17,14.64,14.64,58.15,58.15,32.58,32.58,2.74,2.74,50,50,1,1,50.99,50.99,100,110,56.1,56.1,53.99,53.99,68.94,69.12,12.48,12.48,932.97,898.21,42.42,42.42,53.33,53.33,9.48,9.1,99.01,100.6,0.98,0.98,93.7,93.7,353.57,353.57,-4,-4,64,64,69.59,69.52,207.33,199.6,459.31,626.39,1.3,1.3,109,109.38,11.22,9.98,16.07,16.07,455.2,592.91,2.54,2.01,42.52,42.52,52.38,52.44,-89.16,-89.16,90.83,90.83,101.45,101.45,41812.6,43429.49,19484.81,20238.29,80613,83730,725.65,698.61,11.35,11.35,-4.47,-4.47,4400000000,5200000000,37840.4,39477.4,12.73,12.73,14.78,16.78
The Voidian Steel Guard,43.11,43.11,25.17,25.17,57.33,57.33,1.23,1.23,29.16,29.09,43.68,43.68,1815.82,2053.19,60.67,60.67,90,90,924.42,919.83,1505.48,1498.01,1122.51,1116.94,-6.78,-6.78,-5.66,-5.59,-10.99,-10.99,2443.1,2430.98,-12.31,-12.31,-4.9,-4.9,-11.92,-15.56,-3.46,-3.46,-4.69,-4.69,-7.87,-7.87,-13.11,-13.11,240.35,239.16,295.81,294.35,4490.02,4467.75,14.87,14.97,1320.59,1314.04,1733.28,1724.68,2393.58,2381.71,1238.06,1231.92,13.4,13.4,80.98,80.98,13.62,13.62,29.4,29.4,25.64,25.64,16.22,16.22,50,50,2.52,2.52,50,50,144,154,68.22,68.22,106.29,106.29,74.26,74.37,13.69,13.69,3301.49,3285.11,56.8,56.8,21.17,21.17,69.57,69.74,17.15,16.15,2.35,2.35,93.34,93.34,974.13,974.13,-4,-4,62,62,50.26,50.06,1072.98,1067.66,1050.05,1062.74,0.26,0.26,89.87,90.21,9.85,9.85,18.53,18.53,895.17,969.45,1.38,1.33,41.31,41.31,50.72,50.76,48.99,48.99,-26.46,-26.46,106.18,106.18,24772.38,24895.88,22163.68,22274.18,27370,27507,1980.89,1971.07,2.4,2.4,-8.37,-8.37,176800000000,178200000000,7530.8,7543.45,16.13,16.13,8.77,9.37
Sparkling Nacortuine,75.83,75.83,70.22,70.22,64.67,64.67,1.66,1.66,26.81,26.72,45.34,45.34,1567.43,1988.44,27.25,27.25,164.25,164.25,3672.26,3836.51,3331.91,3480.93,4567.94,4772.25,2006.31,2096.05,1468.91,1534.61,-9.12,-9.12,3672.26,3836.51,-11.87,-11.87,5821.88,6082.28,5911.45,1497.18,-8.83,-8.83,850.89,888.95,3224.43,3368.65,-6.93,-6.93,-5.8,-5.8,15.05,15.72,11912.46,12445.27,11.27,11.4,2127.23,2222.37,2351.14,2456.3,1231.55,1286.64,1567.43,1637.54,20.69,20.69,60.22,60.22,15.51,15.51,42.53,42.53,33.56,33.56,2.53,2.53,47.8,47.8,3.3,3.3,50.5,50.5,151,161,62.48,62.48,94.68,94.68,78.91,79.13,12.62,12.62,1903.31,1988.44,64.81,64.81,42.33,42.33,30.44,33.59,64.82,61.82,1.51,1.51,93.52,93.52,450.83,450.83,0,0,64,64,62.2,58.91,335.88,350.9,1015.11,1033.42,0.36,0.36,237.48,238.04,11.43,11.43,17.98,17.98,900.87,974.98,1.51,1.44,42.38,42.38,61,61.07,34.79,34.79,62.37,62.37,99.3,99.3,50643.01,48580.36,38717.13,37140.21,64289,61670,2351.14,2456.3,3,3,-3.16,-3.16,1980300000000,2132100000000,35247.54,32257.36,8.5,8.5,14.11,15.28
2nd Flame Infantry,62.33,62.33,27.33,27.33,66.67,66.67,1.84,1.84,31.6,31.52,43.68,43.68,397.42,616,46.25,46.25,121.5,121.5,1907.64,1847.99,1712.1,1847.99,-6.32,-6.32,0,0,-4.47,-3.74,3546.61,4927.98,-7.35,-7.35,397.42,385,1526.11,1478.39,953.82,-8.37,-3.16,-3.16,445.12,431.2,317.94,308,-3.16,-3.16,413.32,400.4,-9.47,-9.47,1907.64,1847.99,11.83,11.96,1510.21,1462.99,1112.79,1077.99,1351.24,1308.99,397.42,385,152.93,152.93,54.49,54.49,15.09,15.09,40.31,40.31,27.39,27.39,12.86,12.86,48.6,48.6,1,1,51.48,51.48,101,111,62.58,62.58,97.68,97.68,70.77,70.87,12.38,12.38,1907.64,1847.99,62.55,62.55,27.33,27.33,41.65,40.57,54.62,54.61,1.51,1.51,93.52,93.52,693.72,693.72,-4,-4,64,64,53.65,53.41,794.85,770,716.66,825.7,0.35,0.35,226.68,227.23,9.74,9.67,17.01,17.01,522.27,625.16,1.85,1.7,42.62,42.62,49.2,49.23,-54.31,-54.31,30.82,30.82,104.46,104.46,27969.12,28859.46,20269.5,20914.73,37199,38384,1192.27,1154.99,2.98,2.98,317.94,308,4300000000,5000000000,16306,17142.52,15.16,15.16,10.78,12.18
Millopoli,78.94,78.94,97.03,97.03,81.44,81.44,1.54,1.54,21.28,21.27,71.22,71.22,14076.66,14250.47,22.58,22.58,169.5,169.5,-27.6,-27.6,2006.38,2004.89,-16.98,-16.98,-12.77,-12.77,-25.31,-25.31,-8.29,-8.29,-44.41,-44.41,-25.57,-25.57,-13.47,-13.47,-26.5,-28.32,-36.36,-36.36,-24.77,-24.77,-18.49,-18.49,-6.45,-6.45,53636.37,53596.51,1123.58,1122.74,0,0,33.05,33.09,8359.94,8353.72,9404.93,9397.94,-39.62,-39.62,-19.75,-19.75,15.25,15.25,64.97,64.97,50.93,50.93,7.14,7.14,165.09,165.09,0.57,0.57,66.74,66.74,8.06,8.06,81.05,81.05,487,497,39.1,39.1,6.77,6.77,90.9,90.91,23.47,23.47,-30.82,-30.82,159.36,159.36,41,41,91.33,91.38,-241.66,-242.66,0.71,0.71,94.15,94.15,273.53,273.53,124,124,181,181,43.13,43.01,-27.2,-27.2,1476.46,1481.53,0.17,0.17,364.33,365.03,8.46,8.46,18.14,18.14,3950.06,4001.47,0.57,0.56,31.53,31.53,94.52,94.53,-247.08,-247.08,204.88,204.88,146.38,146.38,123891.71,123983.91,98620.27,98693.66,151801,151914,23850.41,23832.68,20.49,20.49,-28.28,-28.28,7028700000000,7036700000000,10778.58,10662.62,0.31,0.31,179.5,179.96
Fluorietkasteel,71.83,71.83,38,38,44,44,1.29,1.29,27.53,27.48,43.68,43.68,1332.73,1559.5,33.25,33.25,150.75,150.75,-4.24,-4.24,-3.79,-3.79,5832.65,5801.35,2822.25,2807.1,4452.88,4616.12,-6.57,-6.57,4013.87,3992.32,-7.65,-7.65,2132.37,2120.92,-5.29,-11.31,-8.83,-8.83,-9.33,-9.33,376.3,374.28,-6.16,-6.16,635.95,632.53,-6.95,-6.95,9846.52,9793.67,14.66,14.76,1646.31,1637.48,2195.08,2183.3,2038.29,2027.35,1175.94,1169.63,639.39,639.39,77.33,77.33,15.09,15.09,28.55,28.55,28.4,28.4,9.48,9.48,52.16,52.16,3.3,3.3,51.48,51.48,145,155,67.53,67.53,103.37,103.37,77.33,77.43,17.59,17.59,1881.5,1871.4,63.89,63.89,25.5,25.5,52.02,52.4,30.11,29.23,4.96,4.96,92.97,92.97,763.35,763.35,-4,-4,66,66,51.58,51.35,783.96,779.75,1060.89,1072.69,0.39,0.39,208.77,209.3,9.93,9.94,15.18,15.18,865.16,940.38,1.33,1.29,37.41,37.41,53.56,53.59,59.58,59.58,75.83,75.83,98.83,98.83,39115.76,39326.89,34153.31,34337.65,44166,44405,1646.31,1637.48,2.44,2.44,627.17,623.8,270400000000,272500000000,18775.57,18719.6,13.01,13.01,9.84,10.54
The Ashikaga Shogunate II,19.25,19.25,67.78,67.78,1,1,4.69,4.69,31.55,31.4,38.06,38.06,309.22,604.4,80.75,80.75,45,45,-9.38,-9.38,-3.1,-2.53,-3.55,-3.55,1731.61,1692.32,1814.06,2014.67,13330.07,16110.11,4287.79,4190.51,61.84,100.73,1896.52,1853.5,1319.32,-8.25,1319.32,1289.39,-3.22,-3.22,-7.62,-7.62,3380.76,3304.06,-4.43,-4.43,-6.07,-6.07,4287.79,4190.51,12.12,12.25,103.07,100.73,1133.79,1108.07,2576.79,2518.34,1236.86,1208.8,1203.71,1203.71,21.3,21.3,13,13,19.69,19.69,1.2,1.2,36.49,36.49,48.6,48.6,1,1,53.38,53.38,98,108,60.71,60.71,71.72,71.72,70.84,71.01,29.43,29.43,2370.65,2316.87,65.78,65.78,56.67,56.67,30.42,29.91,67.25,67.28,30.34,30.34,91.09,91.09,2460.34,2460.34,-8,-8,67,67,69.01,68.85,1030.72,1007.34,474.31,552.56,0.26,0.26,132.17,132.59,9.99,9.91,12.58,12.58,412.05,574.49,2.47,2.19,25.57,25.57,55.81,55.86,-56.83,-56.83,50.99,50.99,105.16,105.16,51796.47,52998.72,22505.26,23027.64,105646,108098,1030.72,1007.34,3.54,3.54,206.14,201.47,61900000000,63800000000,36050.34,37152.1,15.92,15.92,24.41,27.87
Natioli,65.07,65.07,71.78,71.78,67.33,67.33,7.45,7.45,33.93,33.62,40.78,40.78,-3.16,187.22,43.4,43.4,128.25,128.25,3735.2,3594.69,1629.09,2066.95,2178.87,2096.9,-4,-4,2645.77,2770.91,4809.46,7493.06,1556.33,1497.79,-2.24,-1.73,2062.14,1984.57,1011.62,-8.6,2957.04,2845.8,6225.34,5991.16,4902.45,4718.04,5680.62,5466.93,-1.67,-1.67,7328.21,7052.54,7470.41,7189.39,8.12,8.25,0,0,486.35,468.06,680.9,655.28,194.54,187.22,1435.67,1435.67,13.42,13.42,12,12,67.15,67.15,25.7,25.7,16.12,16.12,50,50,1,1,50.99,50.99,100,110,56.31,56.31,54.96,54.96,68.34,68.62,11.65,11.65,1167.25,1123.34,47.37,47.37,66.67,66.67,8.47,8.18,105.81,107.43,1.51,1.51,93.52,93.52,369.65,369.65,-8,-8,64,64,72.24,72.18,389.08,374.45,416.88,513.9,0.67,0.67,80.79,81.12,12.73,11.72,11.59,11.59,461.74,595.57,2.79,2.31,43.35,43.35,56.1,56.19,56.57,56.57,-20,-20,104.81,104.81,58287.27,60565.18,19525.75,20288.83,145501,151187,389.08,374.45,11.09,11.09,-4.47,-4.47,33100000000,35700000000,53332.86,55598.83,13.33,13.33,21.06,24.41
Jarold stop youre scaring the baby,50.22,50.22,20,20,70,70,1.52,1.52,34.11,34.11,42,42,256.91,256.91,55.33,55.33,101.25,101.25,-5.48,-5.48,2385.45,2385.45,-10.49,-10.49,0,0,1747.02,1747.02,8440.91,8440.91,-10.49,-10.49,-8.62,-8.62,0,0,256.91,256.91,1541.48,1541.48,256.91,256.91,-7.07,-7.07,770.74,770.74,1541.48,1541.48,-7.59,-7.59,0,0,9.9,9.9,642.29,642.29,642.29,642.29,706.51,706.51,256.91,256.91,125.17,125.17,65.73,65.73,12,12,37.39,37.39,25.35,25.35,16.7,16.7,50,50,1,1,50,50,100,100,60.61,60.61,86.09,86.09,68.18,68.18,17.01,17.01,834.97,834.97,87.21,87.21,20,20,26.57,26.57,70.59,70.59,0.98,0.98,93.7,93.7,796.31,796.31,0,0,64,64,53.8,53.8,578.06,578.06,454.73,454.73,0.26,0.26,107.71,107.71,9.68,9.68,17.14,17.14,517.24,517.24,2.56,2.56,37.99,37.99,45.71,45.71,-77.14,-77.14,21.21,21.21,100.62,100.62,25033.71,25033.71,20051.88,20051.88,30506,30506,578.06,578.06,3.6,3.6,128.46,128.46,1959000000000,1962200000000,18374.74,18374.74,7.44,7.44,9.38,9.38
Jacobin Uprising,59,59,42,42,68.67,68.67,2.49,2.49,30.35,30.35,45.34,45.34,-4.47,-4.47,48.75,48.75,117,117,910.2,910.2,4007.93,4007.93,530.95,530.95,3640.82,3640.82,-2.9,-2.9,-9.47,-9.47,5081.98,5081.98,-6.71,-6.71,265.48,265.48,910.2,910.2,-5.1,-5.1,-6.48,-6.48,-5.1,-5.1,3413.27,3413.27,197.21,197.21,542.16,542.16,6523.13,6523.13,10.05,10.05,2085.89,2085.89,1137.76,1137.76,663.69,663.69,0,0,457.39,457.39,40.09,40.09,15.9,15.9,45.95,45.95,28.78,28.78,8.1,8.1,51,51,1,1,50.99,50.99,91,91,62.26,62.26,88.73,88.73,72.41,72.41,8.82,8.82,1137.76,1137.76,61.36,61.36,38.5,38.5,25.91,25.91,75.8,75.8,1.16,1.16,93.63,93.63,596.19,596.19,-8,-8,64,64,64.1,64.1,474.06,474.06,610.57,610.57,0.36,0.36,106.41,106.41,10.9,10.9,15.99,15.99,337.59,337.59,2.04,2.04,46.18,46.18,52.33,52.33,-71.76,-71.76,76.49,76.49,106.51,106.51,35772.38,35772.38,21979.55,21979.55,54826,54826,1422.19,1422.19,3.05,3.05,379.25,379.25,1542500000000,1543600000000,26507.33,26507.33,13.09,13.09,10.85,10.85
Umbreons,88,88,74.67,74.67,82,82,8.37,8.37,33.01,33.01,44.28,44.28,-6.32,-6.32,12,12,198,198,-2.45,-2.45,-6.59,-6.59,3588.53,3588.53,4134.62,4134.62,3822.57,3822.57,3974.3,3974.3,-9.06,-9.06,5822.01,5822.01,-2.45,-2.45,-5.1,-5.1,4056.6,4056.6,4485.67,4485.67,4056.6,4056.6,4836.72,4836.72,3120.46,3120.46,6989.84,6989.84,3588.53,3588.53,6.78,6.78,1755.26,1755.26,780.12,780.12,-5.48,-5.48,195.03,195.03,8.94,8.94,11.95,11.95,15.51,15.51,76.89,76.89,36.78,36.78,2.08,2.08,51.62,51.62,1,1,51.48,51.48,105,105,51.93,51.93,34.32,34.32,69.21,69.21,30.21,30.21,292.54,292.54,53.42,53.42,69,69,6.63,6.63,115.15,115.15,0.7,0.7,94.17,94.17,100.94,100.94,0,0,68,68,71.92,71.92,97.51,97.51,311.22,311.22,1.71,1.71,346.86,346.86,12.66,12.66,26.89,26.89,516.11,516.11,4.24,4.24,24.79,24.79,57.17,57.17,-32.4,-32.4,75.17,75.17,87.18,87.18,60560.03,60560.03,18981.5,18981.5,158881,158881,1072.66,1072.66,15.31,15.31,-4.47,-4.47,198400000000,200300000000,56563.07,56563.07,1.69,1.69,21.81,21.81
Weizihegong Shuchuzuozhi,72.33,72.33,66,66,75.33,75.33,5.37,5.37,33.06,33.06,42,42,-5.48,-5.48,32.5,32.5,153,153,613.27,613.27,3599.9,3599.9,3296.33,3296.33,-2.9,-2.9,2989.7,2989.7,-3.1,-3.1,229.98,229.98,4670.06,4670.06,306.64,306.64,5212.8,5212.8,2913.04,2913.04,5212.8,5212.8,996.57,996.57,5212.8,5212.8,3526.31,3526.31,588.74,588.74,4139.58,4139.58,6.71,6.71,1054.06,1054.06,574.94,574.94,383.29,383.29,-3.16,-3.16,7.86,7.86,18.61,18.61,12,12,67.13,67.13,32.46,32.46,2.77,2.77,50,50,1,1,50,50,106,106,56.38,56.38,56.69,56.69,69.16,69.16,17.04,17.04,1054.06,1054.06,46.04,46.04,60,60,7.28,7.28,110.38,110.38,0.75,0.75,93.97,93.97,273.99,273.99,-8,-8,64,64,71.11,71.11,191.65,191.65,500.42,500.42,1.23,1.23,143.09,143.09,11.75,11.75,33.08,33.08,541.11,541.11,2.36,2.36,37.96,37.96,54.68,54.68,64.58,64.58,11.4,11.4,104.46,104.46,54235.38,54235.38,21856.05,21856.05,117422,117422,670.77,670.77,11,11,-6.32,-6.32,162700000000,164100000000,50276.2,50276.2,12.94,12.94,19.89,19.89
Emuli Legion 33,49.67,49.67,60,60,20,20,3.88,3.88,31.99,31.99,37.37,37.37,748.36,748.36,55.75,55.75,101.25,101.25,-6.32,-6.32,2826.67,2826.67,5131.63,5131.63,598.69,598.69,1282.91,1282.91,-2.83,-2.83,-6,-6,-5.48,-5.48,1710.54,1710.54,2565.82,2565.82,-3.16,-3.16,3421.09,3421.09,2138.18,2138.18,2138.18,2138.18,-6.63,-6.63,-2.37,-2.37,5131.63,5131.63,11.05,11.05,320.73,320.73,1389.82,1389.82,2458.91,2458.91,748.36,748.36,8.01,8.01,25.75,25.75,6.84,6.84,35.1,35.1,16.97,16.97,26.19,26.19,52.16,52.16,1,1,50,50,98,98,57.75,57.75,60.14,60.14,70.31,70.31,13.17,13.17,1496.73,1496.73,82.68,82.68,52,52,29.3,29.3,71.11,71.11,16.31,16.31,91.97,91.97,915.91,915.91,0,0,64,64,68.01,68.01,1282.91,1282.91,538.09,538.09,0.29,0.29,53.61,53.61,10.89,10.89,32.07,32.07,532.93,532.93,2.23,2.23,41.83,41.83,54.45,54.45,65.57,65.57,41.23,41.23,99.76,99.76,44213.27,44213.27,21336.75,21336.75,82853,82853,1710.54,1710.54,9,9,0,0,3900000000,4300000000,31258.78,31258.78,5.61,5.61,13.05,13.05
Euler Number,57.33,57.33,57.33,57.33,57.33,57.33,3.61,3.61,32.81,32.81,42,42,308.63,308.63,50,50,112.5,112.5,1234.51,1234.51,2538.97,2538.97,1234.51,1234.51,-5.48,-5.48,2057.51,2057.51,4324.89,4324.89,-8.37,-8.37,3020.43,3020.43,-7.75,-7.75,-6.32,-6.32,4115.03,4115.03,823.01,823.01,-3.16,-3.16,4526.53,4526.53,5349.53,5349.53,2633.62,2633.62,2469.02,2469.02,9.33,9.33,925.88,925.88,925.88,925.88,1234.51,1234.51,308.63,308.63,119.98,119.98,27.72,27.72,12,12,49.93,49.93,25.07,25.07,17.13,17.13,50,50,1,1,50,50,100,100,56.72,56.72,57.19,57.19,69.42,69.42,0.56,0.56,1234.51,1234.51,79,79,50,50,18.81,18.81,84.55,84.55,3.24,3.24,93.2,93.2,610.35,610.35,0,0,64,64,68.1,68.1,823.01,823.01,470.55,470.55,0.32,0.32,126.07,126.07,10.73,10.73,17.16,17.16,511.11,511.11,2.49,2.49,54.44,54.44,52.68,52.68,50.99,50.99,-33.17,-33.17,100.2,100.2,43689.22,43689.22,21953.29,21953.29,79209,79209,823.01,823.01,10.54,10.54,102.88,102.88,3000000000,3500000000,35475.65,35475.65,7.09,7.09,14.84,14.84
Secret Agent 99,32.85,32.85,96.73,96.73,15.2,15.2,3.88,3.88,32.19,32.15,20.6,20.6,-12.65,-11.4,68.36,68.36,42,42,6773.59,6858.48,4741.51,4800.94,2935.22,2972.01,4233.49,4286.55,6434.91,6687.02,-8.94,-8.94,14224.53,14402.82,6561.91,6644.16,1693.4,1714.62,7902.52,5143.86,8184.75,8287.34,6350.24,6429.83,3951.26,4000.78,2822.33,2857.7,3132.78,3172.05,3349.09,3391.07,23933.34,24233.31,13.19,13.19,-21.68,-21.68,-13.04,-13.04,6561.91,6644.16,1622.84,1643.18,687.84,687.84,25.75,25.75,0.75,0.75,44.73,44.73,5.04,5.04,32.52,32.52,54.66,54.66,0.62,0.62,43.04,43.04,36,46,69.13,69.13,116.04,116.04,70.08,70.13,26.36,26.36,3810.14,3857.9,13.09,13.09,74,74,8.27,8.54,108.38,106.5,20.12,20.12,91.71,91.71,870.76,870.76,-11,-11,56,56,73.69,73.51,0,0,186.09,229.85,0.28,0.28,21.93,22.1,19.73,19.77,14.95,14.95,6.61,7.49,79.85,59.78,28.64,28.64,65.12,65.14,-36.21,-36.21,90.17,90.17,67.4,67.4,107828.84,106494.1,52036.8,51392.67,202066,199565,-16.43,-16.43,2.35,2.35,-7.07,-7.07,1486300000000,1468800000000,98879.05,97442.1,19.07,19.07,7.54,7.87
Acendil,8,8,3,3,3,3,1.06,1.06,37.27,36.93,44.28,44.28,190.56,275.15,92,92,18,18,-6.32,-6.32,-10.12,-9.38,653.35,660.36,217.78,220.12,762.24,836.46,-6.86,-5.29,-8.72,-8.72,-8.04,-7.75,326.67,330.18,326.67,-8.37,-7.07,-7.07,0,0,435.57,440.24,-10,-10,217.78,220.12,-5.66,-5.66,653.35,660.36,12.12,12.25,353.9,357.7,408.34,412.73,598.9,605.33,190.56,192.61,141.46,141.46,94.4,94.4,14.16,14.16,11.18,11.18,1.08,1.08,37.46,37.46,50,50,1,1,50,50,100,110,64.26,64.26,81.55,81.55,65.91,66.11,45.92,45.92,435.57,440.24,114.52,114.52,-97,-97,47.91,49.61,44.45,42.97,28.66,28.66,91.19,91.19,10924.18,10924.18,0,0,64,64,75.34,75.23,326.67,330.18,522.08,596.41,0.2,0.2,16.56,16.7,9.71,9.69,17.06,17.06,539.91,638.81,2.28,2.07,9.08,9.08,41.46,41.53,37.42,37.42,40,40,101.85,101.85,9076.1,8991.93,8805.17,8723.52,9327,9241,326.67,330.18,2.73,2.73,136.11,137.58,6896600000000,7028500000000,4728.65,4531.93,9.2,9.2,6.89,6.98
Lorom Ipsim,78.22,78.22,58.22,58.22,77.33,77.33,1.57,1.57,23.32,23.31,42,42,3254.98,3657.16,23.67,23.67,173.25,173.25,-11.4,-11.4,4755.1,4726.17,0,0,0,0,-2.79,-2.79,-11.49,-11.49,-10.95,-10.95,-15.73,-15.73,1415.21,1406.6,-5.48,-11.4,-10,-10,-8.37,-8.37,2264.33,2250.56,-11.83,-11.83,2207.72,2194.3,-8.09,-8.09,0,0,12.77,12.88,849.12,843.96,9198.85,9142.9,849.12,843.96,990.64,984.62,95.92,95.92,63.7,63.7,12,12,45.87,45.87,42.01,42.01,1.7,1.7,50,50,6.08,6.08,50,50,178,188,61.76,61.76,98.66,98.66,89.56,89.58,20.05,20.05,1698.25,1687.92,70.91,70.91,42.67,42.67,65.66,66.26,39.87,38.87,0.68,0.68,94.26,94.26,304.8,304.8,0,0,64,64,63.3,62.62,424.56,421.98,1037.62,1051.65,0.37,0.37,230.8,231.36,9.65,9.65,17.29,17.29,1082.14,1151.9,1.43,1.37,34.95,34.95,62.39,62.4,-51.48,-51.48,51.48,51.48,98.83,98.83,33710.23,33927.18,26554.49,26725.39,41686,41954,3821.06,3797.82,3.17,3.17,-4.47,-4.47,8852700000000,9007200000000,11562.61,11433.46,5.79,5.79,19.09,20.6
Veruz,57.33,57.33,39.11,39.11,57.33,57.33,1.55,1.55,31.28,31.16,42,42,1291.85,1606.97,50,50,112.5,112.5,-9.17,-9.17,-3.35,-3.35,-9.17,-9.17,-8.6,-8.6,964.58,959.9,-9.03,-9.03,-2,-2,3552.59,3535.33,-6.63,-6.63,-9.7,-13.93,-8.6,-8.6,258.37,257.11,3703.3,3685.31,-5.83,-5.83,688.99,685.64,3581.72,3564.33,0,0,10.1,10.25,968.89,964.18,968.89,964.18,1291.85,1285.57,968.89,964.18,119.98,119.98,64.71,64.71,12,12,40.33,40.33,22.22,22.22,20.93,20.93,50,50,1,1,50,50,130,140,60.03,60.03,80.37,80.37,71.17,71.32,5.71,5.71,1291.85,1285.57,73.33,73.33,34.33,34.33,35.83,36.61,64.77,63.77,3,3,93.23,93.23,744.51,744.51,0,0,64,64,56.36,55.85,861.23,857.05,954.49,1015.97,0.28,0.28,129.23,129.65,9.9,9.9,17.16,17.16,783.09,861.35,1.58,1.51,49.29,49.29,50.37,50.42,-30,-30,-57.45,-57.45,100.2,100.2,30396.23,30569.97,24145.59,24283.61,37312,37525,861.23,857.05,4.03,4.03,107.65,107.13,2497900000000,2570400000000,19514.38,19381.36,7.09,7.09,11.5,12.44
Vorpalus,65,65,51.67,51.67,44,44,3.13,3.13,32.16,32.16,38.06,38.06,1174.43,1174.43,43.5,43.5,128.25,128.25,3975.01,3975.01,-7.48,-7.48,3107.74,3107.74,2890.92,2890.92,505.91,505.91,-4.9,-4.9,-6.93,-6.93,5872.17,5872.17,1806.82,1806.82,1084.09,1084.09,-8.37,-8.37,-8.83,-8.83,-4.47,-4.47,2168.19,2168.19,-2.65,-2.65,3386.53,3386.53,7082.75,7082.75,12.57,12.57,271.02,271.02,1174.43,1174.43,1626.14,1626.14,451.71,451.71,1212.26,1212.26,31.99,31.99,13,13,45.52,45.52,22.83,22.83,20.2,20.2,48.6,48.6,1,1,53.38,53.38,124,124,58.91,58.91,70.41,70.41,70.11,70.11,7.5,7.5,1806.82,1806.82,73.5,73.5,45.75,45.75,34.28,34.28,60.1,60.1,6.73,6.73,92.77,92.77,675.05,675.05,0,0,67,67,65.11,65.11,1084.09,1084.09,881.77,881.77,0.32,0.32,232.19,232.19,10.82,10.82,12.54,12.54,705.35,705.35,1.65,1.65,47.5,47.5,52.42,52.42,-17.32,-17.32,67.82,67.82,99.76,99.76,45359.02,45359.02,24654.1,24654.1,77067,77067,1084.09,1084.09,6.83,6.83,361.36,361.36,64400000000,66100000000,29800.88,29800.88,8.93,8.93,17.5,17.5

Betelgeuse XII,72,72,74.19,74.19,74.57,74.57,1.53,1.53,19.91,19.91,48.04,48.04,14618.27,14831.72,33,33,208.75,208.75,-25.96,-25.96,-17.53,-17.53,-18.6,-18.6,-17.22,-17.22,-17.44,-17.22,-12.71,-12.71,-31.87,-31.87,-25.89,-25.89,-22.32,-22.32,-23.54,-25.57,-21.07,-21.07,-20.3,-20.3,-20.83,-20.83,-21.4,-21.4,-5.6,-5.6,-24.31,-24.31,0,0,30.69,30.74,11536.58,11518.25,15329.43,15305.08,6953.56,6942.51,1659.37,1656.74,32.69,32.69,65.51,65.51,19.27,19.27,35.12,35.12,94.21,94.21,0.82,0.82,60.56,60.56,9.3,9.3,52.91,52.91,424,434,82.16,82.16,132.04,132.04,91.75,91.76,16.7,16.7,2607.58,2603.44,143.27,143.27,40.29,40.29,77.81,77.78,-134.34,-134.42,0.51,0.51,95.25,95.25,402.81,402.81,6,6,108,108,42.61,42.52,1738.39,1735.63,1406.95,1412.37,0.13,0.13,111.92,112.31,8.3,8.3,17.79,17.79,3186.91,3240.62,0.63,0.62,38.3,38.3,75.58,75.58,-143.23,-143.23,68.69,68.69,106.51,106.51,74434.65,74553.08,59515.97,59610.67,90846,90991,15250.41,15226.18,1.92,1.92,1185.27,1183.38,922300000000,923900000000,16524.49,16550.78,0.44,0.44,136.07,136.64
The Eras Tour International Tour,80.67,80.67,79.33,79.33,86,86,20.53,20.53,41.07,39.4,42,42,-4.47,119.9,20,20,180,180,4236.01,4316.52,-3.46,-2.83,2824.01,2877.68,3765.34,3836.91,-3.74,-2.83,0,0,5648.01,5755.36,2118,3309.33,1412,1438.84,8472.02,3836.91,3765.34,3836.91,-4.47,-4.47,5648.01,5755.36,2824.01,2877.68,-5.48,-5.48,3012.27,3069.52,12708.03,12949.56,6.93,7,706,719.42,588.33,599.52,588.33,599.52,353,359.71,105.17,105.17,4.87,4.87,12,12,89.54,89.54,34.31,34.31,2.39,2.39,50,50,1,1,50,50,94,104,45.02,45.02,25.96,25.96,65.07,65.28,33.19,33.19,1059,1079.13,31.25,31.25,82,82,8.01,8.29,109.26,108.05,0.73,0.73,94.04,94.04,73.35,73.35,0,0,64,64,73.83,73.68,588.33,599.52,139.02,189.17,2.05,2.05,251.95,252.53,14.24,14.01,17.24,17.24,316.28,525.42,98.29,78.6,21.81,21.81,57.09,57.15,-35.36,-35.36,65.19,65.19,98.83,98.83,52855.98,51870.16,9729.71,9548.24,199778,196052,588.33,599.52,18.25,18.25,-4.47,-4.47,662900000000,651800000000,48627.5,47564.94,5,5,21.78,23.89
Jameslandia 1,2.33,2.33,69.33,69.33,4,4,5.62,5.62,29.86,29.79,42,42,469.8,727.3,97.67,97.67,6.75,6.75,-6.93,-6.93,-6.49,-6.2,1578.52,1527.33,1578.52,1527.33,-6,-5.48,13893.57,16225.02,4961.05,4800.2,-5.34,-5.34,2104.69,2036.45,826.84,-8.83,-6.93,-6.93,-9.38,-9.38,1202.68,1163.68,3833.54,3709.24,75.17,72.73,-7.38,-7.38,6539.57,6327.53,12.53,12.65,1785.23,1727.34,1315.43,1272.78,2536.9,2454.65,1033.55,1000.04,7.98,7.98,17.8,17.8,12,12,23.54,23.54,1.04,1.04,37.92,37.92,46.97,46.97,1,1,50,50,100,110,61.35,61.35,74.69,74.69,73.14,73.24,35.51,35.51,2348.98,2272.82,86.87,86.87,61,61,27.04,25.94,70.08,71.02,27.84,27.84,91.24,91.24,3166.63,3166.63,-8,-8,64,64,68.84,68.72,939.59,909.13,487.59,590.85,0.23,0.23,10.12,10.23,9.75,9.64,32.27,32.27,531.96,632.52,2.41,2.09,19.49,19.49,57.46,57.5,-27.39,-27.39,53.39,53.39,107.17,107.17,57626.74,59557.7,22649.32,23408.25,127235,131499,1409.39,1363.69,3.29,3.29,375.84,363.65,10400000000,11000000000,42067.52,44132.25,17.14,17.14,24.11,27.52
James Forsyte,71.87,71.87,69.56,69.56,69.33,69.33,2.04,2.04,27.77,27.71,44.28,44.28,-5.48,0,33.2,33.2,150.75,150.75,3195.94,3218.08,2861.13,3836.03,1141.41,1149.32,5326.57,5363.47,1141.41,1379.18,-3.1,-1.55,684.85,689.59,4109.07,5986.4,-6.71,-6.71,4337.35,536.35,1293.6,1302.56,-2.79,-2.79,2435.01,2451.87,6239.7,6282.93,6087.51,6129.68,-4.18,-4.18,5022.2,5056.99,11.7,11.7,2377.93,2394.41,1902.35,1915.53,1331.64,1340.87,951.17,957.76,130.47,130.47,49.04,49.04,15.51,15.51,52.56,52.56,36.25,36.25,2.14,2.14,51.62,51.62,2.52,2.52,51.48,51.48,97,107,63.73,63.73,99.82,99.82,76.82,76.95,12.3,12.3,1712.11,1723.97,59.68,59.68,55.33,55.33,24.65,24.99,71.19,70.78,0.86,0.86,93.77,93.77,357.92,357.92,-8,-8,62,62,68.26,68.05,570.7,574.66,578.15,662.44,0.43,0.43,235.96,236.52,11.13,11.05,17.11,17.11,329.16,533.06,2.12,1.94,42.7,42.7,59.67,59.72,-82.46,-82.46,91.1,91.1,107.5,107.5,57743.86,57346.64,39549.28,39277.22,80649,80094,1712.11,1723.97,2.8,2.8,475.59,478.88,209600000000,208600000000,43538.87,43009.98,12.84,12.84,15.74,18.23
Tinell,73.5,73.5,25.5,25.5,76,76,1.44,1.44,30.04,29.93,44.83,44.83,898.04,1096.43,30.75,30.75,157.5,157.5,-10.39,-10.39,-6.2,-6.2,1975.69,2031.29,359.22,369.32,1526.67,1680.43,2586.36,2659.14,763.34,784.82,898.04,923.31,1145,1177.22,2963.54,738.65,3188.05,3277.76,2716.58,2793.02,493.92,507.82,2290.01,2354.45,-4.18,-4.18,1059.69,1089.51,2739.03,2816.1,14.56,14.66,1908.34,1962.04,1010.3,1038.73,561.28,577.07,841.91,865.61,1207.99,1207.99,69.23,69.23,17.36,17.36,39.31,39.31,32.67,32.67,2.72,2.72,51.62,51.62,1,1,53.38,53.38,145,155,66.8,66.8,98.68,98.68,72.87,73.03,25.52,25.52,1010.3,1038.73,68.79,68.79,-82.5,-82.5,41.99,44.52,39.28,36.37,0.76,0.76,93.94,93.94,533.58,533.58,-8,-8,67,67,76.37,76.26,617.4,634.78,1037.33,1051.4,0.39,0.39,228.85,229.4,9.83,9.83,12.56,12.56,839.49,915.58,1.43,1.37,29.48,29.48,49.59,49.64,50.5,50.5,43.01,43.01,108.45,108.45,36476.69,35478.74,30034.29,29212.59,43383,42196,1066.43,1096.43,2.5,2.5,449.02,461.66,291400000000,284900000000,21156.48,19690.7,12.76,12.76,13.5,14.56
Cosmo Kramerica,50.55,50.55,100.03,100.03,57.07,57.07,1.42,1.42,22.42,22.4,15.98,15.98,1654.1,1888.16,55.09,55.09,61.25,61.25,11342.39,11328.96,2268.48,2265.79,-5.29,-5.29,441.09,440.57,-4.84,-4.84,-10.77,-10.77,20227.26,20203.32,-15.49,-15.49,-4.74,-4.74,-8.94,-13.42,21739.58,21713.85,5734.21,5727.42,-5.48,-5.48,-15.46,-15.46,4221.89,4216.89,-9.98,-9.98,31569.64,31532.28,20.66,20.74,-16.12,-16.12,6222.56,6215.2,7325.29,7316.62,5671.19,5664.48,239.44,239.44,70.55,70.55,0.49,0.49,43.86,43.86,57.18,57.18,1.22,1.22,49.36,49.36,7.03,7.03,31.88,31.88,178,188,76.72,76.72,121.1,121.1,90.34,90.34,7.89,7.89,8112.96,8103.36,5.66,5.66,33.83,33.83,57.34,57.78,-4.48,-5.48,6.06,6.06,92.84,92.84,797.46,797.46,-8,-8,74,74,53.72,53.41,-17.61,-17.61,1159.16,1167.2,1.19,1.19,10.71,10.83,9.3,9.3,16.68,16.68,1477.89,1541.83,1.01,0.99,47.11,47.11,87.93,87.93,-119.75,-119.75,112.47,112.47,60.89,60.89,99608.22,99726.35,82841.66,82939.9,117424,117563,4647.23,4641.73,2.06,2.06,-16.73,-16.73,3499400000000,3508700000000,42532.71,42084.52,21,21,46.97,49.66
State Peace and Development Council,68.57,68.57,73.67,73.67,61.33,61.33,1.44,1.44,21.06,21.06,46.76,46.76,8365.21,8679.58,38.14,38.14,139.5,139.5,-14.97,-14.97,-6.57,-6.57,-7.67,-7.67,-9.3,-9.3,-12.28,-11.96,-11.38,-11.38,-16.12,-16.12,-20.01,-20.01,-3,-3,-10.68,-14.63,-17.44,-17.44,-9.95,-9.95,-7.35,-7.35,-20.1,-20.1,-4.08,-4.08,-15.12,-15.12,0,0,21.02,21.1,4239.9,4225.59,13292.67,13247.78,2635.61,2626.72,2521.02,2512.51,1052.22,1052.22,69.23,69.23,18.02,18.02,29.77,29.77,51.17,51.17,1.35,1.35,52.64,52.64,8.06,8.06,52.44,52.44,320,330,75.67,75.67,106.17,106.17,91.03,91.03,10.4,10.4,2750.21,2740.92,111.7,111.7,35.5,35.5,67.73,67.61,-28.32,-28.4,1.16,1.16,93.63,93.63,607.45,607.45,-8,-8,77,77,49.45,49.3,572.96,571.03,1264.62,1271.13,0.22,0.22,191.03,191.54,9.02,9.02,13.26,13.26,2006.88,2066.26,0.8,0.79,44.6,44.6,69.94,69.94,-74.97,-74.97,51.77,51.77,108.14,108.14,50649.64,50821.24,41704.06,41845.35,60239,60443,9167.36,9136.4,2.09,2.09,802.14,799.44,338200000000,339400000000,16359.83,16466.08,12.76,12.76,88.07,91.41
Ugg Lands,69.67,69.67,72,72,65.22,65.22,1.34,1.34,20.45,20.44,44.28,44.28,13435.92,13658.58,36.5,36.5,144,144,-26.23,-26.23,-13.51,-13.51,-16.73,-16.73,-12.68,-12.68,-17.96,-17.74,-13.54,-13.54,-18.55,-18.55,-24.62,-24.62,-20.15,-20.15,-18.65,-21.17,-24.25,-24.25,-17.61,-17.61,-17.26,-17.26,-24.96,-24.96,-9.07,-9.07,-25.2,-25.2,0,0,28.83,28.88,6182.17,6171.04,12611.63,12588.93,7171.32,7158.41,2555.3,2550.7,74.94,74.94,74.44,74.44,15.9,15.9,29.71,29.71,82.41,82.41,0.9,0.9,53.51,53.51,9.3,9.3,51.96,51.96,471,481,87.59,87.59,118.81,118.81,91.4,91.4,14.49,14.49,7336.18,7322.97,101.1,101.1,29,29,78.04,78,-132.64,-132.72,5.01,5.01,92.96,92.96,615.79,615.79,-2,-2,108,108,43.52,43.43,906.72,905.09,1473.66,1478.75,0.18,0.18,165.2,165.67,8.26,8.27,17.42,17.42,3295.97,3349.3,0.57,0.57,40.51,40.51,73.23,73.23,-156.13,-156.13,95.06,95.06,106.84,106.84,68498.48,68622.01,58615.62,58721.33,78738,78880,10963.05,10943.32,1.83,1.83,1648.58,1645.61,776600000000,778100000000,15069.67,15096.84,17.43,17.43,136.96,137.53
Sleha,59.67,59.67,77,77,9,9,1.79,1.79,26.14,26.1,39.43,39.43,3135.32,3451.98,48.25,48.25,117,117,-9.9,-9.9,4407.36,4382.9,4389.45,4365.08,-3.29,-3.29,3404.06,3652.42,-7.69,-7.69,7166.44,7126.67,-14.18,-14.18,1254.13,1247.17,-8.25,-12.96,-11.75,-11.75,3224.9,3207,4568.61,4543.25,-11.31,-11.31,-7.42,-7.42,376.24,374.15,11555.89,11491.75,13.08,13.19,0,0,3359.27,3340.63,3583.22,3563.33,2239.51,2227.08,7.94,7.94,55.78,55.78,8.98,8.98,23.47,23.47,15.34,15.34,27.5,27.5,50,50,3.93,3.93,50,50,189,199,65.21,65.21,94.08,94.08,80.56,80.65,15.28,15.28,3023.34,3006.56,47.74,47.74,48.5,48.5,40.14,40.58,50.48,49.6,21.68,21.68,91.61,91.61,987.02,987.02,-8,-8,62,62,65.96,65.62,783.83,779.48,1084.3,1094.7,0.34,0.34,42.13,42.36,9.96,9.97,32.57,32.57,1143.46,1212.07,1.24,1.21,39.72,39.72,62.76,62.79,67.75,67.75,17.61,17.61,104.81,104.81,54012.59,54314.13,39636.1,39857.38,71061,71458,1231.73,1224.9,2.63,2.63,-5.48,-5.48,384300000000,387300000000,32353.54,32262.59,14.76,14.76,20.59,22.08
Babel Reborn,80.67,80.67,80.67,80.67,83,83,17.35,17.35,37.26,36.84,42,42,0,316.04,20,20,180,180,6338.03,5899.5,2994.72,3539.7,-4.47,-4.47,-6.32,-6.32,905.43,1095.62,835.26,2022.69,7243.46,6742.29,3725.86,4740.67,3169.01,2949.75,2263.58,-7.07,2716.3,2528.36,2716.3,2528.36,905.43,842.79,2716.3,2528.36,4074.45,3792.54,724.35,674.23,13581.49,12641.79,7.55,7.75,679.07,632.09,679.07,632.09,1018.61,948.13,0,0,105.17,105.17,5.76,5.76,12,12,86.32,86.32,34.97,34.97,2.3,2.3,46.97,46.97,1,1,50,50,100,110,46.98,46.98,30.22,30.22,65.92,66.16,31.53,31.53,1697.69,1580.22,23.67,23.67,80,80,8.35,7.83,107.71,110.4,0.71,0.71,94.13,94.13,88.13,88.13,0,0,64,64,73.48,73.47,565.9,526.74,227.59,357.68,1.97,1.97,267.04,267.64,13.55,12.03,17.24,17.24,464.36,596.64,61.06,3.35,23.47,23.47,57.81,57.89,27.39,27.39,-41.83,-41.83,98.83,98.83,56345.08,60533.11,11493.28,12347.55,199444,214268,565.9,526.74,17.5,17.5,-4.47,-4.47,902600000000,969900000000,51612.1,55811.53,8.51,8.51,24.09,27.45
Etruriia,60.33,60.33,26.75,26.75,66,66,1.8,1.8,32.37,32.25,43,43,941.47,1171.01,47.75,47.75,119.25,119.25,-11.14,-11.14,783.31,811.9,-2,-2,-7.75,-7.75,-6.32,-5.83,4257.98,4413.4,2611.02,2706.33,-11.42,-11.42,-2.45,-2.45,2661.23,156.13,2410.17,2498.15,1832.74,1899.63,2159.11,2237.93,-8.6,-8.6,1230.19,1275.1,1748.94,1812.78,2611.02,2706.33,11.22,11.36,376.59,390.34,815.94,845.73,1067,1105.95,627.65,650.56,32.69,32.69,55.6,55.6,13.62,13.62,41.01,41.01,25.75,25.75,16.04,16.04,51,51,1,1,50.5,50.5,134,144,61.99,61.99,94.07,94.07,69.88,70.01,11.73,11.73,1192.53,1236.06,52.76,52.76,26.75,26.75,25.53,28.04,69.52,66.52,1.81,1.81,93.45,93.45,720.73,720.73,-8,-8,64,64,55.15,54.57,627.65,650.56,1016.55,1034.46,0.37,0.37,190.01,190.51,9.5,9.51,17.79,17.79,792.48,870.35,1.5,1.44,43.27,43.27,47.93,47.98,47.96,47.96,-50,-50,106.84,106.84,34301.37,33146.35,25128.74,24282.59,45195,43673,502.12,520.45,3.11,3.11,125.53,130.11,823000000000,874200000000,25554.52,23865.37,13.69,13.69,13.26,14.28
Far Jiharica Tell,70.22,70.22,58,58,64.67,64.67,3.71,3.71,32.85,32.7,42,42,365.75,726.14,35.67,35.67,146.25,146.25,-4.47,-4.47,-7.47,-6.93,-5.48,-5.48,2926.03,2904.57,-7.75,-7.35,0,0,4389.04,4356.85,2843.12,3025.59,3413.7,3388.66,-8.37,-13.04,1950.68,1936.38,975.34,968.19,1950.68,1936.38,5364.38,5325.04,-7.75,-7.75,-4,-4,4389.04,4356.85,9.49,9.64,1097.26,1089.21,1097.26,1089.21,1463.01,1452.28,731.51,726.14,119.98,119.98,26.97,26.97,12,12,53.24,53.24,26.46,26.46,14.79,14.79,50,50,1,1,50,50,100,110,55.7,55.7,54.07,54.07,69.38,69.54,7.5,7.5,1463.01,1452.28,47.45,47.45,50.5,50.5,26.48,27.13,78.02,77.1,1.97,1.97,93.42,93.42,452.58,452.58,0,0,64,64,67.88,67.62,975.34,968.19,425.21,492.28,0.48,0.48,182.36,182.86,11.47,11.53,17.16,17.16,523.73,626.25,2.73,2.39,47.5,47.5,52.89,52.94,-70,-70,58.31,58.31,100.2,100.2,38199.26,38485.55,18909.58,19051.3,70111,70636,975.34,968.19,11.84,11.84,121.92,121.02,100600000000,104800000000,28076.46,28055.97,6.4,6.4,13.52,14.72
Harthion,59,59,42.67,42.67,45.33,45.33,2.51,2.51,32.81,32.64,40.78,40.78,398.8,630.75,48.75,48.75,117,117,3828.45,3784.49,2936.74,3406.05,-4.47,-4.47,3445.61,3406.05,2871.34,3027.6,4343.7,6559.79,-6.78,-6.78,-7.48,-6.71,3509.41,3469.12,2233.26,-5.48,0,0,-4.47,-4.47,1914.23,1892.25,1595.19,1576.87,414.75,409.99,4219.25,4170.81,3828.45,3784.49,10.68,10.82,478.56,473.06,877.35,867.28,1515.43,1498.03,398.8,394.22,13.18,13.18,39.79,39.79,10.55,10.55,40.54,40.54,23.45,23.45,19.41,19.41,46.97,46.97,1,1,50,50,98,108,58.12,58.12,68.06,68.06,69.42,69.6,7.66,7.66,1595.19,1576.87,68.48,68.48,39,39,21.96,22.18,76.76,76.24,5.98,5.98,92.85,92.85,772.48,772.48,0,0,64,64,65.27,64.92,797.59,788.44,444.37,535.23,0.31,0.31,85.14,85.48,11.32,10.45,18.61,18.61,513.03,618.61,2.62,2.24,47.34,47.34,50.81,50.87,-84.26,-84.26,78.1,78.1,101.04,101.04,42637.77,43135.33,26091.77,26396.25,65574,66339,797.59,788.44,8.39,8.39,159.52,157.69,16800000000,19000000000,33257.46,33559.29,10.04,10.04,10.96,12.9
Nikolia,64.22,64.22,98.09,98.09,77.24,77.24,1.53,1.53,19.74,19.74,38.75,38.75,12592.02,12859.08,44.67,44.67,158,158,-22.09,-22.09,-12.26,-12.26,-14,-14,-12.92,-12.92,-17.37,-17.14,-13.83,-13.83,-18.92,-18.92,-25.51,-25.51,-14.7,-14.7,-21.86,-24.04,-23.83,-23.83,-16.97,-16.97,-16.06,-16.06,-23.22,-23.22,4059.67,4052.25,-9.65,-9.65,0,0,27.69,27.75,4552.5,4544.19,14529.25,14502.72,6102.29,6091.14,7264.63,7251.36,1698.53,1698.53,65.25,65.25,15.09,15.09,42.8,42.8,67.69,67.69,1.05,1.05,56.34,56.34,12.67,12.67,54.76,54.76,449,459,74.62,74.62,117.42,117.42,91.87,91.88,14.01,14.01,7264.63,7251.36,99.19,99.19,40.62,40.62,90.49,90.53,-139.95,-140.95,4.48,4.48,93.03,93.03,452.71,452.71,8,8,105,105,46.66,46.51,2324.68,2320.44,1363.55,1369.23,0.19,0.19,48.24,48.49,7.64,7.64,10.52,10.52,2792.78,2848,0.67,0.66,40.99,40.99,89.66,89.66,-131.23,-131.23,66.48,66.48,104.81,104.81,79356.83,79501.99,63317.67,63433.49,97034,97211,10654.78,10635.33,2.12,2.12,1743.51,1740.33,920900000000,922800000000,7538.9,7552.69,13.73,13.73,134.85,135.44
Velocis,29,29,7,7,15,15,1.15,1.15,33.56,33.41,41.43,41.43,691.35,759.39,71.25,71.25,65.25,65.25,264.52,257.03,-8.85,-8.85,-11.31,-11.31,264.52,257.03,1514.97,1542.15,4661.77,5423.47,-8.12,-8.12,-4.58,-4.58,-11.31,-11.31,-8.25,-12.96,-6.16,-6.16,-3.22,-3.22,-2.83,-2.83,264.52,257.03,-10.86,-10.86,298.18,289.74,264.52,257.03,18.71,18.79,751.47,730.19,931.83,905.43,1202.35,1168.3,631.24,613.36,864.95,864.95,87.19,87.19,14.64,14.64,14.39,14.39,12.79,12.79,29.29,29.29,51.62,51.62,1,1,52.44,52.44,105,115,68.82,68.82,102.08,102.08,68.68,68.82,33.75,33.75,871.71,847.01,105.65,105.65,-93,-93,69.95,69.27,-18.54,-17.89,19.57,19.57,91.75,91.75,4786.34,4786.34,0,0,64,64,75.46,75.36,841.65,817.81,783.5,874.05,0.21,0.21,144.35,144.79,9.37,9.3,14.12,14.12,610.1,699.32,1.75,1.65,21.25,21.25,44.42,44.46,-94.34,-94.34,50,50,105.84,105.84,18294.07,18827.33,17019.86,17515.98,19520,20088,841.65,817.81,2.37,2.37,541.06,525.73,8100000000,8500000000,5488.22,5779.99,9,9,7.64,8.39
Caffeinneburg,60.44,60.44,83,83,32.19,32.19,1.34,1.34,20.38,20.38,40.78,40.78,10796.42,11110.24,47.67,47.67,193.25,193.25,-31.62,-31.62,-22.27,-22.27,-21.45,-21.45,-22.32,-22.32,-21.57,-21.39,-17.78,-17.78,-28.21,-28.21,-28.98,-28.98,-27,-27,-27.2,-28.98,-23.02,-23.02,-20.52,-20.52,-23.45,-23.45,-33.97,-33.97,-23.77,-23.77,-35.02,-35.02,0,0,21.98,22.05,1277,1273.05,11376.87,11341.71,6036.71,6018.05,-8.37,-8.37,3.19,3.19,74.44,74.44,0.82,0.82,23.55,23.55,72.35,72.35,1,1,61.07,61.07,11.08,11.08,32.53,32.53,588,598,87.13,87.13,108.23,108.23,91.44,91.44,15,15,21128.48,21063.17,5.51,5.51,29,29,27.31,27.33,49.35,49.28,6.3,6.3,92.82,92.82,953.92,953.92,4,4,109,109,53.55,53.31,-18.44,-18.44,1540.91,1545.72,7.9,7.9,104.63,105,5.66,5.67,90.7,90.7,3876.21,3927.82,0.52,0.52,40,40,75.89,75.9,-32.52,-32.52,-180.31,-180.31,78.21,78.21,56071.74,56245.61,47981.79,48130.57,64454,64653,5456.26,5439.39,1.83,1.83,-16.12,-16.12,915500000000,918400000000,40764.15,40890.56,16.75,16.75,142.25,142.79
Atom Heart Father,70.67,70.67,55.56,55.56,54.67,54.67,2.11,2.11,32.47,32.29,42,42,347.78,652.74,35,35,146.25,146.25,5471.73,5134.92,869.91,939.95,834.67,783.29,370.96,348.13,-6.63,-6.16,1867.81,2645.79,-3.46,-3.46,-4.53,-4.06,-9.06,-9.06,-7.21,-12.33,5471.73,5134.92,3153.2,2959.11,-8.49,-8.49,3153.2,2959.11,834.67,783.29,-5.67,-5.67,6306.4,5918.22,9.06,9.22,927.41,870.33,927.41,870.33,1391.12,1305.49,347.78,326.37,119.98,119.98,47.5,47.5,12,12,48.23,48.23,25.09,25.09,17.1,17.1,50,50,1,1,50,50,100,110,58.15,58.15,65.17,65.17,69.78,69.97,6.64,6.64,1391.12,1305.49,64.25,64.25,48.67,48.67,23.91,22.1,78.15,79.23,3.76,3.76,93.12,93.12,519.1,519.1,0,0,64,64,67.29,67.16,927.41,870.33,580,723.53,0.38,0.38,190.71,191.22,9.86,9.76,17.16,17.16,505.61,613.87,2.11,1.84,48.36,48.36,52.58,52.64,10,10,28.28,28.28,99.76,99.76,38122.17,40613.77,25667.67,27345.26,54033,57565,927.41,870.33,8.32,8.32,0,0,3702500000000,3814800000000,29010.97,31638.13,6.4,6.4,13.13,14.5
Wauka Mountain,56.53,56.53,69.47,69.47,63.78,63.78,12.8,12.8,32.12,31.96,34.02,34.02,1165.53,1636.99,50.6,50.6,176.5,176.5,-14.35,-14.35,-6.69,-6.69,2913.83,2976.34,-5.66,-5.66,-3.3,-2.28,-4.29,-4.29,4091.02,4178.78,2476.76,2529.89,-6,-6,1981.41,-8.12,1981.41,2023.91,-9.64,-9.64,1981.41,2023.91,5711.11,5833.62,-3.02,-3.02,-3.46,-3.46,7004.85,7155.11,10.49,10.63,437.07,446.45,1019.84,1041.72,3205.21,3273.97,-8.94,-8.94,569.59,569.59,7.82,7.82,3.55,3.55,73.54,73.54,26.16,26.16,15.34,15.34,47.8,47.8,4.21,4.21,49.5,49.5,122,132,55.96,55.96,59.78,59.78,70.16,70.34,12.49,12.49,3205.21,3273.97,51.81,51.81,80.8,80.8,37.92,40.54,72.49,70.81,2.59,2.59,93.3,93.3,358.54,358.54,-3,-3,67,67,72.71,72.52,1893.99,1934.62,540.69,616.33,0.35,0.35,121.13,121.53,11.41,11.46,15.5,15.5,691.91,774.79,2.22,2.03,42.51,42.51,56.39,56.45,43.31,43.31,-15,-15,99.3,99.3,37163,36382.74,9096.62,8905.63,116395,113952,1748.3,1785.8,11.52,11.52,582.77,595.27,324100000000,319400000000,23078.23,21647.73,9.87,9.87,32.96,35
Octurnia,67.33,67.33,57.33,57.33,61.33,61.33,3.61,3.61,33.01,32.86,42,42,349.55,687.41,40,40,135,135,0,0,2957.19,3299.57,5126.73,5041.01,-7.75,-7.75,-7.75,-7.35,-2,-2,0,0,-2.74,-2.74,5592.8,5499.29,-3.16,-10.49,-3.16,-3.16,3728.53,3666.19,-5.48,-5.48,2796.4,2749.64,1398.2,1374.82,-2.83,-2.83,5126.73,5041.01,9.33,9.49,1048.65,1031.12,1048.65,1031.12,1398.2,1374.82,349.55,343.71,119.98,119.98,27.72,27.72,12,12,51.46,51.46,25.24,25.24,16.87,16.87,50,50,1,1,50,50,100,110,56.19,56.19,55.42,55.42,69.21,69.36,4.89,4.89,1398.2,1374.82,69.82,69.82,50,50,24.2,24.4,79.89,79.31,2.55,2.55,93.31,93.31,509.14,509.14,0,0,64,64,67.8,67.57,932.13,916.55,510.12,592.88,0.39,0.39,167.4,167.87,11.22,11.16,17.16,17.16,520.28,623.71,2.33,2.08,50.11,50.11,52.61,52.66,90,90,-50.99,-50.99,100.2,100.2,38615.95,39274.08,19404.03,19734.74,70011,71204,932.13,916.55,11.24,11.24,116.52,114.57,55000000000,57900000000,29270.89,29691.2,6.64,6.64,13.86,15.05
Ausaland,48,48,40,40,72.67,72.67,2.37,2.37,30.62,30.53,42,42,852.58,1096.6,57,57,96.75,96.75,-2.83,-2.83,3478.52,3579.29,341.03,350.91,3865.02,3976.99,1705.16,1930.01,6002.15,6176.04,2614.57,2690.32,-2.45,-2.45,1591.48,1637.59,3182.96,350.91,341.03,350.91,2159.86,2222.44,2046.19,2105.47,2330.38,2397.89,1847.25,1900.77,545.65,561.46,2955.6,3041.23,11.36,11.49,1136.77,1169.7,781.53,804.17,1207.82,1242.81,497.34,511.75,468.75,468.75,42.22,42.22,13.62,13.62,53.57,53.57,27.99,27.99,11.2,11.2,50,50,1,1,50.99,50.99,143,153,63.16,63.16,100.44,100.44,72.03,72.16,13.24,13.24,1207.82,1242.81,64.71,64.71,37,37,22.1,24.2,75,72.12,0.86,0.86,93.77,93.77,626.74,626.74,-8,-8,64,64,62,58.63,497.34,511.75,961.65,1017.57,0.31,0.31,77.61,77.93,9.93,9.94,15.95,15.95,833.71,910,1.57,1.5,41.76,41.76,51.06,51.1,-82.46,-82.46,86.02,86.02,106.18,106.18,44399.4,43156.24,28053.35,27267.87,66450,64590,710.48,731.07,2.88,2.88,213.14,219.32,296700000000,297800000000,34587.13,32712.43,14.14,14.14,19.24,20.65
Virtual World,14.33,14.33,10.75,10.75,7,7,1.24,1.24,32.03,31.89,39.43,39.43,802.21,913.11,85.67,85.67,33.75,33.75,794.57,791.36,-4.73,-4.73,-11.31,-11.31,-4.9,-4.9,-5.02,-4.9,5071.77,6215.55,-8.37,-8.37,229.2,228.28,-12.73,-12.73,1100.17,-5.29,30.56,30.44,-10.86,-10.86,794.57,791.36,1344.65,1339.23,-8.66,-8.66,-14.39,-14.39,794.57,791.36,18.17,18.25,955.01,951.16,1069.61,1065.3,1528.01,1521.85,993.21,989.2,8.28,8.28,80.48,80.48,8.98,8.98,13.79,13.79,3.26,3.26,33.08,33.08,51,51,1,1,50,50,93,103,69.47,69.47,97.32,97.32,70.27,70.42,39.96,39.96,1413.41,1407.71,96.41,96.41,-89.25,-89.25,68.46,68.58,-8.68,-9.59,27.02,27.02,91.28,91.28,7382.29,7382.29,-8,-8,64,64,75.75,75.65,1069.61,1065.3,639.52,721.69,0.21,0.21,27.24,27.43,9.27,9.2,30.42,30.42,535.39,635.2,1.98,1.84,15.04,15.04,45.95,46,-81.85,-81.85,17.32,17.32,110.91,110.91,22613.33,22704.83,20166.37,20247.97,25057,25159,1069.61,1065.3,2.33,2.33,611.2,608.74,21600000000,21900000000,7123.2,7129.32,16.15,16.15,9.89,11.39
Agostora,32,32,71.5,71.5,75.33,75.33,6.05,6.05,29.86,29.78,45.83,45.83,99.16,389.13,69,69,69.75,69.75,4125.14,4046.94,-4.38,-3.58,-7.07,-7.07,5711.74,5603.46,4521.79,4669.55,-6.96,-3.79,2855.87,2801.73,-4.47,-3.46,158.66,155.65,2935.2,-5.1,4521.79,4436.07,2855.87,2801.73,1348.6,1323.04,158.66,155.65,6068.72,5953.67,-2.91,-2.91,6981.01,6848.67,11.22,11.36,2280.73,2237.49,1189.95,1167.39,694.13,680.98,793.3,778.26,923.69,923.69,16.52,16.52,17.01,17.01,65.82,65.82,29.07,29.07,7.11,7.11,50,50,1,1,51.96,51.96,101,111,60.17,60.17,81.03,81.03,73.14,73.25,18.34,18.34,793.3,778.26,94.26,94.26,62.25,62.25,21.14,20.93,80.44,80.41,0.75,0.75,93.97,93.97,492.56,492.56,0,0,67,67,69.3,69.13,594.97,583.69,643.63,826.32,0.24,0.24,63.73,64.02,13.19,11.92,13.85,13.85,461.36,595.42,1.97,1.7,36.66,36.66,58.43,58.47,-102.47,-102.47,89.44,89.44,101.04,101.04,56984.11,58085.26,21475.36,21890.34,130000,132512,1586.59,1556.52,3.89,3.89,297.49,291.85,32900000000,33800000000,44960.46,45945.44,7.33,7.33,15.67,17.63
Great Linwa,19,19,81,81,4,4,10.42,10.42,33.25,33.07,38.75,38.75,614.32,1002.97,81,81,42.75,42.75,-3.46,-3.46,-8.91,-8.1,1376.08,1404.16,3735.08,3811.3,5504.32,5917.54,4717.01,7060.93,-2.9,-2.9,-6.06,-5.61,1670.96,1705.06,5307.74,401.19,-3.46,-3.46,-5,-5,-1.41,-1.41,4816.28,4914.57,511.12,521.55,849.24,866.57,1376.08,1404.16,11.05,11.18,122.86,125.37,1228.64,1253.72,3317.34,3385.04,1720.1,1755.2,8.51,8.51,9.6,9.6,8.98,8.98,26.47,26.47,1.68,1.68,34.37,34.37,47.8,47.8,1,1,50.5,50.5,99,109,57.36,57.36,53.56,53.56,68.98,69.15,33.79,33.79,3071.61,3134.29,67.16,67.16,72.5,72.5,26.98,28.93,77,75.02,27.84,27.84,91.24,91.24,1460,1460,-8,-8,64,64,71.75,71.53,1228.64,1253.72,292.36,347.8,0.28,0.28,103.78,104.15,13.76,13.43,29.15,29.15,516.26,620.83,4.91,3.49,21.21,21.21,59.99,60.05,-55.68,-55.68,67.08,67.08,105.16,105.16,51733.76,50699.31,14284.69,13999.06,148860,145883,1228.64,1253.72,9.62,9.62,-4.47,-4.47,28600000000,28400000000,37765.64,36047.21,16.44,16.44,19.57,22.21
Supercoolnationcountry,77.11,77.11,32.67,32.67,77.33,77.33,2.04,2.04,30.13,30.03,47.2,47.2,387.56,581.91,25.33,25.33,168.75,168.75,3772.29,3775.92,1506.85,1737.96,3513.91,3517.3,1446.91,1448.3,568.43,724.15,3693.74,5627.67,651.11,651.73,-1.73,-1.73,1240.2,1241.4,2997.16,413.8,-5.83,-5.83,651.11,651.73,155.03,155.17,2738.79,2741.42,-3.13,-3.13,268.71,268.97,7937.31,7944.95,14.53,14.63,2454.57,2456.93,1162.69,1163.81,645.94,646.56,645.94,646.56,1207.99,1207.99,48.93,48.93,18.96,18.96,46.54,46.54,34.1,34.1,2.43,2.43,49.36,49.36,1,1,53.38,53.38,102,112,66.3,66.3,99.12,99.12,72.74,72.88,23.33,23.33,1162.69,1163.81,78.62,78.62,-68.5,-68.5,42.02,42.79,41.93,40.72,0.73,0.73,94.07,94.07,383.07,383.07,-8,-8,69,69,78.05,77.96,710.53,711.22,848.99,955.24,0.45,0.45,266.4,267,9.91,9.83,12.56,12.56,514.48,619.59,1.68,1.58,31.67,31.67,50.88,50.93,54.31,54.31,62.05,62.05,108.45,108.45,40089.1,40050.62,27424.14,27397.81,56049,55996,1356.47,1357.78,2.53,2.53,1033.5,1034.5,19500000000,19800000000,23251.68,22908.95,13.76,13.76,16.87,19.57
Kidani,64.13,64.13,36,36,74,74,2.17,2.17,31.53,31.41,43.68,43.68,270.04,472.83,44.8,44.8,126,126,270.04,270.19,3137.81,3828.61,2106.28,2107.49,324.04,324.23,2808.37,2972.1,1852.44,3458.44,1512.2,1513.07,-3.54,-2.74,2700.35,2701.91,2700.35,0,1620.21,1621.15,-7.48,-7.48,3240.42,3242.29,2970.39,2972.1,3591.47,3593.54,1736.19,1737.19,3888.51,3890.75,11.96,12.08,1350.18,1350.95,877.61,878.12,810.11,810.57,540.07,540.38,490.88,490.88,45.99,45.99,14.64,14.64,48.63,48.63,29.42,29.42,6.03,6.03,51.62,51.62,1,1,50.99,50.99,99,109,59.76,59.76,84.25,84.25,70.85,71,14.31,14.31,675.09,675.48,83.21,83.21,34,34,25.69,26.42,68.78,67.59,0.77,0.77,93.9,93.9,537.78,537.78,0,0,68,68,56.65,56.07,742.6,743.03,480.78,602.81,0.31,0.31,88.34,88.68,11.8,10.72,15.85,15.85,464.83,596.83,2.44,2.06,40.69,40.69,49.6,49.65,53.85,53.85,31.62,31.62,92.89,92.89,42114.56,42095.61,27866.85,27854.31,60591,60563,945.12,945.67,4.54,4.54,472.56,472.83,148600000000,153000000000,31291.12,30982.37,4.95,4.95,10.83,12.64
El Alacran,66,66,36,36,70.67,70.67,2.17,2.17,31.51,31.46,43.68,43.68,339.9,557.45,42,42,130.5,130.5,-1.41,-1.41,1716.84,2217.06,-4.69,-4.69,815.76,764.5,-1.1,-1.1,108.77,407.73,475.86,445.96,968.72,1513.08,-8.83,-8.83,-1.41,-10.1,-4.69,-4.69,2345.32,2197.94,-7.87,-7.87,4690.63,4395.89,1529.55,1433.44,4568.09,4281.05,475.86,445.96,12.12,12.25,1699.5,1592.71,1104.68,1035.26,1019.7,955.63,679.8,637.08,644.28,644.28,45.99,45.99,15.09,15.09,46.76,46.76,28.33,28.33,9.72,9.72,51,51,1,1,51.48,51.48,98,108,60.61,60.61,86.63,86.63,70.87,70.94,13.59,13.59,1189.65,1114.9,61.29,61.29,34,34,39.67,36.56,55.72,57.29,0.92,0.92,93.73,93.73,554.71,554.71,-4,-4,64,64,55.18,55.03,934.73,875.99,506.87,641.8,0.41,0.41,193.15,193.65,9.9,9.81,15.15,15.15,430.69,582.64,2.34,1.98,41.41,41.41,50.01,50.03,-53.85,-53.85,42.43,42.43,104.81,104.81,33433.49,35667.04,22122.66,23600.58,48101,51315,1189.65,1114.9,3.6,3.6,594.83,557.45,105400000000,109700000000,20160.39,22612.9,13.11,13.11,10.47,11.81
KcabtuO,67.33,67.33,61.33,61.33,64.67,64.67,4.03,4.03,33.45,33.28,42,42,117.48,467.93,40,40,135,135,-6.32,-6.32,375.94,561.51,3289.49,3275.49,939.85,935.85,3101.52,3369.08,-8.94,-4.47,469.93,467.93,-3.54,-2.74,2819.56,2807.56,469.93,-9.49,1879.71,1871.71,3289.49,3275.49,1879.71,1871.71,-3.16,-3.16,3759.42,3743.42,5263.19,5240.78,3759.42,3743.42,9.27,9.43,1057.34,1052.84,939.85,935.85,1409.78,1403.78,704.89,701.89,119.98,119.98,24.8,24.8,12,12,54.61,54.61,27.22,27.22,13.26,13.26,50,50,1,1,50,50,94,104,55.56,55.56,52.59,52.59,68.78,68.95,6.89,6.89,1409.78,1403.78,64.32,64.32,53,53,22.48,23.24,81.92,80.92,1.97,1.97,93.42,93.42,465.52,465.52,0,0,64,64,68.6,68.36,939.85,935.85,364.85,447.46,0.41,0.41,167.23,167.7,13.72,12.97,17.16,17.16,393.62,566.1,3.26,2.6,48.11,48.11,53.14,53.19,45.83,45.83,37.42,37.42,100.2,100.2,40930.67,41107.4,19345.34,19428.87,78013,78350,939.85,935.85,12,12,117.48,116.98,69500000000,72000000000,31721.27,31570.48,6.64,6.64,10.97,12.57
Dewi Rahl,67.33,67.33,61.33,61.33,64.67,64.67,4.03,4.03,33.47,33.27,42,42,99.7,388.6,40,40,135,135,1196.37,1165.81,-8.49,-7.12,-5.48,-5.48,-4.47,-4.47,3828.37,3963.75,638.06,2487.06,1196.37,1165.81,2392.73,3835.51,1196.37,1165.81,5184.26,1165.81,3190.31,3108.82,2392.73,2331.62,1595.16,1554.41,6779.41,6606.24,1196.37,1165.81,5742.56,5595.88,2392.73,2331.62,9.27,9.43,897.27,874.36,797.58,777.21,1196.37,1165.81,598.18,582.9,119.98,119.98,24.8,24.8,12,12,54.61,54.61,25.86,25.86,15.86,15.86,50,50,1,1,50,50,94,104,55.56,55.56,52.59,52.59,68.77,68.96,6.89,6.89,1196.37,1165.81,55.28,55.28,53,53,15.63,15.38,88.68,88.81,1.97,1.97,93.42,93.42,465.52,465.52,0,0,64,64,68.98,68.82,797.58,777.21,380.19,485.96,0.41,0.41,167.23,167.7,12.5,11.57,17.16,17.16,355.35,547.34,3.09,2.42,48.11,48.11,53.13,53.19,-30,-30,-24.49,-24.49,100.2,100.2,48213.57,49476.87,22787.51,23384.59,91894,94302,797.58,777.21,12,12,99.7,97.15,74400000000,78000000000,40692.26,41857.44,6.64,6.64,11.41,13.58
Sapphic Magical Girls,67.33,67.33,56.33,56.33,61.33,61.33,3.56,3.56,33.19,33.03,42,42,329.31,645.24,40,40,135,135,-3.16,-3.16,5778.25,6710.49,-7.75,-7.75,-6.32,-6.32,439.08,602.22,-5.93,-4,-6.32,-6.32,-4.1,-3.87,2195.38,2150.8,-4.47,-10.95,4390.76,4301.59,-3.16,-3.16,-6.32,-6.32,6147.07,6022.23,1317.23,1290.48,6543.41,6410.52,0,0,9.38,9.54,987.92,967.86,878.15,860.32,1317.23,1290.48,658.61,645.24,119.98,119.98,28.09,28.09,12,12,51.06,51.06,25.25,25.25,16.84,16.84,50,50,1,1,50,50,100,110,56.23,56.23,55.98,55.98,69.03,69.2,5.14,5.14,1317.23,1290.48,60.54,60.54,49.25,49.25,21.89,21.89,81.48,81.11,2.55,2.55,93.31,93.31,514.73,514.73,0,0,64,64,67.9,67.69,878.15,860.32,474.37,547.53,0.38,0.38,167.4,167.87,11.83,11.66,17.16,17.16,510.56,616.96,2.47,2.2,49.86,49.86,52.55,52.61,-37.42,-37.42,-40,-40,100.2,100.2,40984.56,41834.15,20747.16,21177.24,73855,75386,878.15,860.32,11.18,11.18,109.77,107.54,55100000000,57600000000,32008.94,32672.47,6.64,6.64,13.25,14.91
Interregional Shield,54.33,54.33,36,36,78.67,78.67,2.17,2.17,31,31,43.68,43.68,417.88,417.88,52.25,52.25,108,108,-5.48,-5.48,-8.2,-8.2,1337.2,1337.2,3409.87,3409.87,3677.31,3677.31,534.88,534.88,-4.9,-4.9,2854.93,2854.93,-6.32,-6.32,0,0,4345.91,4345.91,-8.37,-8.37,-4.47,-4.47,2874.99,2874.99,1638.07,1638.07,993.44,993.44,1337.2,1337.2,11,11,1587.93,1587.93,1170.05,1170.05,835.75,835.75,417.88,417.88,13.18,13.18,45.99,45.99,13.62,13.62,51.22,51.22,31.82,31.82,2.96,2.96,51,51,1,1,50,50,97,97,60.84,60.84,90.22,90.22,71.53,71.53,15.64,15.64,1002.9,1002.9,94.33,94.33,34,34,30.28,30.28,68.43,68.43,0.72,0.72,94.1,94.1,541.22,541.22,0,0,64,64,56.91,56.91,835.75,835.75,509.28,509.28,0.27,0.27,82.38,82.38,10.74,10.74,18.61,18.61,516.47,516.47,2.33,2.33,39.36,39.36,50.92,50.92,-64.42,-64.42,78.42,78.42,101.45,101.45,34119.3,34119.3,22576.45,22576.45,49088,49088,1253.63,1253.63,3.48,3.48,334.3,334.3,38700000000,40500000000,23781.15,23781.15,6.55,6.55,8.84,8.84
Bluest of the blue,72.67,72.67,68,68,77.33,77.33,102.81,102.81,76.19,71.24,43,43,-5.48,0,32,32,153,153,257.41,240.45,3482.28,4135.73,686.42,641.2,2745.67,2564.79,3775.3,3767.04,3067.86,5514.31,-2.28,-2.28,5420.12,6812.73,2488.26,2324.34,1115.43,-8.6,2402.46,2244.19,4118.51,3847.19,6263.56,5850.93,4976.53,4648.69,-5.29,-5.29,247.11,230.83,943.82,881.65,5.29,5.29,-4.47,-4.47,536.26,500.94,429.01,400.75,-3.16,-3.16,12.64,12.64,0.97,0.97,13,13,90.73,90.73,30.78,30.78,3.38,3.38,50,50,1,1,50,50,98,108,45.34,45.34,22.97,22.97,62.27,62.6,30.54,30.54,1179.78,1102.06,31.04,31.04,97,97,5.6,5.05,121.67,125.05,0.73,0.73,94.07,94.07,97.66,97.66,-8,-8,64,64,76.08,76.1,214.51,200.37,177.03,245.98,2.43,2.43,143.23,143.66,15.98,14.98,18.84,18.84,455.2,592.91,83.48,42.94,24.46,24.46,52.51,52.62,-51.96,-51.96,59.16,59.16,104.1,104.1,49764.42,53273.96,3119.56,3339.56,320736,343355,214.51,200.37,18.13,18.13,-7.75,-7.75,3200000000,3800000000,46977.61,50556.99,12.94,12.94,36.96,42.94
Wabacha,60,60,96.88,96.88,64.67,64.67,1.34,1.34,19.52,19.52,50.37,50.37,12073.08,12375.46,48,48,21,21,-23.96,-23.96,-15.85,-15.85,-14.35,-14.35,-11.06,-11.06,-19.35,-19.15,-13.33,-13.33,-20.45,-20.45,-25.01,-25.01,-16.25,-16.25,-17.44,-20.1,-19.85,-19.85,-17.89,-17.89,-13.93,-13.93,-24.25,-24.25,-12.98,-12.98,-30.72,-30.72,0,0,24.9,24.96,1772.2,1767.92,15506.71,15469.33,8196.4,8176.64,5095.06,5082.78,543.93,543.93,74.85,74.85,19.85,19.85,24.91,24.91,59.17,59.17,1.18,1.18,42.83,42.83,14.65,14.65,50.99,50.99,361,371,81.51,81.51,126.92,126.92,92.03,92.03,10.65,10.65,8085.64,8066.15,108.7,108.7,28.5,28.5,67,66.97,-45.98,-46.06,0.53,0.53,95.13,95.13,725.16,725.16,1,1,112,112,55.88,55.52,1772.2,1767.92,1367.88,1373.54,0.18,0.18,95.5,95.86,5.15,5.15,15.62,15.62,2305.78,2363.33,0.66,0.66,44.35,44.35,86.12,86.12,-100.82,-100.82,46.48,46.48,106.84,106.84,68672.56,68838.5,58935.4,59077.82,78735,78925,11962.32,11933.48,1.94,1.94,110.76,110.5,366000000000,367000000000,22661.94,22716.7,21.1,21.1,133.99,134.58
Zhonghua-Diguo,48.67,48.67,64.22,64.22,45.33,45.33,1.91,1.91,26.96,26.9,43,43,2467.21,2801.8,56.5,56.5,99,99,-13.19,-13.19,2269.83,2291.25,-5.29,-5.29,-6,-6,5345.62,5645.1,-9.47,-9.47,2631.69,2656.52,-7.45,-7.45,863.52,871.67,1480.33,-8,-12.41,-12.41,-10.72,-10.72,1480.33,1494.29,-13.34,-13.34,4564.34,4607.4,1664.32,1680.03,2631.69,2656.52,13.82,13.93,1747.61,1764.1,2467.21,2490.49,1336.4,1349.01,1644.81,1660.32,1199.43,1199.43,52.41,52.41,16.29,16.29,40.94,40.94,24.35,24.35,18.19,18.19,52.16,52.16,3.3,3.3,53.38,53.38,174,184,64.7,64.7,87.88,87.88,78.56,78.7,8.64,8.64,1644.81,1660.32,70.53,70.53,41.33,41.33,44.62,46.07,44.95,43.35,6.35,6.35,92.81,92.81,822.86,822.86,-8,-8,67,67,55.41,54.93,925.2,933.93,1090.42,1100.54,0.3,0.3,177.61,178.09,10.26,10.32,12.6,12.6,1040.05,1110.68,1.22,1.19,46.36,46.36,58.09,58.13,-24.49,-24.49,-28.28,-28.28,106.51,106.51,49836.57,49372.86,35373.22,35044.08,67491,66863,1644.81,1660.32,2.68,2.68,616.8,622.62,610100000000,611100000000,27609.46,26611.97,12.91,12.91,21.77,23.31
The Baltic Confederation,25.33,25.33,63.56,63.56,54.67,54.67,2.26,2.26,28.96,28.89,43,43,2289.47,2629.91,74.67,74.67,58.5,58.5,-3.16,-3.16,5233.08,5259.82,6279.69,6311.79,4971.42,4996.83,5145.86,5259.82,-7.21,-7.21,-3.46,-3.46,-9.49,-9.49,1918.79,1928.6,872.18,-8.94,-9.49,-9.49,610.53,613.65,1308.27,1314.96,-12.65,-12.65,-3.45,-3.45,-7.99,-7.99,6279.69,6311.79,11.22,11.36,654.13,657.48,1417.29,1424.54,1635.34,1643.69,1090.22,1095.8,468.75,468.75,44.29,44.29,14.16,14.16,47.93,47.93,17.06,17.06,26.11,26.11,47.8,47.8,2.52,2.52,50.99,50.99,165,175,61.63,61.63,87.55,87.55,74.59,74.72,9.88,9.88,1635.34,1643.69,103.53,103.53,48.67,48.67,30.84,31.96,66.64,65.28,3.76,3.76,93.12,93.12,859.48,859.48,-8,-8,66,66,65.71,65.32,763.16,767.06,1050.79,1063.41,0.26,0.26,51.85,52.12,11.74,11.75,15.95,15.95,1001.95,1073.42,1.37,1.32,45.12,45.12,55.4,55.44,33.91,33.91,77.78,77.78,105.5,105.5,46443.55,46220.7,30115.14,29970.63,67988,67662,545.11,547.9,3.2,3.2,872.18,876.64,793000000000,816500000000,32138.94,31430.07,15.46,15.46,23.03,24.72
Greece-Cyprus,19.25,19.25,56.67,56.67,28,28,2.39,2.39,30.45,30.34,40.78,40.78,2171.89,2448.45,80.75,80.75,45,45,-4.47,-4.47,906.53,904.04,4532.65,4520.22,5212.54,5198.25,-2.45,-2.45,-9.17,-9.17,0,0,-6.12,-6.12,2266.32,2260.11,-4.47,-10.95,-8.94,-8.94,-6,-6,5288.09,5273.59,-5.83,-5.83,5892.44,5876.28,5114.73,5100.7,4532.65,4520.22,10.49,10.63,283.29,282.51,755.44,753.37,1038.73,1035.88,661.01,659.2,468.75,468.75,41.91,41.91,12,12,40.38,40.38,16.32,16.32,26.72,26.72,51,51,1,1,50.99,50.99,170,180,60.18,60.18,67.65,67.65,72.28,72.43,18.28,18.28,1605.31,1600.91,93.74,93.74,49.5,49.5,21.39,22.04,79.24,78.24,13.35,13.35,92.19,92.19,1407.27,1407.27,-8,-8,64,64,66.73,66.42,661.01,659.2,1040.44,1054.12,0.26,0.26,27.59,27.78,11.21,11.21,15.95,15.95,1043.92,1114.46,1.42,1.36,36.72,36.72,53.74,53.79,-36.74,-36.74,85.73,85.73,105.84,105.84,47834.91,47986.25,30105.06,30200.3,71833,72060,472.15,470.86,3.89,3.89,94.43,94.17,805800000000,842800000000,37598.24,37429.28,14.37,14.37,21.82,23.49
Great Carpathia,66.53,66.53,68,68,42.67,42.67,5.62,5.62,32.49,32.34,43.68,43.68,-5.48,0,41.2,41.2,132.75,132.75,-1.41,-1.41,1606.89,2348.29,7353.4,7175.34,-3.46,-3.46,-6.63,-6.16,2480.94,5539.69,233.97,228.31,877.39,1426.91,2047.25,1997.68,2005.47,-7.21,2841.09,2772.29,4094.51,3995.36,3676.7,3587.67,4512.31,4403.05,5431.49,5299.96,3208.76,3131.06,7587.37,7403.64,8.06,8.06,1357.87,1324.99,731.16,713.46,731.16,713.46,417.81,407.69,12.77,12.77,17.8,17.8,13.62,13.62,48.29,48.29,24.85,24.85,17.46,17.46,51.62,51.62,1,1,50,50,94,104,56.19,56.19,46.93,46.93,69.76,69.92,10.81,10.81,1357.87,1324.99,58.74,58.74,61,61,9.7,9.42,99.22,100.45,6.73,6.73,92.77,92.77,540.84,540.84,-8,-8,68,68,70.73,70.65,417.81,407.69,406.33,495.69,0.73,0.73,82.35,82.68,12.18,11.25,18.78,18.78,412.23,574.57,2.87,2.38,44.19,44.19,55.35,55.4,94.6,94.6,-12.25,-12.25,98.83,98.83,51254.04,52525.91,20144.62,20644.51,113165,115973,940.07,917.3,11.23,11.23,-4.47,-4.47,83900000000,87000000000,46282.39,47588.47,12.6,12.6,22.05,25.89
Draumheim,24,24,50.67,50.67,8,8,3.04,3.04,32.09,31.95,40.78,40.78,512.5,814.18,76,76,54,54,-9.17,-9.17,-8.07,-7.69,1885.99,1872.61,4427.97,4396.57,-7.62,-7.21,-3.1,-3.1,-1.67,-1.67,2869.98,2849.63,328,325.67,-6.63,-12,-9.7,-9.7,-5.48,-5.48,-8,-8,852.79,846.75,3484.98,3460.27,307.01,304.83,1885.99,1872.61,11.22,11.36,615,610.64,1127.49,1119.5,1844.99,1831.91,512.5,508.86,485.41,485.41,32.94,32.94,12,12,23.77,23.77,11.32,11.32,30.17,30.17,51,51,1,1,50.99,50.99,99,109,59.06,59.06,59.21,59.21,70.2,70.36,24.92,24.92,1742.49,1730.13,82.52,82.52,45,45,32.56,33.05,68.17,67.3,25.44,25.44,91.38,91.38,2454.83,2454.83,-4,-4,64,64,66.18,65.86,1024.99,1017.73,532.99,612.86,0.28,0.28,45.92,46.16,9.89,9.89,15.87,15.87,545.05,642.96,2.25,2.04,30.08,30.08,52.56,52.61,-62.45,-62.45,78.74,78.74,104.1,104.1,39230.51,39511.68,21664.61,21819.88,65777,66249,1024.99,1017.73,6.49,6.49,410,407.09,8000000000,9000000000,26441.37,26433.31,14.27,14.27,13.1,14.18
United Arab Caliphate,14.75,14.75,50.67,50.67,5,5,3.04,3.04,32.13,32,41.43,41.43,290.77,581.97,85.25,85.25,33.75,33.75,-7.35,-7.35,-1.79,-1.79,4342.22,4345.35,868.44,869.07,2403.73,2638.25,-7.06,-4.65,3024.05,3026.23,1889.64,2230.87,1318.17,1319.12,1008.02,-8.6,2946.51,2948.63,1705.87,1707.1,-9.17,-9.17,-2,-2,-3.55,-3.55,3078.8,3081.02,7366.26,7371.57,11.4,11.53,387.7,387.98,872.32,872.95,2326.19,2327.87,290.77,290.98,932.65,932.65,32.94,32.94,14.16,14.16,20.86,20.86,1.28,1.28,36.01,36.01,46.97,46.97,1,1,51.96,51.96,99,109,61.53,61.53,74.65,74.65,70.15,70.3,29,29,1938.49,1939.89,92.18,92.18,45,45,31.39,32.28,66.82,65.64,27.02,27.02,91.28,91.28,3383.53,3383.53,-4,-4,67,67,66.31,65.97,775.4,775.96,558.66,637.26,0.24,0.24,18.73,18.89,11.9,11.69,13.81,13.81,509.25,616.11,2.17,1.98,26,26,52.21,52.26,62.29,62.29,41.47,41.47,103.37,103.37,41324.91,41295.26,22821.22,22804.84,69289,69239,775.4,775.96,3.23,3.23,387.7,387.98,500000000,600000000,28348.89,27956.89,16.47,16.47,13.93,15.52
Tatarica,83.67,83.67,96.81,96.81,79.73,79.73,1.57,1.57,20.37,20.36,42,42,14223.46,14467.62,16.33,16.33,221,221,-16.61,-16.61,-11.52,-11.52,-14.39,-14.39,-7.59,-7.59,-15.38,-15.13,-12.59,-12.59,-21.35,-21.35,-23.65,-23.65,-15.49,-15.49,-19.9,-22.27,-22.49,-22.49,-9.94,-9.94,-11.66,-11.66,-20.12,-20.12,20672.37,20640.23,-9.93,-9.93,0,0,27.02,27.07,8889.66,8875.84,12001.04,11982.38,7378.42,7366.95,2755.79,2751.51,501.72,501.72,63.88,63.88,18.34,18.34,42.75,42.75,96.23,96.23,0.81,0.81,62.05,62.05,8.22,8.22,56.53,56.53,469,479,85.5,85.5,122.78,122.78,91.45,91.45,24.04,24.04,6489.45,6479.36,73.27,73.27,42.43,42.43,88,88.13,-144.3,-145.3,0.92,0.92,93.73,93.73,246.39,246.39,7,7,120,120,44.31,44.18,-11.83,-11.83,1475.58,1480.66,0.22,0.22,134.11,134.53,8.79,8.79,15.8,15.8,3313.64,3366.92,0.57,0.57,30.96,30.96,88.2,88.2,-156.46,-156.46,118.83,118.83,65.19,65.19,85566.89,85700.14,67504.8,67609.91,105672,105837,13156.7,13136.24,1.86,1.86,-7.75,-7.75,871500000000,873300000000,10268.03,10198.32,0.76,0.76,144.42,144.95
Rio del Norte,81.33,81.33,69.33,69.33,72,72,102.81,102.81,110.88,109.04,37.37,37.37,-6.32,-3.16,19,19,182.25,182.25,4450.74,4403.75,6792.94,7643.65,874.25,865.02,111.27,110.09,1271.64,1494.13,1398.8,1384.03,4212.31,4167.83,3079.75,3047.24,-6.48,-6.48,-5.29,-11.31,5245.51,5190.13,890.15,880.75,2861.19,2830.98,5642.9,5583.32,3099.62,3066.9,5340.89,5284.5,9537.3,9436.6,4.36,4.36,-8.94,-8.94,198.69,196.6,-4.47,-4.47,0,0,740.11,740.11,0.97,0.97,10.55,10.55,89.42,89.42,32.63,32.63,2.73,2.73,51.62,51.62,1,1,52.44,52.44,111,121,36.16,36.16,10.25,10.25,59.21,59.58,32.23,32.23,794.77,786.38,13.74,13.74,97,97,4.72,4.7,129.38,129.97,0.82,0.82,93.8,93.8,82.06,82.06,-4,-4,64,64,76.38,76.31,99.35,98.3,139.21,176.6,4.84,4.84,303.08,303.71,14.99,15.04,14.71,14.71,545.57,643.38,98.21,83.65,22.77,22.77,51.8,51.92,26.65,26.65,19.75,19.75,98.34,98.34,54563.68,55145.93,3420.41,3456.91,351668,355420,99.35,98.3,21.61,21.61,-9.49,-9.49,1800000000,2000000000,51999.19,52554.07,11.49,11.49,37.68,40.56
Hello JRS3,56.33,56.33,69.33,69.33,80.67,80.67,6.16,6.16,30.09,29.98,44.28,44.28,99.08,399.88,50.75,50.75,112.5,112.5,4280.21,4318.74,1807.2,1823.47,713.37,719.79,3408.31,3438.99,4676.52,4958.55,507.28,511.85,1268.21,1279.63,2873.29,2899.15,-1.41,-1.41,1506,-7.87,2298.63,2319.32,871.89,879.74,-3.46,-3.46,4676.52,4718.62,2536.42,2559.25,2840.58,2866.15,6261.78,6318.15,10.82,10.95,2278.81,2299.33,1288.03,1299.62,1288.03,1299.62,495.39,499.85,463.1,463.1,16.23,16.23,15.09,15.09,71.91,71.91,32.41,32.41,2.79,2.79,50,50,1,1,50.99,50.99,108,118,58.92,58.92,81.84,81.84,72.8,72.95,15.18,15.18,693.55,699.8,84.92,84.92,63,63,19.84,21.02,82.87,81.23,0.69,0.69,94.23,94.23,314.94,314.94,0,0,64,64,69.43,69.18,594.47,599.82,560.1,637.07,0.3,0.3,57.26,57.54,12.91,12.96,15.97,15.97,565.94,660.45,2.17,1.98,39.82,39.82,57.72,57.77,-66.33,-66.33,72.8,72.8,101.04,101.04,54670.71,54183.13,20399.52,20217.59,125686,124565,1585.26,1599.53,6.82,6.82,495.39,499.85,3200000000,3600000000,43845.91,42804.67,6.32,6.32,16.64,17.9
Water ph3,54,54,75.33,75.33,72,72,9.95,9.95,37.29,36.78,40.78,40.78,97.36,378.27,52.5,52.5,108,108,3037.69,2950.52,2605.8,3086.69,3427.14,3328.79,4984.93,4841.87,1090.45,1286.12,1352.55,2299.89,4751.26,4614.91,-3.77,-3,5763.83,5598.41,-6.48,-11.92,4595.48,4463.6,1635.68,1588.74,2648.24,2572.24,2648.24,2572.24,4206.04,4085.33,2367.84,2299.89,11216.1,10894.21,8.89,9.06,-7.75,-7.75,292.09,283.7,1265.71,1229.38,486.81,472.84,463.1,463.1,10.05,10.05,12,12,72.41,72.41,28.21,28.21,10.25,10.25,50,50,1,1,50.99,50.99,102,112,51.96,51.96,38.83,38.83,65.9,66.2,14.43,14.43,2044.6,1985.92,39.67,39.67,72,72,9.11,8.97,103.39,104.11,0.82,0.82,93.8,93.8,349.45,349.45,0,0,64,64,72.86,72.77,584.17,567.41,324.53,406.8,0.41,0.41,56.03,56.31,14.2,13.69,15.97,15.97,490.39,607.01,3.91,2.86,40.57,40.57,56.16,56.26,-47.96,-47.96,81.85,81.85,99.3,99.3,60645.59,62437.44,17198,17706.14,171189,176247,584.17,567.41,15.29,15.29,-12.65,-12.65,11400000000,13000000000,55126.84,56818.07,8.36,8.36,19.56,21.85
Outdoors NC3,67,67,62.67,62.67,72,72,4.19,4.19,31.5,31.37,42,42,193.86,492.12,40.5,40.5,135,135,3334.48,3385.79,5830.29,6425.12,1395.83,1417.31,1706.01,1732.26,3412.02,3700.75,4094.43,4157.43,-5.83,-5.83,290.8,295.27,1783.56,1811,2559.02,-5.83,2171.29,2204.7,1279.51,1299.2,4497.66,4566.88,-6.63,-6.63,4342.57,4409.4,595.55,604.72,4730.3,4803.1,9.64,9.8,1550.92,1574.79,1066.26,1082.66,1066.26,1082.66,387.73,393.7,26.8,26.8,23.86,23.86,13,13,60.83,60.83,31.88,31.88,2.94,2.94,51,51,1,1,50.5,50.5,107,117,57.19,57.19,65.08,65.08,70.89,71.05,10.75,10.75,1066.26,1082.66,70.68,70.68,54,54,15.58,16.98,88.49,86.55,0.82,0.82,93.8,93.8,387.38,387.38,0,0,64,64,68.57,68.28,678.53,688.97,482.38,553.83,0.36,0.36,198.79,199.31,11.98,12.03,17.87,17.87,568.21,662.39,2.43,2.18,44.25,44.25,54.79,54.85,-34.64,-34.64,54.77,54.77,100.2,100.2,51193.11,50419.11,23686.37,23328.25,99270,97769,1163.19,1181.09,9.87,9.87,96.93,98.42,10800000000,11900000000,43206.99,41847.86,5.77,5.77,16.4,17.85
Tiger woods BS3,65.83,65.83,80.67,80.67,73.33,73.33,17.35,17.35,37.28,36.9,38.75,38.75,0,309.16,42.25,42.25,130.5,130.5,334.38,329.77,3089.23,3363.67,3176.59,3132.83,2842.21,2803.06,752.35,989.31,5673.14,7782.6,7021.93,6925.2,5426.11,6080.16,3678.15,3627.48,2424.24,-6.48,1170.32,1154.2,-3.95,-3.95,1588.29,1566.41,752.35,741.99,-1.18,-1.18,8560.07,8442.15,10532.9,10387.8,7.21,7.42,-6.32,-6.32,626.96,618.32,940.44,927.48,0,0,457.39,457.39,5.76,5.76,9.76,9.76,79.9,79.9,27.32,27.32,13.03,13.03,51.62,51.62,1,1,50.99,50.99,102,112,47.43,47.43,27.73,27.73,65.9,66.13,19.46,19.46,835.94,824.43,38.2,38.2,80,80,7.1,7.19,113.92,113.6,0.77,0.77,93.87,93.87,235.88,235.88,0,0,68,68,74.07,73.95,522.47,515.27,370.85,438,0.8,0.8,101.01,101.38,12.67,12.19,15.99,15.99,532.05,632.59,3.19,2.66,35.54,35.54,57.81,57.88,12.25,12.25,60.42,60.42,83.07,83.07,61004.71,61856.86,12443.75,12617.57,215937,218954,522.47,515.27,17.32,17.32,-7.07,-7.07,10400000000,11800000000,56673.37,57403.16,4.15,4.15,31.45,35.46
Tickletom JJL,52.33,52.33,33.33,33.33,44,44,2.06,2.06,32.45,32.29,40.78,40.78,404.49,601.31,53.75,53.75,105.75,105.75,1887.64,1870.74,-2.83,-2.83,5608.99,5558.76,862.92,855.19,-6.63,-6.16,5944.72,7935.93,-7.48,-7.48,4053.04,4342.78,269.66,267.25,1887.64,-5.48,1887.64,1870.74,-8.37,-8.37,-6.32,-6.32,539.33,534.5,490.79,486.39,2284.43,2263.97,7496.63,7429.49,11.05,11.18,471.91,467.68,808.99,801.74,1078.65,1068.99,539.33,534.5,8,8,48.6,48.6,10.55,10.55,36.62,36.62,18.96,18.96,24.4,24.4,51.62,51.62,1,1,50,50,102,112,60.24,60.24,77.75,77.75,69.8,69.97,11.16,11.16,1280.9,1269.43,83.63,83.63,32,32,22.88,23.17,73.83,73.21,6.35,6.35,92.81,92.81,896.08,896.08,-4,-4,68,68,62.2,61.1,741.57,734.93,698.96,784.76,0.34,0.34,81.31,81.64,9.62,9.55,32.17,32.17,550.76,647.66,1.87,1.75,43.84,43.84,48.69,48.75,91.92,91.92,44.16,44.16,97.83,97.83,38741.53,39094.74,26405.92,26646.66,54336,54831,741.57,734.93,3.84,3.84,202.25,200.44,16600000000,18700000000,29869.72,30024.76,13.47,13.47,16.06,18.74
Masulls Mamion,78.83,78.83,66,66,76,76,5.37,5.37,34.12,33.92,42,42,-5.48,0,22.75,22.75,175.5,175.5,-4.9,-4.9,315.81,314.94,-7.35,-7.35,982.52,979.8,3772.16,4024.19,3228.27,3219.35,3333.54,3324.33,-5.74,-5.74,2017.67,2012.09,-3.74,-10.68,5526.66,5511.39,5526.66,5511.39,-3.74,-3.74,-3.74,-3.74,4912.58,4899.01,6175.82,6158.76,3333.54,3324.33,6.08,6.08,1206.22,1202.88,657.94,656.12,109.66,109.35,-3.16,-3.16,12.64,12.64,18.61,18.61,12,12,67.67,67.67,34.87,34.87,2.31,2.31,50,50,1,1,50,50,106,116,51.66,51.66,33.77,33.77,68.17,68.35,20.62,20.62,657.94,656.12,34.59,34.59,60,60,7.81,7.79,106.78,106.9,0.74,0.74,94,94,218.51,218.51,0,0,64,64,70.76,70.63,219.31,218.71,319.22,377.2,1.37,1.37,156.05,156.51,12.32,12.38,18.84,18.84,554.64,650.89,4.03,3.12,34.38,34.38,54.35,54.41,-66.11,-66.11,40.87,40.87,97.83,97.83,47428.38,47559.78,19112.93,19165.88,102685,102969,767.59,765.47,15.48,15.48,-6.32,-6.32,10900000000,12100000000,43728.96,43850.12,4.32,4.32,14.88,16.02
Flower and bob SO7,78.5,78.5,68,68,74,74,102.81,102.81,105.73,103.38,40.78,40.78,-5.48,0,23.25,23.25,173.25,173.25,3447.38,3442.29,6265.16,6848.34,-7.35,-7.35,1542.25,1539.97,2993.78,3261.12,-3.1,-3.1,4536.02,4529.33,-3.24,-3.24,3447.38,3442.29,725.76,-9.17,-3.74,-3.74,-3.74,-3.74,-4.9,-4.9,272.16,271.76,6894.76,6884.58,6386.72,6377.29,7983.4,7971.62,4.24,4.24,-4.47,-4.47,340.2,339.7,113.4,113.23,-3.16,-3.16,12.64,12.64,0.97,0.97,10.55,10.55,88.84,88.84,34.35,34.35,2.39,2.39,50,50,1,1,50,50,106,116,36.25,36.25,11.17,11.17,60.14,60.46,31.79,31.79,680.4,679.4,22.71,22.71,97,97,5.06,5.05,123.11,123.18,0.77,0.77,93.9,93.9,85.83,85.83,0,0,64,64,76,75.91,226.8,226.47,162.88,203.62,2.76,2.76,154.7,155.15,16.14,16.19,18.84,18.84,559.02,654.56,89.02,72.54,23.21,23.21,51.8,51.9,-68.56,-68.56,44.72,44.72,97.28,97.28,47207.31,47277.12,2959.26,2963.64,304255,304705,226.8,226.47,21.57,21.57,-7.75,-7.75,8800000000,9800000000,44799.74,44913.26,4.43,4.43,30.75,33.03
Rengatango EL8,68.17,68.17,62.67,62.67,48,48,4.19,4.19,31.63,31.51,43.68,43.68,190.73,462.96,38.75,38.75,139.5,139.5,991.77,962.96,906.71,1155.56,-3.74,-3.74,-2.9,-2.9,6408.36,6444.44,355.13,948.15,-9.38,-9.38,5399.05,6759.26,228.87,222.22,2517.57,-5.83,4424.82,4296.29,-7.94,-7.94,5569.17,5407.41,-2,-2,5798.04,5629.63,2929.54,2844.44,991.77,962.96,10.05,10.2,1525.8,1481.48,1048.99,1018.52,1048.99,1018.52,190.73,185.19,624.65,624.65,23.86,23.86,15.09,15.09,47.55,47.55,28.35,28.35,9.63,9.63,51,51,1,1,51.48,51.48,101,111,56.86,56.86,54.57,54.57,70.73,70.87,8,8,762.9,740.74,74.76,74.76,54,54,16.91,16.38,86.3,86.8,5.29,5.29,92.93,92.93,545.06,545.06,0,0,64,64,68.44,68.29,667.54,648.15,494.87,620.35,0.38,0.38,201.55,202.07,12.66,11.95,15.24,15.24,479.63,602.75,2.38,2.02,47,47,54.74,54.79,-32.86,-32.86,19.49,19.49,100.2,100.2,52032.85,53588.87,24074.9,24794.85,100898,103916,1144.35,1111.11,10.35,10.35,286.09,277.78,10800000000,12300000000,43239.3,44800.3,5.05,5.05,13.3,15.22
Donpollo KP8,81.33,81.33,50.67,50.67,76.67,76.67,4.36,4.36,33.36,33.36,45.34,45.34,-7.07,-7.07,19,19,182.25,182.25,-2,-2,184.35,184.35,-6.63,-6.63,-4,-4,3610.28,3610.28,245.81,245.81,2918.95,2918.95,1941.1,1941.1,-8.12,-8.12,5607.46,5607.46,-6.63,-6.63,4493.65,4493.65,614.52,614.52,2918.95,2918.95,4685.68,4685.68,3906.54,3906.54,2918.95,2918.95,7.81,7.81,1632.31,1632.31,672.13,672.13,-3.16,-3.16,-7.07,-7.07,1543.26,1543.26,22.94,22.94,16.29,16.29,62.86,62.86,36.14,36.14,2.15,2.15,51,51,1,1,51.48,51.48,101,101,57.79,57.79,62.28,62.28,68.87,68.87,20.52,20.52,672.13,672.13,35.09,35.09,55,55,10.54,10.54,96.4,96.4,0.73,0.73,94.04,94.04,219.73,219.73,-4,-4,64,64,69.24,69.24,0,0,399.26,399.26,1.72,1.72,299.99,299.99,12.02,12.02,11.14,11.14,428.51,428.51,2.92,2.92,34.48,34.48,51.96,51.96,-45.83,-45.83,-10,-10,101.85,101.85,41823.7,41823.7,18935.11,18935.11,82537,82537,960.18,960.18,8.95,8.95,-3.16,-3.16,8200000000,9100000000,37432.21,37432.21,11.81,11.81,13.84,13.84
Slay Nations SW8,56.33,56.33,18,18,74,74,1.45,1.45,31.24,31.13,43.68,43.68,654.7,801.92,50.75,50.75,112.5,112.5,-1.41,-1.41,-7.04,-7.04,2135.32,2125.08,805.78,801.92,2377.05,2485.95,1547.1,1539.68,1692.14,1684.03,201.44,200.48,-6.48,-6.48,-4.69,-11.05,-8.49,-8.49,-1.61,-1.61,-8.49,-8.49,2175.6,2165.18,2296.47,2285.47,203.06,202.08,3827.45,3809.11,15.65,15.75,1359.75,1353.24,1107.95,1102.64,1259.03,1253,553.97,551.32,528.29,528.29,68.84,68.84,14.64,14.64,37.14,37.14,30.36,30.36,3.83,3.83,51.62,51.62,1,1,50.99,50.99,104,114,66.02,66.02,106.22,106.22,71.22,71.36,18.19,18.19,956.86,952.28,98.95,98.95,-82,-82,55.16,55.52,22.17,21.29,0.77,0.77,93.9,93.9,718.52,718.52,0,0,68,68,76.58,76.49,906.5,902.16,947.81,1014.42,0.25,0.25,57.55,57.83,9.74,9.75,15.69,15.69,601.77,691.85,1.59,1.51,36.81,36.81,47.12,47.17,48.48,48.48,54.31,54.31,97.83,97.83,28157.57,28293.26,23114.42,23225.81,33578,33740,1158.31,1152.76,2.56,2.56,705.06,701.68,6200000000,6900000000,12614.59,12590.5,6.88,6.88,8.03,8.47
SKIBIDI LS7,63.33,63.33,62.67,62.67,75.33,75.33,4.19,4.19,31.09,30.93,43.68,43.68,224.79,577.02,45.5,45.5,123.75,123.75,5664.69,5816.4,-4.93,-4.38,6114.26,6278.02,-1.55,-1.55,1978.14,2308.09,-5.9,-3.69,4585.7,4708.51,2042.88,2654.31,-2.45,-2.45,3416.79,-4.9,-6.63,-6.63,818.23,840.15,-2,-2,-6.63,-6.63,935.12,960.17,690.55,709.05,16364.65,16802.93,10.39,10.54,1798.31,1846.48,1236.34,1269.45,1348.73,1384.86,224.79,230.81,624.65,624.65,23.86,23.86,15.09,15.09,62.52,62.52,29.55,29.55,5.66,5.66,51,51,1,1,51.48,51.48,101,111,59.24,59.24,80.35,80.35,71.41,71.61,10.75,10.75,1573.52,1615.67,60.08,60.08,54,54,26.39,28.65,75.93,73.77,0.75,0.75,93.97,93.97,387.38,387.38,-4,-4,64,64,67.93,67.6,786.76,807.83,503.88,595.44,0.46,0.46,191.52,192.03,12.6,12.25,15.24,15.24,497.83,610.02,2.35,2.08,44.25,44.25,54.97,55.03,78.23,78.23,26.08,26.08,103.37,103.37,44049.68,42901.01,20381.19,19849.72,85418,83191,1348.73,1384.86,6.03,6.03,337.18,346.21,3400000000,3700000000,32420.56,30631.32,13.19,13.19,13.58,15.16
Pushing Powder down Thi Musket JS7,81.78,81.78,68,68,78.67,78.67,102.81,102.81,108.45,105.6,40.78,40.78,-5.48,0,18.33,18.33,184.5,184.5,4233.38,4002.62,-2.19,-1.79,-7.35,-7.35,5751.01,5437.53,6150.38,6041.7,2993.72,5195.86,2795.63,2643.24,-7.17,-5.74,-9,-9,-2,-10.2,-3.74,-3.74,2915.44,2756.52,2635.88,2492.2,5431.51,5135.44,2875.5,2718.76,7540.21,7129.2,7029.01,6645.87,5.66,5.66,-4.47,-4.47,299.53,283.2,499.22,472.01,-3.16,-3.16,19.47,19.47,0.97,0.97,11.33,11.33,94.09,94.09,35.65,35.65,2.21,2.21,47.8,47.8,1,1,50.5,50.5,99,109,39.42,39.42,16.11,16.11,59.69,60.16,35.76,35.76,1597.5,1510.42,13.92,13.92,97,97,5.36,4.95,123.72,126.9,0.71,0.71,94.13,94.13,53.32,53.32,-4,-4,64,64,76.05,76.06,199.69,188.8,134.91,208.46,4.46,4.46,305.22,305.86,14.98,13.72,18.01,18.01,465.96,597.28,99.89,70.41,19.24,19.24,51.65,51.8,-101,-101,86.6,86.6,101.04,101.04,53489.18,56572.93,3353.05,3546.36,344742,364617,199.69,188.8,20.37,20.37,-7.75,-7.75,3000000000,3600000000,50600.76,53744.28,14.13,14.13,27.05,30.79
Herkimer united is going to fall down,35.67,35.67,7,7,18,18,1.15,1.15,34.65,34.43,39.43,39.43,731.23,824.34,66.25,66.25,76.5,76.5,-5.29,-5.29,946.14,943.56,-6.16,-6.16,813.89,811.66,-5.83,-5.29,-4.38,-4.38,1526.04,1521.86,826.6,824.34,-8.83,-8.83,-11.31,-15.1,406.94,405.83,-6.03,-6.03,-6.93,-6.93,788.45,786.3,-6.63,-6.63,-9.8,-9.8,1526.04,1521.86,17.55,17.64,540.47,538.99,794.81,792.64,1271.7,1268.22,731.23,729.23,9.61,9.61,87.19,87.19,11.33,11.33,15.33,15.33,14.2,14.2,28.33,28.33,51.62,51.62,1,1,51.48,51.48,105,115,67.27,67.27,102.65,102.65,67.73,67.9,31.08,31.08,1335.28,1331.63,63.18,63.18,-93,-93,68.27,68.43,-5.57,-6.57,17.58,17.58,91.89,91.89,3935.47,3935.47,0,0,64,64,75.45,75.35,890.19,887.75,823.99,916.6,0.22,0.22,150.78,151.23,9.5,9.51,23.86,23.86,612.32,701.32,1.71,1.61,23.92,23.92,43.85,43.91,-79.37,-79.37,66.33,66.33,105.84,105.84,17358.68,17406.32,16149.62,16193.94,18521,18572,890.19,887.75,2.46,2.46,0,0,2200000000,2500000000,5502.7,5500.4,10.28,10.28,7.61,7.95
Test 7,66.67,66.67,46.67,46.67,22,22,2.59,2.59,34.71,34.32,38.75,38.75,200.58,389.78,41,41,132.75,132.75,4813.94,4677.38,427.91,623.65,267.44,259.85,2995.34,2910.37,4546.5,4573.43,636.51,1663.07,4813.94,4677.38,401.16,649.64,3209.29,3118.25,2139.53,-4.47,6151.15,5976.65,1872.09,1818.98,1872.09,1818.98,3209.29,3118.25,187.21,181.9,6600.39,6413.15,9895.32,9614.61,9.38,9.54,-9.49,-9.49,334.3,324.82,1002.9,974.45,601.74,584.67,13.04,13.04,38.6,38.6,8.23,8.23,31.86,31.86,17.62,17.62,25.63,25.63,50,50,1,1,50,50,102,112,55.15,55.15,42.3,42.3,67.68,68,16.26,16.26,1604.65,1559.13,25.22,25.22,40,40,8.82,8.62,101.81,103.12,15.09,15.09,92.06,92.06,869.17,869.17,0,0,64,64,68.42,68.31,534.88,519.71,355.07,502.58,0.47,0.47,163.1,163.56,12.22,10.75,18.67,18.67,449.9,590.72,3.38,2.35,38.74,38.74,49.81,49.91,-72.8,-72.8,76.16,76.16,97.83,97.83,55558.17,57175.67,33445.46,34419.19,86640,89162,534.88,519.71,12.47,12.47,-14.14,-14.14,4500000000,5500000000,50669.05,52258.57,8.32,8.32,9.21,10.34
PRESS THE BIG RED BUTTON,90,90,23,23,25,25,1.63,1.63,30.98,30.98,47.2,47.2,342.07,342.07,10,10,202.5,202.5,364.87,364.87,2919.43,2919.43,177.87,177.87,-3.74,-3.74,191.56,191.56,503.07,503.07,255.41,255.41,171.03,171.03,-7.35,-7.35,2645.32,2645.32,1049.01,1049.01,2394.47,2394.47,-3.74,-3.74,2417.28,2417.28,177.87,177.87,510.82,510.82,798.16,798.16,14.39,14.39,2166.43,2166.43,1026.2,1026.2,627.12,627.12,570.11,570.11,1207.99,1207.99,61.21,61.21,18.96,18.96,24.35,24.35,27.65,27.65,12.22,12.22,49.36,49.36,1,1,53.38,53.38,102,102,64.28,64.28,79.89,79.89,71.55,71.55,31.27,31.27,741.15,741.15,73.82,73.82,-77,-77,45.42,45.42,37.99,37.99,13.35,13.35,92.19,92.19,711.91,711.91,0,0,69,69,77.15,77.15,627.12,627.12,831.46,831.46,0.45,0.45,357.06,357.06,9.67,9.67,12.56,12.56,512.87,512.87,1.7,1.7,23.73,23.73,48.48,48.48,6.32,6.32,18.71,18.71,108.45,108.45,31785.8,31785.8,24511.44,24511.44,40047,40047,1197.24,1197.24,2.73,2.73,912.18,912.18,27600000000,28500000000,17355.05,17355.05,6.02,6.02,13.9,13.9
Cidade D,5.5,5.5,75.33,75.33,74.67,74.67,9.95,9.95,33.19,32.98,38.06,38.06,213.76,517.18,94.5,94.5,13.5,13.5,3505.59,3392.71,2823.29,3078.26,666.92,645.44,2650.57,2565.22,4018.61,4137.45,-7.48,-5.22,4873.63,4716.69,641.27,620.62,2607.82,2523.84,-8.25,-12.96,-7.62,-7.62,2992.58,2896.21,-7.62,-7.62,85.5,82.75,-2.37,-2.37,5539.22,5360.84,9046.14,8754.83,9.64,9.8,-4.47,-4.47,855.02,827.49,961.9,930.93,641.27,620.62,928.17,928.17,10.05,10.05,10.55,10.55,76.82,76.82,16.95,16.95,26.21,26.21,50,50,1,1,51.96,51.96,101,111,58.37,58.37,70.9,70.9,69.04,69.25,29.77,29.77,1496.29,1448.11,75.48,75.48,72,72,14.49,13.89,92.64,93.24,0.76,0.76,93.94,93.94,622.62,622.62,-8,-8,67,67,72.44,72.34,748.15,724.05,562.46,691.61,0.25,0.25,13.85,13.98,13.69,12.93,13.83,13.83,523.2,625.85,2.16,1.89,25.23,25.23,57.33,57.4,-51.67,-51.67,58.74,58.74,104.1,104.1,55064.71,56896.86,15615.36,16134.93,155436,160608,748.15,724.05,7.93,7.93,-3.16,-3.16,200000000,300000000,47080.32,48988.2,14.83,14.83,24.52,27.01
Metternau,41.78,41.78,67.33,67.33,70.67,70.67,5.37,5.37,31.65,31.5,42,42,0,229.27,61.67,61.67,87.75,87.75,3951.61,3851.78,2964.33,3521.63,501.79,489.12,4829.74,4707.73,4516.12,4585.45,75.27,293.47,3951.61,3851.78,3858.77,4814.73,878.13,855.95,3637.99,489.12,2069.89,2017.6,4704.29,4585.45,3951.61,3851.78,5519.7,5380.27,-3.13,-3.13,5416,5279.19,8405,8192.68,9.95,10.1,1254.48,1222.79,784.05,764.24,627.24,611.39,392.02,382.12,468.75,468.75,18.61,18.61,13.62,13.62,63.36,63.36,26.17,26.17,15.32,15.32,50,50,1,1,50.99,50.99,102,112,56.69,56.69,58.83,58.83,70.71,70.89,12.8,12.8,784.05,764.24,55.94,55.94,60,60,8.76,8.59,104.23,105.33,0.92,0.92,93.73,93.73,506.67,506.67,-4,-4,64,64,70.45,70.36,548.83,534.97,491.23,667.9,0.4,0.4,88.04,88.38,12.41,11.19,15.95,15.95,486.72,605.56,2.4,1.93,42.2,42.2,56.06,56.13,-87.75,-87.75,92.2,92.2,103.37,103.37,67187.12,68928.34,27075.41,27777.09,145463,149233,940.86,917.09,10.58,10.58,235.21,229.27,96300000000,100200000000,61274.66,63000.5,13.63,13.63,17.14,19.5
AlfrosAlijos,53.33,53.33,67.33,67.33,69.33,69.33,5.37,5.37,34.49,34.13,40.78,40.78,0,294.78,53,53,105.75,105.75,-2,-2,202.02,282.99,1936.05,1808,2525.28,2358.26,925.94,1100.52,3668.4,6432.54,2525.28,2358.26,2714.68,4104.94,757.59,707.48,4040.45,-2,4040.45,3773.21,5892.33,5502.6,-7.35,-7.35,1515.17,1414.95,-6.4,-6.4,4848.54,4527.85,4461.33,4166.26,8.89,9.06,315.66,294.78,631.32,589.56,1157.42,1080.87,420.88,393.04,468.75,468.75,18.61,18.61,12,12,63.06,63.06,25.3,25.3,16.78,16.78,52.16,52.16,1,1,50.99,50.99,95,105,56.36,56.36,58.41,58.41,67.85,68.17,9.25,9.25,1157.42,1080.87,53.95,53.95,60,60,13.45,11.62,92.85,95.19,1.06,1.06,93.67,93.67,458.44,458.44,-8,-8,64,64,70.58,70.54,736.54,687.83,384.04,542.21,0.47,0.47,81.73,82.06,11.62,9.97,15.95,15.95,354.27,546.78,3.06,2.22,45.75,45.75,54.69,54.79,-35.36,-35.36,59.58,59.58,105.84,105.84,50076.38,53622.85,20180.03,21609.21,108418,116096,946.98,884.35,11.02,11.02,105.22,98.26,78200000000,84600000000,43316.07,47402.6,12.36,12.36,18.6,22.18
Tchecas,88.33,88.33,52,52,83,83,3.14,3.14,35.77,35.33,40.78,40.78,89.8,341.42,11.67,11.67,200.25,200.25,2083.32,1980.22,3822.17,4424.77,-7.21,-7.21,2442.51,2321.64,-4.47,-3.74,-4.1,-2.19,3663.76,3482.46,-6.72,-5.61,-7.87,-7.87,646.55,-9.06,2801.7,2663.06,4633.58,4404.29,1005.74,955.97,-5.66,-5.66,4238.47,4028.73,6743.72,6410,5747.08,5462.68,7.75,7.94,179.6,170.71,628.59,597.48,359.19,341.42,89.8,85.35,619.71,619.71,31.86,31.86,13,13,63.84,63.84,37.61,37.61,2,2,51,51,1,1,51.48,51.48,103,113,53.81,53.81,47.12,47.12,66.87,67.19,25.67,25.67,808.18,768.19,29.32,29.32,46,46,9.5,9.19,98.05,99.61,0.71,0.71,94.13,94.13,185.38,185.38,0,0,64,64,68.55,68.46,538.79,512.13,363.52,507.1,1.73,1.73,350.14,350.83,9.91,9.79,15.27,15.27,485.68,605.15,3.28,2.34,29.33,29.33,50.71,50.81,-79.37,-79.37,60.83,60.83,99.3,99.3,45704.97,48080.01,24785.28,26073.24,77803,81846,538.79,512.13,13.83,13.83,0,0,62400000000,66300000000,41363,43656.65,3.23,3.23,12.12,13.65
Tcheka,83.75,83.75,66.83,66.83,85,85,5.28,5.28,34.77,34.45,43.68,43.68,-5.48,0,16.25,16.25,189,189,2000.06,1849.91,-6.99,-5.93,-4.9,-4.9,5826.25,5388.85,5130.58,4986.7,3972.28,6750.55,1826.14,1689.04,2445.29,3317.76,260.88,241.29,1565.26,-8,1130.47,1045.6,3347.92,3096.58,695.67,643.45,2000.06,1849.91,-3.13,-3.13,6121.91,5662.32,3826.19,3538.95,6.08,6.08,1195.69,1105.92,543.49,502.69,0,0,0,0,599.84,599.84,18.92,18.92,15.09,15.09,72.46,72.46,36.59,36.59,2.1,2.1,51,51,1,1,51.48,51.48,101,111,52.45,52.45,39.2,39.2,67.63,67.89,26.54,26.54,326.1,301.61,39.79,39.79,59.25,59.25,7.69,7,107.36,111.13,0.73,0.73,94.07,94.07,140.62,140.62,0,0,64,64,70.74,70.78,217.4,201.08,294.57,419.66,1.56,1.56,300.75,301.38,11.89,10.23,15.36,15.36,454.73,592.71,4.81,2.77,28.46,28.46,54.61,54.7,-91.92,-91.92,85.15,85.15,97.83,97.83,48560.48,52499.51,19750.35,21352.41,104376,112842,760.89,703.77,14.95,14.95,-4.47,-4.47,48600000000,53600000000,44821.32,48824.54,2.41,2.41,14.41,17.28
Bozzaland,57.33,57.33,56.33,56.33,57.33,57.33,3.56,3.56,32.92,32.76,42,42,307.02,605.09,50,50,112.5,112.5,1637.45,1613.58,-3.11,-2.83,409.36,403.39,4093.62,4033.95,-4.47,-3.74,-5.39,-3.46,4093.62,4033.95,1252.65,1512.73,2865.53,2823.76,2456.17,-6.32,1637.45,1613.58,2865.53,2823.76,5321.71,5244.13,409.36,403.39,818.72,806.79,-4.9,-4.9,6140.43,6050.92,9.38,9.54,921.06,907.64,818.72,806.79,1228.09,1210.18,614.04,605.09,119.98,119.98,28.09,28.09,12,12,49.54,49.54,23.44,23.44,19.41,19.41,50,50,1,1,50,50,100,110,56.77,56.77,57.8,57.8,69.3,69.47,0.81,0.81,1228.09,1210.18,61.21,61.21,49.25,49.25,18.91,19.14,84.27,83.76,3.24,3.24,93.2,93.2,616.47,616.47,0,0,64,64,68.08,67.86,818.72,806.79,570.98,711.2,0.34,0.34,126.07,126.48,11.07,10.27,17.16,17.16,502.54,612.17,2.14,1.85,54.19,54.19,52.64,52.7,-70,-70,73.48,73.48,100.2,100.2,43924.54,44575.14,22235.43,22564.78,79153,80325,818.72,806.79,10.47,10.47,102.34,100.85,37500000000,39700000000,35622.8,36061.29,7.09,7.09,12.5,13.79
Norvialolia,71.47,71.47,57.67,57.67,73.33,73.33,3.69,3.69,32.68,32.52,37.37,37.37,745.77,1107.61,33.8,33.8,150.75,150.75,852.31,886.09,-2.83,-2.83,3324.02,3455.74,937.54,974.7,4261.57,4696.26,3409.25,3544.35,-3.74,-3.74,-8.23,-8.22,-11.49,-11.49,3835.41,-3.16,2983.1,3101.31,1491.55,1550.65,-7.75,-7.75,852.31,886.09,3664.95,3810.18,954.59,992.42,4176.33,4341.83,11.49,11.62,319.62,332.28,1278.47,1329.13,1598.09,1661.41,852.31,886.09,791.5,791.5,27.09,27.09,10.55,10.55,62.13,62.13,30.49,30.49,3.63,3.63,51.62,51.62,1,1,52.44,52.44,107,117,57.96,57.96,74.38,74.38,69.56,69.73,12.4,12.4,2024.24,2104.46,45.49,45.49,50.25,50.25,32.6,35.76,66.68,64,0.77,0.77,93.87,93.87,355.95,355.95,-4,-4,68,68,67.53,67.14,1278.47,1329.13,568.1,645.62,0.8,0.8,274.2,274.8,10.38,10.43,14.47,14.47,554.98,651.17,2.14,1.97,42.6,42.6,52.95,53.01,48.99,48.99,38.73,38.73,95,95,43612.87,41951.81,21643.7,20819.37,79882,76840,1278.47,1329.13,8.66,8.66,213.08,221.52,25400000000,25500000000,29395.07,26933.06,12.93,12.93,14.37,15.47
Duchannes,80.22,80.22,54.67,54.67,74,74,3.36,3.36,32,31.91,44.28,44.28,0,311.91,20.67,20.67,180,180,-7.35,-7.35,231.98,299.44,346.64,324.39,4177.48,3909.3,-7.21,-6.78,3273.55,5057.13,1777.65,1663.53,-9.25,-7.94,-7.35,-7.35,711.06,-9.17,2044.3,1913.06,1119.92,1048.02,-5.83,-5.83,-7.35,-7.35,4932.99,4616.3,-7.85,-7.85,2124.3,1987.92,9.64,9.8,1555.45,1455.59,999.93,935.74,999.93,935.74,0,0,1052.22,1052.22,29.75,29.75,16.29,16.29,57.41,57.41,35.78,35.78,2.19,2.19,51,51,1,1,52.44,52.44,100,110,59.03,59.03,76.34,76.34,70.3,70.4,17.68,17.68,777.72,727.79,58.55,58.55,48,48,25,22.85,78.03,79.37,0.77,0.77,93.9,93.9,285.93,285.93,0,0,67,67,66.86,66.74,555.52,519.85,639.8,792.57,0.51,0.51,293.04,293.67,9.85,9.73,13.26,13.26,493.29,608.17,1.98,1.74,37.32,37.32,53.1,53.13,-70.78,-70.78,73.48,73.48,99.3,99.3,38981.27,41654.82,20363.35,21759.98,68447,73142,1111.03,1039.71,6.56,6.56,333.31,311.91,6900000000,8200000000,29235.95,32115.86,3.38,3.38,15.07,17.35
MNIPD,52.33,52.33,68,68,78.67,78.67,5.62,5.62,31.58,31.46,43,43,0,284.09,53.75,53.75,105.75,105.75,1190.81,1136.36,-3.36,-2.83,1428.97,1363.63,-5.48,-5.48,-4.47,-3.74,5005.36,7674.22,3096.1,2954.54,3072.28,3787.87,2778.55,2651.51,3175.49,-4.47,-7.07,-7.07,0,0,5954.04,5681.8,-6.32,-6.32,2738.86,2613.63,5810.55,5544.87,5715.87,5454.53,9.7,9.85,1389.28,1325.75,893.11,852.27,992.34,946.97,0,0,919.19,919.19,17.8,17.8,15.09,15.09,69.98,69.98,28.49,28.49,9.16,9.16,50,50,1,1,51.96,51.96,101,111,58.48,58.48,75.63,75.63,70.79,70.94,14.49,14.49,694.64,662.88,79.14,79.14,61,61,14.67,13.47,90.68,92.19,0.71,0.71,94.13,94.13,363.45,363.45,0,0,67,67,69.98,69.91,496.17,473.48,641.28,814.67,0.3,0.3,80.87,81.2,10.59,9.89,13.87,13.87,488.42,606.23,1.98,1.72,40.51,40.51,55.79,55.84,52.92,52.92,-31.62,-31.62,99.3,99.3,53804.05,56381.82,21146.86,22160.02,118795,124487,992.34,946.97,7.72,7.72,297.7,284.09,1500000000,1700000000,45894.85,48770.28,6.47,6.47,22.18,25.88
Dachschaden,29.67,29.67,65.33,65.33,30.67,30.67,4.73,4.73,32.8,32.59,43.68,43.68,178.75,434.81,70.75,70.75,67.5,67.5,3789.51,3687.16,743.6,1085.28,5219.51,5078.54,1644.5,1600.09,715,904.4,-4.73,-2.37,4004.01,3895.87,4784.79,6348.18,2931.51,2852.33,5577.02,1947.93,5577.02,5426.39,464.75,452.2,5577.02,5426.39,1287,1252.24,-4.9,-4.9,-1.26,-1.26,13013.04,12661.58,10,10.15,715,695.69,625.63,608.73,1251.25,1217.46,357.5,347.85,26.8,26.8,21.16,21.16,14.16,14.16,41.26,41.26,13.34,13.34,28.93,28.93,51,51,1,1,50.5,50.5,101,111,58.65,58.65,61.95,61.95,69.43,69.64,16.5,16.5,2502.51,2434.92,53.67,53.67,57,57,13.03,12.55,92.18,92.83,10.71,10.71,92.4,92.4,915.91,915.91,-8,-8,64,64,69.91,69.79,625.63,608.73,446.24,600.41,0.31,0.31,135.41,135.83,12.7,11.58,17.87,17.87,443.61,588.11,2.61,2.06,38.5,38.5,54.64,54.71,66.33,66.33,53.85,53.85,106.18,106.18,57164.41,58751.11,24742.8,25429.58,116951,120197,1072.5,1043.54,7.38,7.38,-12.25,-12.25,900000000,1100000000,49733.04,51348.47,15.05,15.05,17.8,20.47
CHROMAKOPIA ON CHROME,73.47,73.47,79.33,79.33,42.67,42.67,20.53,20.53,40.96,38.8,43,43,-5.48,0,30.8,30.8,157.5,157.5,1699.61,1661.06,1655.27,2178.16,-2,-2,4951.03,4838.74,7315.71,7366.44,-2.53,-1.26,7167.91,7005.34,2937.37,4139.65,110.84,108.33,5024.93,1299.96,4285.97,4188.76,8017.72,7835.87,4285.97,4188.76,5024.93,4910.96,3399.22,3322.12,1655.27,1617.73,8867.52,8666.4,6.56,6.56,0,0,554.22,541.65,461.85,451.37,369.48,361.1,119.98,119.98,4.87,4.87,14.64,14.64,57.1,57.1,27.51,27.51,12.57,12.57,51.62,51.62,1,1,51.48,51.48,95,105,46.76,46.76,19.25,19.25,65.09,65.36,21.29,21.29,1200.81,1173.57,19.38,19.38,82,82,5.19,4.98,125.09,126.79,6.73,6.73,92.77,92.77,327.04,327.04,-8,-8,64,64,74.67,74.62,369.48,361.1,207.75,320.07,2.99,2.99,280.02,280.63,15.66,14.58,17.16,17.16,314.88,524.56,70.72,4.01,33.71,33.71,57.46,57.55,-85.44,-85.44,84.26,84.26,104.81,104.81,67187.74,68746.94,12367.89,12654.91,253947,259840,369.48,361.1,17.58,17.58,-6.32,-6.32,42000000000,43700000000,63693.97,65309.59,12.29,12.29,22.4,25.13
Sabanalarga,67.6,67.6,47.11,47.11,69.33,69.33,1.74,1.74,27.69,27.65,44.28,44.28,2385.88,2713.7,39.6,39.6,137.25,137.25,-14,-14,-3.58,-3.58,1999.6,1990.04,4453.65,4432.37,-2.16,-2.16,-9.08,-9.08,-7.87,-7.87,-9.33,-9.33,45.45,45.23,-4,-10.77,-12.08,-12.08,3362.96,3346.89,-7.48,-7.48,-13.64,-13.64,3044.84,3030.3,-10.8,-10.8,1999.6,1990.04,11.87,12,2613.11,2600.63,2158.65,2148.34,908.91,904.57,1136.13,1130.71,7.94,7.94,57.32,57.32,14.16,14.16,47.17,47.17,30.84,30.84,3.35,3.35,50,50,2.52,2.52,50,50,173,183,62.97,62.97,92.13,92.13,76.98,77.08,12.86,12.86,1817.81,1809.13,71.24,71.24,36.33,36.33,47.5,48.18,51.79,50.79,1.06,1.06,93.67,93.67,533.71,533.71,-8,-8,64,64,54.07,53.74,795.29,791.5,1058.73,1070.69,0.38,0.38,98.02,98.39,9.92,9.92,32.57,32.57,1057.81,1128.06,1.34,1.3,42.14,42.14,54.45,54.49,-59.58,-59.58,75.83,75.83,106.84,106.84,33979.49,34156.41,25301.48,25433.21,44140,44370,1704.2,1696.06,2.91,2.91,340.84,339.21,3010800000000,3081400000000,17839.23,17693.02,13.58,13.58,16.81,18.18
Nunchia,67.6,67.6,26,26,69.33,69.33,1.3,1.3,27.94,27.89,44.83,44.83,2147.98,2354.19,39.6,39.6,137.25,137.25,-14.97,-14.97,2195.1,2193.55,997.77,997.07,1662.95,1661.78,-6.2,-6.2,-7.59,-7.59,-7.87,-7.87,-7.94,-7.94,-7.55,-7.55,166.3,-9.7,-13.56,-13.56,2660.73,2658.85,-9.17,-9.17,-8,-8,526.6,526.23,-11.17,-11.17,997.77,997.07,16.34,16.43,2702.3,2700.4,2009.4,2007.99,1247.21,1246.34,1385.79,1384.82,8.1,8.1,76.91,76.91,14.64,14.64,36.22,36.22,31.26,31.26,3.16,3.16,50,50,2.52,2.52,50,50,173,183,68.02,68.02,102.35,102.35,76.47,76.59,18.38,18.38,1801.53,1800.27,80.84,80.84,-80,-80,68.36,68.62,6.21,5.09,1.06,1.06,93.67,93.67,665.24,665.24,-8,-8,64,64,76.08,75.98,1177.93,1177.1,1086.57,1096.86,0.32,0.32,97.92,98.28,9.64,9.64,31.56,31.56,1086.89,1156.55,1.24,1.2,36.62,36.62,51.18,51.22,-50.5,-50.5,65.95,65.95,110,110,29503.56,29524.35,25687.18,25705.28,33397,33421,1732.24,1731.02,2.41,2.41,900.77,900.13,223100000000,223900000000,9323.13,9270.65,14.45,14.45,14.89,16.12
Jonewestia,73.72,73.72,39.05,39.05,51.81,51.81,1.3,1.3,25.29,25.21,34.02,34.02,1929.94,2228.5,30.42,30.42,91.5,91.5,-8.6,-8.6,-7.16,-7.16,-10.58,-10.58,9210.03,9407.68,-3.3,-3.3,-3.69,-3.69,-3.13,-3.13,-6.93,-6.93,1141.18,1165.67,1879.6,-6.63,2215.24,2262.78,-7.2,-7.2,1208.31,1234.24,-12.92,-12.92,5598.52,5718.66,-6.45,-6.45,0,0,15.97,16.06,1678.21,1714.23,5118.55,5228.39,1762.12,1799.94,839.11,857.11,262.3,262.3,76.68,76.68,1.3,1.3,32.75,32.75,46.57,46.57,1.5,1.5,57.85,57.85,4.98,4.98,44.79,44.79,124,134,60.63,60.63,65.54,65.54,82.88,83.12,16.27,16.27,3608.16,3685.59,21.52,21.52,-73.71,-73.71,60.78,63.13,15.13,13.01,23.5,23.5,91.5,91.5,679.54,679.54,1,1,65,65,74.28,74.16,755.2,771.4,686.33,771.38,1.17,1.17,314.3,314.94,9.52,9.52,16.61,16.61,905.53,979.51,1.89,1.77,38.73,38.73,57.77,57.85,-173.91,-173.91,151.13,151.13,101.04,101.04,43906.75,43186.19,38164.85,37538.53,49774,48957,2265.59,2314.21,3.58,3.58,503.46,514.27,191643800000000,194487200000000,17211.44,15935.7,1.06,1.06,13.54,14.66
Ivernia,67.56,67.56,96.05,96.05,75.24,75.24,1.48,1.48,20.55,20.55,49.24,49.24,9217.44,9557.42,39.67,39.67,157.25,157.25,-20.69,-20.69,-10.51,-10.51,-9.9,-9.9,2202.35,2195.76,-13.49,-13.2,-10.16,-10.16,-12.49,-12.49,-20.09,-20.09,-12,-12,-15.75,-18.65,-19.7,-19.7,-13.34,-13.34,-7.62,-7.62,-16.58,-16.58,1827.76,1822.28,-18.54,-18.54,0,0,20.32,20.4,1597.69,1592.9,12781.52,12743.23,7005.26,6984.27,4301.47,4288.59,1095.87,1095.87,67.66,67.66,21.25,21.25,35.02,35.02,54.93,54.93,1.26,1.26,48.6,48.6,11.58,11.58,54.76,54.76,358,368,75.07,75.07,122.94,122.94,91.33,91.33,15.61,15.61,5530.47,5513.9,116.4,116.4,37.5,37.5,77.17,77.3,-32.81,-33.81,0.61,0.61,94.61,94.61,460.63,460.63,4,4,74,74,62.28,61.09,737.4,735.19,1277.23,1283.61,0.17,0.17,19.49,19.65,7.89,7.9,13.06,13.06,2065.26,2124.25,0.78,0.77,39.39,39.39,78.67,78.67,-134.31,-134.31,108.49,108.49,98.83,98.83,61256.92,61441,49828.39,49978.12,73640,73862,7865.55,7841.99,2.1,2.1,737.4,735.19,330700000000,331900000000,13966.58,13947.11,0.69,0.69,98.41,101.42
Cobiyasha,78,78,23,23,77.33,77.33,1.63,1.63,31.1,31,45.83,45.83,313.82,461.78,24,24,171,171,1380.83,1354.56,-1.79,-1.79,163.19,160.08,1590.05,1559.8,4016.96,4063.68,1814.12,2495.67,2385.07,2339.69,-6.07,-5.74,-9,-9,-3.74,-10.68,2217.7,2175.51,1778.34,1744.51,2845.34,2791.21,543.96,533.61,163.19,160.08,-4.73,-4.73,3929.09,3854.34,14.46,14.56,1778.34,1744.51,941.47,923.56,732.26,718.33,523.04,513.09,1207.99,1207.99,61.21,61.21,18.02,18.02,41.36,41.36,34.66,34.66,2.34,2.34,48.6,48.6,1,1,53.38,53.38,104,114,66.76,66.76,103,103,71.39,71.53,26.61,26.61,1255.3,1231.42,48.04,48.04,-77,-77,40.32,39.77,42.36,42.5,0.73,0.73,94.07,94.07,430.66,430.66,-8,-8,67,67,77.31,77.22,575.35,564.4,892.14,1001.39,0.5,0.5,271.64,272.25,9.81,9.76,12.56,12.56,520.88,624.14,1.64,1.54,28.39,28.39,48.43,48.48,-66.78,-66.78,69.64,69.64,108.45,108.45,34528.47,35198.03,26626.43,27142.76,43502,44346,1098.39,1077.49,2.5,2.5,418.43,410.47,2400000000,2700000000,20613.5,21189.22,14.61,14.61,9.44,10.43
Hulvin,66.94,66.94,94.33,94.33,65.9,65.9,1.34,1.34,18.57,18.57,67.99,67.99,17602.31,17813.99,40.58,40.58,69,69,-25.65,-25.65,-19.35,-19.35,-21.21,-21.21,-16.21,-16.21,-23.14,-22.97,-15.21,-15.21,-27.06,-27.06,-29.97,-29.97,-23.81,-23.81,-25.85,-27.71,-28.43,-28.43,-20.35,-20.35,-21.86,-21.86,-28.44,-28.44,-10.1,-10.1,-34.74,-34.74,0,0,34.86,34.9,15032.06,15013.53,13162.79,13146.57,12228.15,12213.08,3504.88,3500.56,1082.81,1082.81,74.44,74.44,35.15,35.15,8.39,8.39,97.92,97.92,0.8,0.8,52.16,52.16,16.08,16.08,55.65,55.65,614,624,108.82,108.82,134.03,134.03,92.81,92.82,13.61,13.61,6153.02,6145.44,146.89,146.89,29,29,85.81,85.79,-204.75,-204.83,1.89,1.89,93.44,93.44,641.05,641.05,10,10,123,123,40.26,40.18,2414.48,2411.5,1653.46,1657.89,0.12,0.12,83.49,83.83,6.35,6.36,13.12,13.12,3943.66,3995.09,0.46,0.46,41.39,41.39,83.48,83.49,-202.67,-202.67,107.52,107.52,113.24,113.24,94631.87,94748.62,80978.51,81078.42,108778,108912,14642.63,14624.58,1.58,1.58,1246.18,1244.65,505000000000,505700000000,13437.72,13454.3,0.74,0.74,156.78,157.26
WaffwlWolf,87.33,87.33,72.33,72.33,98,98,63.79,63.79,85.38,80.81,42,42,-4.47,114.4,12.67,12.67,198,198,2814.11,2745.7,375.21,549.14,0,0,4221.16,4118.55,-7.75,-7.35,5051.33,8429.3,0,0,351.76,572.02,5159.2,5033.78,4690.18,0,-7.07,-7.07,3283.13,3203.32,-7.07,-7.07,6566.25,6406.63,-8.37,-8.37,9005.15,8786.24,2814.11,2745.7,5.2,5.29,469.02,457.62,351.76,343.21,117.25,114.4,117.25,114.4,95.92,95.92,1.57,1.57,12,12,104.65,104.65,37.15,37.15,2.04,2.04,50,50,1,1,50,50,100,110,39.38,39.38,18.58,18.58,61.69,61.98,43.12,43.12,820.78,800.83,29.23,29.23,92.5,92.5,6.09,6,118.31,118.97,1.16,1.16,93.63,93.63,13.33,13.33,0,0,64,64,75.27,75.2,351.76,343.21,105.77,160.48,3.05,3.05,295.99,296.62,14.47,13.31,17.29,17.29,462.02,595.69,111.59,89.96,11.88,11.88,53.2,53.29,-68.19,-68.19,68.19,68.19,97.83,97.83,48341.7,49546.14,4256.96,4363.02,271542,278307,351.76,343.21,20.38,20.38,-6.32,-6.32,73200000000,76100000000,45392.85,46573.37,3.74,3.74,30.68,34.81
Stvoopvaffell,87.33,87.33,72.5,72.5,98,98,63.01,63.01,76.35,72.76,42,42,-4.47,108.13,12.67,12.67,198,198,1686.92,1730.07,-3.46,-2.83,5060.76,5190.22,2108.65,2162.59,5060.76,5449.73,-8.97,-4.9,-8.37,-8.37,1952.61,3243.89,-5.48,-5.48,5482.5,1297.56,2530.38,2595.11,5482.5,5622.74,421.73,432.52,5060.76,5190.22,5482.5,5622.74,7422.45,7612.32,6747.69,6920.29,5.39,5.48,421.73,432.52,421.73,432.52,105.43,108.13,105.43,108.13,95.92,95.92,1.59,1.59,12,12,104.47,104.47,39.43,39.43,1.86,1.86,50,50,1,1,50,50,100,110,39.41,39.41,18.64,18.64,62.26,62.5,43.03,43.03,738.03,756.91,39.44,39.44,92.25,92.25,5.44,5.74,122.39,120.75,1.16,1.16,93.63,93.63,13.63,13.63,0,0,64,64,75.41,75.26,316.3,324.39,81.91,129.22,2.98,2.98,295.99,296.62,17.04,16.09,17.29,17.29,436.53,585.13,121.96,102.13,11.97,11.97,53.39,53.47,57.88,57.88,51.48,51.48,97.83,97.83,53762.19,52421.23,4774.4,4655.32,300852,293348,316.3,324.39,20.37,20.37,-6.32,-6.32,24600000000,25300000000,50859.03,49433.22,3.74,3.74,22.82,26.31
Herzegovinagaddadavida,45.93,45.93,46.33,46.33,79.87,79.87,8.09,8.09,27.96,27.83,47.2,47.2,1874.88,2298.91,58.56,58.56,128.5,128.5,-9.38,-9.38,719.95,735.65,2799.82,2860.87,839.95,858.26,1077.93,1101.43,1759.89,1798.26,-6.03,-6.03,-4.58,-4.58,449.97,459.78,1599.9,-8.25,599.96,613.04,599.96,613.04,599.96,613.04,949.94,970.65,-4.8,-4.8,403.17,411.97,2799.82,2860.87,11.4,11.53,2999.81,3065.22,2499.84,2554.35,499.97,510.87,624.96,638.59,60.39,60.39,12.36,12.36,16.66,16.66,54.81,54.81,28.81,28.81,8.02,8.02,47.8,47.8,4.98,4.98,50,50,105,115,52.81,52.81,78.44,78.44,76.44,76.7,15.74,15.74,-3.16,-3.16,123.52,123.52,41.75,41.75,48.14,51,61.26,59.62,0.86,0.86,93.77,93.77,516.64,516.64,2,2,66,66,62.29,60.79,874.94,894.02,367.55,429.86,0.18,0.18,99.17,99.54,7.17,7.17,17.53,17.53,570.1,664.01,3.23,2.7,39.26,39.26,54.2,54.28,56.78,56.78,17.31,17.31,103.74,103.74,30749.23,30168.06,9829.05,9643.27,79502,78000,1624.9,1660.33,14.68,14.68,874.94,894.02,6748900000000,7028000000000,15958.85,14782.35,7.37,7.37,15.41,16.68
Synful 70s,78.83,78.83,65.33,65.33,76,76,6.16,6.16,34.58,34.35,43.68,43.68,-5.48,0,22.75,22.75,175.5,175.5,-7.87,-7.87,-5.28,-5.06,6699.81,6616.49,1827.22,1804.5,2207.89,2406,6870.35,9660.83,5100.99,5037.56,4047.29,4605.23,304.54,300.75,2588.56,-5.66,-3.46,-3.46,-1.61,-1.61,3730.58,3684.18,5253.26,5187.93,4187.38,4135.31,-4.1,-4.1,11800.8,11654.05,6.48,6.48,1046.85,1033.83,571.01,563.91,95.17,93.98,-5.48,-5.48,439.84,439.84,16.23,16.23,14.64,14.64,68.64,68.64,34.01,34.01,2.44,2.44,51.62,51.62,1,1,50.99,50.99,102,112,51.83,51.83,33.87,33.87,67.78,67.98,21.6,21.6,475.84,469.92,46.31,46.31,63,63,6.95,6.83,112.29,113.01,0.74,0.74,94,94,204.14,204.14,0,0,68,68,71.41,71.31,190.34,187.97,386.31,453.55,1.45,1.45,156.41,156.87,10.72,10.04,16.07,16.07,523.78,626.28,3.03,2.57,33.4,33.4,53.58,53.64,77.78,77.78,52.44,52.44,85.53,85.53,53791.87,54468.78,20071.59,20324.17,123666,125222,666.17,657.89,15.38,15.38,-4.47,-4.47,13700000000,15400000000,50026.44,50764.91,2.34,2.34,21.36,24.81
Sydland123,67.33,67.33,61.33,61.33,61.33,61.33,4.03,4.03,33.04,32.8,42,42,272.31,512.37,40,40,135,135,4356.93,4098.96,2621.42,2869.27,3267.69,3074.22,3993.85,3757.38,4720,4645.48,4233.48,6011.8,4720,4440.54,3427.45,3842.77,2178.46,2049.48,0,-10,-4.47,-4.47,-5.48,-5.48,726.15,683.16,726.15,683.16,2178.46,2049.48,-4.47,-4.47,12344.62,11613.71,9.33,9.49,816.92,768.55,816.92,768.55,1089.23,1024.74,272.31,256.18,119.98,119.98,24.8,24.8,12,12,53.04,53.04,27.05,27.05,13.63,13.63,50,50,1,1,50,50,100,110,55.8,55.8,52.66,52.66,69.18,69.43,5.89,5.89,1089.23,1024.74,54.85,54.85,53,53,12.18,10.47,93.28,95.92,2.55,2.55,93.31,93.31,487.09,487.09,0,0,64,64,69.13,69.11,726.15,683.16,537.55,680.83,0.44,0.44,167.4,167.87,10.95,9.97,17.16,17.16,513.84,619.15,2.23,1.9,49.11,49.11,53.27,53.35,-37.42,-37.42,76.81,76.81,100.2,100.2,52947.54,56275.25,25024.96,26597.76,100917,107260,726.15,683.16,11.72,11.72,90.77,85.39,14600000000,16900000000,46487.94,50366.35,6.64,6.64,15.18,17.75
JawaNation,67,67,26,26,78.67,78.67,1.76,1.76,32.67,32.51,40.78,40.78,602.5,811.32,40.5,40.5,135,135,-8.6,-8.6,1156.8,1168.3,964,973.58,-7.35,-7.35,2356.45,2542.14,-2.37,-2.37,2410.01,2433.96,-4.24,-4.24,2302.9,2325.79,964,-8,1767.34,1784.91,-4.12,-4.12,-8.6,-8.6,3374.01,3407.55,-8.6,-8.6,239.33,241.71,3374.01,3407.55,12.37,12.49,669.45,676.1,1004.17,1014.15,1205,1216.98,602.5,608.49,42.28,42.28,56.84,56.84,11.33,11.33,46.41,46.41,29.94,29.94,4.67,4.67,51,51,1,1,50.5,50.5,101,111,61.4,61.4,100.96,100.96,69.57,69.73,20.76,20.76,1205,1216.98,66.58,66.58,26,26,37.13,38.52,54.75,53.17,0.71,0.71,94.13,94.13,512.86,512.86,0,0,64,64,53.82,53.46,937.22,946.54,634.42,716.8,0.31,0.31,198.93,199.44,9.95,9.96,17.69,17.69,539.34,638.34,1.99,1.85,34.24,34.24,47.97,48.02,61.64,61.64,-44.72,-44.72,102.62,102.62,30976.56,30693.27,22962.72,22752.73,40396,40027,937.22,946.54,3.27,3.27,401.67,405.66,30100000000,34300000000,19484.26,18876.36,6.91,6.91,8.04,8.47
Pinkaliciouss,88.33,88.33,61.33,61.33,83,83,6.16,6.16,35.32,34.94,44.83,44.83,-7.07,-4.47,11.67,11.67,200.25,200.25,-4.47,-4.47,0,0,7265.52,6810.73,-6.32,-6.32,3705.41,3677.79,4382.92,6713.68,-5.1,-5.1,2074.31,2979.69,5085.86,4767.51,-5.48,-11.4,4359.31,4086.44,3087.85,2894.56,5449.14,5108.05,-5.48,-5.48,-2.65,-2.65,7504.62,7034.86,7265.52,6810.73,7,7,1180.65,1106.74,363.28,340.54,-4.47,-4.47,-7.07,-7.07,1030.28,1030.28,16.23,16.23,16.66,16.66,72.98,72.98,34.55,34.55,2.36,2.36,48.6,48.6,1,1,52.44,52.44,100,110,54.21,54.21,44.33,44.33,67.2,67.49,28.64,28.64,181.64,170.27,67.4,67.4,63,63,7.37,6.7,110.47,114.48,0.71,0.71,94.13,94.13,116.97,116.97,0,0,69,69,71.2,71.25,0,0,376.79,498.44,1.49,1.49,348.77,349.46,13.44,12.05,13.36,13.36,440.2,586.68,3.13,2.37,26.36,26.36,52.24,52.34,108.4,108.4,-41.83,-41.83,103.74,103.74,52886.87,56417.76,19733.91,21051.4,121585,129703,454.09,425.67,13.44,13.44,544.91,510.8,10300000000,12200000000,48973.24,52637.77,4.67,4.67,25.99,30.22
TasteySnozzberries,68.83,68.83,57.33,57.33,78.67,78.67,3.61,3.61,29.5,29.51,45.83,45.83,406.25,677.15,37.75,37.75,141.75,141.75,-5.66,-5.66,-6.73,-6.45,4225.01,4024.23,-7.87,-7.87,-2.83,-2.68,6424.05,8543.75,-8.6,-8.6,-5.61,-5.61,4793.76,4565.96,-7.87,-12.73,-6.48,-6.48,-6.45,-6.45,-7.87,-7.87,731.25,696.5,-3.92,-3.92,-1.79,-1.79,4225.01,4024.23,12.69,12.81,2640.63,2515.14,1625,1547.78,1117.19,1064.1,406.25,386.95,1199.43,1199.43,27.72,27.72,18.02,18.02,60.66,60.66,31.43,31.43,3.1,3.1,51.62,51.62,1,1,53.38,53.38,104,114,62.06,62.06,95.6,95.6,73.69,73.68,13.66,13.66,1117.19,1064.1,99.95,99.95,50,50,39.2,36.97,56.64,57.7,0.71,0.71,94.13,94.13,332.72,332.72,0,0,67,67,64.32,64.09,914.06,870.63,918.52,1016.45,0.3,0.3,240.85,241.42,9.92,9.82,12.6,12.6,535.7,635.45,1.61,1.5,41.34,41.34,55.06,55.06,85.73,85.73,-46.37,-46.37,102.24,102.24,44050.2,46247.71,22134.68,23238.9,79863,83847,1929.69,1837.99,3.09,3.09,609.38,580.42,2200000000,2600000000,26782.52,29136.06,4.67,4.67,16.68,19.15
Froggy farlnds,41.67,41.67,57.33,57.33,74,74,3.61,3.61,29.43,29.35,45.34,45.34,364.44,633.39,61.75,61.75,87.75,87.75,3207.11,3185.06,2239.87,2519.09,1749.33,1737.3,1749.33,1737.3,3644.44,3836.55,466.49,463.28,4300.44,4270.87,4917.08,5791.02,-4.24,-4.24,1020.44,-8.49,-7.21,-7.21,3571.55,3547,-7.87,-7.87,-4.69,-4.69,2113.78,2099.24,408.18,405.37,9256.88,9193.24,12.53,12.65,2368.89,2352.6,1457.78,1447.75,1822.22,1809.69,546.67,542.91,7.97,7.97,27.72,27.72,15.09,15.09,57.89,57.89,27.6,27.6,12.35,12.35,46.97,46.97,1,1,50,50,100,110,63.44,63.44,102.64,102.64,73.81,73.93,11.16,11.16,2186.66,2171.63,69.64,69.64,50,50,31.61,31.97,63.43,62.65,0.77,0.77,93.9,93.9,545.06,545.06,-8,-8,64,64,65.61,65.26,820,814.36,688.74,773.94,0.29,0.29,48.83,49.09,11.51,11.56,32.37,32.37,520.33,623.75,1.89,1.77,43.84,43.84,55.1,55.14,-30.82,-30.82,57.88,57.88,107.82,107.82,49100.83,49440.79,24672.56,24843.38,89020,89637,1731.11,1719.21,2.84,2.84,546.67,542.91,1700000000,1900000000,33584.97,33619.74,16.21,16.21,16.06,17.81
ZA WORUDO,52.89,52.89,4,4,78,78,1.08,1.08,34.93,34.71,45.83,45.83,371.35,433.86,53.33,53.33,105.75,105.75,454.36,451.21,851.84,853.83,366.98,364.44,646.59,642.11,279.61,329.73,1209.91,1277.28,73.4,72.89,-6,-6,803.87,798.3,-4.24,-10.86,629.11,624.75,104.85,104.13,541.74,537.98,541.74,537.98,-3.22,-3.22,-6.93,-6.93,894.74,888.54,16.94,17.03,808.24,802.64,546.11,542.32,633.48,629.09,371.35,368.78,8.18,8.18,92.58,92.58,15.51,15.51,25.43,25.43,30.42,30.42,3.74,3.74,50,50,1,1,50,50,102,112,69.06,69.06,108.89,108.89,67.5,67.68,25.75,25.75,830.08,824.33,88.39,88.39,-96,-96,59.83,59.95,7.41,6.73,0.72,0.72,94.1,94.1,815.01,815.01,0,0,64,64,75.04,74.93,480.57,477.24,938.86,1012.22,0.23,0.23,55.38,55.65,9.54,9.54,31.04,31.04,572.7,666.26,1.59,1.52,29.25,29.25,43.36,43.42,-54.77,-54.77,71.41,71.41,106.84,106.84,14429.97,14530.74,13855.65,13952.4,14967,15071,699.02,694.17,2.35,2.35,65.53,65.08,2400000000,2700000000,5800.85,5812.3,10.33,10.33,7.34,7.64
Land O Chickens,63.33,63.33,62.67,62.67,75.33,75.33,4.19,4.19,31.18,31.06,42,42,184.59,459.31,45.5,45.5,123.75,123.75,-2,-2,4909,5114.9,2067.41,2057.72,-4,-4,2362.76,2572.15,2717.17,2704.43,590.69,587.92,-5.74,-5.74,1255.22,1249.33,221.51,-9.7,1698.23,1690.27,5057.78,5034.06,3544.14,3527.52,5020.86,4997.31,4873.19,4850.33,4711.57,4689.47,2658.1,2645.64,10.39,10.54,1476.72,1469.8,1015.25,1010.49,1107.54,1102.35,184.59,183.72,624.65,624.65,23.86,23.86,14.16,14.16,63.34,63.34,31.9,31.9,2.93,2.93,51,51,1,1,51.48,51.48,109,119,59.1,59.1,79.55,79.55,71.29,71.44,10.75,10.75,1292.13,1286.07,60.77,60.77,54,54,17.25,17.77,85.4,84.52,0.75,0.75,93.97,93.97,387.38,387.38,-4,-4,64,64,68.51,68.28,646.07,643.04,565.14,642.46,0.43,0.43,191.52,192.03,11.93,11.98,15.24,15.24,578.57,671.34,2.15,1.97,44.25,44.25,54.93,54.97,52.92,52.92,0,0,103.37,103.37,53649.1,53901.99,24822.72,24939.73,104033,104523,1107.54,1102.35,6.38,6.38,276.89,275.59,4300000000,4900000000,44367.81,44307.44,13.19,13.19,16.75,18.12
Txgovnationstates,47.33,47.33,62.67,62.67,75.33,75.33,4.19,4.19,30.69,30.57,42,42,191.37,495.71,57.5,57.5,96.75,96.75,5205.36,5393.27,1194.17,1237.28,-5.83,-5.83,1684.09,1744.88,-7.62,-7.21,4041.81,4187.72,1377.89,1427.63,4592.97,4758.77,688.95,713.82,4439.87,634.5,-2,-2,1913.74,1982.82,-3.74,-3.74,4822.62,4996.71,5052.26,5234.65,-1.5,-1.5,6583.25,6820.91,10.54,10.68,1530.99,1586.26,1052.56,1090.55,1435.3,1487.12,191.37,198.28,468.75,468.75,23.86,23.86,13.62,13.62,63.34,63.34,30.19,30.19,4.15,4.15,50,50,1,1,50.99,50.99,108,118,59.99,59.99,87.18,87.18,71.94,72.1,11.75,11.75,1339.62,1387.98,63.46,63.46,54,54,19.62,22.03,82.21,79.21,0.75,0.75,93.97,93.97,469.08,469.08,-4,-4,64,64,68.38,68.01,669.81,693.99,598.57,678.11,0.33,0.33,51.99,52.26,10.1,10.16,15.95,15.95,565.98,660.48,2.07,1.91,43.25,43.25,55.14,55.2,-68.56,-68.56,54.77,54.77,103.37,103.37,51712.99,49911.59,23926.91,23093.42,100278,96785,1148.24,1189.69,4.09,4.09,287.06,297.42,2700000000,2900000000,41577.25,38931.04,13.88,13.88,20,21.45
Emberwoods,81.78,81.78,38.67,38.67,72,72,2.3,2.3,33.35,33.12,43,43,289.84,489.97,18.33,18.33,184.5,184.5,463.75,447.97,1655.58,1881.47,5217.15,5039.66,-4,-4,3362.17,3415.77,3169.71,4748.48,3014.36,2911.8,1398.2,1609.89,1854.99,1791.88,463.75,-9.17,3362.17,3247.78,-4.27,-4.27,-8,-8,173.91,167.99,3709.98,3583.76,4110.54,3970.69,8695.25,8399.43,10,10.15,652.14,629.96,724.6,699.95,434.76,419.97,289.84,279.98,9.13,9.13,43.46,43.46,14.64,14.64,49.13,49.13,35.06,35.06,2.28,2.28,49.36,49.36,1,1,51.48,51.48,99,109,57.78,57.78,66.23,66.23,68.88,69.1,21.45,21.45,1231.83,1189.92,42.88,42.88,-64,-64,16.68,15.92,83.99,84.94,0.82,0.82,93.8,93.8,360.83,360.83,-4,-4,66,66,78.6,78.53,652.14,629.96,477.43,568.81,1.81,1.81,308.34,308.98,10.18,9.94,26,26,507.8,615.19,2.46,2.14,33.55,33.55,49.87,49.95,95.66,95.66,-12.25,-12.25,109.08,109.08,42592.26,44080.77,27335.33,28290.64,62901,65099,652.14,629.96,8.96,8.96,652.14,629.96,11600000000,12800000000,35479.35,37071.93,13.48,13.48,14.93,17.3
The 501st Clone Army,62.67,62.67,74.67,74.67,80,80,9.38,9.38,32.52,32.39,42,42,-3.16,163.52,46,46,121.5,121.5,-2.83,-2.83,3048.23,3218.09,4269.59,4316.95,4851.81,4905.63,2975.78,3205.01,-1.79,-1.79,5563.41,5625.12,2102.45,2125.77,5239.95,5298.08,2328.87,-5.29,1681.96,1700.62,4075.52,4120.73,3622.68,3662.87,6210.32,6279.2,5434.03,5494.3,2277.12,2302.37,9833,9942.07,8.43,8.54,1051.23,1062.89,646.91,654.08,808.64,817.6,242.59,245.28,451.62,451.62,10.66,10.66,13.62,13.62,78.05,78.05,34.51,34.51,2.36,2.36,50,50,1,1,50.99,50.99,108,118,54.53,54.53,51.78,51.78,69.72,69.86,18.59,18.59,566.04,572.32,58.28,58.28,71,71,6.18,6.47,120.11,118.36,0.7,0.7,94.2,94.2,250,250,0,0,64,64,72.65,72.46,323.45,327.04,517.59,597.38,0.43,0.43,66.19,66.48,13.38,13.37,16.02,16.02,559.51,654.98,2.3,2.07,36.41,36.41,57.93,57.98,-39.37,-39.37,90.28,90.28,98.83,98.83,72876.13,72076.73,21391.5,21156.85,200634,198433,727.77,735.84,13.12,13.12,0,0,4700000000,5100000000,68357.81,67391.74,6.12,6.12,20.07,21.61
Beansi,71.5,71.5,66,66,73.33,73.33,4.93,4.93,31.93,31.76,45.34,45.34,0,232.54,33.75,33.75,150.75,150.75,5316.98,5146.94,5176.69,5801.77,2882.7,2790.51,5573.22,5394.98,6021.64,6015.09,-6.09,-3.1,2754.58,2666.48,1833.4,2557.96,192.18,186.03,3074.88,-2,512.48,496.09,3619.39,3503.64,4996.68,4836.88,3395.18,3286.6,858.4,830.95,3997.34,3869.5,10954.26,10603.93,8.94,9.11,1441.35,1395.25,720.68,697.63,640.6,620.11,160.15,155.03,23.5,23.5,20.29,20.29,15.51,15.51,62.21,62.21,32.4,32.4,2.79,2.79,48.6,48.6,1,1,50.5,50.5,97,107,56.19,56.19,57.64,57.64,70.38,70.58,14.98,14.98,720.68,697.63,65.46,65.46,58,58,7.9,7.66,108.66,110.23,0.77,0.77,93.87,93.87,309.12,309.12,0,0,66,66,70.18,70.11,400.38,387.57,505.16,709.64,0.48,0.48,222.53,223.08,12.91,11.24,17.93,17.93,459.4,594.62,2.34,1.86,40.02,40.02,55.35,55.42,-70,-70,96.95,96.95,105.5,105.5,64906.23,67050.31,27447.91,28354.61,135272,139740,800.75,775.14,11.24,11.24,560.53,542.6,8400000000,9500000000,59778.64,61887.43,7.13,7.13,18.58,21.39
The bruzz,22.75,22.75,18,18,68,68,1.45,1.45,30.41,30.34,45.83,45.83,675.29,790.19,77.25,77.25,51.75,51.75,-9.17,-9.17,1426.22,1390.74,140.46,136.97,-5.83,-5.83,1296.56,1369.67,7056.55,8224.35,-5.59,-5.59,1260.55,1229.19,-11.22,-11.22,-9.17,-13.56,-5.83,-5.83,1170.51,1141.39,-4.9,-4.9,-5.83,-5.83,1530.67,1492.59,-12.9,-12.9,140.46,136.97,18.38,18.47,1935.84,1887.69,1215.53,1185.29,1575.68,1536.49,855.37,834.09,1246.38,1246.38,68.84,68.84,18.02,18.02,33.85,33.85,25.13,25.13,17.03,17.03,48.6,48.6,1,1,53.38,53.38,104,114,72.25,72.25,108.22,108.22,72.32,72.42,24.07,24.07,1485.65,1448.69,107.72,107.72,-82,-82,66.62,66.11,-6.6,-5.95,1.26,1.26,93.59,93.59,1211.91,1211.91,-8,-8,67,67,76.57,76.47,900.39,877.99,1034.46,1048.91,0.21,0.21,135.83,136.26,9.41,9.34,12.39,12.39,585.01,676.99,1.44,1.38,30.93,30.93,48.19,48.22,24.29,24.29,-14.14,-14.14,111.2,111.2,31367.11,32167.24,25749.12,26405.94,37406,38360,1350.59,1316.99,2.2,2.2,765.33,746.29,600000000,700000000,10476.61,10904.69,16.64,16.64,15.77,18.2
Minion huzz,22.75,22.75,18,18,68,68,1.45,1.45,30.36,30.27,45.83,45.83,704.64,842.02,77.25,77.25,51.75,51.75,112.74,112.27,135.29,134.72,789.2,785.89,-9.17,-9.17,789.2,898.16,2284.91,2275.33,-8.12,-8.12,-7.45,-7.45,807.99,804.6,-7.35,-12.41,-9.17,-9.17,736.58,733.49,-5.83,-5.83,676.45,673.62,1972.99,1964.72,-4.73,-4.73,901.94,898.16,18.38,18.47,2019.97,2011.5,1268.35,1263.03,1644.16,1637.26,892.54,888.8,1246.38,1246.38,68.84,68.84,18.02,18.02,33.85,33.85,25.56,25.56,16.37,16.37,48.6,48.6,1,1,53.38,53.38,104,114,72.25,72.25,108.22,108.22,72.4,72.53,24.07,24.07,1550.21,1543.71,109.74,109.74,-82,-82,67.9,68,-9.44,-10.32,1.26,1.26,93.59,93.59,1211.91,1211.91,-8,-8,67,67,76.57,76.47,939.52,935.58,1060.37,1072.2,0.21,0.21,135.83,136.26,9.61,9.62,12.39,12.39,582.48,674.77,1.34,1.29,30.93,30.93,48.21,48.26,69.28,69.28,-51.96,-51.96,111.2,111.2,30060.85,30187.42,24676.82,24780.72,35848,35999,1409.28,1403.37,2.2,2.2,798.59,795.24,600000000,600000000,9649.53,9659.98,16.64,16.64,10.5,11.27
Rylees Evil Empire 3,78,78,70.67,70.67,77.33,77.33,102.81,102.81,92.87,88.48,43,43,-6.32,-3.16,24,24,171,171,2122.49,2124.7,4683.36,5730.16,1306.15,1307.51,2938.84,2941.89,-3.35,-2.83,-3.58,-1.79,6122.58,6128.95,5611.55,7701.23,3183.74,3187.05,5387.87,1307.51,-5.29,-5.29,4040.9,4045.1,-5.29,-5.29,2938.84,2941.89,489.81,490.32,6008.29,6014.54,9551.22,9561.16,4.69,4.69,-5.48,-5.48,408.17,408.6,204.09,204.3,204.09,204.3,8.34,8.34,0.97,0.97,13.62,13.62,90.73,90.73,31.3,31.3,3.14,3.14,51,51,1,1,50.5,50.5,101,111,42.3,42.3,18.21,18.21,61.21,61.49,33.23,33.23,1020.43,1021.49,18.44,18.44,97,97,4.84,4.84,127.53,127.48,0.73,0.73,94.07,94.07,73.35,73.35,-8,-8,64,64,76.26,76.17,102.04,102.15,143.42,189.78,3.92,3.92,271,271.6,16.06,15.83,30.1,30.1,432.79,583.54,96.57,78.35,21.77,21.77,52.14,52.23,-45.28,-45.28,60.42,60.42,103.74,103.74,54625.64,54568.87,3424.29,3420.74,352067,351701,102.04,102.15,19.28,19.28,-8.37,-8.37,2200000000,2400000000,52003.61,51949.57,12.24,12.24,38.37,43.19
Tobynations,81.33,81.33,61.33,61.33,74.67,74.67,4.03,4.03,30.13,30.08,47.2,47.2,91.17,347.3,19,19,182.25,182.25,-3.46,-3.46,2875.78,3250.72,-4,-4,1385.74,1319.74,5834.71,5765.17,4032.51,6001.33,2188.02,2083.8,5824.5,6859.16,4667.77,4445.43,1021.07,-8.49,-4.69,-4.69,1932.75,1840.69,1750.41,1667.04,-1.41,-1.41,-2.9,-2.9,3251.93,3097.03,2188.02,2083.8,11.05,11.18,2096.85,1996.97,1367.51,1302.37,547,520.95,91.17,86.82,1056.6,1056.6,24.8,24.8,18.34,18.34,58.56,58.56,33.5,33.5,2.54,2.54,51,51,1,1,52.44,52.44,102,112,59.86,59.86,78.53,78.53,72.74,72.8,18.89,18.89,729.34,694.6,59.52,59.52,53,53,20.93,19.33,79.52,81.33,0.76,0.76,93.94,93.94,244.82,244.82,0,0,67,67,67.38,67.3,547,520.95,661.92,786.11,0.5,0.5,299.67,300.3,12.42,11.51,13.24,13.24,506.23,614.24,1.94,1.75,36.11,36.11,55.18,55.21,-59.16,-59.16,51.96,51.96,101.04,101.04,52556.67,55184.98,24840.22,26082.46,100172,105182,1458.68,1389.2,4.35,4.35,273.5,260.47,2300000000,2700000000,41572.33,44534.28,3.52,3.52,18.97,22.53
Goodmorningpineapple,54.33,54.33,76,76,69.33,69.33,9.38,9.38,32.38,32.24,42,42,-3.16,162.19,52.25,52.25,108,108,6105.52,6098.42,5170.53,5761.06,2208.38,2205.81,3117.71,3114.09,4027.04,4216.99,4274.84,5086.34,4481.71,4476.5,1542.62,1540.82,4741.52,4736,2533.14,-4.69,-1.41,-1.41,5456,5449.65,2208.38,2205.81,2208.38,2205.81,-1.18,-1.18,6796.75,6788.85,12795.61,12780.73,8.25,8.37,1055.48,1054.25,649.52,648.77,649.52,648.77,405.95,405.48,12.77,12.77,10.66,10.66,12,12,68.45,68.45,26.49,26.49,14.75,14.75,50,50,1,1,50,50,106,116,55.1,55.1,48.36,48.36,69.87,70.03,12.66,12.66,974.28,973.15,44.5,44.5,71,71,5.94,6.06,121.51,120.85,1.06,1.06,93.67,93.67,379.31,379.31,-4,-4,64,64,72.79,72.64,324.76,324.38,560,659.55,0.61,0.61,90.95,91.3,12.32,11.89,18.78,18.78,555.23,651.38,2.17,1.94,42.34,42.34,58.43,58.48,-45.28,-45.28,73.82,73.82,102.24,102.24,73568.39,73654.1,21594.7,21619.86,202540,202776,730.71,729.86,12.53,12.53,-4.47,-4.47,3600000000,4200000000,69227.86,69161.2,13.57,13.57,24.46,27.09
Cavalry Contingent,46.67,46.67,56,56,67.33,67.33,3.48,3.48,30.83,30.72,43,43,620.31,881.91,58,58,94.5,94.5,-7.07,-7.07,-7.15,-6.93,4111.74,4092.04,2197.65,2187.13,4324.41,4515.36,2268.54,2257.68,5600.47,5573.65,886.15,881.91,354.46,352.76,-8.37,-13.04,708.92,705.52,-7.87,-7.87,2835.68,2822.1,-7.75,-7.75,0,0,3034.57,3020.04,9712.21,9665.69,13.45,13.56,1152,1146.48,1063.38,1058.29,1772.3,1763.81,443.08,440.95,950.54,950.54,28.72,28.72,15.09,15.09,54.04,54.04,23.55,23.55,19.28,19.28,50,50,1,1,51.96,51.96,103,113,63.41,63.41,99.38,99.38,71.76,71.9,6.92,6.92,2747.07,2733.91,51.47,51.47,49,49,36.56,37,55,54.12,1.38,1.38,93.56,93.56,602.24,602.24,-8,-8,67,67,65.74,65.4,1063.38,1058.29,931.36,1010.23,0.31,0.31,76.18,76.5,10.66,10.72,13.73,13.73,545.18,643.07,1.6,1.52,48.08,48.08,53.72,53.77,45.28,45.28,61.24,61.24,107.82,107.82,49592.9,49831.61,25413.28,25535.6,88474,88900,1506.46,1499.24,2.84,2.84,-7.75,-7.75,3600000000,3900000000,31441.9,31393.91,15.35,15.35,16.28,17.56
Ash India,62.67,62.67,56.44,56.44,69.78,69.78,2.15,2.15,27.65,27.59,40.78,40.78,1483.88,1781.52,46,46,121.5,121.5,-2.45,-2.45,-2.19,-2.19,6806.07,6809.36,5539.83,5542.5,4985.84,5225.78,-8.39,-8.39,-3.46,-3.46,197.85,197.95,-3.67,-3.67,553.98,-9.27,-11.66,-11.66,4669.28,4671.53,-6.78,-6.78,-13.27,-13.27,267.49,267.62,758.67,759.03,6806.07,6809.36,10.49,10.63,0,0,2275.29,2276.38,1384.96,1385.62,593.55,593.84,457.39,457.39,46.42,46.42,12,12,52.35,52.35,30.21,30.21,4.1,4.1,51.62,51.62,3.93,3.93,50.99,50.99,154,164,62.03,62.03,98.06,98.06,77.07,77.19,7.25,7.25,1582.81,1583.57,72.56,72.56,47.33,47.33,24.53,25.35,74.12,72.96,0.88,0.88,93.76,93.76,494.38,494.38,-8,-8,68,68,67.82,67.55,494.63,494.87,1074.45,1085.37,0.36,0.36,65.08,65.38,9.8,9.81,15.99,15.99,930.17,1003.45,1.28,1.24,47.75,47.75,56.33,56.37,23.45,23.45,89.72,89.72,98.34,98.34,45629.68,45631.9,30344.11,30345.59,65367,65370,1286.03,1286.65,3.1,3.1,-4.47,-4.47,1939900000000,2046400000000,34450.41,34041.39,13.02,13.02,21.12,22.63
Curious Inquiry,78.39,78.39,92.57,92.57,76.76,76.76,1.45,1.45,19.96,19.95,27.9,27.9,14368.49,14669.35,23.42,23.42,219.25,219.25,-26.87,-26.87,-11.73,-11.73,-15.43,-15.43,-12.54,-12.54,-15.47,-15.21,-12.99,-12.99,-18.11,-18.11,-23.43,-23.43,-15.68,-15.68,-19.54,-21.95,-20.54,-20.54,-15.23,-15.23,-16.49,-16.49,-23.47,-23.47,-7.41,-7.41,-22.51,-22.51,0,0,23.87,23.94,3507.27,3498.08,16970.65,16926.17,2715.3,2708.19,3846.68,3836.6,10.29,10.29,69.06,69.06,1.34,1.34,46.05,46.05,74.72,74.72,0.97,0.97,50,50,10.55,10.55,50,50,432,442,68.63,68.63,111.33,111.33,91.72,91.72,22.43,22.43,5204.33,5190.69,68.1,68.1,35.71,35.71,66.74,66.7,-41.69,-41.77,0.67,0.67,94.31,94.31,349.82,349.82,16,16,101,101,49.82,49.67,2602.17,2595.35,1344.69,1350.5,0.24,0.24,122.77,123.17,8.2,8.21,21.31,21.31,2883.64,2938.48,0.69,0.68,32.57,32.57,78.74,78.74,-152.69,-152.69,85.5,85.5,79.01,79.01,64488.49,64657.97,53029.98,53169.35,76786,76988,12105.73,12074,2.38,2.38,1244.51,1241.25,1780100000000,1785000000000,21474.67,21531.1,10.23,10.23,130.89,131.51
Second Leopard Guard,13.67,13.67,44.67,44.67,15,15,1.96,1.96,30.86,30.75,38.75,38.75,1606.22,1882.97,86.33,86.33,31.5,31.5,1284.98,1280.42,1995.5,1988.41,151.17,150.64,-3.1,-3.1,-8.6,-8.25,13545.19,13497.1,4308.46,4293.16,-8.92,-8.92,-7.35,-7.35,-8.12,-12.88,-13.64,-13.64,-4.56,-4.56,-9.27,-9.27,-11.22,-11.22,-4.47,-4.47,-10.18,-10.18,5744.61,5724.21,11.92,12.04,94.48,94.15,1039.32,1035.63,2456.58,2447.85,755.87,753.19,485.41,485.41,50.94,50.94,9.76,9.76,28.6,28.6,1.7,1.7,34.31,34.31,46.97,46.97,1,1,50.99,50.99,140,150,62.57,62.57,86.47,86.47,71.71,71.86,27.52,27.52,2267.61,2259.56,71.87,71.87,40.5,40.5,37.72,38.37,57.69,56.69,20.26,20.26,91.71,91.71,3019.84,3019.84,-8,-8,64,64,62.77,61.92,944.84,941.48,792.6,883.63,0.24,0.24,26.1,26.29,9.58,9.59,15.87,15.87,860.93,936.29,1.74,1.64,27.48,27.48,52.02,52.07,-4.47,-4.47,14.83,14.83,105.16,105.16,37876.64,38024.6,26475.96,26579.39,51978,52181,944.84,941.48,2.98,2.98,0,0,1366400000000,1408800000000,23597.15,23423.15,16.81,16.81,23.92,25.57
Nova Universo Headquarters,80.67,80.67,58.22,58.22,42.67,42.67,1.5,1.5,26.38,26.23,42,42,3582.86,4188.26,20,20,180,180,-6.32,-6.32,-6.93,-6.93,-12,-12,-2.45,-2.45,-8.53,-8.38,-8.49,-8.49,-10.95,-10.95,-11.62,-11.62,1581.4,1675.31,4447.68,-3.16,-13.78,-13.78,1976.75,2094.13,3953.5,4188.26,-15.49,-15.49,2619.19,2774.72,2541.21,2692.11,0,0,13.08,13.19,1359.01,1439.72,3582.86,3795.61,2347.39,2486.78,1853.2,1963.25,119.98,119.98,66.76,66.76,12,12,34.62,34.62,29.45,29.45,5.94,5.94,50,50,3.93,3.93,50,50,189,199,62.49,62.49,92.63,92.63,79.94,80.31,18.53,18.53,2347.39,2486.78,57.18,57.18,36.67,36.67,56.97,63.02,39.57,36.77,5.63,5.63,92.89,92.89,565.11,565.11,0,0,62,62,54.67,54.15,988.37,1047.07,1052.43,1064.91,0.38,0.38,244.36,244.94,9.81,9.81,17.16,17.16,1136.7,1205.43,1.37,1.32,36.47,36.47,57.29,57.42,-88.32,-88.32,24.49,24.49,101.04,101.04,38246.22,36198.22,30888.74,29234.71,46269,43791,1482.56,1570.6,3,3,370.64,392.65,3116100000000,3326800000000,16445.88,13393.34,6.79,6.79,14.91,16.1
Talravin Island,76,76,22.75,22.75,77.33,77.33,1.63,1.63,31.15,31.04,44.28,44.28,1155.27,1380.18,27,27,164.25,164.25,-10.39,-10.39,1922.38,1913.86,-4.24,-4.24,2033.28,2024.27,948.87,944.66,-1.79,-1.79,-10.2,-10.2,-10.89,-10.89,800.99,797.44,-2.83,-10.39,-10.86,-10.86,-6.4,-6.4,677.76,674.76,2218.13,2208.3,2618.62,2607.02,128.16,127.59,0,0,11.31,11.45,1848.44,1840.25,1078.26,1073.48,462.11,460.06,539.13,536.74,8.45,8.45,61.39,61.39,14.64,14.64,44.48,44.48,35.13,35.13,2.27,2.27,51,51,1,1,50.5,50.5,152,162,61.78,61.78,90.26,90.26,71.33,71.47,25.61,25.61,1155.27,1150.15,60.26,60.26,22.75,22.75,41.62,42.33,56.16,55.16,0.74,0.74,94,94,453.17,453.17,-4,-4,64,64,51.47,51.23,539.13,536.74,934.31,1011.03,0.55,0.55,241.95,242.52,9.88,9.88,29.47,29.47,922.02,995.53,1.6,1.52,29.39,29.39,48.13,48.17,-71.06,-71.06,64.42,64.42,104.46,104.46,24336.56,24458.71,18797.27,18891.62,30618,30772,1155.27,1150.15,3.16,3.16,308.07,306.71,1498200000000,1534000000000,14212.55,14112.68,12.79,12.79,10.85,11.73
DysonsphereConstructors,80.67,80.67,48,48,42.67,42.67,1.36,1.36,27.75,27.7,42,42,3988.05,4370.51,20,20,180,180,-15.81,-15.81,-8.94,-8.94,1650.23,1638.94,770.11,764.84,-8.49,-8.49,7040.98,6992.81,-10.49,-10.49,-15,-15,-9.59,-9.59,-11.4,-15.17,-14.83,-14.83,-11.4,-11.4,-8.94,-8.94,-15.62,-15.62,-4.58,-4.58,-5.69,-5.69,1650.23,1638.94,11.87,12,1100.15,1092.63,2750.38,2731.57,1512.71,1502.36,2062.79,2048.68,119.98,119.98,73.63,73.63,12,12,32.28,32.28,29.31,29.31,6.36,6.36,51,51,3.3,3.3,50,50,186,196,61.01,61.01,78.66,78.66,76.87,76.97,21,21,2200.31,2185.25,66.83,66.83,29,29,62.57,63.21,46.71,45.71,6.35,6.35,92.81,92.81,626.74,626.74,0,0,64,64,52.56,52.3,1100.15,1092.63,1045.69,1058.8,0.4,0.4,247.73,248.3,9.52,9.52,17.16,17.16,1169.73,1237.89,1.39,1.34,34,34,54.77,54.8,-17.32,-17.32,42.43,42.43,99.76,99.76,28851.51,29063.88,24545.31,24725.99,33336,33582,1925.27,1912.1,3.41,3.41,0,0,7258300000000,7389600000000,10790.46,10695.51,5.59,5.59,15.74,17.03
Dolgavakia,60.33,60.33,81.17,81.17,65.44,65.44,1.34,1.34,20.19,20.18,50,50,12619,12854.18,47.75,47.75,31.25,31.25,-23.28,-23.28,-12.39,-12.39,-17.26,-17.26,-12.54,-12.54,-14.87,-14.6,-13.3,-13.3,-19.34,-19.34,-25.72,-25.72,-18.08,-18.08,-17.38,-20.05,-20.78,-20.78,-16.31,-16.31,-14.9,-14.9,-23.07,-23.07,-9.44,-9.44,-24.01,-24.01,0,0,29.36,29.41,5923.2,5912.92,13391.59,13368.35,6094.89,6084.31,4378.02,4370.42,355.06,355.06,74.65,74.65,21.25,21.25,25.61,25.61,63.4,63.4,1.11,1.11,53.51,53.51,10.42,10.42,53.84,53.84,458,468,83.24,83.24,117.79,117.79,91.56,91.57,10.91,10.91,7125.01,7112.65,112.84,112.84,28.75,28.75,79.37,79.32,-136.69,-136.77,0.87,0.87,93.76,93.76,710.45,710.45,3,3,81,81,43.82,43.73,2317.77,2313.75,1385.77,1391.31,0.17,0.17,53.65,53.92,8.13,8.13,16.33,16.33,2841.34,2896.35,0.65,0.64,44.09,44.09,74.4,74.4,-140.64,-140.64,60.14,60.14,109.7,109.7,73997.11,74125.76,63412.95,63523.19,84949,85097,9957.85,9940.56,1.9,1.9,2489.46,2485.14,556600000000,557500000000,15243.4,15344.03,17.22,17.22,114.45,115.3
Brunswick and Nassau,62.67,62.67,89.86,89.86,59.24,59.24,1.52,1.52,20.03,20.03,42,42,10618.06,10942.93,46,46,87.5,87.5,-15.75,-15.75,-11.59,-11.59,-13.42,-13.42,-10.33,-10.33,-11.4,-11.1,-11.45,-11.45,-12.57,-12.57,-21.7,-21.7,-17.32,-17.32,-12.57,-16.06,-16.37,-16.37,-13.34,-13.34,-12.57,-12.57,-21.28,-21.28,-2.97,-2.97,-13.95,-13.95,0,0,22.27,22.34,1312.34,1308.39,17895.61,17841.73,4772.16,4757.79,2982.6,2973.62,82.96,82.96,65.84,65.84,12,12,33.53,33.53,61.71,61.71,1.14,1.14,54.29,54.29,10.95,10.95,50,50,353,363,72.21,72.21,110.89,110.89,91.67,91.67,5.91,5.91,5368.68,5352.52,99.7,99.7,39.86,39.86,67.22,67.14,-31.32,-31.39,3.06,3.06,93.22,93.22,649.32,649.32,-4,-4,83,83,52.56,52.36,119.3,118.94,1275.27,1281.67,0.2,0.2,72.34,72.65,8.14,8.15,17.37,17.37,2257.17,2314.99,0.78,0.77,49.09,49.09,75.95,75.95,-133.42,-133.42,81.78,81.78,106.18,106.18,59174.8,59353.48,47440.78,47584.03,72053,72271,10975.97,10942.93,2.21,2.21,954.43,951.56,1231000000000,1234500000000,19409.33,19527.3,6.82,6.82,111.22,112.18
Deleted One More Time,66.11,66.11,85.86,85.86,59.05,59.05,1.55,1.55,19.78,19.77,30.24,30.24,13832.03,14062.82,41.83,41.83,140.75,140.75,-25.57,-25.57,-14.25,-14.25,-16.55,-16.55,-12.59,-12.59,-17.06,-16.83,-14.06,-14.06,-13.71,-13.71,-22.98,-22.98,-20.12,-20.12,-19.6,-22,-23.32,-23.32,-17.12,-17.12,-17.15,-17.15,-24.86,-24.86,-7.47,-7.47,-21.27,-21.27,0,0,30.79,30.84,9024.55,9010.31,14759.78,14736.49,11807.83,11789.19,2698.93,2694.67,37.24,37.24,64.31,64.31,1.23,1.23,39.88,39.88,85.61,85.61,0.88,0.88,50,50,9.73,9.73,46.62,46.62,455,465,95.65,95.65,130.3,130.3,91.85,91.85,6.57,6.57,11217.44,11199.73,54.77,54.77,41.86,41.86,84.14,84.09,-177.66,-177.74,0.67,0.67,94.34,94.34,599.74,599.74,-5,-5,119,119,42.75,42.66,1012.1,1010.5,1524.57,1529.43,0.16,0.16,103.84,104.22,8.32,8.32,17.74,17.74,3355.94,3409.08,0.54,0.53,48.43,48.43,77.91,77.91,-181.32,-181.32,115.55,115.55,101.45,101.45,79955.86,80082.28,63305.5,63405.58,98431,98587,10880.07,10862.9,1.71,1.71,1518.15,1515.75,620300000000,621400000000,12712.98,12733.08,22.47,22.47,145.47,146
Emini,75.17,75.17,26.25,26.25,77.33,77.33,1.62,1.62,30.47,30.37,45.83,45.83,326.36,487.18,28.25,28.25,162,162,1000.84,996.02,3279.28,3793.53,3307.13,3291.19,1087.87,1082.63,1131.39,1255.85,2831.94,4018.72,91.38,90.94,707.12,703.71,609.21,606.27,1653.56,-4.9,-7.35,-7.35,-2.28,-2.28,2523.86,2511.7,3307.13,3291.19,3220.1,3204.58,670.13,666.9,4399.35,4378.15,13.96,14.07,1849.38,1840.47,924.69,920.24,271.97,270.66,707.12,703.71,1207.99,1207.99,61.76,61.76,18.02,18.02,40.8,40.8,37.01,37.01,2.06,2.06,52.16,52.16,1,1,53.38,53.38,103,113,65.94,65.94,96.16,96.16,72.25,72.39,25.43,25.43,979.08,974.37,74.94,74.94,-77.75,-77.75,33.94,34.31,52.49,51.69,0.73,0.73,94.04,94.04,465.52,465.52,-8,-8,67,67,77.28,77.19,598.33,595.45,804.45,896.09,0.42,0.42,241.23,241.8,9.81,9.76,12.56,12.56,526.48,628.31,1.73,1.63,29.57,29.57,49.74,49.79,62.85,62.85,60.42,60.42,108.45,108.45,39051.06,39240.13,30259.72,30406.22,48992,49230,1142.26,1136.76,2.56,2.56,435.15,433.05,20700000000,21700000000,25812.75,25780.76,12.31,12.31,13.65,15.84
Neyshon13,48,48,49.67,49.67,64.44,64.44,3,3,31.42,31.42,40.78,40.78,1425.16,1425.16,57,57,96.75,96.75,-2,-2,-1.79,-1.79,-2,-2,2806.48,2806.48,-1.77,-1.77,4630.69,4630.69,-3.16,-3.16,-1.73,-1.73,2061.01,2061.01,-6.63,-6.63,701.62,701.62,798.09,798.09,4209.72,4209.72,263.11,263.11,-1.67,-1.67,5685.03,5685.03,0,0,10.77,10.77,877.02,877.02,986.65,986.65,877.02,877.02,877.02,877.02,232.05,232.05,33.35,33.35,13.62,13.62,51.73,51.73,24.39,24.39,18.13,18.13,52.16,52.16,2.93,2.93,51.96,51.96,127,127,57.2,57.2,59.12,59.12,71,71,6.63,6.63,877.02,877.02,85.3,85.3,44.25,44.25,33.66,33.66,67.65,67.65,2.22,2.22,93.37,93.37,669.36,669.36,0,0,64,64,65.97,65.97,877.02,877.02,722.6,722.6,0.29,0.29,101.61,101.61,9.84,9.84,16.71,16.71,722.72,722.72,1.84,1.84,48.37,48.37,52.83,52.83,-64.81,-64.81,63.25,63.25,101.85,101.85,37064.96,37064.96,20607.01,20607.01,61798,61798,1315.54,1315.54,9.85,9.85,877.02,877.02,3190900000000,3194500000000,24574.07,24574.07,4.29,4.29,15.68,15.68
Pretty Guardian,97,97,66.67,66.67,97,97,102.81,102.81,85.35,85.35,42,42,-4.47,-4.47,3,3,218.25,218.25,-5.48,-5.48,840.82,840.82,3281.25,3281.25,-4.47,-4.47,-6.32,-6.32,1702.15,1702.15,-6.32,-6.32,-6.28,-6.28,1640.62,1640.62,-5.48,-5.48,-7.75,-7.75,-6.32,-6.32,-8.37,-8.37,4921.87,4921.87,-7.07,-7.07,-4.47,-4.47,3281.25,3281.25,5.29,5.29,820.31,820.31,820.31,820.31,205.08,205.08,-4.47,-4.47,95.92,95.92,0.97,0.97,12,12,107.14,107.14,37.84,37.84,1.98,1.98,50,50,1,1,50,50,100,100,38.58,38.58,16.97,16.97,61.69,61.69,47.51,47.51,1435.55,1435.55,28.19,28.19,97,97,13.33,13.33,104.73,104.73,1.06,1.06,93.67,93.67,2.2,2.2,0,0,64,64,75.22,75.22,615.23,615.23,100.75,100.75,3.94,3.94,371.37,371.37,14.88,14.88,17.29,17.29,502.18,502.18,113.69,113.69,7.49,7.49,51.42,51.42,53.39,53.39,-29.15,-29.15,97.83,97.83,25675.76,25675.76,1609.53,1609.53,165483,165483,615.23,615.23,20.69,20.69,-6.32,-6.32,26000000000,26400000000,22260.89,22260.89,3.19,3.19,29.32,29.32
A T-14 Armata,63.33,63.33,6.75,6.75,11,11,1.14,1.14,32.32,32.18,39.43,39.43,1232.66,1339.64,45.5,45.5,123.75,123.75,-11.92,-11.92,-3.1,-3.1,537.89,535.86,-5.48,-5.48,-3.63,-3.63,1147.5,1143.16,-4.9,-4.9,-7.35,-7.35,-11.49,-11.49,-1.41,-10.1,268.94,267.93,268.94,267.93,-10.1,-10.1,-5.66,-5.66,-7.48,-7.48,-12.82,-12.82,537.89,535.86,18,18.08,859.13,855.88,1083.25,1079.16,1680.9,1674.55,784.42,781.46,8.25,8.25,87.42,87.42,8.98,8.98,13.77,13.77,16.43,16.43,26.64,26.64,51.62,51.62,1,1,50,50,142,152,69.07,69.07,102.91,102.91,69.94,70.09,29.57,29.57,1195.31,1190.79,90.46,90.46,-93.25,-93.25,75.5,75.64,-19.31,-20.31,23.15,23.15,91.52,91.52,2785.76,2785.76,0,0,68,68,75.01,74.91,971.19,967.52,1050.31,1062.98,0.24,0.24,70.68,70.99,9.53,9.53,30.62,30.62,920.47,994.02,1.38,1.33,25.43,25.43,44.46,44.51,46.9,46.9,-20,-20,98.83,98.83,14744.14,14800.06,13735.52,13787.62,15713,15773,971.19,967.52,2.35,2.35,522.95,520.97,54800000000,55400000000,3612.31,3611.21,8.42,8.42,9.41,10.11
Erdholt,55.67,55.67,68,68,76.67,76.67,5.62,5.62,31.66,31.46,44.28,44.28,-6.32,-3.16,51.25,51.25,110.25,110.25,1431.69,1378.38,-2.19,-1.79,5664.52,5453.58,4481.82,4314.92,1991.92,2097.53,-6.2,-3.1,5913.51,5693.3,4193.61,5565.65,2552.15,2457.11,809.22,-8.6,5477.78,5273.79,3548.11,3415.98,3921.59,3775.56,6411.49,6172.74,5010.92,4824.32,4983.3,4797.72,13009.73,12525.26,9.7,9.7,933.71,898.94,466.86,449.47,778.09,749.12,77.81,74.91,1819.66,1819.66,17.8,17.8,15.9,15.9,67.48,67.48,32.42,32.42,2.78,2.78,50,50,1,1,51.96,51.96,93,103,61.47,61.47,90.34,90.34,70.69,70.94,12.63,12.63,778.09,749.12,66.69,66.69,61,61,8.19,7.63,107.63,111.1,0.73,0.73,94.04,94.04,366.59,366.59,-8,-8,67,67,71.16,71.18,233.43,224.74,633.99,838.61,0.37,0.37,90.76,91.1,13.65,12.21,10.06,10.06,319.18,527.19,1.99,1.69,42.37,42.37,55.95,56.03,36.06,36.06,88.32,88.32,104.81,104.81,68568.49,71220.57,26949.8,27992.16,151394,157249,622.47,599.29,3.25,3.25,77.81,74.91,20100000000,21100000000,62945.87,65807.81,13.37,13.37,20.5,23.59
Neyshon14,69.56,69.56,49.67,49.67,64.44,64.44,3,3,35.16,35.16,41.43,41.43,997.5,997.5,36.67,36.67,184,184,0,0,2052.01,2052.01,1140.01,1140.01,-3.74,-3.74,0,0,0,0,1824.01,1824.01,0,0,0,0,2280.01,2280.01,0,0,399,399,0,0,2280.01,2280.01,0,0,4126.82,4126.82,2964.01,2964.01,9.8,9.8,997.5,997.5,855,855,997.5,997.5,997.5,997.5,152.93,152.93,33.35,33.35,12,12,51.43,51.43,25.93,25.93,15.75,15.75,52.16,52.16,0.8,0.8,50.5,50.5,108,108,56.31,56.31,53.49,53.49,67.32,67.32,8.74,8.74,997.5,997.5,65.08,65.08,44.25,44.25,42.01,42.01,68.56,68.56,2.22,2.22,93.37,93.37,507.29,507.29,0,0,64,64,65.88,65.88,997.5,997.5,507.72,507.72,0.42,0.42,186.27,186.27,11.36,11.36,17.01,17.01,597.96,597.96,2.33,2.33,46.26,46.26,51.08,51.08,34.64,34.64,-14.14,-14.14,101.45,101.45,28921.93,28921.93,16079.73,16079.73,48221,48221,1710.01,1710.01,11.09,11.09,997.5,997.5,4669000000000,4675200000000,16774.72,16774.72,2.68,2.68,12.01,12.01
Moth Legionary 5,61.33,61.33,57.33,57.33,57.33,57.33,3.61,3.61,32.92,32.73,42,42,116.23,481.17,47,47,119.25,119.25,4649.34,4811.74,2231.68,3351.37,-6.32,-6.32,0,0,-4.9,-4.24,-8.94,-4.59,1859.74,1924.69,-7.07,-5.48,-5.48,-5.48,7903.88,3368.22,-4.47,-4.47,2324.67,2405.87,4184.41,4330.56,-8.37,-8.37,2324.67,2405.87,-4.69,-4.69,6509.08,6736.43,9.22,9.38,1046.1,1082.64,1046.1,1082.64,1394.8,1443.52,348.7,360.88,119.98,119.98,27.72,27.72,12,12,51.46,51.46,23.77,23.77,18.98,18.98,50,50,1,1,50,50,94,104,56.63,56.63,55.98,55.98,69.3,69.5,1.56,1.56,1394.8,1443.52,60.88,60.88,50,50,23.44,26.03,80.73,78.49,3.5,3.5,93.16,93.16,586.18,586.18,0,0,64,64,67.92,67.58,929.87,962.35,446.51,526.49,0.35,0.35,137.53,137.96,11.55,10.94,17.16,17.16,357.84,548.62,2.61,2.27,53.44,53.44,52.64,52.71,-48.99,-48.99,20,20,100.2,100.2,38705.78,37418.46,19449.18,18802.31,70174,67840,929.87,962.35,10.66,10.66,116.23,120.29,224800000000,235400000000,29648.63,27689.66,6.95,6.95,11.16,13.17
PuppyCat,3,3,3,3,3,3,1.06,1.06,37.48,37.48,42,42,170.38,170.38,97,97,6.75,6.75,0,0,444.93,444.93,-9.49,-9.49,0,0,-9.49,-9.49,653.28,653.28,486.8,486.8,889.86,889.86,584.15,584.15,584.15,584.15,-3.16,-3.16,-10,-10,584.15,584.15,778.87,778.87,-9.49,-9.49,-9.8,-9.8,486.8,486.8,12.04,12.04,316.42,316.42,316.42,316.42,535.48,535.48,170.38,170.38,141.46,141.46,94.4,94.4,12,12,11.23,11.23,0.95,0.95,39.05,39.05,50,50,1,1,50,50,100,100,64.21,64.21,81.54,81.54,65.79,65.79,47.59,47.59,389.44,389.44,107.41,107.41,-97,-97,40.22,40.22,49.28,49.28,28.66,28.66,91.19,91.19,12121.34,12121.34,0,0,64,64,75.37,75.37,292.08,292.08,473.69,473.69,0.19,0.19,10.44,10.44,9.51,9.51,17.06,17.06,531.08,531.08,2.47,2.47,7.41,7.41,41.42,41.42,-71.41,-71.41,24.49,24.49,101.85,101.85,10093.22,10093.22,9791.93,9791.93,10372,10372,292.08,292.08,2.74,2.74,121.7,121.7,287900000000,290200000000,6035.75,6035.75,9.37,9.37,7.59,7.59
Crowncity,64.5,64.5,27,27,36,36,1.8,1.8,30.94,30.84,45.34,45.34,539.47,733.25,44.25,44.25,126,126,2103.94,2079.76,1192.5,1215.86,1025,1013.21,-10.1,-10.1,-4.69,-4,9349.86,11282.14,-6.45,-6.45,-1.22,-1.22,-7.21,-7.21,1564.47,-6.48,-4.69,-4.69,-6.16,-6.16,1025,1013.21,-5.66,-5.66,-6.48,-6.48,-7.16,-7.16,3128.94,3092.97,13.71,13.82,1483.55,1466.49,1281.25,1266.52,1483.55,1466.49,539.47,533.27,501.72,501.72,55.42,55.42,15.9,15.9,30.39,30.39,21.62,21.62,21.62,21.62,50,50,1,1,50.99,50.99,102,112,63.34,63.34,91.84,91.84,71.6,71.73,15.52,15.52,1078.94,1066.54,96.86,96.86,27,27,46.13,46.14,41.88,41.28,8.82,8.82,92.57,92.57,910.93,910.93,0,0,64,64,52.31,52.08,876.64,866.56,625.55,719.39,0.27,0.27,100.77,101.13,9.54,9.46,15.8,15.8,533.43,633.66,2.01,1.84,39.48,39.48,49.18,49.22,78.1,78.1,-64.81,-64.81,102.62,102.62,31581.78,31949.04,23097.12,23365.72,41673,42158,1213.81,1199.86,2.85,2.85,606.91,599.93,1000000000,1200000000,17022.58,17220.54,7.4,7.4,12.04,13.94
Hello Boys,75.56,75.56,25,25,64.67,64.67,1.72,1.72,31.02,30.91,42,42,1215.65,1469.19,27.67,27.67,164.25,164.25,-4.24,-4.24,-6.2,-6.2,-4.24,-4.24,4167.96,4148.29,408.46,406.53,-4.38,-4.38,-10.39,-10.39,86.83,86.42,-8.6,-8.6,-11.31,-15.1,-2.83,-2.83,3542.76,3526.05,2500.77,2488.98,-12.96,-12.96,2709.17,2696.39,-6.45,-6.45,0,0,10.44,10.58,781.49,777.8,1562.98,1555.61,781.49,777.8,434.16,432.11,119.98,119.98,58.28,58.28,12,12,39.37,39.37,32.15,32.15,2.86,2.86,50,50,2.52,2.52,50,50,136,146,57.91,57.91,67.1,67.1,71.5,71.64,18.32,18.32,781.49,777.8,66.4,66.4,25,25,38.51,39.28,62.23,61.23,2.15,2.15,93.38,93.38,583.53,583.53,0,0,64,64,53.62,53.31,694.66,691.38,635.27,717.18,0.44,0.44,221.86,222.4,9.78,9.78,17.16,17.16,823.01,899.69,1.99,1.85,36.68,36.68,48.55,48.6,-87.75,-87.75,82.46,82.46,100.2,100.2,24339.49,24483.91,18284.89,18393.39,31374,31560,1041.99,1037.07,8.75,8.75,86.83,86.42,3616900000000,3711500000000,14968.78,14861.73,5.45,5.45,10.05,10.83
Desolous,65.22,65.22,63.56,63.56,29.78,29.78,1.59,1.59,26.02,25.93,40.78,40.78,2886.32,3350.69,43.17,43.17,128.25,128.25,-11.58,-11.58,3516.87,3660.34,1420.96,1478.93,-1.55,-1.55,1566.61,1630.52,-9.03,-9.03,5328.59,5545.97,-12.06,-12.06,399.64,415.95,3818.82,-3.74,-10.2,-10.2,2486.68,2588.12,-2,-2,-9.7,-9.7,3197.15,3327.58,497.34,517.62,6749.55,7024.9,12.96,13.08,-5.48,-5.48,3663.41,3812.85,3108.34,3235.15,1332.15,1386.49,919.19,919.19,62.95,62.95,10.55,10.55,32.43,32.43,23.2,23.2,19.73,19.73,50,50,4.48,4.48,50,50,196,206,65.52,65.52,99.31,99.31,80.87,81.09,12.72,12.72,2220.25,2310.82,49.24,49.24,40.67,40.67,45.26,48.98,46.44,43.72,9.58,9.58,92.5,92.5,813.44,813.44,-4,-4,62,62,63.38,62.39,555.06,577.71,1095.62,1105.52,0.35,0.35,41.38,41.62,9.76,9.76,13.87,13.87,1159.26,1227.59,1.2,1.17,42.28,42.28,58.26,58.33,31.14,31.14,25.1,25.1,97.83,97.83,45358.74,43581.16,35504.69,34113.28,56403,54193,777.09,808.79,2.6,2.6,-6.32,-6.32,3039700000000,2927000000000,24811.23,22226.39,14.04,14.04,17.09,18.47
Keobia,64.27,64.27,51.11,51.11,65.33,65.33,1.84,1.84,27.68,27.59,43.68,43.68,2147.33,2549.27,44.6,44.6,126,126,-3.74,-3.74,-5.93,-5.93,5605.67,5747.44,379.74,389.34,-4.33,-4.33,-7.04,-7.04,3706.98,3800.73,-1.73,-1.73,-8.83,-8.83,2079.52,-7.35,-7.35,-7.35,-4.27,-4.27,-6.63,-6.63,-11.58,-11.58,-5.39,-5.39,4089.65,4193.08,9312.65,9548.16,10.95,11.09,1469.23,1506.38,2260.35,2317.52,1243.19,1274.63,904.14,927.01,457.39,457.39,54.49,54.49,14.64,14.64,46.8,46.8,25.88,25.88,15.84,15.84,51.62,51.62,3.3,3.3,50.99,50.99,169,179,62.57,62.57,91.11,91.11,77,77.19,8.21,8.21,1469.23,1506.38,66.11,66.11,39.33,39.33,37.4,39.91,61.72,59.8,1.81,1.81,93.45,93.45,596.33,596.33,-8,-8,68,68,58.49,57.32,565.09,579.38,1069.4,1080.62,0.37,0.37,66.65,66.95,9.73,9.73,15.99,15.99,1015.17,1086.34,1.3,1.26,46.79,46.79,54.89,54.95,71.27,71.27,33.47,33.47,98.83,98.83,36692.95,35836.43,26591.74,25971.01,48802,47663,1356.21,1390.51,2.99,2.99,0,0,1504500000000,1591300000000,22969.79,21537.69,12.69,12.69,21.6,23.26
Baritone Saxophone,83.25,83.25,76.67,76.67,76,76,11.28,11.28,34.24,34,43,43,-4.47,87.86,16.75,16.75,189,189,2249.68,2178.85,3530.19,4301.46,2830.25,2741.13,3338.24,3233.13,3846.23,3935.98,1011.27,2361.59,-3.16,-3.16,870.84,1405.71,435.42,421.71,2975.39,-4.24,72.57,70.29,4390.51,4252.26,4789.65,4638.83,4789.65,4638.83,7293.32,7063.68,8263.11,8002.92,5079.93,4919.98,8.77,8.83,1088.56,1054.28,634.99,615,453.56,439.28,181.43,175.71,1173.68,1173.68,8.87,8.87,16.29,16.29,75.81,75.81,37.31,37.31,2.03,2.03,48.6,48.6,1,1,53.38,53.38,104,114,52.98,52.98,39.3,39.3,68.07,68.28,27.33,27.33,997.84,966.42,47.29,47.29,74,74,7.85,7.51,110.28,112.33,0.74,0.74,94,94,131.97,131.97,0,0,67,67,72.58,72.54,272.14,263.57,366.54,504.66,1.4,1.4,315.38,316.03,13.66,12.37,12.71,12.71,456.31,593.36,3.24,2.35,27.67,27.67,57.56,57.63,-33.17,-33.17,70.71,70.71,98.34,98.34,66640.33,68806.79,17571.83,18143.08,198144,204586,725.7,702.85,14.54,14.54,90.71,87.86,61800000000,64200000000,61375.74,63646.28,6.67,6.67,23.75,27.14
Butterfly Ballot,72,72,83.83,83.83,59.67,59.67,1.42,1.42,20.81,20.81,40.78,40.78,9998.25,10318.68,33,33,174.75,174.75,-16,-16,-10.43,-10.43,-13.19,-13.19,-9.98,-9.98,-8.19,-8.19,-11.93,-11.93,-13.49,-13.49,-23.01,-23.01,-9.17,-9.17,-11.22,-15.03,-16.31,-16.31,-7,-7,-10.77,-10.77,-19.47,-19.47,1908.37,1902.39,-15.98,-15.98,0,0,21.45,21.52,1529.14,1524.35,14703.3,14657.21,5293.19,5276.6,3411.17,3400.47,190.3,190.3,70.55,70.55,11.33,11.33,31.84,31.84,57.72,57.72,1.21,1.21,48.6,48.6,8.85,8.85,50.5,50.5,333,343,73.4,73.4,111.95,111.95,91.17,91.17,12.31,12.31,3646.42,3634.99,87.43,87.43,33.83,33.83,83.75,83.86,-64.55,-65.55,1.29,1.29,93.59,93.59,589.51,589.51,0,0,80,80,48.71,48.53,470.51,469.03,1272.57,1279,0.24,0.24,70.45,70.75,8.84,8.84,16.86,16.86,2173.21,2231.53,0.78,0.77,42.69,42.69,73.71,73.71,-109.18,-109.18,56.75,56.75,102.24,102.24,56016.53,56192.7,46587.55,46734.06,66035,66243,8704.36,8677.07,2.16,2.16,1411.52,1407.09,1219800000000,1224700000000,9130.69,9047.03,9.84,9.84,90.59,94.28
Jivs,54,54,41.67,41.67,32,32,2.49,2.49,32.47,32.32,40.78,40.78,433.84,766.29,52.5,52.5,108,108,-9.49,-9.49,-5.5,-4.9,-6.32,-6.32,2082.43,2101.82,-3.74,-3.74,1696.31,2802.43,-8.12,-8.12,-8.4,-7.25,1952.28,1970.46,3470.71,-4.47,-6.32,-6.32,607.37,613.03,-7.75,-7.75,3036.87,3065.16,-2.65,-2.65,-5.94,-5.94,0,0,11.18,11.31,650.76,656.82,1084.6,1094.7,1952.28,1970.46,650.76,656.82,485.41,485.41,40.24,40.24,12,12,36.37,36.37,19.46,19.46,23.91,23.91,50,50,1,1,50.99,50.99,98,108,60.75,60.75,76.36,76.36,69.77,69.94,11.66,11.66,1952.28,1970.46,66.81,66.81,38.25,38.25,42.23,43.95,60.1,58.68,10.71,10.71,92.4,92.4,910.93,910.93,-8,-8,64,64,63.89,63.27,1084.6,1094.7,572.28,677.46,0.33,0.33,81.27,81.6,9.98,9.92,15.87,15.87,497.66,609.95,2.13,1.91,43.34,43.34,50.92,50.98,-71.41,-71.41,55.68,55.68,106.84,106.84,31245.09,30958.12,19236.72,19060.03,47806,47366,1084.6,1094.7,3.52,3.52,433.84,437.88,113900000000,114800000000,18059.66,17367.5,14.1,14.1,11.18,12.65
Abbylandiaa,61.67,61.67,67,67,45.33,45.33,5.31,5.31,34.74,34.52,43,43,119.55,491.19,46.75,46.75,121.5,121.5,-3.74,-3.74,994.68,1532.52,1243.35,1277.1,2869.28,2947.16,1243.35,1571.82,-2.53,-1.26,1625.92,1670.06,2008.49,3438.36,-3.74,-3.74,5547.27,785.91,4112.63,4224.27,200.85,206.3,6981.9,7171.43,2199.78,2259.49,-1.67,-1.67,-2.28,-2.28,2869.28,2947.16,8.72,8.89,358.66,368.4,956.43,982.39,1434.64,1473.58,478.21,491.19,468.75,468.75,18.82,18.82,14.16,14.16,50.66,50.66,21.31,21.31,21.97,21.97,50,50,1,1,50.99,50.99,99,109,53.86,53.86,37.64,37.64,67.66,67.83,7.83,7.83,956.43,982.39,63.91,63.91,59.5,59.5,17.53,19.56,88.58,86.46,6.35,6.35,92.81,92.81,580.22,580.22,0,0,64,64,70.23,69.97,836.87,859.59,324.58,425,0.4,0.4,87.47,87.81,13,12.41,15.95,15.95,430.78,582.68,3.9,2.74,47.17,47.17,54.2,54.26,-45.28,-45.28,57.88,57.88,99.76,99.76,44139.02,42974.53,17897.16,17425,95101,92592,597.77,613.99,13.78,13.78,119.55,122.8,156300000000,154900000000,36414.69,34551.53,6.29,6.29,14.97,16.77
Skibidie,72.27,72.27,79.33,79.33,76.67,76.67,14.87,14.87,47.19,41.64,41.43,41.43,-6.32,-3.16,32.6,32.6,153,153,1570.27,1426.27,6201.25,6642.84,-6.93,-6.93,1483.03,1347.03,4972.51,4754.22,2377.65,5190.42,-7.87,-7.87,5161.82,6709,3315.01,3011.01,3751.19,-3.74,7240.68,6576.67,-4.27,-4.27,-4.9,-4.9,7240.68,6576.67,1788.36,1624.36,-1.25,-1.25,1570.27,1426.27,6.08,6.08,-4.47,-4.47,218.09,198.09,327.14,297.14,0,0,905.7,905.7,6.73,6.73,14.16,14.16,82.54,82.54,31.16,31.16,3.2,3.2,50,50,1,1,51.96,51.96,97,107,48.76,48.76,27.89,27.89,64.44,65.01,23.67,23.67,436.19,396.19,50.14,50.14,78,78,6.46,5.56,116.07,121.61,0.74,0.74,94,94,176.23,176.23,0,0,67,67,73.86,73.95,218.09,198.09,302.7,487.42,0.94,0.94,119.27,119.67,14.49,12.11,13.93,13.93,374.84,557.15,4.5,2.41,31.33,31.33,57.01,57.2,-66.33,-66.33,44.72,44.72,97.28,97.28,56960.57,62711.35,12752.37,14039.85,189585,208726,218.09,198.09,16.78,16.78,-4.47,-4.47,127700000000,141800000000,53258.13,59199.52,4.64,4.64,28.23,33.85
Biggie Cats,81.17,81.17,70.83,70.83,86,86,7,7,36.42,36.07,43.68,43.68,-6.32,-3.16,19.25,19.25,182.25,182.25,782.29,754.52,4568.13,5432.56,1016.98,980.88,-6.78,-6.78,3476.84,3604.94,4316.93,7243.41,3650.68,3521.1,2704.11,3563.02,4693.73,4527.13,1651.5,-7.87,3824.52,3688.77,5867.17,5658.91,-7.87,-7.87,2955.31,2850.42,4215.67,4066.04,-2.28,-2.28,5449.95,5256.5,5.66,5.66,1195.16,1152.74,434.6,419.18,0,0,108.65,104.79,19.47,19.47,14.28,14.28,14.16,14.16,79.72,79.72,35.21,35.21,2.26,2.26,52.16,52.16,1,1,50.5,50.5,100,110,49.13,49.13,30.15,30.15,66.44,66.67,27.85,27.85,651.91,628.77,35.54,35.54,65.25,65.25,6.81,6.51,112.22,114,0.74,0.74,94,94,125.43,125.43,0,0,68,68,71.71,71.66,217.3,209.59,231.24,305.2,1.73,1.73,285.66,286.28,13.91,12.91,18.01,18.01,473.4,600.27,58.96,4.42,27.15,27.15,54.56,54.64,57.62,57.62,-46.37,-46.37,85.53,85.53,51459.84,53353.09,17857.33,18514.32,125074,129676,543.26,523.97,16.62,16.62,-6.32,-6.32,188700000000,196900000000,47960.57,49885.14,1.79,1.79,21.78,25.83
Petalumadom,77.33,77.33,100.13,100.13,91.29,91.29,1.58,1.58,227.19,226.51,11.18,11.18,-33.47,-33.02,25,25,214.75,214.75,850.75,858.03,3725.38,3757.28,-12.18,-12.18,19370.19,19536.04,5122.4,5342.38,-33.75,-33.75,31665.74,31936.86,-19.43,-19.43,-3.94,-3.94,11597.04,9438.36,14955.25,15083.3,7141.81,7202.96,3313.44,3341.81,523.88,528.37,33143.35,33427.13,7622.7,7687.97,32516.48,32794.9,23.09,23.09,-21.91,-21.91,4869.41,4911.11,-18.44,-18.44,4253.74,4290.16,791.5,791.5,63.36,63.36,0.3,0.3,126.1,126.1,111.99,111.99,0.73,0.73,59.25,59.25,0.39,0.39,51.48,51.48,-416,-406,3.89,3.89,4.01,4.01,28.33,28.36,25.26,25.26,14664.21,14789.77,3.24,3.24,43.12,43.12,19.43,20.19,77.06,75.21,11.7,11.7,92.32,92.32,222.61,222.61,47,47,151,151,57.78,56.87,-16.73,-16.73,13.14,13.26,16.89,16.89,374.03,374.73,50.48,50.51,14.47,14.47,2.78,2.85,424.16,418.5,29.74,29.74,70.7,70.71,-323.51,-323.51,305.06,305.06,19.85,19.85,168864.07,168228.07,132633.91,132134.36,209349,208561,6044.79,6096.55,55.94,55.94,-23.87,-23.87,1.3184098e+15,1.3503561e+15,136104.44,134246,12.77,12.77,17.53,18.81
Titanica,69.28,69.28,100.4,100.4,54.86,54.86,1.34,1.34,25.11,25.08,14.91,14.91,10020.77,10250.42,37.08,37.08,131.75,131.75,39371.94,39322.85,-16.3,-16.3,-18.49,-18.49,-13.46,-13.46,-10.04,-9.83,-15.9,-15.9,-5.42,-5.42,-24.68,-24.68,-11.22,-11.22,-24.12,-26.12,-14.56,-14.56,-18.71,-18.71,-16.49,-16.49,-25,-25,6446.27,6438.23,-26.26,-26.26,39371.94,39322.85,25.18,25.24,3636.57,3632.04,3232.51,3228.48,9051.02,9039.74,14546.28,14528.15,1923.71,1923.71,74.68,74.68,0.71,0.71,42.37,42.37,63.29,63.29,1.11,1.11,76.85,76.85,0.46,0.46,52.91,52.91,515,525,75.75,75.75,123.88,123.88,83.4,83.49,12.93,12.93,727.31,726.41,9.15,9.15,28.71,28.71,77.49,77.63,-95.87,-96.87,1.28,1.28,93.59,93.59,696.41,696.41,0,0,104,104,43.21,43.09,-27.02,-27.02,1428.58,1433.89,0.26,0.26,167.7,168.17,25.36,25.39,9.68,9.68,3504.69,3557.36,0.61,0.6,42.07,42.07,86.02,86.06,-148.79,-148.79,-3.97,-3.97,13.36,13.36,97053.44,97174.59,83188.66,83292.5,111397,111536,4848.76,4842.72,2.08,2.08,-24.9,-24.9,1860600000000,1863800000000,21837.02,21767.11,0.32,0.32,121,121.76
Fleeb,63.78,63.78,98.54,98.54,66.38,66.38,1.56,1.56,19.75,19.75,12.59,12.59,12027.4,12286.49,45.17,45.17,63.75,63.75,-34.79,-34.79,-15.23,-15.23,-15.2,-15.2,-8.12,-8.12,0,0,-15.62,-15.62,-15.87,-15.87,-18.17,-18.17,-26.83,-26.83,-19.75,-22.14,-13.42,-13.42,-22.83,-22.83,-18.71,-18.71,-18.14,-18.14,-10.84,-10.84,-25.45,-25.45,0,0,29.88,29.93,5034.73,5026.29,11095.05,11076.46,16595.95,16568.15,839.12,837.72,4388.24,4388.24,64.1,64.1,0.49,0.49,73.17,73.17,94.76,94.76,0.82,0.82,67.36,67.36,13.24,13.24,61.83,61.83,559,569,98.01,98.01,135.27,135.27,91.86,91.87,8.05,8.05,11840.93,11821.09,6.47,6.47,42.14,42.14,73.41,73.36,-88.22,-88.22,11.6,11.6,92.33,92.33,566.04,566.04,-31,-31,144,144,48.5,48.37,2890.31,2885.46,1584.53,1589.18,0.18,0.18,116.08,116.47,7.45,7.45,3.61,3.61,3669.07,3721.26,0.5,0.5,46.95,46.95,93.09,93.1,-193.29,-193.29,148.61,148.61,11.06,11.06,83259.48,83399.21,65802.8,65913.24,102660,102833,12493.58,12472.65,1.69,1.69,-23.24,-23.24,568900000000,570000000000,22147.02,22184.19,0.56,0.56,162.38,162.89
Burdestahn,65.83,65.83,66.67,66.67,76,76,5.62,5.62,31.24,31.13,44.28,44.28,-5.48,0,42.25,42.25,130.5,130.5,4124.18,4159.47,4473.02,4991.37,5498.91,5545.96,1305.99,1317.17,4880.29,5130.02,549.89,554.6,240.58,242.64,0,0,1202.89,1213.18,1718.41,-7.07,687.36,693.25,3436.82,3466.23,6186.28,6239.21,5498.91,5545.96,2268.3,2287.71,4618.13,4657.64,9863.68,9948.07,8,8,1632.49,1646.46,773.28,779.9,429.6,433.28,-3.16,-3.16,12.64,12.64,17.8,17.8,14.16,14.16,66.95,66.95,31.6,31.6,3.03,3.03,50,50,1,1,50,50,106,116,57.92,57.92,66.69,66.69,71.21,71.36,14.46,14.46,945.13,953.21,65.26,65.26,61,61,7.46,7.57,110.76,110.15,0.74,0.74,94,94,317.87,317.87,-8,-8,64,64,70.9,70.73,171.84,173.31,545.21,621.17,0.53,0.53,84.08,84.42,12.62,12.67,18.84,18.84,550.76,647.66,2.21,2.02,40.54,40.54,56.01,56.06,72.8,72.8,51.96,51.96,105.5,105.5,61330.82,60810.52,24105.15,23900.65,135414,134265,1031.05,1039.87,8.73,8.73,-3.16,-3.16,33300000000,34000000000,56731.01,56188.92,13.21,13.21,18.23,19.82
The Multi-Continental Provinces,68.67,68.67,7,7,8,8,1.15,1.15,34.06,33.83,39.43,39.43,751.93,877.71,38,38,139.5,139.5,-5.29,-5.29,-2.53,-2.53,-2.83,-2.83,-6.32,-6.32,-8.25,-7.87,-8.47,-7.16,-4.47,-4.47,-7.14,-7.14,444,453.48,744.77,-6.93,887.99,906.96,-10.82,-10.82,744.77,760.68,-5.29,-5.29,973.93,994.73,6.87,7.02,0,0,17.52,17.61,823.54,841.14,966.76,987.42,1324.83,1353.13,751.93,767.99,9.56,9.56,87.19,87.19,11.33,11.33,12.94,12.94,23.19,23.19,19.74,19.74,53.09,53.09,1,1,51.48,51.48,101,111,67.88,67.88,97.07,97.07,68.22,68.43,32.99,32.99,1217.41,1243.42,60.6,60.6,-93,-93,72.2,73.27,-10.98,-13.02,24.66,24.66,91.43,91.43,2454.83,2454.83,-4,-4,64,64,75.47,75.38,930.96,950.85,702.43,788.43,0.33,0.33,258.14,258.72,9.76,9.74,24.09,24.09,585.48,677.4,1.87,1.75,22.01,22.01,44.6,44.67,-10,-10,-17.32,-17.32,107.82,107.82,15396.33,15074.32,14323.95,14024.37,16428,16084,1074.18,1097.13,2.42,2.42,501.29,512,1400000000,1600000000,4280.18,4024.84,13.29,13.29,7.26,7.41
Cekan,74.06,74.06,91.04,91.04,73.14,73.14,1.66,1.66,19.96,19.96,46.76,46.76,11654.1,11923.88,29.91,29.91,97.75,97.75,-16.91,-16.91,-11.17,-11.17,-14.7,-14.7,-5.25,-5.25,-15.21,-14.95,-12.43,-12.43,-17.09,-17.09,-23.33,-23.33,-8.49,-8.49,-13.27,-16.61,-16.91,-16.91,-13.56,-13.56,-13.64,-13.64,-20.07,-20.07,-1.71,-1.71,-14.85,-14.85,0,0,27.06,27.11,6071.88,6059.68,15277.64,15246.93,5092.55,5082.31,3427.68,3420.79,17.41,17.41,60.38,60.38,18.34,18.34,38.53,38.53,70.93,70.93,1.01,1.01,45.31,45.31,10.82,10.82,52.91,52.91,396,406,79.74,79.74,116.67,116.67,91.72,91.72,14.56,14.56,7540.89,7525.73,105.85,105.85,47.12,47.12,91.26,91.3,-151.21,-152.21,1.15,1.15,93.63,93.63,352.97,352.97,12,12,84,84,46.43,46.28,1762.8,1759.26,1348.74,1354.53,0.18,0.18,188.99,189.49,8.3,8.31,18.06,18.06,2524.76,2581.18,0.68,0.68,40.44,40.44,77.65,77.65,-174.19,-174.19,121.61,121.61,109.7,109.7,72871.98,73018.73,55786.95,55899.29,92398,92584,11654.1,11630.67,1.98,1.98,1958.67,1954.73,565800000000,567100000000,6339.86,6352.63,20.1,20.1,118.12,118.89
Warzone Spokane,75.67,75.67,18.33,18.33,17,17,1.29,1.29,30.59,30.48,45.83,45.83,881.1,1045.24,27.5,27.5,164.25,164.25,-2,-2,3383.44,3411.66,1160.98,1170.67,2943.92,2968.48,2280.5,2424.96,-9.88,-9.88,87.07,87.8,4561.01,4599.06,-7.35,-7.35,746.35,-8,-9.17,-9.17,684.15,689.86,124.39,125.43,-2,-2,431.22,434.82,331.71,334.48,1248.06,1258.47,15.1,15.2,1917.7,1933.69,1088.42,1097.5,984.76,992.98,673.79,679.41,8.6,8.6,77.47,77.47,15.9,15.9,17.58,17.58,29.06,29.06,7.15,7.15,52.64,52.64,1,1,50.5,50.5,121,131,65.84,65.84,86.89,86.89,72.07,72.23,29.62,29.62,984.76,992.98,84.37,84.37,-81.67,-81.67,51.04,52.37,27.85,26.25,16.94,16.94,91.93,91.93,1005.22,1005.22,0,0,64,64,76.44,76.34,777.44,783.93,838.91,932.22,0.31,0.31,245.91,246.48,9.96,9.96,28.62,28.62,748.66,828.46,1.69,1.6,25.38,25.38,48.91,48.96,-79.69,-79.69,95.66,95.66,104.1,104.1,29190.46,28963.61,25511.39,25313.14,32932,32676,1710.38,1724.65,2.57,2.57,570.13,574.88,1034200000000,1063100000000,14303.32,13786.68,3.68,3.68,10.08,10.81
Neyshon15,45.33,45.33,70.17,70.17,64.44,64.44,3,3,32.14,32.14,41.43,41.43,1227.05,1227.05,59,59,92.25,92.25,4908.2,4908.2,0,0,4908.2,4908.2,-3.74,-3.74,0,0,981.64,981.64,0,0,0,0,0,0,6135.25,6135.25,0,0,0,0,3067.63,3067.63,-5.48,-5.48,0,0,0,0,9816.41,9816.41,10.68,10.68,1227.05,1227.05,1073.67,1073.67,1227.05,1227.05,2760.86,2760.86,158.85,158.85,33.35,33.35,9.76,9.76,51.43,51.43,20.47,20.47,22.88,22.88,52.16,52.16,0.8,0.8,49.01,49.01,105,105,57.39,57.39,59.5,59.5,70.14,70.14,7.31,7.31,1227.05,1227.05,94.72,94.72,44.25,44.25,43.19,43.19,63.73,63.73,2.41,2.41,93.33,93.33,686.51,686.51,0,0,64,64,65.54,65.54,1227.05,1227.05,523.87,523.87,0.28,0.28,94.05,94.05,11.4,11.4,16.98,16.98,593.02,593.02,2.28,2.28,47.69,47.69,56.02,56.02,66.33,66.33,-20,-20,101.85,101.85,37486.41,37486.41,20841.32,20841.32,62501,62501,1227.05,1227.05,9.57,9.57,1227.05,1227.05,7220800000000,7228200000000,21292.28,21292.28,4.5,4.5,11.74,11.74
Zulankan Peoples Militia,78.22,78.22,35.78,35.78,64.67,64.67,1.22,1.22,24.71,24.66,43,43,3248.54,3512.11,23.67,23.67,173.25,173.25,-12.65,-12.65,-4,-4,-8.25,-8.25,-4.24,-4.24,866.28,917.83,-9.38,-9.38,-10.1,-10.1,-9.49,-9.49,-5.48,-5.48,928.15,-8.37,-9.49,-9.49,618.77,624.38,-5.48,-5.48,-14.39,-14.39,1237.54,1248.75,-6.99,-6.99,0,0,20.62,20.69,5104.85,5151.1,4486.08,4526.72,2165.69,2185.31,2243.04,2263.36,15.84,15.84,82.12,82.12,13,13,32.63,32.63,38.24,38.24,1.95,1.95,50,50,4.48,4.48,50,50,192,202,71.49,71.49,105.85,105.85,84.64,84.8,21.41,21.41,2784.46,2809.69,82.51,82.51,-80.17,-80.17,80.85,81.54,-51.67,-53.24,1.65,1.65,93.49,93.49,592.85,592.85,0,0,60,60,76.61,76.52,1701.62,1717.03,1104.03,1113.6,0.28,0.28,283.09,283.7,9.63,9.63,18.11,18.11,1195.26,1262.99,1.17,1.14,33.59,33.59,56.98,57.03,-71.76,-71.76,41.83,41.83,107.5,107.5,36522.9,36195.05,32919.06,32623.57,40088,39728,2861.81,2887.74,2.24,2.24,1624.27,1638.99,665700000000,661100000000,6975.87,6696.08,9.12,9.12,10.25,11.04
Roguelite,96,96,70.67,70.67,52,52,80.76,80.76,63.92,63.92,42,42,0,0,4,4,216,216,1557.6,1557.6,2466.2,2466.2,3634.39,3634.39,519.2,519.2,2076.8,2076.8,3764.19,3764.19,3634.39,3634.39,-6.71,-6.71,3634.39,3634.39,2076.8,2076.8,3115.2,3115.2,-5.48,-5.48,-5.48,-5.48,-7.07,-7.07,-7.75,-7.75,-2,-2,8826.39,8826.39,7.14,7.14,778.8,778.8,778.8,778.8,1168.2,1168.2,0,0,105.17,105.17,1.24,1.24,12,12,68.2,68.2,29.47,29.47,5.86,5.86,50,50,1,1,50,50,100,100,40.79,40.79,14.35,14.35,63.1,63.1,32.19,32.19,1168.2,1168.2,25.12,25.12,95,95,9.46,9.46,105.67,105.67,4.34,4.34,93.04,93.04,107.67,107.67,0,0,64,64,74.99,74.99,649,649,189.76,189.76,3.85,3.85,363.84,363.84,14.54,14.54,17.24,17.24,477.08,477.08,78.36,78.36,22.81,22.81,53.54,53.54,52.44,52.44,27.39,27.39,98.83,98.83,42963.73,42963.73,3206.25,3206.25,258944,258944,649,649,19.85,19.85,-4.47,-4.47,139200000000,139700000000,38882.18,38882.18,3.66,3.66,28.27,28.27
2nd Ghillemearan Marine Brigade,62.33,62.33,9,9,77.33,77.33,1.19,1.19,32.74,32.65,45.83,45.83,548.87,639.75,46.25,46.25,121.5,121.5,1492.93,1450.09,-4.21,-3.79,907.47,881.43,-5.66,-5.66,-3.16,-2.19,1066.57,1637.75,327.86,318.45,-6.89,-6,-10,-10,614.74,-7.62,468.37,454.93,-8.77,-8.77,907.47,881.43,29.27,28.43,-9,-9,181.49,176.29,2728.26,2649.97,17.52,17.61,1646.62,1599.37,1024.56,995.16,1061.15,1030.7,585.46,568.66,9.45,9.45,83.7,83.7,16.66,16.66,30.97,30.97,30.86,30.86,3.34,3.34,48.6,48.6,1,1,51.48,51.48,98,108,69.44,69.44,108.1,108.1,69.49,69.59,23.88,23.88,1317.29,1279.49,81.62,81.62,-91,-91,68.65,67.99,-5.56,-5.13,0.73,0.73,94.04,94.04,714.11,714.11,-4,-4,64,64,75.46,75.36,805.01,781.91,889.97,1016.38,0.29,0.29,227.04,227.59,9.47,9.37,24.55,24.55,502.47,612.13,1.64,1.5,31.12,31.12,45.13,45.16,57.45,57.45,-14.14,-14.14,109.39,109.39,19312.83,19883.33,17583.32,18102.73,21009,21629,1097.74,1066.24,2.33,2.33,695.24,675.29,40500000000,41800000000,6044.92,6362.66,16.14,16.14,7.31,7.75
2nd Chickenland Division,72.17,72.17,41.33,41.33,80.67,80.67,2.44,2.44,31.92,31.92,43.68,43.68,147.95,147.95,32.75,32.75,153,153,-4.47,-4.47,2287.24,2287.24,295.89,295.89,1716.17,1716.17,295.89,295.89,4198.7,4198.7,-5.83,-5.83,3982.7,3982.7,-4.47,-4.47,2958.91,2958.91,3550.7,3550.7,2958.91,2958.91,-4.47,-4.47,3254.8,3254.8,4615.9,4615.9,4450.86,4450.86,295.89,295.89,9.8,9.8,1183.57,1183.57,813.7,813.7,887.67,887.67,147.95,147.95,12.97,12.97,40.99,40.99,13.62,13.62,55.23,55.23,36.36,36.36,2.12,2.12,46.97,46.97,1,1,50,50,98,98,59.21,59.21,84.9,84.9,70.39,70.39,20.3,20.3,1109.59,1109.59,66.66,66.66,38,38,15.41,15.41,86.23,86.23,0.69,0.69,94.23,94.23,357.19,357.19,0,0,64,64,64.92,64.92,517.81,517.81,419.13,419.13,0.37,0.37,126.22,126.22,9.9,9.9,18.69,18.69,475.19,475.19,2.77,2.77,34.7,34.7,51.07,51.07,-56.57,-56.57,60.83,60.83,100.2,100.2,43739.31,43739.31,27201.06,27201.06,66353,66353,887.67,887.67,6.1,6.1,73.97,73.97,27300000000,28700000000,37003.46,37003.46,8.94,8.94,13.5,13.5
Everrly,29.33,29.33,65.89,65.89,13,13,2.43,2.43,28.6,28.5,42,42,2481.81,2922.55,71,71,65.25,65.25,-12.49,-12.49,-6.07,-6.07,4488.84,4676.07,-8.37,-8.37,7251.2,7823.43,-9.72,-9.72,172.65,179.85,-8.03,-8.03,2071.77,2158.19,5352.08,1079.09,-9.27,-9.27,3193.98,3327.21,2762.36,2877.58,-9.8,-9.8,-6.24,-6.24,6574.68,6848.92,4661.49,4855.92,11.62,11.75,1079.05,1124.06,1726.48,1798.49,1834.38,1910.9,1294.86,1348.87,125.17,125.17,41.1,41.1,12,12,28.98,28.98,1.74,1.74,34.22,34.22,50,50,2.52,2.52,50,50,167,177,58.67,58.67,60.75,60.75,75.23,75.41,20.47,20.47,1402.76,1461.27,101.48,101.48,51.83,51.83,31.43,34.51,65.28,62.4,20.96,20.96,91.66,91.66,1532.86,1532.86,0,0,64,64,65.77,65.23,971.14,1011.65,919.99,1006.81,0.25,0.25,60.13,60.41,13.14,13.2,17.14,17.14,1004.16,1075.58,1.61,1.53,34.53,34.53,56.03,56.09,91.92,91.92,-57.01,-57.01,100.62,100.62,48903.57,47054.17,30453.22,29301.56,74103,71301,755.33,786.84,7.34,7.34,215.81,224.81,1726800000000,1864800000000,33547.85,30820.48,8.07,8.07,15.18,16.34
Greek People Nation,65.83,65.83,93.83,93.83,30.48,30.48,1.41,1.41,20.24,20.23,14.57,14.57,13563.46,13821.11,42.25,42.25,134.5,134.5,-25.38,-25.38,-13.39,-13.39,-16.79,-16.79,-7.1,-7.1,-14.24,-13.96,-14.34,-14.34,-11.04,-11.04,-22.98,-22.98,-21.84,-21.84,-17.44,-20.1,-21.54,-21.54,-16.43,-16.43,-16.25,-16.25,-22.16,-22.16,-10.71,-10.71,-20.42,-20.42,0,0,28.83,28.88,7629.45,7615.71,11397.08,11376.56,15258.9,15231.43,1224.48,1222.28,658.89,658.89,70.81,70.81,0.63,0.63,37.38,37.38,77.34,77.34,0.95,0.95,57.85,57.85,10.01,10.01,50.99,50.99,515,525,92.83,92.83,116.93,116.93,91.53,91.54,15.62,15.62,21192.91,21154.76,6.23,6.23,33.5,33.5,79.04,78.99,-135.08,-135.16,53.58,53.58,86.06,86.06,868.13,868.13,-12,-12,95,95,41.42,41.34,-9.49,-9.49,1482.11,1487.15,0.18,0.18,131.57,131.99,8.19,8.2,15.09,15.09,3398.26,3451.26,0.56,0.56,39.38,39.38,80.48,80.48,-185.89,-185.89,126.13,126.13,52.17,52.17,78272.49,78413.65,65227.08,65344.71,92110,92276,8006.21,7991.8,1.75,1.75,-11.4,-11.4,1405600000000,1408300000000,16437.22,16466.87,23.29,23.29,132.3,132.91
Cherno Alpha,71.6,71.6,66.56,66.56,40,40,1.37,1.37,22.36,22.35,40.78,40.78,5789.02,6153.49,33.6,33.6,150.75,150.75,-14.7,-14.7,-7.8,-7.8,-7.75,-7.75,-5.25,-5.25,-7.9,-7.7,-10.51,-10.51,-6.48,-6.48,-16.79,-16.79,184.2,183.3,-8.72,-13.27,-11.66,-11.66,1263.06,1256.88,-8.72,-8.72,-13.27,-13.27,191.56,190.63,-13.24,-13.24,0,0,17.09,17.18,1578.82,1571.1,10920.21,10866.8,2762.94,2749.43,2894.51,2880.36,152.93,152.93,72.95,72.95,10.55,10.55,27.37,27.37,30.7,30.7,3.42,3.42,50,50,6.85,6.85,50,50,230,240,65.1,65.1,99.8,99.8,90.36,90.37,16.73,16.73,3026.08,3011.28,58.64,58.64,30.83,30.83,77.34,77.46,-8.24,-9.24,4.96,4.96,92.97,92.97,745.4,745.4,-2,-2,62,62,51.33,51.1,1052.55,1047.4,1104.71,1114.26,0.39,0.39,186.4,186.9,9.29,9.29,17.01,17.01,1368.79,1434.03,1.17,1.14,38.27,38.27,63.84,63.84,-60.17,-60.17,24.9,24.9,103.37,103.37,40056.89,40253.77,33912.18,34078.86,46484,46713,2894.51,2880.36,2.64,2.64,1578.82,1571.1,3333200000000,3350800000000,9092.91,9057.1,14.04,14.04,18.35,19.75
Maximilian Thermidor,66.44,66.44,32.67,32.67,72.67,72.67,1.35,1.35,28.5,28.44,43.68,43.68,1330.44,1559.71,41.33,41.33,132.75,132.75,-17.15,-17.15,-9.55,-9.55,-10.68,-10.68,2316.52,2308.37,1389.91,1385.02,13824.02,13775.36,-4.24,-4.24,-13.25,-13.25,-12.12,-12.12,-2,-10.2,-4.9,-4.9,-12,-12,187.83,187.17,187.83,187.17,-8.83,-8.83,-13.27,-13.27,0,0,13.96,14.07,1565.22,1559.71,2113.05,2105.61,2034.78,2027.62,1017.39,1013.81,8.01,8.01,74.04,74.04,13.62,13.62,46.22,46.22,30.35,30.35,3.86,3.86,46.97,46.97,2.52,2.52,50,50,130,140,65.9,65.9,105.82,105.82,75.41,75.53,16.2,16.2,2034.78,2027.62,55.51,55.51,-70.5,-70.5,52.44,53.03,34.69,33.69,0.82,0.82,93.8,93.8,561.2,561.2,-8,-8,64,64,77.32,77.23,939.13,935.83,947.34,1014.31,0.34,0.34,71.45,71.76,9.36,9.36,32.07,32.07,795.13,872.89,1.59,1.51,38.8,38.8,51.7,51.74,-101.98,-101.98,68.56,68.56,107.5,107.5,33166.99,33284.2,28299.2,28399.21,38223,38359,1252.18,1247.77,2.57,2.57,391.3,389.93,1013900000000,1018500000000,15787.49,15643.58,15.89,15.89,14.88,16.11
Alaskan-Empire,15.5,15.5,66,66,8,8,4.93,4.93,29.84,29.75,44.83,44.83,299.05,596.66,84.5,84.5,36,36,2791.11,2784.39,741.64,954.65,7177.15,7159.86,-8.94,-8.94,1275.94,1511.53,1427.46,2545.73,-6.16,-6.16,-7.92,-6.71,1196.19,1193.31,2392.38,-6.32,4386.04,4375.47,-5.1,-5.1,-6.32,-6.32,2392.38,2386.62,4984.13,4972.13,1554.53,1550.79,9968.26,9944.25,12.65,12.77,2093.33,2088.29,1196.19,1193.31,2292.7,2287.18,299.05,298.33,932.65,932.65,20.29,20.29,16.29,16.29,25.99,25.99,3.11,3.11,33.13,33.13,47.8,47.8,1,1,51.96,51.96,99,109,63.3,63.3,78.95,78.95,73.17,73.3,28.76,28.76,1495.24,1491.64,112.02,112.02,58,58,32.63,33.25,63.52,62.5,24.66,24.66,91.43,91.43,2172.21,2172.21,-8,-8,69,69,67.78,67.52,797.46,795.54,632.39,730.05,0.23,0.23,19.17,19.33,12.26,11.89,13.81,13.81,487.48,605.86,1.99,1.83,26.24,26.24,56.19,56.24,111.13,111.13,-57.88,-57.88,106.51,106.51,51946.09,52071.57,21967.25,22020.31,108261,108523,1295.87,1292.75,2.86,2.86,1395.56,1392.2,22800000000,23000000000,35011.66,34731.74,15.71,15.71,21.93,24.53
Selucrayse,73.47,73.47,33.33,33.33,72.67,72.67,1.47,1.47,28.45,28.37,45.83,45.83,2233.02,2473.83,30.8,30.8,157.5,157.5,-10,-10,-6.32,-6.32,-9.7,-9.7,-6.32,-6.32,5061.5,5277.51,-7.75,-7.75,-11.05,-11.05,-12.25,-12.25,-5.48,-5.48,893.21,-8.37,-7.07,-7.07,-8.83,-8.83,1786.41,1799.15,387.06,389.82,3245.32,3268.46,-12.41,-12.41,0,0,16.94,17.03,2902.92,2923.62,1711.98,1724.19,1190.94,1199.43,1488.68,1499.29,1229.34,1229.34,68.05,68.05,18.02,18.02,42.48,42.48,34.22,34.22,2.41,2.41,52.16,52.16,1,1,53.38,53.38,168,178,68.43,68.43,100.98,100.98,75.5,75.65,21.67,21.67,1711.98,1724.19,73.4,73.4,-76,-76,68.3,68.8,4.01,2.53,0.92,0.92,93.73,93.73,522.61,522.61,-8,-8,67,67,76.22,76.12,1190.94,1199.43,1082.83,1093.31,0.35,0.35,276.95,277.56,10.85,10.9,12.47,12.47,1026.95,1097.86,1.25,1.21,33.33,33.33,52,52.05,-62.45,-62.45,-28.28,-28.28,110,110,34820.18,34573.7,28410.49,28209.39,41747,41451,1786.41,1799.15,2.39,2.39,967.64,974.54,96100000000,95800000000,11038,10787,12.83,12.83,11.91,12.82
Acro flagellant no1342,77.11,77.11,20.33,20.33,77.33,77.33,1.62,1.62,34.34,34.05,45.34,45.34,111.52,261.58,25.33,25.33,168.75,168.75,1918.12,1799.64,2851.98,3164.02,802.93,753.34,490.68,460.37,2007.34,2008.9,2489.32,3549.06,3702.42,3473.73,167.28,156.95,289.95,272.04,-8.6,-13.19,1249.01,1171.86,-9.43,-9.43,579.9,544.08,1695.08,1590.38,1182.1,1109.08,-6.8,-6.8,6423.48,6026.71,10.3,10.44,892.15,837.04,501.83,470.84,111.52,104.63,-3.16,-3.16,768.24,768.24,61.7,61.7,17.01,17.01,41.12,41.12,33.37,33.37,2.56,2.56,51.62,51.62,1,1,52.44,52.44,106,116,60.5,60.5,82.18,82.18,67.99,68.23,26.32,26.32,1282.47,1203.25,28.83,28.83,-77.67,-77.67,21.29,19.24,75.58,78.04,0.73,0.73,94.07,94.07,444.44,444.44,-8,-8,64,64,77.43,77.36,390.32,366.21,547.55,691.64,1.18,1.18,270.12,270.72,9.72,9.58,14.57,14.57,512.05,617.95,2.2,1.89,28.68,28.68,46.24,46.33,7.07,7.07,41.83,41.83,107.17,107.17,29952.6,31882.98,23197.12,24692.13,37595,40018,836.39,784.73,3.66,3.66,-10,-10,173200000000,169600000000,23572.69,25761.45,13.08,13.08,10.16,11.73
Flying Pig 13,67.33,67.33,56.33,56.33,61.33,61.33,3.56,3.56,33.3,33.13,42,42,98.8,398.35,40,40,135,135,4347.02,4381.89,2529.17,3479.62,-6.32,-6.32,-6.32,-6.32,-5.83,-5.29,632.29,2471.79,3951.83,3983.54,296.39,497.94,-7.07,-7.07,6718.12,2788.48,3556.65,3585.19,3556.65,3585.19,1580.73,1593.42,-7.07,-7.07,1580.73,1593.42,5494.1,5538.18,8298.85,8365.43,9.27,9.43,889.16,896.3,790.37,796.71,1185.55,1195.06,592.77,597.53,119.98,119.98,28.09,28.09,12,12,51.06,51.06,25.49,25.49,16.47,16.47,50,50,1,1,50,50,94,104,56.23,56.23,55.98,55.98,68.93,69.09,5.14,5.14,1185.55,1195.06,49.77,49.77,49.25,49.25,16.91,18.06,86.61,85.09,2.55,2.55,93.31,93.31,514.73,514.73,0,0,64,64,68.34,68.07,790.37,796.71,370.12,463.85,0.41,0.41,167.09,167.56,10.86,10.08,17.16,17.16,338.96,538.58,3.2,2.52,49.86,49.86,52.52,52.57,-20,-20,-40,-40,100.2,100.2,45506.41,45150.5,23036.2,22856.04,82003,81362,790.37,796.71,11.18,11.18,98.8,99.59,120300000000,123900000000,37815.82,36978.26,6.64,6.64,13.08,15.1
Heeirsman,21.5,21.5,77.33,77.33,66.67,66.67,12.04,12.04,34.18,33.99,37.37,37.37,197.43,496.33,78.5,78.5,49.5,49.5,3395.72,3414.76,-3.35,-3.35,-5.83,-5.83,1342.49,1350.02,4817.19,5082.44,6799.73,8640.14,-4.1,-4.1,6323.15,6750.11,2527.05,2541.22,3395.72,-3.74,5764.83,5797.16,6554.53,6591.29,1026.61,1032.37,-2,-2,4817.19,4844.2,2400.7,2414.16,3395.72,3414.76,8.49,8.66,-4.47,-4.47,789.7,794.13,1480.69,1489,394.85,397.07,12.97,12.97,8.31,8.31,6.84,6.84,71.18,71.18,22.33,22.33,20.8,20.8,50,50,1,1,50,50,106,116,54.96,54.96,50.56,50.56,68.12,68.29,21.41,21.41,1480.69,1489,59.62,59.62,75,75,8.49,8.8,106.76,105.26,1.51,1.51,93.52,93.52,566.41,566.41,-4,-4,64,64,73.26,73.09,690.99,694.86,344.54,404.83,0.31,0.31,27.23,27.42,13.67,13.33,18.69,18.69,558.81,654.39,3.54,2.88,33.59,33.59,58.11,58.16,-62.85,-62.85,47.43,47.43,101.04,101.04,61247.36,60905.87,15540.38,15453.73,187098,186055,690.99,694.86,12.68,12.68,-7.07,-7.07,600000000,700000000,56041.34,55546.16,14.51,14.51,25.89,28.89
Kobe Island,45,45,46.67,46.67,76.67,76.67,2.76,2.76,29.51,29.48,45.34,45.34,601.07,831.22,59.25,59.25,92.25,92.25,3022.53,2925.9,329.73,319.19,-9.06,-9.06,274.78,265.99,-1.1,-1.1,12364.21,14512.48,-3.95,-3.95,2490.15,2410.54,1305.18,1263.46,-9.59,-13.86,-10.58,-10.58,-10.82,-10.82,-8.49,-8.49,-9.06,-9.06,-6.48,-6.48,109.91,106.4,3022.53,2925.9,13.82,13.93,2490.15,2410.54,1631.48,1579.32,1459.75,1413.08,601.07,581.86,791.5,791.5,36.28,36.28,17.01,17.01,54.54,54.54,27.61,27.61,12.33,12.33,51.62,51.62,1,1,52.44,52.44,105,115,63.12,63.12,102.22,102.22,73.69,73.74,14.35,14.35,1288.01,1246.83,99.03,99.03,42,42,43.33,41.93,46.34,46.87,0.73,0.73,94.04,94.04,556.66,556.66,0,0,64,64,55.68,55.4,1030.41,997.47,770.72,860.6,0.24,0.24,172.18,172.66,9.66,9.58,14.47,14.47,552.92,649.45,1.77,1.67,40.65,40.65,53.49,53.5,-74.83,-74.83,38.73,38.73,103.37,103.37,42974.21,44393.26,25014.84,25840.85,68944,71221,1889.08,1828.69,2.89,2.89,944.54,914.34,1400000000,1600000000,24366.38,25792.48,6.69,6.69,16.64,19.29
The Meanity Ibyviliacken,59.33,59.33,75.33,75.33,79.33,79.33,9.95,9.95,32.58,32.42,43.68,43.68,-3.16,173.23,48.5,48.5,117,117,3154.88,3118.17,2916.51,3326.05,4486.94,4434.73,-3.16,-3.16,-5.48,-4.9,8398.98,10951.72,4416.83,4365.44,2678.14,3031.56,4907.59,4850.49,2103.25,-6.32,2453.79,2425.25,5748.89,5682,701.08,692.93,5959.21,5889.88,6379.86,6305.64,1682.6,1663.03,12058.64,11918.35,8.49,8.6,1139.26,1126.01,701.08,692.93,963.99,952.78,262.91,259.85,451.62,451.62,10.05,10.05,14.64,14.64,77.05,77.05,31.87,31.87,2.94,2.94,51.62,51.62,1,1,50.99,50.99,102,112,55.21,55.21,55.92,55.92,69.65,69.83,17.73,17.73,613.45,606.31,67.19,67.19,72,72,7.28,7.27,113.28,113.42,0.7,0.7,94.17,94.17,263.19,263.19,0,0,68,68,72.5,72.39,350.54,346.46,426.57,493.75,0.38,0.38,62.75,63.04,12.17,11.54,16.02,16.02,519.03,622.8,2.73,2.39,37.27,37.27,57.76,57.81,80.31,80.31,-7.07,-7.07,87.18,87.18,67205.88,67996.96,19058.38,19282.72,189708,191941,788.72,779.54,12.4,12.4,0,0,2500000000,2900000000,62299.85,63033.18,4.46,4.46,29.97,34.43
Ii dunno,65.5,65.5,65.33,65.33,75.33,75.33,4.73,4.73,31.56,31.42,43.68,43.68,78.54,308.45,42.75,42.75,130.5,130.5,565.47,555.21,3465.4,3997.54,6471.52,6354.12,3706.99,3639.74,4900.76,4996.93,6123.75,8372.33,439.81,431.83,-1.22,-1.22,596.89,586.06,4963.59,1789.02,4021.14,3948.19,4052.55,3979.04,1193.78,1172.12,4335.29,4256.64,2827.36,2776.07,2674.33,2625.81,7476.8,7341.17,9.75,9.9,1178.07,1156.7,785.38,771.13,863.92,848.24,78.54,77.11,619.71,619.71,21.16,21.16,15.09,15.09,64.4,64.4,31.29,31.29,3.15,3.15,52.16,52.16,1,1,51.48,51.48,103,113,58.41,58.41,74.31,74.31,70.82,71,12.64,12.64,1020.99,1002.47,69.76,69.76,57,57,8.82,8.77,103.52,103.92,0.75,0.75,93.97,93.97,350.99,350.99,-4,-4,68,68,70.03,69.9,471.23,462.68,655.6,796.9,0.5,0.5,202.88,203.4,10.61,9.93,15.27,15.27,514.42,619.56,1.95,1.74,42.36,42.36,55.01,55.07,62.05,62.05,80.31,80.31,95,95,65040.3,66241.98,28151.77,28671.9,133064,135523,863.92,848.24,7.85,7.85,157.08,154.23,3600000000,4100000000,59316.75,60412.69,12.24,12.24,19.55,22.81
Flower head island,67.83,67.83,61.33,61.33,72.67,72.67,5.14,5.14,33.24,33.08,44.28,44.28,-5.48,0,39.25,39.25,137.25,137.25,3993.04,4051.77,-4.1,-3.35,1331.01,1350.59,5989.56,6077.65,2329.27,2616.77,1061.07,3106.35,831.88,844.12,-4.18,-3.24,1497.39,1519.41,3577.1,-3.74,1497.39,1519.41,-2.28,-2.28,3993.04,4051.77,4824.92,4895.89,-2.62,-2.62,3194.43,3241.41,6155.93,6246.47,8.06,8.06,1143.84,1160.66,623.91,633.09,623.91,633.09,-5.48,-5.48,905.7,905.7,19.44,19.44,15.9,15.9,63.13,63.13,30.6,30.6,3.47,3.47,52.16,52.16,1,1,51.96,51.96,99,109,57.5,57.5,63.26,63.26,68.98,69.14,13.12,13.12,415.94,422.06,72.22,72.22,59,59,10.99,11.5,96.33,95.69,0.79,0.79,93.84,93.84,341.8,341.8,0,0,67,67,70.12,69.93,207.97,211.03,517.58,595.44,0.37,0.37,105.9,106.28,12.77,12.35,13.93,13.93,436.72,585.21,2.3,2.08,41.88,41.88,53.85,53.91,-79.69,-79.69,89.16,89.16,97.83,97.83,46119.99,45451.54,19044.57,18768.55,97950,96530,1143.84,1160.66,9.39,9.39,0,0,3000000000,3300000000,41046.79,40224.62,2.33,2.33,16.39,18.63
Chilly peak,67,67,41.33,41.33,49.33,49.33,2.44,2.44,31.54,31.42,43.68,43.68,214.38,432.71,40.5,40.5,135,135,1200.53,1211.59,1681.88,1800.08,3144.24,3173.21,2915.57,2942.43,57.17,80.77,3502.11,4707.89,1372.03,1384.67,-6,-6,4344.77,4384.8,2629.73,-2.83,2058.05,2077.01,240.11,242.32,3201.41,3230.91,-6.93,-6.93,4687.77,4730.97,1006.16,1015.43,5716.8,5769.48,10.58,10.72,1214.82,1226.01,857.52,865.42,857.52,865.42,71.46,72.12,474.35,474.35,40.99,40.99,14.64,14.64,40.46,40.46,28.47,28.47,9.22,9.22,51.62,51.62,1,1,50.99,50.99,102,112,59.21,59.21,70.2,70.2,70.85,71,9.71,9.71,643.14,649.07,79.8,79.8,38,38,17.72,18.83,82.21,80.49,4.96,4.96,92.97,92.97,681.48,681.48,0,0,68,68,64.38,63.81,571.68,576.95,711.64,807.71,0.33,0.33,102.98,103.35,9.92,9.87,15.92,15.92,536.29,635.92,1.85,1.72,45.29,45.29,50.98,51.02,-15.81,-15.81,75.83,75.83,90.47,90.47,45267.89,44860.55,28151.67,27898.35,68672,68054,928.98,937.54,6.11,6.11,285.84,288.47,6600000000,7600000000,37255.47,36426.77,4.32,4.32,12.9,14.54
Ementiland,61,61,73.33,73.33,68.67,68.67,8.37,8.37,31.4,31.27,42,42,87.26,346.86,47.25,47.25,119.25,119.25,-3.46,-3.46,-4.2,-4.2,-5.66,-5.66,3699.83,3676.7,5026.19,5202.87,6262.84,7658.63,3420.6,3399.21,5780.82,5983.3,488.66,485.6,1326.36,-7.87,4118.68,4092.93,439.79,437.04,5165.81,5133.5,628.27,624.34,2931.94,2913.61,5493.41,5459.05,3420.6,3399.21,10.34,10.49,1308.9,1300.72,872.6,867.15,1657.94,1647.58,436.3,433.57,463.1,463.1,11.95,11.95,13.62,13.62,66.74,66.74,29.57,29.57,5.58,5.58,50,50,1,1,50.99,50.99,108,118,58.39,58.39,75.61,75.61,71.02,71.17,11.84,11.84,1134.38,1127.29,46.94,46.94,69,69,10.04,10.41,98.34,97.66,1.16,1.16,93.63,93.63,366.59,366.59,-4,-4,64,64,71.5,71.34,523.56,520.29,641.15,723.43,0.47,0.47,68.6,68.9,11.39,11.08,15.97,15.97,565.94,660.45,1.98,1.84,43.16,43.16,58.09,58.14,-87.46,-87.46,77.78,77.78,103,103,65652.36,66065.58,20577.61,20707.12,172241,173325,959.86,953.86,7.9,7.9,174.52,173.43,1500000000,1700000000,59087.13,59194.76,13.53,13.53,23.19,25.83
The drc congo,57.33,57.33,57.33,57.33,61.33,61.33,3.61,3.61,32.84,32.68,42,42,357.03,712.99,50,50,112.5,112.5,4284.35,4277.94,-4.51,-4,2380.19,2376.63,-7.07,-7.07,-5.48,-4.9,-4.59,-2.83,0,0,3298.95,4159.11,2856.23,2851.96,4284.35,-3.16,476.04,475.33,-7.75,-7.75,2856.23,2851.96,-7.07,-7.07,-4.47,-4.47,-3.46,-3.46,6664.54,6654.57,9.33,9.49,1071.09,1069.48,1071.09,1069.48,1428.12,1425.98,357.03,356.49,119.98,119.98,27.72,27.72,12,12,51.46,51.46,22.43,22.43,20.68,20.68,50,50,1,1,50,50,100,110,56.5,56.5,57.02,57.02,69.39,69.55,1.56,1.56,1428.12,1425.98,73.75,73.75,50,50,25.2,26.13,79.2,78.1,2.55,2.55,93.31,93.31,586.18,586.18,0,0,64,64,67.76,67.49,952.08,950.65,531.25,658.08,0.33,0.33,126.19,126.6,11.11,10.45,17.16,17.16,497.22,609.76,2.25,1.94,53.44,53.44,52.67,52.72,67.82,67.82,-45.83,-45.83,100.2,100.2,37797.48,37859.77,18992.76,19024.06,68527,68640,952.08,950.65,10.83,10.83,119.01,118.83,5700000000,6600000000,28272.52,27978.37,7.09,7.09,13.02,14.5
Engladd,57.33,57.33,57.33,57.33,57.33,57.33,3.61,3.61,32.82,32.66,42,42,309.4,616.03,50,50,112.5,112.5,-3.16,-3.16,2058.55,2464.12,-8.37,-8.37,2887.75,2874.8,5362.96,5585.33,-7.77,-4.9,825.07,821.37,4117.1,5133.57,412.54,410.69,3300.28,-4.47,2475.21,2464.12,-7.75,-7.75,-5.48,-5.48,4537.89,4517.55,3712.82,3696.17,-2.83,-2.83,825.07,821.37,9.33,9.49,928.2,924.04,928.2,924.04,1237.61,1232.06,309.4,308.01,119.98,119.98,27.72,27.72,12,12,49.93,49.93,24.84,24.84,17.47,17.47,50,50,1,1,50,50,100,110,56.72,56.72,57.19,57.19,69.41,69.57,0.56,0.56,1237.61,1232.06,63.04,63.04,50,50,18.91,19.58,84.44,83.49,3.24,3.24,93.2,93.2,610.35,610.35,0,0,64,64,68.09,67.84,825.07,821.37,531.42,637.83,0.33,0.33,126.07,126.48,12.67,12.05,17.16,17.16,499.33,610.69,2.25,1.98,54.44,54.44,52.68,52.73,-86.02,-86.02,62.45,62.45,100.2,100.2,43580.23,43779.13,21898.52,21998.47,79011,79372,825.07,821.37,10.54,10.54,103.13,102.67,1300000000,1500000000,35343.56,35198.42,7.09,7.09,11.89,13.69
Luak Land,63.33,63.33,62.67,62.67,70,70,4.19,4.19,31.41,31.29,43.68,43.68,179.72,438.95,45.5,45.5,123.75,123.75,287.55,280.93,345.05,337.11,4888.27,4775.79,-3.46,-3.46,-3.16,-2.68,5399.74,7191.78,1940.93,1896.27,1707.3,1668.02,3522.43,3441.38,-1.41,-10.1,4600.72,4494.86,-6.4,-6.4,4241.29,4143.7,4241.29,4143.7,-3.92,-3.92,5738.86,5606.81,7116.75,6952.99,10.15,10.3,1437.73,1404.64,988.44,965.69,988.44,965.69,179.72,175.58,624.65,624.65,23.86,23.86,15.09,15.09,58.54,58.54,26.39,26.39,14.92,14.92,52.16,52.16,1,1,51.48,51.48,103,113,57.98,57.98,68.78,68.78,71,71.16,8.07,8.07,898.58,877.9,80.13,80.13,54,54,14.86,14.55,88.97,89.28,0.98,0.98,93.7,93.7,440.98,440.98,0,0,68,68,68.6,68.44,629.01,614.53,716.09,812.66,0.33,0.33,192.23,192.74,9.97,9.91,15.24,15.24,538.85,637.95,1.85,1.72,46.93,46.93,54.49,54.55,82.46,82.46,0,0,89.65,89.65,55200.6,56500.59,25540.58,26142.07,107041,109562,1078.29,1053.48,8.62,8.62,269.57,263.37,1200000000,1400000000,46975.71,48251.51,3.8,3.8,18.63,21.06
Alee NATION,52.33,52.33,48,48,41.33,41.33,2.85,2.85,31.11,30.99,43.68,43.68,268.9,542.53,53.75,53.75,105.75,105.75,4517.44,4557.27,2980.08,3298.59,4804.26,4846.62,-8.6,-8.6,-6.63,-6.16,917.83,925.92,-6.16,-6.16,717.05,723.38,-3.74,-3.74,1290.7,-8,3083.33,3110.52,-4.27,-4.27,3800.39,3833.89,573.64,578.7,4947.67,4991.29,2266.45,2286.43,9321.71,9403.89,10.72,10.86,1523.74,1537.17,1075.58,1085.06,1165.21,1175.49,89.63,90.42,474.35,474.35,35.15,35.15,14.64,14.64,40.01,40.01,23.04,23.04,19.93,19.93,51.62,51.62,1,1,50.99,50.99,102,112,59.32,59.32,68.88,68.88,71.38,71.53,8.13,8.13,985.95,994.64,100.73,100.73,43,43,24.86,26.1,74.27,72.71,7.12,7.12,92.73,92.73,809.53,809.53,0,0,68,68,65.12,64.66,717.05,723.38,612.32,694.22,0.28,0.28,81.34,81.67,10.09,10.13,15.92,15.92,537.55,636.92,2.04,1.88,46.87,46.87,52.26,52.31,98.74,98.74,-55.23,-55.23,90.47,90.47,42214.26,41847.87,24152.44,23942.81,68714,68117,1165.21,1175.49,5.8,5.8,358.53,361.69,1200000000,1400000000,31702.91,30925.57,5.72,5.72,14.57,15.81
Yani s Island,14.67,14.67,23,23,71.33,71.33,1.63,1.63,30.96,30.84,43.68,43.68,643.32,837.27,85.33,85.33,33.75,33.75,-4.9,-4.9,-4.38,-4.38,1698.36,1700.31,-8.6,-8.6,1441.03,1597.26,-5.5,-4.65,308.79,309.15,-5.74,-5.74,-5.83,-5.83,411.72,-9.17,2470.34,2473.18,-5.48,-5.48,1698.36,1700.31,-6.63,-6.63,1698.36,1700.31,885.21,886.22,2007.15,2009.46,14.9,15,1543.96,1545.74,1222.3,1223.71,1286.64,1288.11,514.65,515.25,1481.34,1481.34,61.21,61.21,14.64,14.64,39.68,39.68,21.94,21.94,21.26,21.26,50,50,1,1,50.99,50.99,102,112,66.27,66.27,103.58,103.58,71.58,71.73,26.71,26.71,1157.97,1159.3,112.58,112.58,23,23,58.47,59.41,26.21,25.01,0.86,0.86,93.77,93.77,1143.29,1143.29,0,0,64,64,50.58,50.36,964.98,966.08,733.08,820.86,0.2,0.2,27.79,27.98,9.86,9.86,11.4,11.4,541.11,639.77,1.82,1.71,28.29,28.29,48.43,48.48,77.46,77.46,-51.96,-51.96,103.37,103.37,28105.28,28073.14,21673.23,21648.44,35409,35369,1286.64,1288.11,2.54,2.54,707.65,708.46,400000000,500000000,11663.69,11397.69,9.19,9.19,7.49,7.84
Harpystice,78.5,78.5,68,68,74,74,102.81,102.81,106.68,104.43,40.78,40.78,-5.48,0,23.25,23.25,173.25,173.25,293.93,290.64,2704.17,2673.88,-3.74,-3.74,5584.69,5522.13,-2,-1.55,5737.04,6665.31,-4.47,-4.47,-4.24,-4.24,-2,-2,1273.7,-8.6,4702.9,4650.22,783.82,775.04,-6.63,-6.63,-3.74,-3.74,3527.17,3487.66,-4.1,-4.1,293.93,290.64,4.24,4.24,-4.47,-4.47,367.41,363.3,122.47,121.1,-3.16,-3.16,12.64,12.64,0.97,0.97,10.55,10.55,88.84,88.84,33.41,33.41,2.56,2.56,50,50,1,1,50,50,106,116,36.25,36.25,11.17,11.17,60,60.33,31.79,31.79,734.83,726.6,31.33,31.33,97,97,5.55,5.48,120.15,120.55,0.77,0.77,93.9,93.9,85.83,85.83,0,0,64,64,75.91,75.83,244.94,242.2,223.31,284.53,2.42,2.42,154.7,155.15,12.45,12.06,18.84,18.84,551.69,648.43,63.34,5.45,23.21,23.21,51.75,51.86,-81.85,-81.85,77.46,77.46,97.28,97.28,43710.97,44206.14,2740.09,2771.13,281721,284912,244.94,242.2,21.57,21.57,-7.75,-7.75,900000000,1100000000,41306.87,41774.8,4.43,4.43,33.24,35.94
Miracle island,8,8,14,14,1,1,1.33,1.33,30.54,30.48,45.83,45.83,633.72,746.48,92,92,18,18,1158.8,1124.12,-7.84,-7.8,329.53,319.67,-7.87,-7.87,-10.49,-10.2,6658.4,7802.78,177.44,172.13,-8.03,-8.03,126.74,122.95,-6,-11.66,-4,-4,177.44,172.13,-4,-4,-3.35,-3.35,-5.83,-5.83,-10.49,-10.49,1665.78,1615.92,17.66,17.75,1901.16,1844.25,1176.91,1141.68,1448.5,1405.15,633.72,614.75,981.69,981.69,75.26,75.26,17.01,17.01,12.1,12.1,1.47,1.47,35.05,35.05,51,51,1,1,51.96,51.96,100,110,70.96,70.96,88.73,88.73,72.14,72.22,42.96,42.96,1131.64,1097.77,111.59,111.59,-86,-86,68.45,67.75,-3.72,-3.19,31.2,31.2,91.04,91.04,9017.19,9017.19,-4,-4,67,67,76.02,75.92,860.05,834.31,867.23,961.71,0.2,0.2,16.16,16.3,9.34,9.28,13.58,13.58,569.05,663.11,1.66,1.57,12.04,12.04,47.3,47.32,49.6,49.6,-39.37,-39.37,108.45,108.45,24272.2,25021.08,20890.99,21535.56,27757,28614,1312.71,1273.41,2.26,2.26,724.25,702.57,100000000,100000000,7645.74,8056.79,15.35,15.35,12.02,13.9
Moralax Silly Snowm Division X,74.33,74.33,80.67,80.67,81.33,81.33,17.35,17.35,38.68,37.64,38.06,38.06,-3.16,176.14,29.5,29.5,159.75,159.75,5549.95,5354.53,5303.13,6014.69,569.6,549.54,4965.75,4790.9,7521.65,7468.17,4809.47,7335.01,-4.43,-4.43,54.77,88.07,4819.7,4649.99,4089.44,422.73,2628.93,2536.36,2592.41,2501.13,5184.82,5002.26,2848,2747.72,5622.98,5424.99,540.39,521.36,6119.55,5904.08,7.28,7.42,-7.07,-7.07,456.41,440.34,0,0,273.85,264.2,1177.98,1177.98,5.76,5.76,13,13,88.49,88.49,35.84,35.84,2.18,2.18,52.16,52.16,1,1,53.38,53.38,103,113,46.41,46.41,24.4,24.4,65.37,65.7,27.74,27.74,547.69,528.41,41.92,41.92,80,80,5.47,5.19,124.59,126.66,0.7,0.7,94.17,94.17,127.29,127.29,0,0,67,67,74.37,74.34,365.13,352.27,276.1,404.8,1.26,1.26,269.96,270.56,15.43,13.74,12.7,12.7,437.36,585.48,8.47,2.88,27.26,27.26,57.76,57.87,-79.5,-79.5,84.26,84.26,95,95,69807.6,72355.26,14239.36,14759.03,247097,256115,365.13,352.27,17.72,17.72,-6.32,-6.32,99400000000,104700000000,65968.18,68592.78,2.18,2.18,26.77,30.98
Korallia,70.72,70.72,92.95,92.95,30.48,30.48,1.95,1.95,25.04,25.01,34.68,34.68,3127.54,3524.31,34.92,34.92,206.5,206.5,-10.39,-10.39,-4.73,-4.73,1414.19,1409.72,13097.57,13056.2,-3.75,-3.75,-8.9,-8.9,141.42,140.97,-15.92,-15.92,-6.78,-6.78,-4.24,-10.86,1196.62,1192.84,837.64,834.99,1740.54,1735.04,-13.04,-13.04,1103.07,1099.58,2172.2,2165.33,1555.61,1550.7,16.25,16.34,2447.64,2439.91,5303.21,5286.46,1903.72,1897.7,3943.41,3930.96,9.32,9.32,51.37,51.37,9.76,9.76,42.61,42.61,47.82,47.82,1.45,1.45,52.16,52.16,3.3,3.3,53.84,53.84,143,153,59.43,59.43,57.84,57.84,83.61,83.69,15.21,15.21,2175.68,2168.8,51.47,51.47,58.86,58.86,64.94,65.45,29.31,28.31,46.85,46.85,90.08,90.08,579.84,579.84,10,10,66,66,57.05,56.44,815.88,813.3,943.94,1013.49,0.48,0.48,318.5,319.16,6.77,6.77,25.11,25.11,983.99,1055.89,1.59,1.51,39.79,39.79,73.05,73.07,-127.24,-127.24,132.25,132.25,112.08,112.08,57836.89,58060.86,40613.25,40770.52,79057,79363,7478.89,7455.27,5.43,5.43,1087.84,1084.4,72622200000000,73628000000000,20300.75,20031,4.64,4.64,14.07,15.24
Political Syrian Rebels,54.33,54.33,66.67,66.67,67.33,67.33,6.16,6.16,32.8,32.63,42,42,-4.47,81.49,52.25,52.25,108,108,5323.58,5280.48,3985.79,4771.99,7558.18,7496.97,3746.23,3715.89,2563.21,2738.03,6896.67,9334.38,4009.12,3976.66,2647.99,3341.04,-6.48,-6.48,5323.58,2020.92,1708.81,1694.97,5126.42,5084.9,394.34,391.15,-5.29,-5.29,-2.7,-2.7,6312.42,6261.31,16890.88,16754.11,7.75,7.81,985.85,977.87,575.08,570.42,575.08,570.42,-4.47,-4.47,445.77,445.77,16.23,16.23,13.62,13.62,62.26,62.26,23.4,23.4,19.47,19.47,51.62,51.62,1,1,50.99,50.99,104,114,55.9,55.9,51.92,51.92,69.43,69.61,8.96,8.96,821.54,814.89,60.19,60.19,63,63,6.57,6.54,116.21,116.47,1.38,1.38,93.56,93.56,453.17,453.17,-4,-4,68,68,71.63,71.51,246.46,244.47,474.8,552.67,0.54,0.54,91.33,91.67,11.05,10.33,16.04,16.04,493.94,608.43,2.47,2.19,46.04,46.04,54.17,54.23,74.83,74.83,76.81,76.81,92.89,92.89,64206.08,64730.21,23957.49,24153.06,147608,148813,657.23,651.91,11.59,11.59,-3.16,-3.16,1900000000,2200000000,59968.48,60522.74,12.63,12.63,25.29,29.83
Western Kanja Wat,77.5,77.5,64,64,28,28,4.36,4.36,35.41,35.17,37.37,37.37,257.14,652.47,24.75,24.75,171,171,-5.48,-5.48,-5.46,-4.9,2057.11,2087.89,-4.47,-4.47,2057.11,2401.07,-6.28,-4,-3.74,-3.74,534.85,652.47,0,0,5142.77,0,-4.47,-4.47,6171.32,6263.67,3085.66,3131.83,4628.49,4697.75,0,0,-4.9,-4.9,2057.11,2087.89,7.81,8,-4.47,-4.47,1028.55,1043.94,1542.83,1565.92,257.14,260.99,7.94,7.94,22.94,22.94,6.84,6.84,41.42,41.42,22.35,22.35,20.78,20.78,50,50,1,1,50,50,100,110,51.14,51.14,27.26,27.26,67.14,67.32,17.96,17.96,1157.12,1174.44,40.74,40.74,55,55,16.66,18.26,89.91,88.32,11.73,11.73,92.32,92.32,545.06,545.06,0,0,64,64,69.84,69.61,899.98,913.45,302.2,395.61,1.24,1.24,116.56,116.96,11.76,11.06,32.57,32.57,501.8,611.8,4.52,2.95,37.04,37.04,52.92,52.98,51.48,51.48,-25.5,-25.5,97.28,97.28,39316.48,38756.44,17800,17546.45,77589,76484,899.98,913.45,15.77,15.77,-7.07,-7.07,11700000000,13800000000,32750.63,31664.01,5.27,5.27,12.37,13.72
Palatagoszcz,55.67,55.67,87.25,87.25,36,36,16.84,16.84,35.62,35.33,37.37,37.37,-3.16,177.55,51.25,51.25,110.25,110.25,4006.32,3977.15,4989.65,5624.82,1860.08,1846.53,4292.48,4261.23,2289.32,2485.72,5525.5,7499.76,2718.57,2698.78,4899.87,5415.31,2432.41,2414.7,5079.44,1491.43,5079.44,5042.45,3648.61,3622.05,1144.66,1136.33,429.25,426.12,3505.53,3480,8241.56,8181.56,8584.96,8522.46,7.14,7.28,-7.07,-7.07,357.71,355.1,983.69,976.53,715.41,710.2,12.77,12.77,5.94,5.94,6.84,6.84,54.97,54.97,22.47,22.47,20.63,20.63,50,50,1,1,50,50,106,116,50.68,50.68,26.43,26.43,66.98,67.19,16.09,16.09,1162.55,1154.08,34.39,34.39,79.25,79.25,4.95,4.96,128.25,128.12,8.82,8.82,92.57,92.57,516.6,516.6,-8,-8,64,64,74.74,74.63,357.71,355.1,375.01,457.23,1.17,1.17,91.51,91.86,12.21,11.5,18.78,18.78,539.2,638.24,3.15,2.55,38.91,38.91,60.31,60.38,-61.64,-61.64,80,80,103,103,77363.39,77930.79,16069.26,16187.12,270620,272605,357.71,355.1,15.99,15.99,-8.94,-8.94,41000000000,42800000000,73572.58,74034.25,13.63,13.63,33.72,38.25
Albano Laziale,66.93,66.93,29.67,29.67,80.67,80.67,1.93,1.93,30.54,30.44,45.34,45.34,461.28,655.83,40.6,40.6,135,135,2583.15,2570.86,2467.17,2455.44,4111.95,4092.4,1317.93,1311.67,263.59,293.81,3585.57,3693.65,1001.63,996.87,-6.24,-6.24,2846.73,2833.2,-7.87,-12.73,-4.69,-4.69,516.63,514.17,474.46,472.2,210.87,209.87,-7.48,-7.48,751.6,748.02,7696.73,7660.13,13.67,13.78,1911,1901.92,1186.14,1180.5,1054.35,1049.33,527.17,524.67,649.16,649.16,51.78,51.78,16.29,16.29,47.82,47.82,31.3,31.3,3.15,3.15,52.16,52.16,1,1,51.48,51.48,105,115,63.8,63.8,104.31,104.31,72.15,72.28,20.62,20.62,856.66,852.58,100.51,100.51,29.25,29.25,39.63,40.06,47.64,46.76,0.69,0.69,94.23,94.23,468.01,468.01,0,0,68,68,52.76,52.5,790.76,787,868.8,963.34,0.29,0.29,193.87,194.38,9.78,9.78,15.13,15.13,574.77,668.05,1.66,1.57,34.38,34.38,50.03,50.07,66.33,66.33,58.31,58.31,96,96,37050.88,37228.07,26129.17,26254.12,50457,50698,1449.73,1442.83,2.79,2.79,724.86,721.42,22700000000,23900000000,22378.73,22299.61,4.24,4.24,11.84,12.85
New Stepford County,62.67,62.67,82,82,73.33,73.33,17.35,17.35,40.82,37.84,38.75,38.75,-3.16,159.16,46,46,121.5,121.5,268.86,254.66,1679.05,2215.54,5982.22,5666.19,4973.98,4711.21,4973.98,4902.21,4499.44,6696.93,5310.06,5029.54,5777.88,7096.11,1277.1,1209.64,4301.82,891.31,6318.3,5984.51,2957.5,2801.26,941.02,891.31,941.02,891.31,3965.74,3756.24,8496.1,8047.26,11561.15,10950.39,7.21,7.35,-11.4,-11.4,84.02,79.58,840.2,795.81,420.1,397.91,12.77,12.77,5.76,5.76,8.23,8.23,79.9,79.9,29.8,29.8,5.01,5.01,50,50,1,1,50,50,100,110,45.49,45.49,25.1,25.1,65.1,65.58,18.25,18.25,1680.4,1591.63,29.01,29.01,80,80,4.85,4.65,130.46,134.93,0.77,0.77,93.87,93.87,255.24,255.24,0,0,64,64,74.95,75,336.08,318.33,264.72,438.15,0.71,0.71,66.36,66.65,13.34,10.93,18.78,18.78,425.7,580.49,17.05,2.65,36.75,36.75,57.84,58,36.06,36.06,87.18,87.18,95,95,76835.92,81121.36,15673,16547.14,271975,287144,336.08,318.33,18.07,18.07,-15.49,-15.49,20000000000,23100000000,73147.8,77308.65,8.01,8.01,25.07,30.14
DVSia,47,47,69.78,69.78,23,23,6.41,6.41,32.44,32.29,37.37,37.37,748.83,1066.44,57.75,57.75,96.75,96.75,-7.35,-7.35,4415.98,4402.25,2824.17,2815.39,-3.16,-3.16,-6.63,-6.16,7941.92,7917.22,2558.87,2550.91,2460.45,2452.8,-4.9,-4.9,-2,-10.2,-4.9,-4.9,-6.63,-6.63,2396.27,2388.82,3252.08,3241.96,1668.83,1663.64,3854.17,3842.19,5383.04,5366.3,11.14,11.27,320.93,319.93,1283.71,1279.72,3102.31,3092.66,427.9,426.57,8.01,8.01,15.6,15.6,6.84,6.84,39.88,39.88,16.04,16.04,26.95,26.95,50,50,1,1,50,50,107,117,58.14,58.14,66.04,66.04,69.81,69.97,16.72,16.72,2139.52,2132.87,66.63,66.63,63.67,63.67,24.95,25.59,76.81,75.81,13.92,13.92,92.15,92.15,793.99,793.99,0,0,64,64,70.57,70.38,1283.71,1279.72,574.35,652.29,0.29,0.29,50.9,51.16,9.93,9.94,32.07,32.07,605.93,695.57,2.13,1.96,38.28,38.28,56.32,56.37,56.57,56.57,10,10,99.76,99.76,51347.34,51507.59,18733.69,18792.15,120110,120485,1069.76,1066.44,8.36,8.36,0,0,31200000000,31600000000,38510.51,38321.64,8.42,8.42,24.43,26.11
Lin Rebogmalisivexlastan,67.33,67.33,61.33,61.33,61.33,61.33,4.03,4.03,33.1,32.94,42,42,354.99,707.58,40,40,135,135,-3.16,-3.16,856.72,1132.12,1419.97,1415.15,1893.29,1886.87,-3.16,-2.45,-5.07,-2.83,473.32,471.72,3133.4,4127.53,1419.97,1415.15,5679.88,943.43,4733.23,4717.17,-4.47,-4.47,946.65,943.43,0,0,2366.62,2358.59,1514.63,1509.5,1893.29,1886.87,9.33,9.49,1064.98,1061.36,1064.98,1061.36,1419.97,1415.15,354.99,353.79,119.98,119.98,24.8,24.8,12,12,53.04,53.04,26.15,26.15,15.36,15.36,50,50,1,1,50,50,100,110,55.8,55.8,52.66,52.66,69.12,69.28,5.89,5.89,1419.97,1415.15,61.9,61.9,53,53,23.13,23.93,81.29,80.26,2.55,2.55,93.31,93.31,487.09,487.09,0,0,64,64,68.44,68.2,946.65,943.43,462.46,584.28,0.4,0.4,167.4,167.87,11.53,10.77,17.16,17.16,482.75,603.99,2.53,2.1,49.11,49.11,53.25,53.3,-30,-30,48.99,48.99,100.2,100.2,40639.54,40779.97,19207.74,19274.11,77458,77726,946.65,943.43,11.72,11.72,118.33,117.93,18000000000,19400000000,31251.8,31033.55,6.64,6.64,13.85,15.58
Rolandelli,25,25,18,18,18,18,1.45,1.45,33.48,33.31,42,42,393.41,587.64,75,75,56.25,56.25,-10,-10,944.18,940.23,524.54,522.35,2360.45,2350.57,-7.75,-7.35,-4.53,-4,-8.94,-8.94,655.68,652.94,-3.16,-3.16,-4.47,-10.95,1311.36,1305.87,1049.09,1044.7,2360.45,2350.57,1835.9,1828.22,-10.49,-10.49,760.21,757.03,524.54,522.35,11.4,11.53,786.82,783.52,786.82,783.52,1245.79,1240.58,393.41,391.76,135.9,135.9,68.84,68.84,12,12,19.79,19.79,7.12,7.12,32.01,32.01,50,50,1,1,50,50,100,110,61.72,61.72,78.46,78.46,68.75,68.92,30.25,30.25,983.52,979.41,107.18,107.18,18,18,40.57,41.27,55.2,54.2,17.58,17.58,91.89,91.89,3720.32,3720.32,0,0,64,64,52.08,51.83,721.25,718.23,446.4,515.13,0.22,0.22,48.45,48.7,9.79,9.79,17.09,17.09,534.75,634.7,2.61,2.31,24.75,24.75,45.65,45.71,-63.64,-63.64,71.06,71.06,101.45,101.45,22161.6,22264.78,18192.36,18277.05,26428,26551,721.25,718.23,3.18,3.18,262.27,261.17,44100000000,48300000000,13163.99,13069.42,8.47,8.47,8.07,8.53
TesGay,80,80,35.56,35.56,74.67,74.67,1.3,1.3,27.29,27.25,45.83,45.83,2979.96,3279.64,21,21,177.75,177.75,-10.58,-10.58,-8.58,-8.58,-1.18,-1.18,-6.32,-6.32,-5,-5,-7.8,-7.8,536.39,533.21,-14.8,-14.8,1532.55,1523.45,-7.87,-12.73,-11.92,-11.92,-1.61,-1.61,1617.69,1608.08,-13.49,-13.49,3154.5,3135.76,-5.56,-5.56,536.39,533.21,13.64,13.75,2447.82,2433.28,2660.67,2644.87,744.99,740.56,1277.12,1269.54,1190.86,1190.86,77.19,77.19,18.02,18.02,38.07,38.07,36.99,36.99,2.06,2.06,51.62,51.62,3.3,3.3,53.38,53.38,191,201,65.61,65.61,98.43,98.43,77.83,77.92,25.88,25.88,1383.55,1375.33,71.39,71.39,-76.33,-76.33,73.31,73.85,28.69,27.69,0.74,0.74,94,94,432.95,432.95,0,0,71,71,76.89,76.79,744.99,740.56,1100.71,1110.4,0.34,0.34,269.88,270.48,9.8,9.8,12.64,12.64,1176.09,1244.14,1.19,1.15,29.12,29.12,53.52,53.55,21.91,21.91,-23.45,-23.45,91.29,91.29,26636.54,26795.73,23235.19,23374.05,30101,30281,2447.82,2433.28,2.59,2.59,319.28,317.38,408100000000,411500000000,7111.96,6993.69,3.8,3.8,15.95,17.26
Tarlonit,60.33,60.33,1,1,8,8,1.02,1.02,41.07,39.39,44.28,44.28,261.68,297.48,47.75,47.75,119.25,119.25,159.5,158.65,430.64,428.37,-8.83,-8.83,119.62,118.99,338.93,366.89,-5.59,-5.59,279.12,277.64,-9.8,-9.8,-12.65,-12.65,-10.86,-14.76,109.65,109.07,259.18,257.81,-5.29,-5.29,9.97,9.92,279.12,277.64,5.58,5.55,438.62,436.3,18.17,18.25,411.2,409.03,323.98,322.27,523.35,520.58,261.68,260.29,8.25,8.25,98.12,98.12,14.16,14.16,11.48,11.48,18.52,18.52,24.81,24.81,50,50,1,1,50,50,102,112,69.95,69.95,101.7,101.7,65.07,65.28,31.74,31.74,573.19,570.16,49.21,49.21,-99,-99,71.54,71.61,-17.57,-18.45,24.66,24.66,91.43,91.43,3697.03,3697.03,-4,-4,64,64,74.78,74.68,323.98,322.27,774.24,864.3,0.28,0.28,68.73,69.04,9.63,9.64,30.62,30.62,602.45,692.45,1.77,1.66,23.26,23.26,41.82,41.89,-80.31,-80.31,50.5,50.5,109.7,109.7,6312.71,6346.27,6249.9,6283.12,6370,6404,386.28,384.24,2.31,2.31,49.84,49.58,500000000,600000000,1799.12,1802.34,16.29,16.29,7.11,7.19
Grand Beringia,73.13,73.13,96.8,96.8,68.76,68.76,1.59,1.59,20.83,20.83,29.05,29.05,15144.29,15484.08,31.3,31.3,1217.25,1217.25,-23.41,-23.41,-12.9,-12.9,-15.17,-15.17,-8.76,-8.76,-13.49,-13.2,-12.77,-12.77,-13.71,-13.71,-24,-24,-13.42,-13.42,-12.17,-15.75,-18.92,-18.92,-12.85,-12.85,-14.42,-14.42,-22.74,-22.74,-3.7,-3.7,-16.66,-16.66,0,0,21.14,21.21,1305.54,1301.18,15797.06,15744.31,2872.19,2862.6,5874.94,5855.32,74.94,74.94,62.7,62.7,1.06,1.06,45.72,45.72,57.98,57.98,1.2,1.2,53.9,53.9,7.21,7.21,44.79,44.79,428,438,66.47,66.47,107.74,107.74,91.16,91.16,13,13,4047.18,4033.67,45.33,45.33,44,44,59.02,58.87,-13.43,-13.51,0.83,0.83,93.8,93.8,424.92,424.92,1,1,83,83,52.76,52.55,652.77,650.59,1300.71,1306.87,0.33,0.33,343.85,344.53,9.15,9.16,17.42,17.42,2780.08,2835.35,0.74,0.74,42,42,84.3,84.3,-125.34,-125.34,64.88,64.88,88,88,58357.73,58553.23,45582.9,45735.6,72703,72946,9791.57,9758.87,2.52,2.52,1174.99,1171.06,2985900000000,2996100000000,23926.67,24065.38,0.56,0.56,114.15,115.01
New Mauch Chunk,40,40,68,68,74,74,5.62,5.62,30.24,30.22,44.83,44.83,0,286.56,63,63,83.25,83.25,816.89,764.15,5246.46,5882.08,1470.4,1375.48,408.44,382.08,653.51,840.57,3486.07,5501.91,1715.46,1604.73,5591.59,6686.35,816.89,764.15,1225.33,-8.37,1225.33,1146.23,571.82,534.91,3267.55,3056.62,-4.47,-4.47,-2.65,-2.65,3751.37,3509.21,4002.75,3744.36,11.27,11.4,2246.44,2101.43,1225.33,1146.23,1429.55,1337.27,0,0,1182.28,1182.28,17.8,17.8,17.36,17.36,64.93,64.93,24.86,24.86,17.44,17.44,48.6,48.6,1,1,53.38,53.38,104,114,62.3,62.3,94.99,94.99,72.57,72.6,15.24,15.24,1838,1719.35,76.58,76.58,61,61,24.38,21.82,76.5,79,0.77,0.77,93.9,93.9,472.66,472.66,-8,-8,67,67,68.92,68.89,510.55,477.6,758.78,918.28,0.29,0.29,174.78,175.26,11.16,10,12.68,12.68,486.06,605.3,1.79,1.61,39.76,39.76,56.83,56.84,23.45,23.45,35.36,35.36,106.51,106.51,52246.71,55851.9,20534.78,21951.74,115357,123317,1531.66,1432.79,3.04,3.04,204.22,191.04,2800000000,3100000000,39498.51,43676.19,15.09,15.09,28.1,32.93
Fine Yeldan WA Guinea Pig,67.33,67.33,61.33,61.33,61.33,61.33,4.03,4.03,33.14,32.97,42,42,326.42,644.14,40,40,135,135,0,0,-7.09,-6.32,-7.75,-7.75,-7.07,-7.07,870.44,1116.51,5631.75,8841.89,5657.86,5582.54,-7.77,-6.71,-3.16,-3.16,3481.76,-4.47,2611.32,2576.56,-4.47,-4.47,1740.88,1717.71,6528.3,6441.39,4352.2,4294.26,0,0,5657.86,5582.54,9.33,9.49,979.25,966.21,979.25,966.21,1305.66,1288.28,326.42,322.07,119.98,119.98,24.8,24.8,12,12,53.04,53.04,26.87,26.87,14,14,50,50,1,1,50,50,100,110,55.8,55.8,52.66,52.66,69.08,69.25,5.89,5.89,1305.66,1288.28,45.16,45.16,53,53,19.47,19.77,84.42,83.82,2.55,2.55,93.31,93.31,487.09,487.09,0,0,64,64,68.63,68.42,870.44,858.85,443.12,523.93,0.44,0.44,167.4,167.87,10.38,9.95,17.16,17.16,498.52,610.32,2.63,2.28,49.11,49.11,53.24,53.29,-30,-30,-45.83,-45.83,100.2,100.2,44187.9,44784.87,20884.83,21166.98,84221,85359,870.44,858.85,11.72,11.72,108.81,107.36,16200000000,17900000000,35571.26,35917.47,6.64,6.64,13.04,15.45
Uptop,67,67,65.67,65.67,74,74,4.88,4.88,32.2,32.07,45.34,45.34,0,278.3,40.5,40.5,135,135,2140.21,2077.98,3018.07,3876.55,2904.57,2820.12,1910.9,1855.34,4662.59,4749.67,856.08,3020.86,160.52,155.85,3324.96,4932.98,3286.74,3191.18,6344.18,2449.05,611.49,593.71,4318.63,4193.07,1758.03,1706.91,3286.74,3191.18,3019.22,2931.44,-4.38,-4.38,5205.29,5053.94,9,9.17,1528.72,1484.27,1146.54,1113.2,668.81,649.37,286.63,278.3,26.8,26.8,20.51,20.51,15.51,15.51,62.42,62.42,30.87,30.87,3.33,3.33,51,51,1,1,50.5,50.5,94,104,54.67,54.67,47.77,47.77,70.07,70.21,12.91,12.91,668.81,649.37,71.42,71.42,57.5,57.5,10.77,10.37,96.13,96.71,0.77,0.77,93.9,93.9,346.38,346.38,0,0,64,64,69.55,69.42,668.81,649.37,319.64,403.4,0.42,0.42,200.3,200.82,13.57,12.74,17.87,17.87,348.09,543.52,4.02,2.89,42.09,42.09,55.07,55.12,26.46,26.46,55.68,55.68,100.2,100.2,54396.01,56024.55,23138.6,23831.34,112840,116218,955.45,927.67,12.99,12.99,95.54,92.77,118700000000,123800000000,48521.24,50198,4.95,4.95,14.48,17.59
Bzzzr,90.67,90.67,48,48,80,80,2.85,2.85,32.84,32.69,45.34,45.34,0,256.62,9.33,9.33,204.75,204.75,-7.07,-7.07,2125.79,2463.55,3159.73,3079.44,4142.75,4037.48,4985.35,5063.96,760.09,1094.91,2808.65,2737.28,-6.24,-5.48,2106.48,2052.96,1053.24,-8.37,-6.32,-6.32,245.76,239.51,-7.75,-7.75,3510.81,3421.6,1263.89,1231.78,6052.11,5898.32,5968.37,5816.72,7.87,8.06,1228.78,1197.56,965.47,940.94,263.31,256.62,0,0,23.5,23.5,35.15,35.15,15.51,15.51,57.25,57.25,37.8,37.8,1.98,1.98,51,51,1,1,50.5,50.5,99,109,56.09,56.09,57.92,57.92,69.38,69.55,26.08,26.08,614.39,598.78,45.1,45.1,43,43,9.96,9.93,95.61,95.76,0.7,0.7,94.2,94.2,206.9,206.9,0,0,64,64,67.04,66.84,438.85,427.7,385.89,489.44,1.48,1.48,362.84,363.54,11.55,10.98,17.93,17.93,504.26,613.09,3.04,2.4,28.92,28.92,51.68,51.74,-45.83,-45.83,81.24,81.24,99.3,99.3,43147.31,44271.54,24686.27,25329.49,70232,72062,877.7,855.4,11.36,11.36,-3.16,-3.16,18300000000,20700000000,38832.58,39888.65,2.74,2.74,9.98,10.99
Kin Bris,61,61,44,44,48,48,2.59,2.59,32.69,32.57,40.78,40.78,385.51,630.33,47.25,47.25,119.25,119.25,4379.44,4475.37,444.11,453.84,6785.04,6933.68,222.06,226.92,986.92,1197.64,2352.25,2622.19,2343.92,2395.27,-4.58,-4.58,-6.93,-6.93,2528.97,-4.24,2220.56,2269.2,43.18,44.12,-6.16,-6.16,-6.16,-6.16,3022.43,3088.64,2797.93,2859.22,13508.4,13804.32,11,11.14,462.62,472.75,848.13,866.71,1156.54,1181.88,693.92,709.13,485.41,485.41,38.6,38.6,12,12,41.97,41.97,22.67,22.67,20.39,20.39,51.62,51.62,1,1,50.99,50.99,104,114,58.07,58.07,65.15,65.15,69.54,69.67,7.18,7.18,848.13,866.71,83.08,83.08,40,40,21.54,23.3,76.82,74.44,5.29,5.29,92.93,92.93,731.83,731.83,0,0,68,68,65.55,65.04,771.03,787.92,683.62,768.51,0.33,0.33,86.88,87.22,9.83,9.82,15.87,15.87,541.86,640.37,1.9,1.77,47.82,47.82,50.26,50.31,101.69,101.69,25.69,25.69,91.29,91.29,45030.8,44076.78,27108.09,26533.78,70223,68735,771.03,787.92,8.46,8.46,308.41,315.17,19900000000,22000000000,35349.18,33806.89,5.37,5.37,12.18,13.19
Itslailamarie,67,67,37.33,37.33,72,72,2.24,2.24,32.98,32.8,40.78,40.78,408.78,604.51,40.5,40.5,135,135,3760.75,3707.67,-6.39,-5.8,490.53,483.61,1853.12,1826.97,1362.59,1504.56,3042.12,4642.65,1962.13,1934.44,-1.22,-1.22,490.53,483.61,1580.6,-6.48,2670.68,2632.98,-6.71,-6.71,1580.6,1558.3,4305.78,4245.01,3215.71,3170.33,4312.79,4251.92,6213.41,6125.72,10.82,10.95,476.91,470.18,817.55,806.02,1021.94,1007.52,545.04,537.34,34.9,34.9,44.72,44.72,11.33,11.33,49.36,49.36,30.95,30.95,3.29,3.29,51,51,1,1,50.5,50.5,101,111,59.05,59.05,80.87,80.87,69.24,69.43,14.43,14.43,1021.94,1007.52,61.15,61.15,35,35,19.29,19.33,79.3,79.06,0.82,0.82,93.8,93.8,520.35,520.35,0,0,64,64,64.04,63.61,749.42,738.85,519.61,615.56,0.34,0.34,198.93,199.44,9.9,9.81,17.77,17.77,508.32,615.52,2.29,2.03,40.57,40.57,49.59,49.66,-55.23,-55.23,62.85,62.85,101.45,101.45,42896.16,43510.25,27957.2,28357.43,62522,63417,749.42,738.85,6.52,6.52,204.39,201.5,21800000000,24400000000,34617.2,35112.77,6.45,6.45,9.65,10.97
Tristepato,73.83,73.83,62.67,62.67,78,78,4.93,4.93,33.2,33.09,43.68,43.68,-4.47,119.81,30.25,30.25,157.5,157.5,1812.65,1725.33,8064.79,8898.38,302.11,287.55,1832.79,1744.5,-6.16,-5.66,120.84,460.09,-4.24,-4.24,5253.67,6949.24,402.81,383.41,4330.22,-3.74,3323.2,3163.1,-2.28,-2.28,302.11,287.55,-4.24,-4.24,-1.67,-1.67,-2.42,-2.42,2114.76,2012.88,7.28,7.35,1510.54,1437.77,881.15,838.7,-4.47,-4.47,-4.47,-4.47,445.77,445.77,20.29,20.29,14.64,14.64,67.07,67.07,32.65,32.65,2.72,2.72,51,51,1,1,50.99,50.99,99,109,54.85,54.85,45.06,45.06,69.02,69.13,18.44,18.44,1258.79,1198.14,42.41,42.41,58,58,12.56,11.28,96.15,97.39,0.73,0.73,94.07,94.07,251.3,251.3,-4,-4,64,64,69.96,69.87,377.64,359.44,341.72,459.89,1.48,1.48,140.8,141.24,11.64,10.82,16.04,16.04,445.92,589.07,3.58,2.54,36.56,36.56,54.01,54.04,-47.12,-47.12,50.2,50.2,101.85,101.85,39437.77,41430.4,16677.66,17520.32,82193,86346,1007.03,958.52,12.8,12.8,-3.16,-3.16,9000000000,10400000000,34468.61,36748.76,12.41,12.41,20.08,22.96
Centennial LE,88.33,88.33,66,66,76,76,5.37,5.37,34.74,34.51,42,42,-5.48,0,11.67,11.67,200.25,200.25,3926.65,3915.51,5409.15,6028.41,5408.41,5393.06,-5.1,-5.1,2889.42,3102.86,-4.2,-4.2,222.26,221.63,3928.13,3970.92,1704.02,1699.18,592.7,-9.17,2815.34,2807.35,2704.2,2696.53,4297.09,4284.9,5408.41,5393.06,3037.6,3028.98,5808.48,5792,9557.32,9530.2,6,6,1018.71,1015.82,555.66,554.08,0,0,-3.16,-3.16,19.47,19.47,18.61,18.61,13,13,67.67,67.67,35.9,35.9,2.18,2.18,51,51,1,1,50.5,50.5,107,117,50.38,50.38,30.57,30.57,67.66,67.84,24.32,24.32,555.66,554.08,43.79,43.79,60,60,6.22,6.2,115.85,116.02,0.74,0.74,94,94,167.87,167.87,0,0,64,64,71.13,71,185.22,184.69,263.45,315.98,1.91,1.91,349.96,350.64,13.5,13.56,18.01,18.01,550.2,647.2,18.34,4.11,30.68,30.68,54.18,54.24,89.72,89.72,-27.39,-27.39,97.83,97.83,56153.35,56313.15,22628.96,22693.36,121575,121921,648.27,646.43,16.1,16.1,-6.32,-6.32,12700000000,14100000000,52671.84,52821.74,2.66,2.66,17.76,19.41
Freedoms36,70.33,70.33,66,66,77.33,77.33,5.37,5.37,33.07,32.89,42,42,-5.48,0,35.5,35.5,146.25,146.25,-2,-2,6257.79,6809.93,5778.91,5674.94,4844.08,4756.93,-6.48,-6,-4.65,-4.65,3229.39,3171.29,-3.24,-3.24,1614.69,1585.64,-3.74,-10.68,4504.15,4423.11,254.95,250.36,2379.55,2336.74,-3.74,-3.74,-6.93,-6.93,-4.56,-4.56,9008.3,8846.23,6.63,6.63,1168.53,1147.51,637.38,625.91,318.69,312.96,-3.16,-3.16,12.64,12.64,18.61,18.61,12,12,68.73,68.73,31.44,31.44,3.09,3.09,50,50,1,1,50,50,106,116,56.02,56.02,55.19,55.19,69.16,69.33,17.04,17.04,1168.53,1147.51,44.54,44.54,60,60,8.18,8.01,105.5,106.35,0.73,0.73,94.07,94.07,273.99,273.99,-8,-8,64,64,70.89,70.79,212.46,208.64,554.8,652.26,1.24,1.24,104.92,105.3,10.28,10.1,18.84,18.84,555.48,651.59,2.18,1.96,37.96,37.96,54.68,54.73,23.45,23.45,79.06,79.06,104.46,104.46,48926.53,49822.63,19716.66,20077.78,105928,107868,743.61,730.23,11.45,11.45,-6.32,-6.32,7000000000,8000000000,44914.55,45836.82,13.02,13.02,20.61,22.41
Grand Prydain,9,9,81.33,81.33,70,70,10.58,10.58,32.48,32.32,37.37,37.37,321.93,632.07,91,91,20.25,20.25,4378.23,4298.05,4139.57,4652,-8.25,-8.25,-7.75,-7.75,4292.38,4466.6,15680.93,18617.29,-2.37,-2.37,-3.67,-3.67,-10.82,-10.82,2232.04,-6.93,515.09,505.65,-9.38,-9.38,-9.38,-9.38,2661.28,2612.54,-9.06,-9.06,4782.91,4695.32,4378.23,4298.05,10.49,10.63,107.31,105.34,1073.1,1053.44,2468.12,2422.92,1502.33,1474.82,13.18,13.18,9.45,9.45,6.84,6.84,73.38,73.38,17.29,17.29,25.91,25.91,50,50,1,1,50,50,100,110,58.38,58.38,79.43,79.43,69.77,69.94,26.62,26.62,2038.88,2001.54,73.09,73.09,73,73,17.21,17.11,88.23,88.12,0.98,0.98,93.7,93.7,643.34,643.34,-8,-8,64,64,72.34,72.21,1073.1,1053.44,379.89,443.24,0.25,0.25,17.64,17.79,9.98,9.91,18.61,18.61,525.13,627.3,3.1,2.63,28.38,28.38,60.26,60.31,-33.17,-33.17,-47.96,-47.96,105.16,105.16,59225.75,60330.6,16206.05,16508.37,171524,174724,1073.1,1053.44,7.9,7.9,-4.47,-4.47,13300000000,13800000000,49038.92,50014.07,15.17,15.17,29.57,33.74
Southern Low Countries,70.8,70.8,78.67,78.67,76.89,76.89,1.34,1.34,20.92,20.92,41.43,41.43,11339.71,11608.24,34.8,34.8,150.5,150.5,-19.24,-19.24,-12.65,-12.65,-16.49,-16.49,-10.39,-10.39,-14.15,-13.87,-13.27,-13.27,-17.55,-17.55,-21.91,-21.91,-17.52,-17.52,-14.83,-17.89,-18.97,-18.97,-15.59,-15.59,-13.42,-13.42,-24.37,-24.37,1999.73,1995.04,-23.66,-23.66,0,0,24.84,24.9,4240.07,4230.12,14297.9,14264.36,4338.67,4328.5,3254,3246.37,239.44,239.44,74.44,74.44,12,12,35.26,35.26,68.98,68.98,1.04,1.04,43.65,43.65,6.85,6.85,50.5,50.5,377,387,75.43,75.43,114.83,114.83,91.11,91.11,20.89,20.89,4338.67,4328.5,104.63,104.63,29,29,90.15,90.19,-124.49,-125.49,0.76,0.76,93.93,93.93,468.84,468.84,0,0,88,88,44.56,44.43,1183.27,1180.5,1320.59,1326.59,0.2,0.2,131.57,131.99,8.96,8.96,16.68,16.68,2594.24,2650.32,0.72,0.71,34.11,34.11,73.4,73.4,-138.56,-138.56,74.83,74.83,101.85,101.85,62839.76,62987.5,53773.33,53899.75,72233,72403,10452.26,10427.74,2.09,2.09,1676.31,1672.37,858400000000,860500000000,6158.3,6172.77,0.79,0.79,112.23,113.14
AP Admin 2,62.93,62.93,64.67,64.67,80.67,80.67,4.54,4.54,31,30.9,45.34,45.34,-4.47,105.61,45.8,45.8,123.75,123.75,4973.72,4900.37,-8.05,-6.89,-6.63,-6.63,5145.23,5069.35,-4.47,-3.79,1131.95,3608.11,180.08,177.43,1157.68,1901.01,686.03,675.91,1972.34,-7.35,5831.26,5745.27,3858.92,3802.01,686.03,675.91,1972.34,1943.25,3387.28,3337.32,-2.68,-2.68,5153.81,5077.8,10.25,10.3,2358.23,2323.45,1071.92,1056.12,643.15,633.67,214.38,211.22,1439.83,1439.83,22.04,22.04,15.9,15.9,66.39,66.39,32.81,32.81,2.68,2.68,50,50,1,1,50.99,50.99,95,105,58.11,58.11,71.41,71.41,71.53,71.65,13.97,13.97,428.77,422.45,79.61,79.61,56,56,22.34,21.93,80.24,80.53,0.69,0.69,94.23,94.23,327.04,327.04,0,0,64,64,68.01,67.84,535.96,528.06,369.34,454.64,0.32,0.32,87.06,87.4,11.95,11.16,11.57,11.57,331.88,534.62,3.21,2.56,41.03,41.03,55.37,55.41,-94.6,-94.6,82.16,82.16,100.62,100.62,47640.57,48353.6,21094.58,21410.3,95710,97143,1393.5,1372.95,8.4,8.4,428.77,422.45,54100000000,55500000000,37016.72,37764.16,5.53,5.53,13.13,15.45
Timebernmen,72.44,72.44,66.67,66.67,77.33,77.33,5.14,5.14,35.41,35.21,40.78,40.78,0,282.24,32.33,32.33,153,153,965.72,978.44,-3.35,-3.35,3862.87,3913.76,-5.66,-5.66,3862.87,4139.55,2345.95,2769.74,3714.3,3763.23,3990.64,4515.87,4605.73,4666.4,2822.87,-4.9,222.86,225.79,2340.01,2370.83,5422.87,5494.31,4680.02,4741.67,2302.86,2333.2,6774.88,6864.13,8542.89,8655.43,6.86,7.07,92.86,94.08,557.14,564.48,557.14,564.48,0,0,23.5,23.5,19.44,19.44,11.33,11.33,68.97,68.97,29.83,29.83,4.92,4.92,52.16,52.16,1,1,50.5,50.5,103,113,53.29,53.29,42.82,42.82,67.14,67.28,17.74,17.74,1207.15,1223.05,33.36,33.36,59,59,7.08,7.45,111.66,109.72,0.73,0.73,94.07,94.07,262.3,262.3,-4,-4,68,68,71.34,71.12,464.29,470.4,413.15,479.26,1.76,1.76,228.74,229.29,12.99,12.95,17.93,17.93,531.17,631.91,2.82,2.45,37.26,37.26,52.78,52.83,82.16,82.16,-39.37,-39.37,93.65,93.65,56839.9,56102.22,23471.2,23166.59,120717,119150,464.29,470.4,14.28,14.28,-5.48,-5.48,3800000000,4300000000,52804.27,51894.55,11.95,11.95,18.84,20.65
Matthias,22.25,22.25,19,19,13,13,1.49,1.49,30.89,30.78,44.28,44.28,578.91,732.69,77.75,77.75,51.75,51.75,270.16,273.54,324.19,328.24,-6,-6,1775.33,1797.52,1080.63,1211.37,2609.73,3563.79,2084.08,2110.14,-4.42,-4.42,424.53,429.84,2392.83,468.92,1620.95,1641.22,-2.45,-2.45,-6,-6,463.13,468.92,2508.61,2539.98,200.69,203.2,2354.24,2383.67,15.33,15.43,1543.76,1563.06,1013.09,1025.76,1350.79,1367.68,675.4,683.84,8.1,8.1,67.28,67.28,14.16,14.16,17.65,17.65,17.23,17.23,25.97,25.97,52.16,52.16,1,1,50,50,98,108,67.9,67.9,90.42,90.42,71.66,71.82,32.54,32.54,1254.31,1269.99,86.21,86.21,-81,-81,47.64,49.22,30.38,28.44,20.96,20.96,91.66,91.66,4396.97,4396.97,-8,-8,64,64,76.75,76.65,820.12,830.38,748.31,836.95,0.23,0.23,27.68,27.87,9.67,9.63,31.56,31.56,537.37,636.78,1.8,1.69,22.46,22.46,48.19,48.25,-88.88,-88.88,78.1,78.1,109.39,109.39,30935.83,30553.99,25087.27,24777.61,37290,36830,1254.31,1269.99,2.42,2.42,530.67,537.3,1700000000,1900000000,16210.37,15521.43,14.35,14.35,9.02,10.01
The Navy of South Asians 23,66.8,66.8,40,40,77.33,77.33,1.47,1.47,29.51,29.39,43.68,43.68,2243.18,2588.54,40.8,40.8,135,135,-9.8,-9.8,4909.87,5058.74,1866.32,1922.91,789.6,813.54,-4.65,-4.65,-3.22,-3.22,2153.45,2218.74,-7.04,-7.04,4091.55,4215.61,2297.01,-6,-5.1,-5.1,-4.36,-4.36,3014.83,3106.24,-8.72,-8.72,1633.03,1682.55,-2.01,-2.01,4019.77,4141.66,12.88,13,1794.54,1848.95,1345.91,1386.72,1345.91,1386.72,1435.63,1479.16,34.9,34.9,68.05,68.05,14.16,14.16,48.18,48.18,29.23,29.23,6.58,6.58,52.16,52.16,1,1,50.5,50.5,168,178,62.61,62.61,100.5,100.5,73.69,73.87,19.61,19.61,1345.91,1386.72,77.92,77.92,27,27,45.68,48.6,45.35,43.07,0.74,0.74,94,94,522.61,522.61,0,0,68,68,51.13,50.84,987,1016.92,1041.78,1055.31,0.3,0.3,196.32,196.84,10.27,10.27,17.77,17.77,1031.53,1102.34,1.41,1.36,35.39,35.39,51.22,51.28,33.17,33.17,38.73,38.73,92.89,92.89,36152.84,35159.7,29497.84,28687.52,43345,42154,1256.18,1294.27,2.98,2.98,448.64,462.24,6513600000000,6728000000000,19630.99,18072.09,4.86,4.86,16.27,17.6
The United Republic of Shamrockshire,67,67,62.67,62.67,78.67,78.67,4.19,4.19,31.44,31.33,43.68,43.68,195.91,477.39,40.5,40.5,135,135,235.09,229.15,2970.73,3483.05,5720.48,5575.93,1723.98,1680.42,1097.08,1298.51,3740.25,5866.19,-9.38,-9.38,5706.37,6969.92,3369.6,3284.45,2194.16,-6.63,1410.53,1374.89,-4.12,-4.12,1802.34,1756.8,5328.67,5194.02,305.61,297.89,601.83,586.62,5955.57,5805.08,9.85,10,1567.25,1527.65,1077.49,1050.26,1077.49,1050.26,391.81,381.91,26.8,26.8,23.86,23.86,14.16,14.16,64.96,64.96,32.14,32.14,2.86,2.86,52.64,52.64,1,1,50.5,50.5,99,109,58.16,58.16,74.99,74.99,70.97,71.11,14.08,14.08,1077.49,1050.26,89.11,89.11,54,54,17.04,16.71,86.4,86.61,0.71,0.71,94.13,94.13,325.26,325.26,0,0,64,64,68.45,68.28,685.67,668.35,455.04,527.05,0.34,0.34,199.2,199.72,11.9,11.4,17.87,17.87,498.69,610.39,2.56,2.27,40.92,40.92,55.11,55.16,64.03,64.03,56.57,56.57,100.2,100.2,50645.05,51957.77,23432.78,24040.16,98207,100753,1567.25,1527.65,8.31,8.31,97.95,95.48,5800000000,6600000000,42035.39,43280.82,2.86,2.86,17.42,20.67
Minesweepers,72.27,72.27,66.17,66.17,74.67,74.67,5.06,5.06,35.74,35.32,40.78,40.78,0,281.89,32.6,32.6,153,153,2185.07,2104.78,1685.63,1623.69,2887.42,2781.32,3823.88,3683.37,624.31,826.88,3467.24,3969.02,3121.53,3006.83,5120.87,5449.88,-4.9,-4.9,-2,-10.2,-2,-2,3745.84,3608.2,4526.22,4359.91,6477.18,6239.18,1521.75,1465.83,-2.53,-2.53,8194.02,7892.93,6.63,6.86,97.55,93.96,487.74,469.82,585.29,563.78,292.64,281.89,12.84,12.84,19.76,19.76,10.55,10.55,66.36,66.36,29.47,29.47,5.86,5.86,51.62,51.62,1,1,50,50,102,112,51.16,51.16,34.88,34.88,66.89,67.2,16.07,16.07,877.93,845.67,44.31,44.31,58.25,58.25,7.34,7.21,109.82,110.83,0.76,0.76,93.94,93.94,289.75,289.75,0,0,68,68,71.22,71.13,487.74,469.82,483.12,601.98,0.98,0.98,120.43,120.83,9.92,9.85,18.75,18.75,539.78,638.7,2.43,2.06,38.93,38.93,52.7,52.8,-35.36,-35.36,70.36,70.36,87.18,87.18,54129.7,56193.94,22554.04,23414.14,114146,118499,487.74,469.82,15.76,15.76,-5.48,-5.48,56500000000,60000000000,50178.23,52147.97,3.66,3.66,20.94,23.05
Narnia do Sul,35,35,70,70,72,72,6.46,6.46,29.77,29.67,44.83,44.83,86.99,351.26,66.75,66.75,76.5,76.5,4593.01,4636.69,83.51,84.3,542.81,547.97,1043.87,1053.79,835.09,1053.79,668.07,674.43,535.85,540.95,2261.71,2283.22,3409.96,3442.39,5288.92,1826.58,5636.88,5690.49,4175.46,4215.17,1461.41,1475.31,5288.92,5339.22,117.61,118.73,1051.68,1061.69,5671.67,5725.61,11.66,11.79,2000.74,2019.77,1130.85,1141.61,1130.85,1141.61,434.94,439.08,923.69,923.69,15.47,15.47,16.29,16.29,65.06,65.06,25.25,25.25,16.86,16.86,50,50,1,1,51.96,51.96,107,117,62.74,62.74,93.84,93.84,73.28,73.42,16.52,16.52,1130.85,1141.61,86.77,86.77,64,64,17.64,18.77,84.55,82.72,0.82,0.82,93.8,93.8,499.89,499.89,-8,-8,67,67,69.88,69.63,521.93,526.9,931.78,1021.61,0.27,0.27,45.41,45.65,11.46,11.05,13.85,13.85,544.26,642.32,1.6,1.49,38.48,38.48,58.1,58.15,-41.47,-41.47,50,50,106.84,106.84,63130.4,62535.79,22927.96,22712,148190,146795,1391.82,1405.06,2.95,2.95,260.97,263.45,300000000,300000000,52019.45,50779.06,14.03,14.03,24.24,25.91
Celestrea,22.25,22.25,56,56,74,74,3.48,3.48,28.77,28.7,44.83,44.83,627.99,896.18,77.75,77.75,51.75,51.75,1794.26,1792.35,3064.59,3441.32,466.51,466.01,2870.81,2867.77,-7.62,-7.21,-3.71,-3.46,4377.99,4373.34,-2.74,-2.74,179.43,179.24,2153.11,-6.32,-4.47,-4.47,2081.34,2079.13,358.85,358.47,3229.66,3226.24,0,0,0,0,6638.75,6631.71,14.97,15.07,2601.67,2598.91,1704.54,1702.74,1704.54,1702.74,448.56,448.09,1855.77,1855.77,28.72,28.72,16.29,16.29,57.66,57.66,24.03,24.03,18.63,18.63,50,50,1,1,51.96,51.96,101,111,67.23,67.23,103,103,74.93,75.05,16.84,16.84,1704.54,1702.74,92.58,92.58,49,49,48.08,48.75,37.83,36.73,0.77,0.77,93.9,93.9,683.64,683.64,-8,-8,67,67,59.58,57.93,1076.55,1075.41,1015.16,1040.15,0.24,0.24,27.53,27.72,9.94,9.9,9.93,9.93,529.68,630.76,1.51,1.42,38.16,38.16,55.46,55.5,-66.71,-66.71,71.41,71.41,108.77,108.77,48968.85,49020.88,25093.49,25120.15,87360,87453,1973.68,1971.59,2.46,2.46,807.42,806.56,1200000000,1400000000,25414.83,25098.69,14.82,14.82,19.46,21.11
Blackbird,73.67,73.67,26.12,26.12,68.38,68.38,1.3,1.3,15.53,15.53,171.47,171.47,24408.59,24439.61,30.5,30.5,217.5,217.5,-76.64,-76.64,-54.95,-54.95,-60.32,-60.32,-41.89,-41.89,-71.31,-71.26,-35.97,-35.97,-77.81,-77.81,-74.17,-74.17,-63.54,-63.54,-62.32,-63.12,-75.79,-75.79,-66.19,-66.19,-60.37,-60.37,-77.87,-77.87,791.41,791.34,-90.73,-90.73,0,0,131.46,131.47,18985.69,18984.05,17715.56,17714.03,11585.8,11584.8,10945.21,10944.26,2739.69,2739.69,76.81,76.81,124.73,124.73,4.46,4.46,282.21,282.21,0.41,0.41,44.48,44.48,38.55,38.55,93.17,93.17,1616,1626,255.63,255.63,231.41,231.41,96.57,96.57,19.47,19.47,6803.48,6802.89,337.79,337.79,-73.88,-73.88,120.63,120.64,-5992.4,-5993.4,0.54,0.54,95.06,95.06,553.19,553.19,190,190,217,217,86.89,86.83,13750.54,13749.35,2818.65,2821.51,0.06,0.06,168,168.47,0.99,0.99,7.06,7.06,10687.92,10730.43,0.23,0.23,35.53,35.53,71.52,71.52,-570.51,-570.51,252.09,252.09,344.54,344.54,191664.4,191680.96,166752.79,166767.2,217098,217117,22343.25,22341.32,1.09,1.09,12149.07,12148.02,255500000000,255600000000,0,0,46.8,46.8,260.33,260.63
Minyos,70.94,70.94,29.33,29.33,73.22,73.22,1.34,1.34,18.26,18.26,98.34,98.34,12414.49,12486.85,34.58,34.58,1216.5,1216.5,-36.3,-36.3,-27.25,-27.25,-25.73,-25.73,-24.96,-24.96,-34.36,-34.24,-21.05,-21.05,-50.99,-50.99,-33.63,-33.63,-28.35,-28.35,-36.3,-37.66,-40.6,-40.6,-33.44,-33.44,-29.12,-29.12,-46.03,-46.03,1790.8,1790.01,-47.88,-47.88,0,0,57.46,57.49,10284.81,10280.23,9713.43,9709.11,4181.45,4179.59,3687.99,3686.35,1666.02,1666.02,74.44,74.44,60.5,60.5,5.8,5.8,143.6,143.6,0.62,0.62,31.28,31.28,23.17,23.17,66.48,66.48,607,617,118.78,118.78,149.56,149.56,93.1,93.1,19.1,19.1,2597.17,2596.02,206.13,206.13,-71,-71,100.59,100.6,-1126.05,-1127.05,0.42,0.42,95.99,95.99,507.29,507.29,54,54,202,202,82.78,82.71,5843.64,5841.04,1783.6,1787.7,0.1,0.1,247.1,247.67,3.88,3.88,10.65,10.65,4540.08,4590.09,0.41,0.41,35.9,35.9,70.81,70.81,-158.76,-158.76,81.16,81.16,167.8,167.8,87549.47,87588.42,74917.95,74951.28,100637,100682,13635.16,13629.1,1.51,1.51,4129.51,4127.67,313300000000,313500000000,0,0,11.07,11.07,198.24,198.62
World Assembly Administered Territory,79.67,79.67,59.33,59.33,55.56,55.56,1.41,1.41,22.68,22.65,42,42,4613.54,4987.71,21.5,21.5,177.75,177.75,-16.91,-16.91,-7.8,-7.8,-13.78,-13.78,-7.18,-7.18,649.21,651.73,-11.24,-11.24,-8.12,-8.12,-16.79,-16.79,-13.15,-13.15,662.46,-9.27,-14.35,-14.35,-9.27,-9.27,-10.3,-10.3,-13.27,-13.27,4268.12,4284.68,190.79,191.53,0,0,16.46,16.55,1537.85,1543.81,9936.86,9975.42,2602.51,2612.61,2011.03,2018.83,119.98,119.98,70.81,70.81,12,12,31.63,31.63,38.08,38.08,1.96,1.96,50,50,6.85,6.85,50,50,220,230,65.28,65.28,103.72,103.72,90.22,90.23,15.92,15.92,2602.51,2612.61,54.47,54.47,33.5,33.5,72.77,73.25,1.89,0.61,2.03,2.03,93.4,93.4,526.63,526.63,0,0,62,62,52.44,52.16,946.37,950.04,1104.91,1114.45,0.34,0.34,237.1,237.67,9.18,9.18,17.16,17.16,1314.02,1379.98,1.17,1.14,39.08,39.08,62.62,62.62,-96.54,-96.54,-13.42,-13.42,101.85,101.85,39872.94,39718.89,33227.45,33099.07,46922,46740,3075.7,3087.63,2.62,2.62,591.48,593.77,1024000000000,1021400000000,10845.44,10644.66,7.27,7.27,16.7,18.05
Neyshon16,78.44,78.44,73.33,73.33,69.56,69.56,54.16,54.16,50.24,50.24,36.69,36.69,896.9,896.9,23.33,23.33,173.25,173.25,0,0,538.14,538.14,0,0,3587.6,3587.6,0,0,4305.12,4305.12,4305.12,4305.12,3363.37,3363.37,2870.08,2870.08,4484.5,4484.5,2690.7,2690.7,3856.67,3856.67,3139.15,3139.15,-5.48,-5.48,0,0,5829.85,5829.85,4305.12,4305.12,9.85,9.85,448.45,448.45,560.56,560.56,896.9,896.9,896.9,896.9,152.93,152.93,1.85,1.85,5.02,5.02,86.31,86.31,30.41,30.41,3.75,3.75,50,50,2.52,2.52,49.01,49.01,108,108,39.7,39.7,15.32,15.32,64.17,64.17,27.51,27.51,896.9,896.9,29.82,29.82,91,91,16.38,16.38,93.29,93.29,1.13,1.13,93.64,93.64,129.15,129.15,0,0,64,64,74.33,74.33,896.9,896.9,173.83,173.83,2.31,2.31,251.37,251.37,13.67,13.67,17.01,17.01,591.49,591.49,84.74,84.74,27.49,27.49,55.15,55.15,-66.33,-66.33,66.33,66.33,101.85,101.85,51280.24,51280.24,5051.49,5051.49,273576,273576,896.9,896.9,20.26,20.26,896.9,896.9,1215300000000,1216900000000,42870.28,42870.28,4.98,4.98,32.68,32.68
Sleeper Agent 1,42.67,42.67,57.33,57.33,34.67,34.67,3.61,3.61,32.09,31.9,42,42,277.06,524.98,61,61,87.75,87.75,-7.07,-7.07,-5.16,-4.9,1847.09,1749.94,4802.43,4549.85,3029.23,3079.9,5179.24,7279.77,738.84,699.98,0,0,1477.67,1399.95,-4.47,-10.95,1108.25,1049.97,2585.93,2449.92,4433.01,4199.86,-7.07,-7.07,3694.18,3499.89,2909.09,2756.09,2585.93,2449.92,9.75,9.9,831.19,787.47,831.19,787.47,1385.32,1312.46,277.06,262.49,119.98,119.98,27.72,27.72,12,12,40.83,40.83,19.8,19.8,23.57,23.57,50,50,1,1,50,50,100,110,59.18,59.18,67.21,67.21,70.2,70.41,9.89,9.89,1570.03,1487.45,67.95,67.95,50,50,16.51,15.01,86.56,88.41,9.27,9.27,92.53,92.53,859.48,859.48,-8,-8,64,64,68.46,68.39,738.84,699.98,610.86,748.22,0.33,0.33,86.9,87.24,9.98,9.86,17.16,17.16,520.03,623.53,2.04,1.8,45.11,45.11,52.94,53.01,-66.33,-66.33,83.07,83.07,106.18,106.18,48602.39,51299.53,24422.1,25777.38,88117,93006,738.84,699.98,6.18,6.18,92.35,87.5,376300000000,396600000000,40583,43604.6,14.24,14.24,14.94,17.16
Neyshon17,70.89,70.89,41.67,41.67,64.44,64.44,2.21,2.21,34.32,34.32,40.11,40.11,778.62,778.62,34.67,34.67,148.5,148.5,3893.12,3893.12,0,0,1946.56,1946.56,1557.25,1557.25,1323.66,1323.66,0,0,4126.71,4126.71,5839.68,5839.68,2569.46,2569.46,0,0,389.31,389.31,2335.87,2335.87,1557.25,1557.25,-5.48,-5.48,0,0,0,0,9966.39,9966.39,10.3,10.3,778.62,778.62,778.62,778.62,778.62,778.62,973.28,973.28,152.93,152.93,45.19,45.19,9.76,9.76,47.19,47.19,26.54,26.54,14.66,14.66,52.16,52.16,0.8,0.8,50,50,106,106,56.79,56.79,57.44,57.44,68,68,12.76,12.76,778.62,778.62,58.3,58.3,34.25,34.25,29.07,29.07,70.33,70.33,2.22,2.22,93.37,93.37,568.37,568.37,0,0,64,64,62.31,62.31,778.62,778.62,466.4,466.4,0.45,0.45,195.78,195.78,11.54,11.54,17.01,17.01,600.98,600.98,2.51,2.51,42.24,42.24,49.77,49.77,10,10,48.99,48.99,101.85,101.85,35855.65,35855.65,23502.4,23502.4,52005,52005,778.62,778.62,10.45,10.45,778.62,778.62,6591200000000,6600100000000,25421.66,25421.66,2.75,2.75,10.79,10.79
Sealite,28,28,42.67,42.67,17,17,2.51,2.51,31.97,31.97,42,42,441.44,441.44,72,72,63,63,3884.67,3884.67,789.29,789.29,-7.07,-7.07,2472.06,2472.06,-6.32,-6.32,0,0,-8.94,-8.94,2638.04,2638.04,3178.37,3178.37,1059.46,1059.46,1412.61,1412.61,3531.52,3531.52,2825.22,2825.22,3884.67,3884.67,-3.16,-3.16,-2,-2,3884.67,3884.67,10.82,10.82,971.17,971.17,971.17,971.17,1589.18,1589.18,441.44,441.44,130.47,130.47,39.79,39.79,12,12,27.82,27.82,7.83,7.83,31.79,31.79,50,50,1,1,50,50,100,100,59.35,59.35,65.16,65.16,70.33,70.33,22.57,22.57,1236.03,1236.03,99.54,99.54,39,39,27.67,27.67,70.67,70.67,18.23,18.23,91.84,91.84,2027.29,2027.29,0,0,64,64,64.08,64.08,882.88,882.88,382.19,382.19,0.24,0.24,55.73,55.73,11.44,11.44,17.11,17.11,514.64,514.64,3.07,3.07,32.43,32.43,50.75,50.75,-80.62,-80.62,63.25,63.25,101.04,101.04,38477.67,38477.67,23546.04,23546.04,59176,59176,882.88,882.88,5.71,5.71,264.86,264.86,190200000000,191700000000,27819.35,27819.35,8.24,8.24,11.53,11.53
Cheesecakes,88.33,88.33,76.67,76.67,83,83,9.95,9.95,33.31,33.13,44.28,44.28,-6.32,-3.16,11.67,11.67,200.25,200.25,5868.7,5933.75,2898.81,3108.95,-5.29,-5.29,3719.6,3760.83,5538.07,5850.18,4811.5,6151.05,1487.84,1504.33,-2.45,-2.45,5455.41,5515.88,2975.68,-5.29,1322.52,1337.18,-4.58,-4.58,-4.24,-4.24,7521.85,7605.23,644.73,651.88,-4.29,-4.29,7356.53,7438.09,6.93,6.93,1859.8,1880.42,826.58,835.74,-3.16,-3.16,206.64,208.94,18.38,18.38,10.05,10.05,14.64,14.64,79.41,79.41,37.62,37.62,2,2,51,51,1,1,50.5,50.5,107,117,50.48,50.48,31.89,31.89,68.92,69.09,31.68,31.68,516.61,522.34,35.19,35.19,72,72,7.15,7.26,112.53,111.91,0.71,0.71,94.13,94.13,87.11,87.11,0,0,64,64,72.23,72.08,103.32,104.47,273.91,327.51,1.96,1.96,350.16,350.85,13.74,13.52,18.03,18.03,542.08,640.55,9.7,3.84,23.32,23.32,58.5,58.56,-81.55,-81.55,72.46,72.46,98.83,98.83,58677.04,58033.79,16639.76,16457.34,165633,163817,1136.54,1149.14,16.06,16.06,-4.47,-4.47,53500000000,54200000000,54452.29,53797.32,2.49,2.49,19.87,21.98
Neyshon18,44,44,57.67,57.67,48.44,48.44,3,3,32.3,32.3,40.78,40.78,948.63,948.63,60,60,90,90,4268.84,4268.84,0,0,0,0,0,0,0,0,0,0,4932.88,4932.88,5928.95,5928.95,2845.9,2845.9,0,0,2371.58,2371.58,4173.98,4173.98,1422.95,1422.95,-4.58,-4.58,-4.47,-4.47,0,0,9201.73,9201.73,10.68,10.68,948.63,948.63,948.63,948.63,1304.37,1304.37,1304.37,1304.37,246.94,246.94,33.35,33.35,13.62,13.62,42.92,42.92,18.07,18.07,25.23,25.23,50,50,1,1,51.96,51.96,112,112,57.03,57.03,57.3,57.3,69.96,69.96,7.93,7.93,948.63,948.63,75.22,75.22,44.25,44.25,32.45,32.45,71.15,71.15,4.85,4.85,92.98,92.98,806.41,806.41,0,0,64,64,66.49,66.49,948.63,948.63,539.28,539.28,0.3,0.3,90.37,90.37,11.36,11.36,16.66,16.66,598.34,598.34,2.23,2.23,47.07,47.07,53.08,53.08,-20,-20,20,20,101.85,101.85,39463.08,39463.08,21940.29,21940.29,65796,65796,948.63,948.63,10.1,10.1,948.63,948.63,2442300000000,2445500000000,26637.58,26637.58,6.94,6.94,13.55,13.55
Send Me Ur Music Reccs,15,15,74,74,46.67,46.67,8.85,8.85,32.59,32.59,42,42,359,359,85,85,33.75,33.75,957.33,957.33,3027.56,3027.56,5265.33,5265.33,5265.33,5265.33,4307.99,4307.99,765.87,765.87,-6.32,-6.32,-4.85,-4.85,957.33,957.33,-7.07,-7.07,1914.66,1914.66,2872,2872,1436,1436,2393.33,2393.33,0,0,0,0,6222.66,6222.66,9.38,9.38,1077,1077,1077,1077,1555.66,1555.66,359,359,119.98,119.98,11.3,11.3,12,12,54.63,54.63,12.5,12.5,29.47,29.47,50,50,1,1,50,50,100,100,55.23,55.23,45.7,45.7,69.64,69.64,21.56,21.56,1436,1436,105.04,105.04,70,70,18.26,18.26,88.57,88.57,5.63,5.63,92.89,92.89,811.88,811.88,0,0,64,64,71.38,71.38,957.33,957.33,403.4,403.4,0.24,0.24,27.79,27.79,12.9,12.9,17.16,17.16,519.28,519.28,2.89,2.89,33.44,33.44,57.2,57.2,-20,-20,76.81,76.81,100.2,100.2,48596.57,48596.57,14748.21,14748.21,130567,130567,957.33,957.33,12.38,12.38,119.67,119.67,187000000000,187800000000,39703.4,39703.4,8.47,8.47,17.55,17.55
Eschara,81.17,81.17,71.33,71.33,86,86,7.93,7.93,48.6,45.11,42,42,-8.37,-6.32,19.25,19.25,182.25,182.25,0,0,-7.75,-6.76,-4.47,-4.47,2771.07,2569.69,-3.16,-2.45,1583.47,4256.05,2474.17,2294.37,-5,-3.87,-4.47,-4.47,2474.17,-7.07,2474.17,2294.37,5789.57,5368.82,-3.16,-3.16,4948.35,4588.73,6779.24,6286.56,4374.34,4056.44,2474.17,2294.37,5.1,5.1,1113.38,1032.46,247.42,229.44,247.42,229.44,-3.16,-3.16,8.32,8.32,12.62,12.62,13,13,82.74,82.74,36.16,36.16,2.15,2.15,47.8,47.8,1,1,50.5,50.5,96,106,45.39,45.39,24.79,24.79,64.31,64.64,28.78,28.78,1237.09,1147.18,29.35,29.35,68,68,7.16,6.61,109.77,112.74,0.74,0.74,94,94,115.49,115.49,0,0,64,64,71.99,71.99,0,0,156.29,258.24,1.91,1.91,284.44,285.06,12.13,10.41,30.21,30.21,314.33,524.22,91.59,24.34,26.22,26.22,53.39,53.5,-62.05,-62.05,53.39,53.39,96.68,96.68,45198.2,48739.22,14616.33,15761.44,115853,124929,371.13,344.15,18.11,18.11,-7.75,-7.75,151700000000,164000000000,41943.93,45522.43,7.27,7.27,15.55,18.13
Badland0,40.67,40.67,68,68,75.33,75.33,5.62,5.62,30.79,30.67,44.83,44.83,0,258.1,62.5,62.5,85.5,85.5,2504.41,2408.94,3806.71,4539.13,-3.74,-3.74,3219.96,3097.21,4150.17,4198.44,2118.02,3854.31,-5.1,-5.1,4751.23,6022.35,178.89,172.07,3577.73,0,715.55,688.27,3148.41,3028.38,3935.51,3785.48,5008.83,4817.88,4973.05,4783.47,876.78,843.35,2504.41,2408.94,10.15,10.3,1252.21,1204.47,983.88,946.37,1162.76,1118.44,0,0,919.19,919.19,17.8,17.8,16.29,16.29,65.98,65.98,28.36,28.36,9.61,9.61,50,50,1,1,51.96,51.96,101,111,60.43,60.43,87.19,87.19,71.81,71.96,15.74,15.74,983.88,946.37,81.91,81.91,61,61,12.47,11.46,93.47,95.01,0.75,0.75,93.97,93.97,454.92,454.92,-4,-4,67,67,70.22,70.15,447.22,430.17,660.34,831.13,0.3,0.3,48.31,48.57,12.24,10.94,13.87,13.87,466.71,597.58,1.94,1.7,39.26,39.26,56.13,56.18,-75.5,-75.5,70.71,70.71,102.62,102.62,59662.53,62027.01,23449.45,24378.77,131730,136951,894.43,860.34,3.7,3.7,268.33,258.1,500000000,500000000,52204.72,54893.9,13.75,13.75,23.01,27.21
Unelim,81.33,81.33,73.33,73.33,78.67,78.67,8.37,8.37,32.13,32,45.83,45.83,-6.32,-3.16,19,19,182.25,182.25,793.47,790.96,-3.04,-2.83,8490.08,8463.25,396.73,395.48,5950.99,6169.47,2469.66,3796.6,3491.25,3480.21,852.98,988.7,3491.25,3480.21,5157.53,1186.44,-3.16,-3.16,5117.85,5101.68,-3.16,-3.16,-4.47,-4.47,-5.29,-5.29,4899.65,4884.16,12774.8,12734.42,8.25,8.25,1785.3,1779.65,793.47,790.96,-4.47,-4.47,0,0,1165.08,1165.08,11.95,11.95,18.02,18.02,72.56,72.56,33.39,33.39,2.56,2.56,51.62,51.62,1,1,53.38,53.38,104,114,56.81,56.81,56.03,56.03,70.15,70.3,26.21,26.21,694.28,692.09,47.13,47.13,69,69,8.73,8.69,104.79,104.98,0.71,0.71,94.13,94.13,144.56,144.56,-4,-4,71,71,71.57,71.44,99.18,98.87,595.79,729.18,1.92,1.92,302.1,302.74,13.58,12.76,12.75,12.75,505.54,613.83,2.07,1.83,28.79,28.79,57.45,57.5,98.23,98.23,32.4,32.4,93.65,93.65,57774.22,57957.42,18108.34,18165.76,151572,152053,1091.02,1087.57,10.41,10.41,-4.47,-4.47,600000000,600000000,52747.87,52915.13,11.4,11.4,23.74,26.21
Miangli,73.56,73.56,23,23,74,74,1.63,1.63,30.85,30.74,45.83,45.83,328.23,463.96,30.67,30.67,157.5,157.5,675.22,668.1,1035.34,1024.42,1688.06,1670.25,2775.91,2746.63,1913.13,2004.3,4327.24,5701.3,1763.08,1744.48,1547.38,1531.06,1725.57,1707.37,862.78,-7.35,1800.59,1781.6,472.66,467.67,1613.03,1596.02,-6.63,-6.63,3207.31,3173.47,555.18,549.33,4126.36,4082.83,14.73,14.83,1641.17,1623.85,890.92,881.52,750.25,742.33,515.79,510.35,1212.26,1212.26,61.21,61.21,18.02,18.02,39.9,39.9,35.7,35.7,2.2,2.2,51.62,51.62,1,1,53.38,53.38,106,116,67.65,67.65,102.87,102.87,71.72,71.87,22.72,22.72,890.92,881.52,65.86,65.86,-77,-77,35.17,35.13,47.34,47.07,0.77,0.77,93.9,93.9,514.11,514.11,-8,-8,71,71,77.33,77.25,562.69,556.75,1001.98,1025.93,0.39,0.39,239.23,239.79,9.85,9.78,12.54,12.54,556.73,652.64,1.54,1.47,32.28,32.28,48.33,48.38,-61.64,-61.64,91.1,91.1,103.37,103.37,38500.99,38911.44,29689.82,30006.33,48507,49024,1031.59,1020.71,2.44,2.44,422.01,417.56,400000000,400000000,24948.64,25253.52,12.85,12.85,15.68,18.1
Fluffel,75.44,75.44,68.17,68.17,82,82,2.9,2.9,29.86,29.75,43.68,43.68,77.66,306.79,27.83,27.83,164.25,164.25,4162.42,4110.96,3837.2,4196.86,4783.68,4724.54,6336.82,6258.48,4224.55,4356.39,3808,4614.1,-4.47,-4.47,7860.77,8973.56,1180.39,1165.8,4783.68,1656.66,-9.27,-9.27,-4.36,-4.36,4162.42,4110.96,2298.65,2270.23,-2.05,-2.05,4453.91,4398.85,8946.11,8835.5,8.6,8.77,854.23,843.67,776.57,766.97,465.94,460.18,1009.54,997.06,22.03,22.03,34.45,34.45,14.16,14.16,61.76,61.76,38.24,38.24,1.95,1.95,52.64,52.64,2.52,2.52,50.5,50.5,104,114,57.43,57.43,70.75,70.75,73.13,73.31,20.88,20.88,388.29,383.49,71.76,71.76,43.25,43.25,7.17,7.2,111.81,111.8,0.71,0.71,94.13,94.13,285.46,285.46,0,0,64,64,68.36,68.17,310.63,306.79,578.61,707.64,0.46,0.46,216.09,216.63,9.8,9.72,17.95,17.95,548.11,645.47,2.12,1.86,34.12,34.12,58.18,58.24,-62.85,-62.85,107.94,107.94,97.83,97.83,70258.11,71137.59,39760.5,40258.21,115415,116860,1475.49,1457.24,9.51,9.51,-6.32,-6.32,1896500000000,1923300000000,65199.53,66015.68,1.6,1.6,16.58,19.18
Neyshon19,44,44,66.67,66.67,44,44,4.03,4.03,32.71,32.71,40.78,40.78,1035.75,1035.75,60,60,90,90,2589.37,2589.37,1864.34,1864.34,4660.86,4660.86,0,0,0,0,0,0,673.24,673.24,1294.68,1294.68,0,0,2589.37,2589.37,0,0,2589.37,2589.37,4142.99,4142.99,1346.47,1346.47,0,0,3935.84,3935.84,7923.46,7923.46,10.82,10.82,1035.75,1035.75,1035.75,1035.75,1035.75,1035.75,1424.15,1424.15,171.06,171.06,24.8,24.8,10.55,10.55,43.76,43.76,17.07,17.07,26.11,26.11,50,50,1,1,50,50,108,108,54.96,54.96,42.7,42.7,69.52,69.52,8.13,8.13,2071.49,2071.49,80.78,80.78,53,53,34.27,34.27,71.39,71.39,5.63,5.63,92.89,92.89,756.54,756.54,0,0,64,64,68.15,68.15,1035.75,1035.75,452.05,452.05,0.31,0.31,90.8,90.8,11.61,11.61,16.93,16.93,598.91,598.91,2.58,2.58,46.87,46.87,54.6,54.6,64.42,64.42,18.71,18.71,101.85,101.85,40834.31,40834.31,19299.8,19299.8,77830,77830,906.28,906.28,12.67,12.67,1035.75,1035.75,995800000000,997700000000,26828.14,26828.14,8.03,8.03,14.83,14.83
North Caucasian Union,72.67,72.67,59.11,59.11,80.67,80.67,2.28,2.28,29.61,29.5,44.83,44.83,393.48,714.37,32,32,153,153,2282.16,2367.61,4627.28,4800.54,2124.77,2204.33,-4.24,-4.24,4406.93,4816.87,-11.15,-9.21,-5.35,-5.35,4820.08,5000.57,1888.69,1959.41,5036.5,1142.99,-7.21,-7.21,2203.47,2285.97,-8.49,-8.49,-7.48,-7.48,531.98,551.9,3699.9,3838.44,4406.93,4571.95,10.58,10.72,2164.12,2245.15,1082.06,1122.58,491.85,510.26,295.11,306.16,919.19,919.19,43.88,43.88,16.29,16.29,63.74,63.74,33.13,33.13,2.61,2.61,51,51,1,1,51.96,51.96,114,124,60.98,60.98,87.43,87.43,73.53,73.7,16.97,16.97,688.58,714.37,83.1,83.1,51.33,51.33,22.84,25.41,77.37,74.49,0.7,0.7,94.2,94.2,274.9,274.9,0,0,67,67,66.59,66.12,491.85,510.26,742.68,831.01,0.33,0.33,118.58,118.98,13.6,13.31,13.87,13.87,624.83,712.66,1.81,1.7,38.03,38.03,55.3,55.36,52.44,52.44,-7.07,-7.07,100.62,100.62,48025,46292.22,30981.3,29863.47,70613,68065,1475.54,1530.79,3.42,3.42,196.74,204.1,660500000000,639700000000,37075.3,34534,4.24,4.24,17.15,19.1
Smellite,72,72,67.33,67.33,13,13,5.37,5.37,33.25,33.25,42,42,346.82,346.82,33,33,150.75,150.75,1387.27,1387.27,-7.91,-7.91,-6.32,-6.32,1849.7,1849.7,-3.16,-3.16,-4,-4,-7.07,-7.07,0,0,4161.82,4161.82,6473.95,6473.95,4161.82,4161.82,1387.27,1387.27,1387.27,1387.27,2774.55,2774.55,4624.25,4624.25,3699.4,3699.4,1387.27,1387.27,9.54,9.54,1040.46,1040.46,1040.46,1040.46,1849.7,1849.7,346.82,346.82,119.98,119.98,18.61,18.61,12,12,31.1,31.1,20.59,20.59,22.76,22.76,50,50,1,1,50,50,100,100,54.53,54.53,36.29,36.29,68.97,68.97,21.89,21.89,1387.27,1387.27,54.33,54.33,60,60,20.63,20.63,84.2,84.2,20.96,20.96,91.66,91.66,694.44,694.44,0,0,64,64,69.76,69.76,924.85,924.85,260.44,260.44,0.51,0.51,199.08,199.08,13.76,13.76,17.16,17.16,476.14,476.14,21.66,21.66,33.11,33.11,54.75,54.75,-66.33,-66.33,48.99,48.99,100.2,100.2,45664.44,45664.44,18402.09,18402.09,98866,98866,924.85,924.85,13.13,13.13,115.61,115.61,349700000000,350900000000,36257.57,36257.57,6.31,6.31,13.85,13.85
Cantuariensis,37.33,37.33,65.33,65.33,71.33,71.33,4.73,4.73,31.07,30.96,43.68,43.68,182.1,447.49,65,65,78.75,78.75,2258.02,2219.56,2938.71,3522.65,-6.16,-6.16,1165.43,1145.58,1529.63,1718.37,4300.08,6965.47,4297.53,4224.32,3619.39,4564.41,5535.8,5441.49,2986.42,-4.24,1165.43,1145.58,1675.31,1646.77,3714.81,3651.53,2258.02,2219.56,3714.81,3651.53,-4.62,-4.62,6555.55,6443.87,10.91,11.05,1456.79,1431.97,1001.54,984.48,1001.54,984.48,182.1,179,1448.15,1448.15,21.16,21.16,14.64,14.64,61.32,61.32,25.73,25.73,16.07,16.07,50,50,1,1,50.99,50.99,102,112,59.37,59.37,77.57,77.57,71.43,71.58,13.24,13.24,910.49,894.98,78.94,78.94,57,57,18.31,18.22,83.71,83.64,0.86,0.86,93.77,93.77,546.98,546.98,0,0,64,64,68.87,68.7,637.35,626.49,475.42,568.19,0.26,0.26,75.31,75.63,12.93,12.05,11.53,11.53,488.32,606.19,2.46,2.14,41.76,41.76,55.3,55.35,-64.03,-64.03,46.9,46.9,100.2,100.2,56073.28,57045.09,24270.53,24691.16,114719,116707,1092.59,1073.98,5.64,5.64,273.15,268.49,320200000000,326300000000,45811.87,46662.88,7.44,7.44,17.79,21.32
Purrple,63.33,63.33,82,82,79.33,79.33,17.35,17.35,36.51,36.51,39.43,39.43,-3.16,-3.16,45.5,45.5,123.75,123.75,2390.42,2390.42,3795.36,3795.36,3161.52,3161.52,5089.27,5089.27,2390.42,2390.42,821.99,821.99,3469.96,3469.96,3658.11,3658.11,7402.58,7402.58,2004.87,2004.87,1233.76,1233.76,5860.37,5860.37,3161.52,3161.52,7402.58,7402.58,848.21,848.21,-1.79,-1.79,9021.89,9021.89,6.48,6.48,-7.07,-7.07,674.71,674.71,771.1,771.1,481.94,481.94,7.89,7.89,5.76,5.76,8.98,8.98,85.38,85.38,29.29,29.29,6.42,6.42,50,50,1,1,50,50,100,100,46.84,46.84,28.34,28.34,66.37,66.37,21.42,21.42,578.33,578.33,46.11,46.11,80,80,5.42,5.42,123.31,123.31,0.7,0.7,94.17,94.17,207.69,207.69,0,0,64,64,74.43,74.43,385.55,385.55,260.86,260.86,0.59,0.59,97.9,97.9,15.23,15.23,32.88,32.88,467.09,467.09,21.18,21.18,33.58,33.58,58.26,58.26,-51.96,-51.96,82.46,82.46,95,95,66976.37,66976.37,13661.85,13661.85,237075,237075,385.55,385.55,17.55,17.55,-8.94,-8.94,22400000000,23800000000,63359.65,63359.65,5.9,5.9,24.23,24.23
Loglog,59,59,33.33,33.33,45.33,45.33,2.06,2.06,32.73,32.58,40.78,40.78,425.91,648.23,48.75,48.75,117,117,-7.07,-7.07,-7.58,-7.48,738.24,749.07,1476.48,1498.14,2271.51,2477.69,3344.8,3687.72,0,0,1419.69,1440.52,-7.75,-7.75,1703.63,-6.32,567.88,576.21,2385.08,2420.07,-4.47,-4.47,-7.07,-7.07,3577.63,3630.1,1843.17,1870.2,738.24,749.07,11.49,11.62,496.89,504.18,851.82,864.31,1135.75,1152.41,425.91,432.16,490.88,490.88,48.6,48.6,12,12,37.04,37.04,23.31,23.31,19.58,19.58,51.62,51.62,1,1,50.99,50.99,104,114,59.35,59.35,73.41,73.41,69.5,69.65,10,10,993.78,1008.36,78.78,78.78,32,32,27.82,29.33,67.28,65.4,5.98,5.98,92.85,92.85,837.89,837.89,0,0,68,68,58.07,57.07,780.83,792.28,795.25,886.42,0.29,0.29,85.98,86.32,9.66,9.65,15.85,15.85,561,656.24,1.74,1.64,45,45,48.59,48.65,-40.62,-40.62,54.31,54.31,92.09,92.09,36932.29,36428.2,25172.75,24829.17,51798,51091,780.83,792.28,5.71,5.71,354.92,360.13,22100000000,25700000000,26665.11,25754.74,5.99,5.99,10.6,11.51
Yotimmoto,66.83,66.83,96.3,96.3,63.05,63.05,1.54,1.54,19.65,19.65,51.1,51.1,16527.88,16776.41,40.75,40.75,79,79,-25.61,-25.61,-15.39,-15.39,-20.05,-20.05,-13.1,-13.1,-19.81,-19.62,-13.94,-13.94,-23.54,-23.54,-24.28,-24.28,-22.23,-22.23,-20.15,-22.49,-25.02,-25.02,-16.22,-16.22,-16.31,-16.31,-26.31,-26.31,-9.71,-9.71,-24.41,-24.41,0,0,29.72,29.77,8125.44,8111.67,14773.53,14748.49,8494.78,8480.38,4616.73,4608.9,496.32,496.32,65.08,65.08,19.56,19.56,28.03,28.03,73.71,73.71,0.98,0.98,41.19,41.19,10.95,10.95,49.5,49.5,505,515,88.92,88.92,120.53,120.53,91.94,91.94,8.35,8.35,4247.39,4240.19,123.12,123.12,40.86,40.86,77.11,77.08,-126.62,-126.7,0.68,0.68,94.26,94.26,575.13,575.13,0,0,76,76,44.59,44.49,3047.04,3041.88,1434.46,1439.73,0.17,0.17,14.48,14.62,5.83,5.83,15.83,15.83,3199.06,3252.73,0.6,0.6,46.65,46.65,83.6,83.6,-126.79,-126.79,50.85,50.85,112.08,112.08,81531.4,81669.78,64958.56,65068.82,99820,99989,12557.5,12536.22,1.81,1.81,1846.69,1843.56,681900000000,683200000000,18670.69,18702.38,0.89,0.89,121.29,122.02
Task Force 16,23,23,64,64,72.67,72.67,2.55,2.55,28.47,28.33,44.83,44.83,870.18,1248.48,77,77,51.75,51.75,4786,4993.92,-2.83,-2.83,-4.9,-4.9,0,0,3480.73,3904.34,0,0,-5.1,-5.1,1631.59,1702.47,-5.48,-5.48,6091.28,1815.97,-13.04,-13.04,-5.1,-5.1,-4.47,-4.47,-7.07,-7.07,3741.78,3904.34,0,0,4786,4993.92,13.67,13.78,2828.09,2950.95,1740.36,1815.97,2393,2496.96,870.18,907.99,937.13,937.13,39.19,39.19,16.29,16.29,62.34,62.34,23.41,23.41,19.46,19.46,46.97,46.97,1,1,51.96,51.96,116,126,65.64,65.64,103.22,103.22,75.47,75.73,17.27,17.27,2175.46,2269.96,98.5,98.5,55,55,47.9,51.98,44.44,41.56,0.82,0.82,93.8,93.8,643.34,643.34,-8,-8,67,67,64.18,63.4,978.96,1021.48,872.17,966.83,0.24,0.24,23.07,23.24,12.35,12.4,13.79,13.79,644.66,730.82,1.66,1.57,37.73,37.73,56.46,56.55,-44.16,-44.16,27.39,27.39,107.82,107.82,46163.18,44241.58,28019.44,26853.1,71489,68513,1849.14,1929.47,2.59,2.59,652.64,680.99,125900000000,122100000000,24051.02,21235.96,16.28,16.28,20.26,21.73
Skibidi Bidet,99,99,66.17,66.17,99,99,108.03,108.03,109.78,108.09,40.78,40.78,-6.32,-3.16,1,1,222.75,222.75,1924.61,1813.61,-7.05,-6.32,2886.92,2720.42,6158.75,5803.57,962.31,1178.85,5809.92,8705.35,3560.53,3355.19,4354.43,5100.79,6254.98,5894.25,-3.16,-10.49,-4.47,-4.47,-3.16,-3.16,-5.48,-5.48,3849.22,3627.23,-2.65,-2.65,-4.82,-4.82,8372.05,7889.22,5,5,481.15,453.4,481.15,453.4,-3.16,-3.16,-4.47,-4.47,95.92,95.92,0.93,0.93,10.55,10.55,110.59,110.59,40.52,40.52,1.78,1.78,50,50,1,1,50,50,100,110,34.5,34.5,12.33,12.33,59.44,59.76,49.09,49.09,601.44,566.75,20.19,20.19,97.75,97.75,6.24,5.81,117.8,120.06,1.26,1.26,93.59,93.59,0.49,0.49,0,0,64,64,75.74,75.72,360.86,340.05,68.41,96.62,4.77,4.77,385.64,386.36,15.54,14.86,17.29,17.29,502.18,611.99,128.44,115.44,5.91,5.91,51.02,51.12,-61.24,-61.24,82.16,82.16,97.83,97.83,43195.47,45839.1,2611.07,2770.87,282067,299330,360.86,340.05,22.25,22.25,-6.32,-6.32,79500000000,85700000000,40517.35,43180.43,2.7,2.7,32.47,37.22
Coudkodeki,57.33,57.33,57.33,57.33,61.33,61.33,3.61,3.61,32.9,32.74,42,42,307.89,618.11,50,50,112.5,112.5,3284.19,3296.58,1225.41,1483.46,2052.62,2060.36,3284.19,3296.58,1642.1,1895.53,4907.82,7911.79,-7.07,-7.07,-5.5,-4.74,-6.32,-6.32,4515.77,412.07,-4.47,-4.47,-5.48,-5.48,-3.16,-3.16,2873.67,2884.51,4926.29,4944.87,3284.19,3296.58,5336.81,5356.94,9.33,9.49,923.68,927.16,923.68,927.16,1231.57,1236.22,307.89,309.05,119.98,119.98,27.72,27.72,12,12,51.46,51.46,26.23,26.23,15.22,15.22,50,50,1,1,50,50,100,110,56.5,56.5,57.02,57.02,69.32,69.49,1.56,1.56,1231.57,1236.22,78.24,78.24,50,50,18.71,19.72,84.65,83.35,2.55,2.55,93.31,93.31,586.18,586.18,0,0,64,64,68.1,67.83,821.05,824.14,444.63,542.38,0.32,0.32,126.19,126.6,10.73,9.97,17.16,17.16,498.93,610.5,2.62,2.22,53.44,53.44,52.65,52.7,-43.59,-43.59,66.33,66.33,100.2,100.2,43798.82,43638.47,22008.36,21927.79,79408,79117,821.05,824.14,10.83,10.83,102.63,103.02,4100000000,4700000000,35608.44,35041.7,7.09,7.09,13.29,15.52
Yourson2,57.33,57.33,57.33,57.33,61.33,61.33,3.61,3.61,32.88,32.72,42,42,300.28,595.31,50,50,112.5,112.5,-4.47,-4.47,-2.83,-2.83,800.75,793.75,-3.16,-3.16,2402.24,2619.38,-7.31,-4.9,5204.86,5159.39,-5.97,-5.48,2001.87,1984.38,0,-10,2001.87,1984.38,4003.74,3968.76,4404.11,4365.64,4404.11,4365.64,800.75,793.75,5464.17,5416.43,6005.61,5953.14,9.33,9.49,900.84,892.97,900.84,892.97,1201.12,1190.63,300.28,297.66,119.98,119.98,27.72,27.72,12,12,51.46,51.46,23.02,23.02,19.95,19.95,50,50,1,1,50,50,100,110,56.5,56.5,57.02,57.02,69.34,69.51,1.56,1.56,1201.12,1190.63,58.45,58.45,50,50,17.68,18.14,85.75,85,2.55,2.55,93.31,93.31,586.18,586.18,0,0,64,64,68.17,67.94,800.75,793.75,517.56,596.39,0.35,0.35,126.19,126.6,12.36,12.1,17.16,17.16,513.84,619.15,2.3,2.07,53.44,53.44,52.66,52.71,33.17,33.17,-10,-10,100.2,100.2,44905.01,45302.47,22564.21,22763.93,81413,82134,800.75,793.75,10.83,10.83,100.09,99.22,2600000000,3200000000,36956.83,37102.72,7.09,7.09,10.77,11.95
Bloom3,77.11,77.11,78.5,78.5,81.33,81.33,13.7,13.7,35.57,35.37,42,42,573.53,883.03,25.33,25.33,168.75,168.75,-10.49,-10.49,5047.06,5180.46,4205.88,4317.05,-3.16,-3.16,4664.7,5023.47,1835.29,1883.8,3441.17,3532.13,-10.25,-10.25,5352.94,5494.42,5352.94,1569.84,5352.94,5494.42,1911.76,1962.29,2294.12,2354.75,4970.58,5101.96,2676.47,2747.21,9252.93,9497.5,7647.05,7849.18,7.48,7.68,573.53,588.69,573.53,588.69,477.94,490.57,286.76,294.34,105.17,105.17,7.3,7.3,12,12,85.75,85.75,33.37,33.37,2.56,2.56,50,50,1,1,50,50,120,130,47.55,47.55,28.84,28.84,67.02,67.16,28,28,860.29,883.03,40.46,40.46,76.75,76.75,6.67,7.19,116.4,113.52,0.7,0.7,94.17,94.17,123.9,123.9,0,0,64,64,73.21,72.98,477.94,490.57,293.99,349.58,1.53,1.53,229.1,229.66,15.36,15.41,17.24,17.24,665.6,750.2,4.84,3.46,27,27,57.51,57.56,75.83,75.83,-15.81,-15.81,98.83,98.83,65076.42,63401.72,15297.82,14904.14,209560,204167,477.94,490.57,17.27,17.27,-4.47,-4.47,351500000000,345700000000,60716.3,58836.8,5.33,5.33,22.01,23.56
The Penrose Sphere,20,20,6,6,58.67,58.67,1.12,1.12,34.76,34.55,45.34,45.34,224.29,316.31,80,80,45,45,-8.94,-8.94,-8.48,-8,-7.75,-7.75,1512.36,1492.99,179.43,253.05,4412.75,5324.14,-10,-10,-9.15,-8.66,-12.25,-12.25,769,-6.32,-9.49,-9.49,-10.63,-10.63,-10.95,-10.95,-5.48,-5.48,461.4,455.49,369.12,364.39,0,0,13.82,13.93,929.2,917.3,608.79,600.99,801.04,790.78,224.29,221.42,8.55,8.55,88.97,88.97,15.51,15.51,22.52,22.52,23.04,23.04,19.94,19.94,52.64,52.64,1,1,50.5,50.5,99,109,69.23,69.23,103.35,103.35,67.64,67.81,25.59,25.59,672.87,664.25,107.34,107.34,-94,-94,49.49,49.39,34.69,34.14,3,3,93.23,93.23,2454.83,2454.83,-8,-8,64,64,75.59,75.49,384.5,379.57,795.98,887.19,0.22,0.22,105.6,105.97,9.26,9.2,28.94,28.94,541.9,640.41,1.74,1.64,29.41,29.41,43.96,44.02,-101.98,-101.98,86.02,86.02,108.77,108.77,14721.14,14912.14,13842.26,14021.87,15558,15760,833.08,822.41,2.34,2.34,288.37,284.68,72900000000,74100000000,7434.17,7545.54,13.62,13.62,8.06,9.12
Zerzind,54,54,69.33,69.33,45.33,45.33,5.14,5.14,29.35,29.29,47.2,47.2,86.74,331.88,52.5,52.5,108,108,4441.26,4248.02,5024.52,5652.18,2359.42,2256.76,5412.79,5177.27,3747.31,3783.39,4456.18,6801.14,437.19,418.16,-6.96,-5.61,4094.29,3916.14,4094.29,597.38,-1.41,-1.41,4371.86,4181.64,624.55,597.38,-4.69,-4.69,-5.02,-5.02,-5.61,-5.61,7237.87,6922.94,12.08,12.21,2342.07,2240.16,1127.66,1078.6,1127.66,1078.6,693.95,663.75,923.69,923.69,19.44,19.44,18.02,18.02,46.48,46.48,24.02,24.02,18.65,18.65,47.8,47.8,1,1,51.96,51.96,97,107,60.94,60.94,77.7,77.7,73.94,74.04,7.43,7.43,693.95,663.75,104.97,104.97,59,59,20.49,18.87,79.09,81.28,5.98,5.98,92.85,92.85,630.87,630.87,0,0,69,69,68.31,68.26,520.46,497.81,856.69,1024.83,0.27,0.27,55.17,55.45,11.76,9.97,13.85,13.85,470.57,599.13,1.67,1.47,47.57,47.57,58.1,58.14,-73.48,-73.48,93.81,93.81,106.84,106.84,62431.62,65271.42,25780.22,26952.88,132593,138624,1387.89,1327.5,3.44,3.44,954.18,912.66,10400000000,11200000000,49633.14,52935.12,8.31,8.31,25.39,29.84
Neyshon20,68.22,68.22,77.89,77.89,64.44,64.44,16.57,16.57,34.43,34.43,39.43,39.43,1034.91,1034.91,38.67,38.67,139.5,139.5,413.96,413.96,6706.23,6706.23,413.96,413.96,413.96,413.96,4967.58,4967.58,662.34,662.34,538.15,538.15,517.46,517.46,413.96,413.96,413.96,413.96,413.96,413.96,1448.88,1448.88,413.96,413.96,1966.33,1966.33,3001.25,3001.25,7182.29,7182.29,1366.08,1366.08,10.25,10.25,1034.91,1034.91,1034.91,1034.91,1034.91,1034.91,1164.28,1164.28,152.93,152.93,6.04,6.04,8.98,8.98,67.02,67.02,26.8,26.8,14.15,14.15,52.16,52.16,1,1,50,50,108,108,48.32,48.32,26.76,26.76,67.91,67.91,14.14,14.14,1034.91,1034.91,54,54,73.83,73.83,24.97,24.97,82.26,82.26,1.86,1.86,93.44,93.44,323.28,323.28,0,0,64,64,71.97,71.97,1034.91,1034.91,346.75,346.75,0.67,0.67,176.21,176.21,13.78,13.78,17.01,17.01,603.84,603.84,3.5,3.5,40.86,40.86,57.96,57.96,-20,-20,28.28,28.28,101.85,101.85,47528.35,47528.35,9970.71,9970.71,165176,165176,1034.91,1034.91,16.96,16.96,1034.91,1034.91,1364300000000,1366100000000,35646.26,35646.26,2.98,2.98,21.74,21.74
Norvikeland,71.83,71.83,98.61,98.61,70.76,70.76,1.57,1.57,20.05,20.04,12.74,12.74,15703.34,15940.46,33.25,33.25,212.75,212.75,-30.13,-30.13,-22.05,-22.05,-20.46,-20.46,-10.9,-10.9,-18.19,-18.03,-19.06,-19.06,-27.09,-27.09,-22.88,-22.88,-14.07,-14.07,-19.44,-21.86,-20.45,-20.45,-25.61,-25.61,-22.76,-22.76,-29.34,-29.34,8914.64,8901.71,-28.55,-28.55,0,0,30.48,30.53,12666.78,12648.41,17351.76,17326.59,6246.63,6237.57,4251.18,4245.01,1406.5,1406.5,63.88,63.88,0.42,0.42,76.33,76.33,111.07,111.07,0.73,0.73,71.86,71.86,2.93,2.93,48.04,48.04,290,300,74.75,74.75,117.25,117.25,91.66,91.66,14.07,14.07,2255.73,2252.46,60.93,60.93,42.43,42.43,93.75,93.79,-235.12,-236.12,0.69,0.69,94.24,94.24,428.47,428.47,32,32,156,156,39.31,39.21,1735.18,1732.66,1409.8,1415.2,0.17,0.17,183.76,184.26,9.9,9.9,11.71,11.71,3139.2,3193.07,0.62,0.62,40.93,40.93,94.69,94.69,-211.8,-211.8,147.6,147.6,39.8,39.8,89513.55,89643.6,70618.36,70720.96,110546,110707,19781,19752.31,2.11,2.11,-12.25,-12.25,2374800000000,2379300000000,5639.35,5557.9,0.34,0.34,153.25,153.75
Tarrsonis,75.07,75.07,53.33,53.33,59.11,59.11,1.37,1.37,23.82,23.73,44.28,44.28,2729.13,3118.98,28.4,28.4,162,162,-12.57,-12.57,4890.59,5081.11,2328.85,2419.57,5531.03,5746.49,-2.5,-2.5,-9.76,-9.76,-8,-8,-11.87,-11.87,-9.25,-9.25,3711.61,75.61,-8.25,-8.25,815.1,846.85,-4.24,-4.24,-9.9,-9.9,8187.38,8506.31,-11.02,-11.02,2328.85,2419.57,14.93,15.03,1364.56,1417.72,6458.93,6710.54,1273.59,1323.2,909.71,945.15,1039.06,1039.06,72.82,72.82,16.29,16.29,30.53,30.53,39.76,39.76,1.83,1.83,47.8,47.8,6.47,6.47,52.44,52.44,213,223,65.82,65.82,100.07,100.07,87.65,88,13.98,13.98,1910.39,1984.81,66.16,66.16,31,31,53.51,57.28,28.16,25.16,1.6,1.6,93.5,93.5,578.76,578.76,-4,-4,65,65,53.69,53.23,181.94,189.03,1104.47,1114.02,0.42,0.42,229.09,229.64,9.32,9.32,13.32,13.32,1231.89,1299.04,1.17,1.14,41.02,41.02,60.27,60.39,-80,-80,97.98,97.98,103,103,45751.07,44036.25,38694.93,37244.59,53138,51146,1819.42,1890.29,2.57,2.57,363.88,378.06,623400000000,605300000000,21274.25,18803.48,14.81,14.81,25.38,27.23
Seafoam Island,82.33,82.33,100.11,100.11,82,82,1.58,1.58,20.17,20.16,65.68,65.68,19411.01,19567.53,17.67,17.67,220.75,220.75,-10.2,-10.2,-17.75,-17.75,-18.97,-18.97,-9.92,-9.92,-13.82,-13.6,-14.06,-14.06,-16.68,-16.68,-24.25,-24.25,-4.58,-4.58,-23.54,-25.57,-30.56,-30.56,-24.04,-24.04,-18.55,-18.55,-32.73,-32.73,9708.64,9702.8,2428.96,2427.5,0,0,47.7,47.73,16044.94,16035.28,14642.41,14633.6,6844.34,6840.23,10154.31,10148.2,1385.6,1385.6,63.23,63.23,38.16,38.16,8.49,8.49,138.26,138.26,0.63,0.63,72.05,72.05,0.53,0.53,65.81,65.81,508,518,101.07,101.07,129.89,129.89,91.58,91.58,24.4,24.4,14137.5,14128.99,66.88,66.88,-56.71,-56.71,99.01,99.01,-754.97,-755.97,2.41,2.41,93.33,93.33,231.51,231.51,15,15,136,136,77.46,77.37,5105.21,5102.14,1617.26,1621.8,0.16,0.16,374.24,374.95,19,19.04,11.8,11.8,4355.72,4406.14,0.48,0.48,30.6,30.6,97.18,97.18,-253.86,-253.86,201.59,201.59,143.94,143.94,139767.77,139851.9,109668.53,109734.54,173432,173536,20589.13,20576.75,1.66,1.66,3141.67,3139.78,949800000000,950500000000,1397.68,1398.52,0.49,0.49,154.63,155.13
Neyshon21,60.44,60.44,71.83,71.83,56,56,3.23,3.23,32.61,32.61,40.78,40.78,1082.2,1082.2,47.67,47.67,119.25,119.25,4947.2,4947.2,7420.81,7420.81,0,0,0,0,0,0,0,0,0,0,0,0,463.8,463.8,0,0,0,0,803.92,803.92,0,0,-3.16,-3.16,1855.2,1855.2,2968.32,2968.32,4947.2,4947.2,10.95,10.95,1082.2,1082.2,927.6,927.6,2009.8,2009.8,2628.2,2628.2,152.93,152.93,30.93,30.93,8.23,8.23,48.34,48.34,23.76,23.76,19,19,52.64,52.64,0.8,0.8,48.52,48.52,103,103,58.82,58.82,70.19,70.19,69.62,69.62,2.69,2.69,2319,2319,75.02,75.02,46.75,46.75,46.15,46.15,61.8,61.8,3.5,3.5,93.16,93.16,626.05,626.05,-1,-1,64,64,66.46,66.46,1082.2,1082.2,615.16,615.16,0.3,0.3,136.53,136.53,11.83,11.83,17.01,17.01,598.72,598.72,2.03,2.03,52.31,52.31,56.92,56.92,-24.49,-24.49,24.49,24.49,101.45,101.45,37011.28,37011.28,19748.55,19748.55,63857,63857,1855.2,1855.2,7.03,7.03,1082.2,1082.2,2887900000000,2890900000000,19912.07,19912.07,4.2,4.2,13.49,13.49
Tfw you accidentally withdraw endo,61.78,61.78,28,28,57.33,57.33,1.85,1.85,32.18,32.18,40.78,40.78,710.26,710.26,46.67,46.67,121.5,121.5,568.21,568.21,1363.7,1363.7,1136.42,1136.42,795.49,795.49,625.03,625.03,909.13,909.13,1250.06,1250.06,710.26,710.26,568.21,568.21,568.21,568.21,2841.04,2841.04,852.31,852.31,568.21,568.21,2556.94,2556.94,738.67,738.67,2897.16,2897.16,2954.68,2954.68,11.62,11.62,355.13,355.13,1065.39,1065.39,1065.39,1065.39,639.23,639.23,8.05,8.05,54.02,54.02,10.55,10.55,38.41,38.41,28.87,28.87,7.79,7.79,50,50,1,1,50,50,106,106,60.31,60.31,81.72,81.72,70.09,70.09,9.05,9.05,1065.39,1065.39,73.19,73.19,-72,-72,33.18,33.18,61.26,61.26,3.24,3.24,93.2,93.2,771.71,771.71,0,0,64,64,77.73,77.73,994.36,994.36,669.09,669.09,0.29,0.29,43.08,43.08,9.9,9.9,31.86,31.86,632.19,632.19,1.92,1.92,45.95,45.95,49.61,49.61,-29.15,-29.15,53.39,53.39,100.62,100.62,31549.05,31549.05,22759.26,22759.26,42128,42128,1207.44,1207.44,3.79,3.79,142.05,142.05,4836800000000,4840800000000,21074.77,21074.77,7.34,7.34,9.85,9.85
Lord Stalker,78.83,78.83,79.22,79.22,14,14,2.71,2.71,29.76,29.69,38.06,38.06,1902.39,2269.32,22.75,22.75,175.5,175.5,-12.41,-12.41,2470.87,2505.32,-3.13,-3.13,4118.12,4175.54,7251.48,7624.9,-9.47,-9.47,3043.83,3086.27,-8.4,-8.4,2417.16,2450.86,2059.06,-7.35,4297.17,4357.09,4073.36,4130.16,-4.9,-4.9,-2,-2,3222.88,3267.82,7719.33,7826.96,3043.83,3086.27,9.27,9.43,-13.04,-13.04,1007.15,1021.19,671.43,680.79,1230.96,1248.12,1034.67,1034.67,36.95,36.95,11.33,11.33,32.35,32.35,21.11,21.11,22.19,22.19,51,51,3.3,3.3,52.44,52.44,177,187,54.72,54.72,34.21,34.21,73.29,73.4,24.22,24.22,2014.3,2042.38,22.96,22.96,57.83,57.83,15.64,16.95,87.5,85.7,20.26,20.26,91.71,91.71,617.83,617.83,0,0,67,67,70.17,69.93,111.91,113.47,842.64,936.12,1.16,1.16,262.18,262.78,13.32,13.37,13.34,13.34,1016.3,1087.44,1.69,1.6,30.78,30.78,59.05,59.09,-71.69,-71.69,68.19,68.19,92.09,92.09,55937.17,55242.05,32885.12,32476.46,88994,87888,335.72,340.4,12.93,12.93,-15.49,-15.49,1482400000000,1654200000000,47210.98,45850.9,6.06,6.06,23.43,25.05
Mongolman,74.5,74.5,7.25,7.25,24,24,1.16,1.16,32.94,32.78,45.83,45.83,499.83,594.38,29.25,29.25,159.75,159.75,1524.48,1526.63,-5.51,-5.51,149.95,150.16,199.93,200.21,-4.47,-3.74,-4.82,-4.82,999.66,1001.07,343.63,344.12,-7.55,-7.55,149.95,-9.38,274.91,275.29,1237.08,1238.82,1649.44,1651.76,-2.37,-2.37,937.18,938.5,564.81,565.6,2674.09,2677.85,17.06,17.15,1374.53,1376.47,843.46,844.65,749.75,750.8,593.55,594.38,8.73,8.73,86.09,86.09,15.9,15.9,16.16,16.16,27.98,27.98,11.23,11.23,51,51,1,1,50.5,50.5,100,110,68.11,68.11,91.76,91.76,69.29,69.45,30.45,30.45,905.94,907.22,60.55,60.55,-92.75,-92.75,60.65,61.45,8.11,6.87,14.5,14.5,92.11,92.11,1202.77,1202.77,-4,-4,64,64,75.36,75.25,656.03,656.95,895.25,990.39,0.39,0.39,232.98,233.53,9.48,9.48,27.97,27.97,566.87,661.24,1.63,1.55,24.55,24.55,45.12,45.18,-43.01,-43.01,49.5,49.5,109.08,109.08,20190.65,20162.74,18658.77,18632.98,21673,21643,968.42,969.78,2.41,2.41,562.31,563.1,15900000000,16500000000,7955.12,7762.66,14.09,14.09,7.31,7.54
New Awesome Prussia,69.06,69.06,96.03,96.03,72.29,72.29,1.34,1.34,20.3,20.3,67.49,67.49,13459.04,13717.21,37.42,37.42,165.75,165.75,-25.22,-25.22,-9.63,-9.63,-10.78,-10.78,-14.62,-14.62,-15.72,-15.47,-13.36,-13.36,-27.68,-27.68,-26.5,-26.5,-17.49,-17.49,-20.15,-22.49,-18.87,-18.87,-16.06,-16.06,-12.88,-12.88,-23.94,-23.94,21353.76,21316.17,-26.7,-26.7,0,0,24.96,25.02,4894.2,4885.58,10823.7,10804.65,847.07,845.58,3294.17,3288.37,1339.46,1339.46,74.44,74.44,33.3,33.3,8.39,8.39,85.41,85.41,0.88,0.88,45.31,45.31,12.07,12.07,51.96,51.96,414,424,80.34,80.34,120.16,120.16,91.49,91.49,17.85,17.85,0,0,152.8,152.8,29,29,79.97,80.11,-77.16,-78.16,0.53,0.53,95.12,95.12,539.22,539.22,9,9,104,104,47.75,47.58,3388.29,3382.33,1397.12,1402.6,0.14,0.14,127.56,127.98,5.18,5.19,11.99,11.99,2776.37,2831.65,0.63,0.63,37.15,37.15,82.06,82.06,-98.89,-98.89,63.01,63.01,120.99,120.99,79989.99,80131.05,68449.15,68569.85,91947,92109,14964.95,14938.6,1.96,1.96,0,0,722800000000,724400000000,15998,15946.08,0.84,0.84,127.89,128.54
Neyshon22,44,44,27.5,27.5,44,44,1.84,1.84,33.89,33.89,40.78,40.78,1381.48,1381.48,60,60,90,90,0,0,0,0,0,0,0,0,0,0,884.15,884.15,0,0,0,0,0,0,4973.34,4973.34,0,0,552.59,552.59,0,0,-2.65,-2.65,0,0,0,0,0,0,8.77,8.77,138.15,138.15,276.3,276.3,690.74,690.74,690.74,690.74,135.9,135.9,54.37,54.37,10.55,10.55,34.3,34.3,15.52,15.52,27.36,27.36,51,51,4.48,4.48,50,50,116,116,55.94,55.94,46.89,46.89,68.38,68.38,14.58,14.58,1795.93,1795.93,77.18,77.18,27.5,27.5,51.81,51.81,69.37,69.37,6.35,6.35,92.81,92.81,1015.73,1015.73,0,0,64,64,57.85,57.85,2072.22,2072.22,437.36,437.36,0.3,0.3,91.34,91.34,7.11,7.11,17.09,17.09,604.55,604.55,2.66,2.66,40.42,40.42,46.3,46.3,12.93,12.93,-12.93,-12.93,100.62,100.62,17047.49,17047.49,12340.35,12340.35,22696,22696,138.15,138.15,11.54,11.54,690.74,690.74,6384300000000,6391800000000,8216.89,8216.89,7.06,7.06,10.44,10.44
Estinving,70.33,70.33,74.67,74.67,77.33,77.33,8.37,8.37,31.81,31.66,44.28,44.28,-6.32,-3.16,35.5,35.5,146.25,146.25,3349.59,3182.75,349.52,498.17,5898.19,5604.41,4733.11,4497.37,4514.66,4497.37,3734.43,6194.95,5315.65,5050.89,-4.74,-3.67,1128.67,1072.45,4441.84,761.09,3349.59,3182.75,2257.33,2144.9,3349.59,3182.75,1165.07,1107.04,6116.64,5811.99,-4.29,-4.29,14563.42,13838.06,7.68,7.68,1638.38,1556.78,728.17,691.9,182.04,172.98,182.04,172.98,7.84,7.84,11.95,11.95,14.16,14.16,72.95,72.95,36.4,36.4,2.12,2.12,52.16,52.16,1,1,50,50,98,108,56.47,56.47,56.21,56.21,70.52,70.7,20.07,20.07,910.21,864.88,44.95,44.95,69,69,6.88,6.27,114.68,118.51,0.73,0.73,94.07,94.07,227.11,227.11,-8,-8,64,64,72.15,72.19,91.02,86.49,386.09,593.09,1.26,1.26,105.34,105.71,12.74,10.31,33.18,33.18,409.82,573.5,3.04,2.08,34.93,34.93,58.67,58.73,25.5,25.5,86.31,86.31,105.16,105.16,64741.33,68134.81,20292.06,21355.69,169851,178754,1365.32,1297.32,10.88,10.88,-4.47,-4.47,4500000000,5400000000,60274.18,63842.31,11.75,11.75,19.16,22.26
Craldfle,70.33,70.33,74.67,74.67,77.33,77.33,8.37,8.37,31.79,31.66,44.28,44.28,-6.32,-3.16,35.5,35.5,146.25,146.25,4763.89,4741.74,952.78,948.35,5485.7,5460.19,606.31,603.49,866.16,1077.67,3404.02,4138.25,4547.35,4526.21,-5.34,-5.34,938.34,933.98,1154.88,-8.25,4402.99,4382.52,-2.83,-2.83,3681.19,3664.07,4763.89,4741.74,4980.44,4957.27,7444.1,7409.48,14796.95,14728.13,7.42,7.42,1624.06,1616.5,721.8,718.45,180.45,179.61,180.45,179.61,7.84,7.84,11.95,11.95,14.16,14.16,72.95,72.95,34.22,34.22,2.41,2.41,50,50,1,1,50,50,106,116,55.88,55.88,53.07,53.07,70.54,70.7,20.07,20.07,902.25,898.06,44.86,44.86,69,69,6.48,6.43,116.87,117.21,0.73,0.73,94.07,94.07,227.11,227.11,-8,-8,64,64,72.24,72.13,90.23,89.81,464.55,550.52,1.3,1.3,105.04,105.41,11.2,10.87,33.18,33.18,538.98,638.06,2.51,2.19,34.93,34.93,58.37,58.43,77.52,77.52,39.87,39.87,105.16,105.16,65352.13,65657.45,20483.5,20579.2,171453,172254,992.48,987.86,11.62,11.62,-4.47,-4.47,5800000000,6600000000,61104.24,61455.38,12.93,12.93,22.08,24.07
The Aigis Accords,49.33,49.33,61.33,61.33,67.33,67.33,4.03,4.03,30.75,30.75,45.34,45.34,-4.47,-4.47,56,56,99,99,5333.9,5333.9,4497.5,4497.5,5655.22,5655.22,2056.44,2056.44,2313.5,2313.5,-2.53,-2.53,4048.62,4048.62,1733.2,1733.2,-6,-6,835.43,835.43,2763.34,2763.34,3727.3,3727.3,2442.02,2442.02,2120.71,2120.71,5526.69,5526.69,1906.15,1906.15,15037.73,15037.73,9.27,9.27,1606.6,1606.6,803.3,803.3,1124.62,1124.62,0,0,7.87,7.87,24.8,24.8,15.09,15.09,54.87,54.87,29.52,29.52,5.73,5.73,46.97,46.97,1,1,50,50,98,98,59.84,59.84,80.53,80.53,71.85,71.85,6.88,6.88,1365.61,1365.61,67.91,67.91,53,53,9.05,9.05,101.66,101.66,1.38,1.38,93.56,93.56,554.71,554.71,-4,-4,64,64,69.09,69.09,240.99,240.99,616.12,616.12,0.36,0.36,57.71,57.71,10.94,10.94,32.98,32.98,444.07,444.07,2.03,2.03,48.12,48.12,54.97,54.97,68.92,68.92,63.64,63.64,103,103,59700.85,59700.85,28216.82,28216.82,113789,113789,1044.29,1044.29,4.37,4.37,0,0,3300000000,3800000000,54268.07,54268.07,15.53,15.53,15.4,15.4
Formisia,70.89,70.89,96.37,96.37,36.19,36.19,1.58,1.58,19.82,19.81,23.24,23.24,7533.49,7768.78,34.67,34.67,84.5,84.5,-18.38,-18.38,-11.24,-11.24,-10.18,-10.18,-9.74,-9.74,-15.63,-15.38,-11.63,-11.63,-10.52,-10.52,-15.44,-15.44,-8.31,-8.31,-5.29,-11.31,-17.83,-17.83,-15.56,-15.56,-9.38,-9.38,-24.72,-24.72,12842.31,12825.19,-18.82,-18.82,0,0,31.08,31.13,2456.57,2453.3,13838.7,13820.24,8270.46,8259.44,6141.43,6133.24,18.38,18.38,63.34,63.34,1.3,1.3,36.55,36.55,68.82,68.82,1.04,1.04,46.97,46.97,14.12,14.12,53.84,53.84,217,227,82.71,82.71,127.29,127.29,91.82,91.82,13.25,13.25,10399.49,10385.63,111.52,111.52,43.14,43.14,93.06,93.1,-224.63,-225.63,12.54,12.54,92.26,92.26,671.9,671.9,4,4,104,104,44.81,44.68,5404.46,5397.26,1273.5,1279.92,0.14,0.14,155.5,155.96,7.4,7.4,18.03,18.03,1510.18,1573.77,0.78,0.77,41.75,41.75,83.34,83.34,-124.87,-124.87,96.3,96.3,110.31,110.31,91943.96,92066.71,72209.01,72305.41,113999,114151,11382.12,11366.95,1.91,1.91,3357.32,3352.84,785200000000,786400000000,6344.13,6352.6,23.04,23.04,125.34,126.02
Uppentia,71.33,71.33,60.33,60.33,26,26,3.98,3.98,33.83,33.53,37.37,37.37,332.31,560.81,34,34,148.5,148.5,-6.32,-6.32,3745.17,4230.09,1993.88,1922.77,5317.01,5127.38,3323.13,3396.89,-2,-2,3456.06,3332.8,-2.74,-2.74,4320.07,4166,-4.47,-10.95,3655.44,3525.08,1993.88,1922.77,3323.13,3204.62,4320.07,4166,2326.19,2243.23,4785.31,4614.65,5449.93,5255.57,9.38,9.54,0,0,747.7,721.04,1329.25,1281.85,581.55,560.81,7.97,7.97,25.15,25.15,6.84,6.84,39.11,39.11,23.85,23.85,18.87,18.87,46.97,46.97,1,1,50,50,100,110,52.96,52.96,34.11,34.11,68.43,68.71,14.65,14.65,1412.33,1361.96,37.02,37.02,52.25,52.25,9.64,9.37,98.45,99.93,12.8,12.8,92.24,92.24,658.04,658.04,0,0,64,64,69.87,69.79,747.7,721.04,394.5,526.23,0.7,0.7,86.39,86.73,12.09,11.27,32.37,32.37,516.47,620.98,2.96,2.27,40.35,40.35,53.12,53.22,-73.82,-73.82,91.92,91.92,98.34,98.34,57898.89,60038.47,27581.19,28600.42,109651,113703,747.7,721.04,14.56,14.56,-5.48,-5.48,65500000000,69700000000,52340.6,54394.86,9.24,9.24,13.19,14.46
Regulus Corneas,69.33,69.33,55.56,55.56,58.22,58.22,1.28,1.28,22.8,22.76,45.83,45.83,3769.95,4063.14,37,37,141.75,141.75,-14,-14,164.51,165.98,-10.68,-10.68,-6.75,-6.75,-8.68,-8.22,-8.85,-8.85,-11.75,-11.75,-13.86,-13.86,-12.19,-12.19,1165.26,-8.12,-8.72,-8.72,1535.4,1549.18,2193.42,2213.12,-14,-14,3399.81,3430.33,-4.18,-4.18,0,0,22.23,22.29,4026.99,4063.14,7882.61,7953.38,3684.27,3717.34,2741.78,2766.39,1246.38,1246.38,78.02,78.02,18.02,18.02,26.82,26.82,37.33,37.33,2.03,2.03,48.6,48.6,6.47,6.47,53.38,53.38,203,213,75.35,75.35,110.88,110.88,90.17,90.18,13.61,13.61,3512.9,3544.44,85.37,85.37,-75.33,-75.33,81.46,82.09,-72.01,-73.69,1.7,1.7,93.48,93.48,708.99,708.99,-8,-8,65,65,78.07,77.99,1713.61,1729,1149.45,1157.7,0.26,0.26,173.97,174.46,9.13,9.14,12.39,12.39,1200.56,1268.21,1.04,1.01,41.39,41.39,62.4,62.41,-79.81,-79.81,25.88,25.88,112.37,112.37,51264.41,50808.29,44973.25,44573.11,57640,57127,3684.27,3717.34,2.1,2.1,1799.29,1815.45,195000000000,193800000000,9483.92,9094.68,16.33,16.33,21.87,23.38
Furry Felines,67.94,67.94,96.2,96.2,66.48,66.48,1.68,1.68,19.71,19.7,32.09,32.09,17906.48,18144.03,39.08,39.08,201.25,201.25,-30.1,-30.1,-18.46,-18.46,-19.29,-19.29,-13.1,-13.1,-23.87,-23.75,-13.05,-13.05,-20.15,-20.15,-24.28,-24.28,-24.9,-24.9,-25.42,-27.31,-24.21,-24.21,-23.28,-23.28,-22.93,-22.93,-25.14,-25.14,-7.21,-7.21,-22.13,-22.13,0,0,30.95,31,15867.62,15842.83,10992.09,10974.92,9307.82,9293.28,3811.77,3805.82,6.92,6.92,59.63,59.63,3.55,3.55,54.92,54.92,83.95,83.95,0.89,0.89,53.09,53.09,10.42,10.42,50.99,50.99,542,552,89.71,89.71,132.49,132.49,91.9,91.9,8,8,9839.7,9824.33,114.38,114.38,48.14,48.14,78.75,78.72,-145.46,-145.52,5.5,5.5,92.9,92.9,474.28,474.28,-1,-1,126,126,42.15,42.07,1595.63,1593.13,1532.85,1537.68,0.14,0.14,113.85,114.24,5.23,5.24,40.2,40.2,3760,3811.92,0.53,0.53,47,47,84.3,84.3,-122.94,-122.94,65.94,65.94,96,96,84922.8,85055.66,64582.37,64683.41,108304,108474,12144.49,12125.52,1.79,1.79,1063.75,1062.09,782000000000,783400000000,18088.56,18116.86,23.55,23.55,152.67,153.17
Argesea,45.73,45.73,97.69,97.69,46.86,46.86,1.5,1.5,17.99,17.99,23.71,23.71,2081.27,2244.26,58.7,58.7,62.5,62.5,-18.44,-18.44,-16.97,-16.97,-18.11,-18.11,21776.61,21763.87,-12.8,-12.49,-15.36,-15.36,16211.96,16202.48,-36.54,-36.54,-23.81,-23.81,-27.75,-29.5,28480.47,28463.81,-17.32,-17.32,-17.32,-17.32,-27.91,-27.91,-27.37,-27.37,-26.69,-26.69,16211.96,16202.48,36.72,36.76,4545.92,4543.26,1204.94,1204.24,19333.86,19322.55,-16.43,-16.43,3336.17,3336.17,66.83,66.83,0.77,0.77,37.96,37.96,85.84,85.84,0.88,0.88,22.26,22.26,27.93,27.93,40.94,40.94,570,580,107.22,107.22,159.09,159.09,93.36,93.37,10.21,10.21,35545.82,35525.03,3.72,3.72,-61.43,-61.43,94.93,94.97,-341.89,-342.89,0.81,0.81,93.81,93.81,859.35,859.35,4,4,120,120,83.18,83.12,-29.15,-29.15,1529.42,1534.26,0.14,0.14,46.54,46.79,3.31,3.31,5.56,5.56,2871.66,2926.54,0.53,0.53,44.79,44.79,91.8,91.8,-269.96,-269.96,240.99,240.99,114.92,114.92,140299.19,140381.33,113376.11,113442.48,169641,169741,54.77,54.74,1.6,1.6,-28.11,-28.11,886600000000,887500000000,7155.26,7019.07,59.62,59.62,157.69,158.17
Revolutionary Theory,76.42,76.42,67.14,67.14,23.33,23.33,1.3,1.3,22.38,22.37,52.16,52.16,6870.61,7125.22,26.36,26.36,206.5,206.5,-12.81,-12.81,-9.12,-9.12,-11.66,-11.66,-7.1,-7.1,-10.07,-9.67,-4.2,-4.2,-13.68,-13.68,-17.83,-17.83,-12.08,-12.08,-6.63,-12,-13.56,-13.56,-4.1,-4.1,-9.7,-9.7,-13.3,-13.3,-4.64,-4.64,-15.13,-15.13,0,0,25.36,25.42,6689.81,6674.25,7955.45,7936.95,4520.14,4509.63,3887.32,3878.28,60.39,60.39,77.15,77.15,19.56,19.56,18.34,18.34,49.8,49.8,1.39,1.39,50,50,5.87,5.87,48.04,48.04,222,232,79.77,79.77,106.65,106.65,90.35,90.36,25.2,25.2,3977.72,3968.48,111.54,111.54,-74.29,-74.29,79.54,79.36,-104.24,-104.32,15.49,15.49,92.03,92.03,852.89,852.89,0,0,78,78,76.56,76.47,2350.47,2345.01,1225.49,1232.45,0.22,0.22,257.29,257.88,9.17,9.17,17.53,17.53,1629.28,1691.68,0.86,0.85,29.8,29.8,67.76,67.76,-108.54,-108.54,70.57,70.57,114.08,114.08,58129,58264.44,50692.45,50810.56,65706,65859,8497.86,8478.11,1.98,1.98,2983.29,2976.36,405900000000,406900000000,11916.44,12002.47,10.11,10.11,51.65,54.23
Her Excellency,80.4,80.4,45.33,45.33,27,27,2.67,2.67,33.52,33.33,43.68,43.68,0,245.43,20.4,20.4,180,180,3059.77,2945.21,3608.83,4308.19,4759.64,4581.44,1835.86,1767.13,1971.85,2094.37,679.95,2617.97,-8,-8,-5,-3.87,2039.85,1963.47,2379.82,-5.48,-6.32,-6.32,4453.66,4286.92,3059.77,2945.21,679.95,654.49,3841.71,3697.88,-4.2,-4.2,7819.41,7526.65,8.94,9.11,1359.9,1308.98,764.94,736.3,424.97,409.06,339.97,327.25,9.08,9.08,37.43,37.43,15.09,15.09,33.65,33.65,28.23,28.23,10.11,10.11,53.09,53.09,1,1,51.48,51.48,96,106,54.68,54.68,35.87,35.87,68.71,68.89,21.08,21.08,594.95,572.68,64.55,64.55,41,41,14.75,14.06,88.23,89.03,12.26,12.26,92.28,92.28,630.04,630.04,0,0,64,64,65.59,65.39,594.95,572.68,281.18,374.83,1.12,1.12,295.65,296.28,11.33,10.23,26.22,26.22,374.67,557.07,6.31,3.15,33.92,33.92,51.18,51.24,59.16,59.16,59.16,59.16,100.2,100.2,41876.32,43495.87,24792.45,25751.29,66230,68791,1189.91,1145.36,12.97,12.97,84.99,81.81,183000000000,187400000000,35720.5,37362.95,1.44,1.44,10.46,12.26
Flemingovia,62.22,62.22,96.09,96.09,65.52,65.52,1.5,1.5,18.57,18.57,66.46,66.46,15544.15,15742.95,46.33,46.33,85.5,85.5,-19.95,-19.95,-18.07,-18.07,-19.13,-19.13,-13.37,-13.37,-19.35,-19.15,-15.21,-15.21,-26.27,-26.27,-24.31,-24.31,-22.45,-22.45,-19.7,-22.09,-22.09,-22.09,-19.85,-19.85,-18.38,-18.38,-28.79,-28.79,-5.77,-5.77,-27.84,-27.84,0,0,38.3,38.34,14827.83,14812.69,14971.09,14955.81,10028.48,10018.24,5587.3,5581.59,1730.95,1730.95,66.83,66.83,34.05,34.05,8.55,8.55,89.25,89.25,0.85,0.85,47.8,47.8,15.38,15.38,55.65,55.65,515,525,108.38,108.38,130.83,130.83,92.81,92.81,7.97,7.97,5157.5,5152.24,150.2,150.2,38.57,38.57,95,94.99,-354.45,-354.53,0.59,0.59,94.78,94.78,614.23,614.23,-1,-1,100,100,36.65,36.58,4011.39,4007.3,1567.47,1572.17,0.13,0.13,88.5,88.84,6.73,6.74,10.4,10.4,3291.98,3345.33,0.51,0.51,47.03,47.03,84.57,84.57,-195.2,-195.2,117.9,117.9,115.74,115.74,105084.16,105191.55,84918.75,85005.54,127061,127191,14684.56,14669.57,1.59,1.59,3581.6,3577.94,634000000000,634700000000,5254.21,5259.58,14.51,14.51,140.81,141.36
Versord,69.07,69.07,40,40,42.67,42.67,2.37,2.37,31.32,31.2,43.68,43.68,1116.12,1399.09,37.4,37.4,141.75,141.75,-8.25,-8.25,-3.79,-3.79,3794.81,3805.53,595.26,596.95,-3.29,-3.29,-1.79,-1.79,2157.83,2163.93,-6,-6,4166.85,4178.62,446.45,-9.38,1934.61,1940.07,1971.81,1977.38,818.49,820.8,3422.77,3432.44,-5.92,-5.92,-1.77,-1.77,5952.64,5969.46,10.95,11.09,1488.16,1492.36,1023.11,1026,1023.11,1026,651.07,652.91,624.65,624.65,42.22,42.22,15.09,15.09,39.96,39.96,24.19,24.19,18.4,18.4,52.64,52.64,1,1,51.48,51.48,136,146,58.94,58.94,65.81,65.81,71.11,71.27,12.77,12.77,930.1,932.73,73.12,73.12,37,37,32.88,33.93,65.82,64.58,7.53,7.53,92.69,92.69,706.65,706.65,0,0,64,64,56.51,55.95,651.07,652.91,724.6,811.9,0.36,0.36,196.87,197.38,11.2,11.2,15.24,15.24,791.45,869.36,1.83,1.72,42.23,42.23,51.09,51.14,59.16,59.16,40,40,100.2,100.2,34636.94,34566.89,21885.03,21840.77,51839,51734,1302.14,1305.82,6.77,6.77,279.03,279.82,1169300000000,1208700000000,23241.39,22848.72,2.52,2.52,11.92,12.9
HyruleLink,66.67,66.67,74,74,23,23,8.85,8.85,34.27,34.05,41.43,41.43,100.74,396.77,41,41,132.75,132.75,-2.45,-2.45,-2.19,-2.19,5157.99,5078.68,3465.53,3412.24,225.66,222.19,5836.59,7237.11,2659.59,2618.69,1208.9,1190.31,5399.77,5316.74,-6,-11.66,-4,-4,112.83,111.1,1773.06,1745.79,5802.74,5713.51,4795.32,4721.58,361.06,355.51,7817.58,7697.37,9.7,9.85,705.19,694.35,705.19,694.35,1208.9,1190.31,503.71,495.96,1186.57,1186.57,11.3,11.3,15.51,15.51,41.63,41.63,20.22,20.22,23.14,23.14,51.62,51.62,1,1,53.38,53.38,106,116,54.2,54.2,34.89,34.89,68.04,68.23,19.25,19.25,805.94,793.54,64.7,64.7,70,70,12.75,12.83,94.59,94.35,14.5,14.5,92.11,92.11,594.18,594.18,0,0,71,71,71.64,71.5,604.45,595.16,586.26,664.99,0.45,0.45,234.63,235.19,11.92,11.59,12.66,12.66,551.31,648.11,2.1,1.93,35.75,35.75,55.79,55.85,44.72,44.72,66.33,66.33,88,88,57680.87,58581.73,17505.14,17778.54,154974,157394,604.45,595.16,13.45,13.45,302.23,297.58,15900000000,16700000000,50355.4,51083.27,3.98,3.98,28.31,31.21
Saamo,78,78,21.5,21.5,61.33,61.33,1.59,1.59,34.65,34.43,42,42,221.48,437.23,24,24,171,171,1476.54,1457.44,-2.83,-2.83,295.31,291.49,885.93,874.46,1476.54,1632.33,0,0,-8.94,-8.94,3071.21,3279.24,-4.47,-4.47,-10,-14.14,-10,-10,1476.54,1457.44,-10,-10,2657.78,2623.39,-7.07,-7.07,472.49,466.38,1771.85,1748.93,9.49,9.64,664.44,655.85,664.44,655.85,885.93,874.46,442.96,437.23,119.98,119.98,63.07,63.07,12,12,35.04,35.04,27.84,27.84,11.68,11.68,50,50,1,1,50,50,100,110,59.04,59.04,74.83,74.83,67.72,67.91,19.72,19.72,885.93,874.46,64.19,64.19,21.5,21.5,27.92,28.28,71.04,70.33,2.55,2.55,93.31,93.31,606.29,606.29,0,0,64,64,54.35,54.03,590.62,582.98,536.41,611.76,0.44,0.44,231.92,232.47,9.77,9.78,17.16,17.16,537.01,636.49,2.24,2.04,35.28,35.28,45.89,45.95,-37.42,-37.42,43.59,43.59,100.2,100.2,24244.82,24572.45,18997.81,19254.54,30120,30527,590.62,582.98,6.55,6.55,73.83,72.87,103400000000,112600000000,17480.51,17618.45,5.85,5.85,8.21,8.73
Kearrial,90,90,80.67,80.67,83,83,17.35,17.35,37.54,37.16,42,42,0,335.21,10,10,202.5,202.5,4682.41,4469.47,7304.55,8112.09,936.48,893.89,4682.41,4469.47,-3.16,-2.45,-5.66,-2.83,936.48,893.89,5712.54,7262.89,936.48,893.89,1872.96,-7.75,4682.41,4469.47,2809.44,2681.68,7491.85,7151.15,2341.2,2234.74,-6.32,-6.32,-2,-2,6555.37,6257.26,6.86,7.07,702.36,670.42,702.36,670.42,585.3,558.68,0,0,105.17,105.17,5.76,5.76,12,12,86.32,86.32,35.61,35.61,2.21,2.21,50,50,1,1,50,50,100,110,45.43,45.43,25.87,25.87,65.75,65.97,34.86,34.86,1053.54,1005.63,31.17,31.17,80,80,7.81,7.62,109.92,111.04,0.71,0.71,94.13,94.13,59.92,59.92,0,0,64,64,73.56,73.49,585.3,558.68,171.77,250.2,2.68,2.68,326.65,327.31,14.08,13.22,17.24,17.24,462.95,596.07,85.55,35.87,20.14,20.14,57.76,57.83,-65.19,-65.19,72.46,72.46,98.83,98.83,54479.8,57075.15,11112.8,11642.19,192841,202028,585.3,558.68,18.09,18.09,-4.47,-4.47,13000000000,15000000000,50230.38,52737.44,4,4,26.39,30.3
Opposite Land,41.67,41.67,78,78,13,13,12.88,12.88,34.09,33.84,38.06,38.06,117.4,448.59,61.75,61.75,87.75,87.75,93.92,89.72,-6.11,-5.51,3662.92,3499.03,563.53,538.31,338.12,448.59,6765.6,9894.63,9579.95,9151.31,4385.17,5158.83,46.96,44.86,93.92,-9.9,563.53,538.31,394.47,376.82,563.53,538.31,3850.76,3678.47,-3.55,-3.55,-3.35,-3.35,13336.79,12740.06,10.39,10.54,-5.48,-5.48,821.81,785.04,1995.82,1906.52,587.01,560.74,1831.71,1831.71,7.76,7.76,10.55,10.55,36.17,36.17,7.45,7.45,31.92,31.92,50,50,1,1,51.96,51.96,101,111,57.96,57.96,53.04,53.04,68.2,68.42,25.52,25.52,1526.22,1457.93,46.85,46.85,76,76,21.42,20.08,84.4,85.38,20.96,20.96,91.66,91.66,809.53,809.53,-8,-8,67,67,72.63,72.55,704.41,672.89,430.99,503.42,0.38,0.38,48.64,48.9,12.52,11.81,10.02,10.02,505.16,613.61,2.7,2.35,29.48,29.48,57.82,57.89,54.77,54.77,30,30,103.74,103.74,52128.53,54570.06,12707.95,13303.15,163728,171396,704.41,672.89,8.65,8.65,-4.47,-4.47,1200000000,1400000000,40973.03,43601.48,13.9,13.9,32.04,36.9
Baltic-Poland,74.44,74.44,29.33,29.33,75.33,75.33,1.9,1.9,31.47,31.36,43.68,43.68,494.19,735.43,29.33,29.33,159.75,159.75,922.48,915.21,-5.06,-5.06,2899.23,2876.37,-6.63,-6.63,1515.5,1699.67,-2.19,-2.19,-7.48,-7.48,-8.74,-8.31,-7.94,-7.94,-9.06,-13.49,-1.41,-1.41,-9.22,-9.22,-7.87,-7.87,2899.23,2876.37,2108.53,2091.9,142.33,141.2,3821.71,3791.57,12.25,12.37,1647.29,1634.3,1235.47,1225.72,1317.83,1307.44,658.92,653.72,34.9,34.9,52.64,52.64,14.16,14.16,45.87,45.87,34.59,34.59,2.35,2.35,52.64,52.64,1,1,50.5,50.5,99,109,63.04,63.04,101.74,101.74,70.93,71.07,21.82,21.82,1564.92,1552.58,64.83,64.83,29,29,46.15,46.56,50.44,49.56,0.75,0.75,93.97,93.97,446.76,446.76,-4,-4,64,64,53.55,53.26,906.01,898.86,622.37,703.46,0.48,0.48,243.62,244.19,9.88,9.88,17.77,17.77,540.62,639.38,2.02,1.87,33.18,33.18,49.81,49.86,73.48,73.48,-31.62,-31.62,104.81,104.81,27796.99,28019.08,19775.97,19933.97,37568,37868,1647.29,1634.3,2.9,2.9,411.82,408.57,5600000000,6300000000,14954.78,14962.19,12.04,12.04,8.34,8.88
Morozko the snow demon,70.4,70.4,28.44,28.44,50.67,50.67,1.33,1.33,27.03,26.98,42,42,3006.31,3230.4,35.4,35.4,146.25,146.25,-12.08,-12.08,3189.85,3176.83,-2.45,-2.45,620.25,617.72,-4.5,-4.5,-7.1,-7.1,443.04,441.23,-12.43,-12.43,-4.9,-4.9,-8.12,-12.88,-11.66,-11.66,886.07,882.45,443.04,441.23,-12.49,-12.49,3037.96,3025.55,-13.44,-13.44,443.04,441.23,16,16.09,1740.5,1733.39,2768.97,2757.66,1819.61,1812.18,1265.82,1260.65,507.09,507.09,74.99,74.99,13.62,13.62,32.07,32.07,31.38,31.38,3.11,3.11,50,50,3.93,3.93,50.99,50.99,206,216,65.8,65.8,100.89,100.89,78.42,78.52,15.62,15.62,1661.38,1654.6,76.32,76.32,24.33,24.33,69.82,69.99,7.9,6.9,4.04,4.04,93.08,93.08,748.1,748.1,0,0,64,64,49.37,49.18,1107.59,1103.06,1098.95,1108.72,0.29,0.29,91.98,92.33,9.67,9.67,15.78,15.78,1267.42,1334.03,1.19,1.16,39.38,39.38,52.72,52.76,-53.2,-53.2,50.3,50.3,102.62,102.62,28873.25,28991.7,24803.22,24904.97,33076,33211,1819.61,1812.18,2.58,2.58,712.02,709.11,1239800000000,1246100000000,8719.72,8697.51,7.71,7.71,17.32,18.72
Neyshon23,66,66,53,53,54.67,54.67,3.23,3.23,32.78,32.78,40.78,40.78,930.95,930.95,42,42,182.5,182.5,930.95,930.95,3351.4,3351.4,0,0,0,0,0,0,2979.03,2979.03,2048.08,2048.08,2327.36,2327.36,0,0,465.47,465.47,0,0,0,0,0,0,4189.25,4189.25,0,0,5019.7,5019.7,2979.03,2979.03,10.86,10.86,930.95,930.95,930.95,930.95,1629.15,1629.15,930.95,930.95,152.93,152.93,30.93,30.93,11.33,11.33,46.39,46.39,23.16,23.16,19.78,19.78,52.16,52.16,1,1,50.5,50.5,109,109,58.16,58.16,67.46,67.46,69.45,69.45,4.92,4.92,1861.89,1861.89,64.26,64.26,46.75,46.75,36.76,36.76,66.05,66.05,3.5,3.5,93.16,93.16,588.18,588.18,0,0,64,64,66.56,66.56,930.95,930.95,627.31,627.31,0.35,0.35,157.7,157.7,10.3,10.3,17.01,17.01,603.8,603.8,2,2,50.08,50.08,52.03,52.03,-20,-20,20,20,101.85,101.85,35973.63,35973.63,19194.89,19194.89,62067,62067,930.95,930.95,8.32,8.32,930.95,930.95,1368900000000,1370500000000,22735.34,22735.34,5.22,5.22,14.96,14.96
The of The of The of The of The of The,51.67,51.67,61.33,61.33,24,24,4.03,4.03,30.97,30.97,42,42,1373.83,1373.83,54.25,54.25,103.5,103.5,0,0,4058.07,4058.07,2113.58,2113.58,3381.73,3381.73,0,0,2029.04,2029.04,-4.47,-4.47,5283.95,5283.95,4227.16,4227.16,0,0,0,0,0,0,0,0,2113.58,2113.58,0,0,5086.53,5086.53,2113.58,2113.58,12.77,12.77,1373.83,1373.83,1373.83,1373.83,1585.18,1585.18,1373.83,1373.83,152.93,152.93,24.8,24.8,12,12,36.62,36.62,17,17,26.16,26.16,50,50,1,1,50,50,108,108,57.13,57.13,52.46,52.46,71.56,71.56,11.64,11.64,1056.79,1056.79,92.65,92.65,-47,-47,39.72,39.72,56.52,56.52,13.92,13.92,92.15,92.15,852.26,852.26,0,0,64,64,79.69,79.69,1373.83,1373.83,498.51,498.51,0.3,0.3,64.1,64.1,12.06,12.06,17.01,17.01,623.89,623.89,2.37,2.37,43.36,43.36,54.55,54.55,-46.37,-46.37,68.19,68.19,103.74,103.74,45519.3,45519.3,21514.1,21514.1,86759,86759,1373.83,1373.83,9.95,9.95,1373.83,1373.83,3235100000000,3236500000000,27448.14,27448.14,6.97,6.97,18.35,18.35
Chickenland Special Forces,57.33,57.33,57.33,57.33,57.33,57.33,3.61,3.61,32.79,32.79,42,42,283.64,283.64,50,50,112.5,112.5,0,0,-6.36,-6.36,756.37,756.37,1890.91,1890.91,-4.47,-4.47,1467.35,1467.35,4160.01,4160.01,3373.39,3373.39,2647.28,2647.28,1512.73,1512.73,4538.19,4538.19,-8.37,-8.37,4916.38,4916.38,-7.07,-7.07,3025.46,3025.46,6594.63,6594.63,4916.38,4916.38,9.33,9.33,850.91,850.91,850.91,850.91,1134.55,1134.55,283.64,283.64,119.98,119.98,27.72,27.72,12,12,49.93,49.93,24.4,24.4,18.11,18.11,50,50,1,1,50,50,100,100,56.72,56.72,57.19,57.19,69.44,69.44,0.56,0.56,1134.55,1134.55,60.86,60.86,50,50,15.39,15.39,88.45,88.45,3.24,3.24,93.2,93.2,610.35,610.35,0,0,64,64,68.33,68.33,756.37,756.37,528.86,528.86,0.34,0.34,126.07,126.07,11.02,11.02,17.16,17.16,496.77,496.77,2.26,2.26,54.44,54.44,52.69,52.69,-43.59,-43.59,53.85,53.85,100.2,100.2,47525.36,47525.36,23880.9,23880.9,86164,86164,756.37,756.37,10.54,10.54,94.55,94.55,17500000000,18800000000,40206.45,40206.45,7.09,7.09,13.64,13.64
Cabrinialand,42.91,42.91,98.16,98.16,44.38,44.38,2.11,2.11,21.65,21.64,14.13,14.13,5730.02,6017.24,60.82,60.82,42,42,-13.27,-13.27,-3.58,-3.58,-5.02,-5.02,5200.49,5192.59,-3.3,-2.79,-10.32,-10.32,12021.19,12002.92,-19.29,-19.29,3635.6,3630.08,-9.27,-13.64,-9.8,-9.8,2260.4,2256.96,-9.27,-9.27,-15,-15,-6.49,-6.49,1652.14,1649.63,12021.19,12002.92,23.69,23.75,-13.04,-13.04,12250.39,12231.77,11460.05,11442.63,4643.29,4636.24,1831.71,1831.71,47.38,47.38,0.38,0.38,49.1,49.1,45.43,45.43,1.54,1.54,58.14,58.14,3.63,3.63,27.72,27.72,328,338,83.21,83.21,117.29,117.29,90.71,90.71,10.55,10.55,13831.09,13810.07,14.46,14.46,40.86,40.86,77.58,77.72,-81.45,-82.45,81.86,81.86,67.1,67.1,875.74,875.74,-14,-14,77,77,46.72,46.57,-16.73,-16.73,1323.91,1329.88,0.15,0.15,108.22,108.6,9.76,9.76,10.02,10.02,2426.41,2483.32,0.71,0.71,44.45,44.45,87.15,87.15,-112.37,-112.37,107.19,107.19,28.37,28.37,91801.6,91958.01,61723.04,61828.2,130275,130497,4445.71,4438.95,1.9,1.9,-10.49,-10.49,551128100000000,552805000000000,20563.56,20506.64,21.7,21.7,91.29,94.84
Antille and Westocean Isles,73.67,73.67,3,3,84,84,1.06,1.06,34.69,34.48,44.83,44.83,337.06,402.15,30.5,30.5,157.5,157.5,-8.83,-8.83,560.86,557.65,521.32,518.33,-8.94,-8.94,287.62,339.59,1179.25,1172.49,395.48,393.21,247.18,245.76,-8.25,-8.25,-8.83,-13.34,-6.93,-6.93,-3.22,-3.22,-7.62,-7.62,-4.24,-4.24,-1.98,-1.98,4.31,4.29,916.8,911.54,17.55,17.64,966.23,960.69,606.7,603.23,494.35,491.52,292.12,290.44,986.13,986.13,94.4,94.4,16.29,16.29,25.97,25.97,36.71,36.71,2.09,2.09,50,50,1,1,51.96,51.96,107,117,69.94,69.94,108.12,108.12,67.69,67.86,34.12,34.12,494.35,491.52,92.08,92.08,-97,-97,70.94,71.01,-10.58,-11.46,0.72,0.72,94.1,94.1,558.6,558.6,0,0,67,67,74.98,74.88,449.41,446.83,979.12,1021.23,0.27,0.27,102.3,102.67,9.54,9.55,13.56,13.56,644.27,730.46,1.56,1.49,20.88,20.88,43.53,43.59,72.11,72.11,-47.96,-47.96,106.18,106.18,10494.43,10554.93,10181.17,10239.86,10785,10847,674.11,670.25,2.31,2.31,382,379.81,1000000000,1100000000,3053.88,3060.93,7.64,7.64,8.59,9.12
Dragonian Kazaman,71.44,71.44,63.11,63.11,58.67,58.67,1.3,1.3,24,23.95,43,43,4631.75,5059.62,33.83,33.83,150.75,150.75,-12.88,-12.88,-5.37,-5.37,500.73,505.96,-5.66,-5.66,-5.3,-5.3,-8.39,-8.39,-9.38,-9.38,-13.3,-13.3,-4.9,-4.9,1201.75,-8.72,-11.66,-11.66,701.02,708.35,2203.21,2226.23,-14,-14,-4.11,-4.11,-8.49,-8.49,500.73,505.96,16.85,16.94,4256.2,4300.68,6008.76,6071.55,2879.2,2909.28,3129.56,3162.26,196.95,196.95,76.64,76.64,13,13,32.61,32.61,28.4,28.4,9.47,9.47,50,50,4.48,4.48,50,50,191,201,67.3,67.3,103.6,103.6,87.03,87.2,13.99,13.99,2128.1,2150.34,97.74,97.74,26.33,26.33,75.35,76.14,-5.1,-6.58,2.15,2.15,93.38,93.38,664.39,664.39,0,0,62,62,49.09,48.88,1377.01,1391.4,1088.42,1098.63,0.28,0.28,73.6,73.92,9.63,9.63,16.83,16.83,1152.52,1220.97,1.23,1.19,41.01,41.01,60.89,60.95,30.82,30.82,-21.21,-21.21,104.1,104.1,40158.52,39743.33,34897.29,34536.49,45536,45065,2628.83,2656.3,2.46,2.46,1752.55,1770.87,1409000000000,1397000000000,9879,9498.65,7.07,7.07,12.29,13.3
Numadsh,65.64,65.64,87.57,87.57,39.56,39.56,1.75,1.75,26.86,26.82,44.83,44.83,3453.49,3830.79,42.55,42.55,178.5,178.5,-2.45,-2.45,4351.4,4413.07,785.67,796.8,10360.47,10507.32,2417.44,2714.39,-7.38,-7.38,1985.76,2013.9,-9.33,-9.33,-6.48,-6.48,2331.11,-6.78,-11.22,-11.22,3539.83,3590,1036.05,1050.73,-8.06,-8.06,10144.63,10288.41,417.25,423.16,2771.43,2810.71,12.21,12.33,1402.98,1422.87,1402.98,1422.87,1187.14,1203.96,3129.73,3174.08,34.9,34.9,57.15,57.15,16.29,16.29,36.75,36.75,39.09,39.09,1.88,1.88,46.97,46.97,3.93,3.93,51.96,51.96,163,173,61.39,61.39,76.02,76.02,78.8,78.9,12.94,12.94,107.92,109.45,12.54,12.54,33.57,33.57,29.38,30.82,60.96,59,8.97,8.97,92.56,92.56,805.39,805.39,1,1,72,72,56.53,55.88,647.53,656.71,1083.81,1094.24,7.87,7.87,60.25,60.53,9.63,9.63,17.77,17.77,1066.02,1136.1,1.25,1.21,42.06,42.06,66.9,66.93,-134.06,-134.06,138.48,138.48,101.04,101.04,65502.59,64657.89,48696.31,48068.34,85208,84109,3453.49,3502.44,3.27,3.27,215.84,218.9,6728200000000,6953900000000,46244.83,44743.26,7.56,7.56,26.35,28.11
Reepuba Kan,62.67,62.67,83.25,83.25,80,80,16.84,16.84,35.33,34.94,41.43,41.43,-3.16,168.37,46,46,121.5,121.5,5987.13,5791.95,5826.66,6495.4,3759.36,3636.81,2158.15,2087.8,5987.13,5994,3765.28,6218.6,3620.12,3502.11,3229.57,4293.45,5290.95,5118.47,2854.33,-4.24,-2.83,-2.83,536.06,518.58,2854.33,2761.28,4246.68,4108.24,5256.14,5084.79,7863.91,7607.56,13366.61,12930.87,8,8.12,0,0,348.09,336.74,870.22,841.85,522.13,505.11,914.7,914.7,5.94,5.94,14.16,14.16,83.87,83.87,31.51,31.51,3.07,3.07,50,50,1,1,51.96,51.96,101,111,53.24,53.24,45.22,45.22,67.19,67.5,21.34,21.34,522.13,505.11,60.68,60.68,79.25,79.25,5.68,5.38,123.54,125.76,0.7,0.7,94.2,94.2,208.88,208.88,0,0,67,67,74.27,74.24,348.09,336.74,375.03,493.3,0.44,0.44,65.82,66.12,15.58,14.27,13.89,13.89,457.25,593.74,3.15,2.39,33.66,33.66,58.98,59.08,45.83,45.83,57.45,57.45,98.34,98.34,75771.98,78325.25,15738.71,16269.05,265053,273985,348.09,336.74,14.33,14.33,0,0,17100000000,18100000000,71452.97,74095.69,5.95,5.95,29.76,35.14
Barefoot Carmelite,57.33,57.33,57.33,57.33,61.33,61.33,3.61,3.61,32.88,32.7,42,42,337.81,691.96,50,50,112.5,112.5,450.41,461.31,914.33,1107.13,3152.86,3229.14,1351.23,1383.92,4053.68,4428.53,0,0,-3.16,-3.16,-7.03,-6.12,-7.75,-7.75,3603.27,-4.47,1351.23,1383.92,4954.5,5074.36,-7.07,-7.07,-5.48,-5.48,-5.48,-5.48,5696.62,5834.44,3603.27,3690.44,9.33,9.49,1013.42,1037.94,1013.42,1037.94,1351.23,1383.92,337.81,345.98,119.98,119.98,27.72,27.72,12,12,51.46,51.46,22.77,22.77,20.27,20.27,50,50,1,1,50,50,100,110,56.5,56.5,57.02,57.02,69.35,69.53,1.56,1.56,1351.23,1383.92,76.25,76.25,50,50,22.67,24.72,81.05,79.08,2.55,2.55,93.31,93.31,586.18,586.18,0,0,64,64,67.88,67.55,900.82,922.61,501.72,590.67,0.33,0.33,126.19,126.6,11.32,11.18,17.16,17.16,502.54,612.17,2.36,2.09,53.44,53.44,52.66,52.72,40,40,43.59,43.59,100.2,100.2,39936.7,39002.31,20067.69,19598.17,72406,70711,900.82,922.61,10.83,10.83,112.6,115.33,8100000000,9200000000,30871.07,29368.74,7.09,7.09,11.08,12.09
The Eye 17,57.33,57.33,57.33,57.33,57.33,57.33,3.61,3.61,32.81,32.64,42,42,302.62,586.21,50,50,112.5,112.5,4034.92,3908.06,3689.93,4220.71,3631.43,3517.26,2420.95,2344.84,2017.46,2188.52,2192.98,3126.45,-8.37,-8.37,3344.95,3908.06,2017.46,1954.03,-7.07,-12.25,3631.43,3517.26,-6.32,-6.32,4034.92,3908.06,-7.75,-7.75,0,0,1936.76,1875.87,7666.35,7425.32,9.33,9.49,907.86,879.31,907.86,879.31,1210.48,1172.42,302.62,293.1,119.98,119.98,27.72,27.72,12,12,49.93,49.93,22.53,22.53,20.56,20.56,50,50,1,1,50,50,100,110,56.72,56.72,57.19,57.19,69.42,69.6,0.56,0.56,1210.48,1172.42,84.01,84.01,50,50,18,17.51,85.4,85.71,3.24,3.24,93.2,93.2,610.35,610.35,0,0,64,64,68.15,67.98,806.98,781.61,468.55,565.34,0.32,0.32,126.07,126.48,12.17,11.68,17.16,17.16,509.71,616.41,2.5,2.15,54.44,54.44,52.68,52.74,33.17,33.17,58.31,58.31,100.2,100.2,44553.58,45997.9,22387.62,23113.37,80776,83395,806.98,781.61,10.54,10.54,100.87,97.7,400700000000,412500000000,36533.94,37948.27,7.09,7.09,14.67,16.68
Gerfaanlich,69.83,69.83,93.05,93.05,65.56,65.56,2.21,2.21,22.32,22.29,32.72,32.72,9238.78,9714.89,36.25,36.25,186,186,-13.42,-13.42,607.48,613.57,-8.94,-8.94,-4.9,-4.9,0,0,-8.94,-8.94,-5.29,-5.29,-11.29,-11.29,759.35,766.96,1518.7,-8.37,-5.48,-5.48,0,0,-8.37,-8.37,-9.64,-9.64,-2.21,-2.21,485.99,490.86,0,0,20.71,20.78,4935.79,4985.27,7720.08,7797.48,5948.25,6007.89,4302.99,4346.13,13.04,13.04,45.26,45.26,1.69,1.69,56.48,56.48,53.52,53.52,1.3,1.3,46.97,46.97,7.39,7.39,47.56,47.56,255,265,70.92,70.92,110.83,110.83,90.38,90.4,8.31,8.31,7846.63,7925.3,53.25,53.25,47.14,47.14,81.51,82.26,-49.28,-50.88,0.7,0.7,94.17,94.17,471.04,471.04,5,5,79,79,49.55,49.33,2151.5,2173.07,1211.32,1218.47,0.23,0.23,101.92,102.29,9.36,9.36,18.67,18.67,1785.36,1846.39,0.89,0.88,46.69,46.69,76.47,76.48,-99.75,-99.75,77.14,77.14,99.3,99.3,57665.16,57092.87,37828.68,37453.25,83580,82750,8732.54,8820.1,2.26,2.26,1265.59,1278.27,1061300000000,1053500000000,10668.06,10105.44,18.56,18.56,90.46,94.14
Objectivist Chimpz,73.13,73.13,95.57,95.57,67,67,1.57,1.57,21.22,21.21,23.24,23.24,9682.86,10024.55,31.3,31.3,155.25,155.25,-18.65,-18.65,-10.12,-10.12,-14.42,-14.42,-10.04,-10.04,97.33,97.03,-11.28,-11.28,-4.43,-4.43,-20.82,-20.82,-11.87,-11.87,-14.07,-17.26,-9.38,-9.38,-8.49,-8.49,-10.86,-10.86,-20.49,-20.49,9398.83,9370.11,16.68,16.63,0,0,20.3,20.37,-12.25,-12.25,15020.85,14974.95,7324.21,7301.83,3475.9,3465.28,13.25,13.25,63.67,63.67,1.02,1.02,47.63,47.63,63.52,63.52,1.11,1.11,55.01,55.01,6.08,6.08,49.01,49.01,340,350,73.69,73.69,116,116,90.94,90.94,12.56,12.56,6579.38,6559.27,23.95,23.95,42.71,42.71,77.96,78.1,-37.05,-38.05,4.8,4.8,92.99,92.99,452.02,452.02,4,4,79,79,52.19,51.93,-7.75,-7.75,1287.66,1293.94,0.29,0.29,69.94,70.24,9.52,9.52,18.58,18.58,2301.19,2358.76,0.76,0.75,42.44,42.44,78.89,78.89,-135.39,-135.39,73.82,73.82,88,88,60658.2,60844.13,47767.8,47914.21,75030,75260,8193.19,8168.15,2.15,2.15,496.56,495.04,1203000000000,1207200000000,13344.8,13324.86,12.91,12.91,91.71,95.39
This Is Not A Puppet Nation,70.67,70.67,42.67,42.67,49.33,49.33,2.24,2.24,32.99,32.99,40.78,40.78,1203.95,1203.95,35,35,146.25,146.25,1313.4,1313.4,0,0,0,0,1400.96,1400.96,0,0,1400.96,1400.96,1488.52,1488.52,2188.99,2188.99,0,0,2188.99,2188.99,0,0,1751.2,1751.2,0,0,3064.59,3064.59,0,0,0,0,2801.91,2801.91,12.33,12.33,-6.32,-6.32,1203.95,1203.95,2407.89,2407.89,1422.85,1422.85,239.44,239.44,44.72,44.72,10.55,10.55,39.88,39.88,23.44,23.44,19.41,19.41,51.62,51.62,1,1,50,50,102,102,59.55,59.55,80.39,80.39,69.23,69.23,12.54,12.54,875.6,875.6,72.22,72.22,35,35,52.36,52.36,48.76,48.76,4.96,4.96,92.97,92.97,660.16,660.16,0,0,68,68,58.5,58.5,1203.95,1203.95,622.9,622.9,0.35,0.35,128.35,128.35,9.97,9.97,16.68,16.68,580.45,580.45,2.01,2.01,42.46,42.46,50.06,50.06,-44.16,-44.16,44.16,44.16,103,103,31433.96,31433.96,20486.81,20486.81,45816,45816,1203.95,1203.95,4.94,4.94,1203.95,1203.95,7049800000000,7053000000000,14962.56,14962.56,3.64,3.64,13.82,13.82
Neyshon24,57.33,57.33,53,53,52.89,52.89,3.23,3.23,41.12,41.12,40.78,40.78,874.5,874.5,50,50,112.5,112.5,2915,2915,4197.6,4197.6,0,0,0,0,0,0,0,0,1982.2,1982.2,0,0,583,583,0,0,0,0,0,0,0,0,3847.8,3847.8,0,0,5596.79,5596.79,4897.2,4897.2,8.25,8.25,291.5,291.5,291.5,291.5,874.5,874.5,874.5,874.5,217.65,217.65,30.93,30.93,13.62,13.62,47.16,47.16,19.84,19.84,23.53,23.53,49.36,49.36,1,1,51.96,51.96,112,112,53.63,53.63,36.97,36.97,65.07,65.07,2.63,2.63,874.5,874.5,66.95,66.95,46.75,46.75,28.85,28.85,81.72,81.72,4.14,4.14,93.07,93.07,665.1,665.1,0,0,64,64,67.53,67.53,874.5,874.5,482.8,482.8,0.38,0.38,127.33,127.33,11.14,11.14,16.76,16.76,596.07,596.07,2.43,2.43,52.37,52.37,49.68,49.68,-10,-10,10,10,101.04,101.04,29033.37,29033.37,15491.69,15491.69,50092,50092,291.5,291.5,13.99,13.99,874.5,874.5,2729300000000,2733000000000,20642.73,20642.73,6.82,6.82,13.36,13.36
Cards of Eagles 11,57.33,57.33,48.44,48.44,57.33,57.33,2.91,2.91,32.14,32.14,42,42,270.52,270.52,50,50,112.5,112.5,0,0,-4.2,-4.2,2164.19,2164.19,4328.39,4328.39,3246.29,3246.29,4588.09,4588.09,1803.49,1803.49,-7.43,-7.43,-4.47,-4.47,1442.8,1442.8,-4.47,-4.47,-8.37,-8.37,2164.19,2164.19,0,0,4328.39,4328.39,2885.59,2885.59,3967.69,3967.69,9.49,9.49,811.57,811.57,991.92,991.92,1082.1,1082.1,270.52,270.52,119.98,119.98,34.4,34.4,12,12,46.46,46.46,26.04,26.04,15.56,15.56,50,50,1,1,50,50,100,100,57.49,57.49,63.08,63.08,70.14,70.14,2.78,2.78,1082.1,1082.1,71.82,71.82,43.33,43.33,17.83,17.83,84.28,84.28,3.24,3.24,93.2,93.2,665.81,665.81,0,0,64,64,66.88,66.88,721.4,721.4,621.2,621.2,0.32,0.32,126.07,126.07,9.88,9.88,17.16,17.16,514.9,514.9,2.02,2.02,52.22,52.22,51.59,51.59,-58.31,-58.31,80,80,100.2,100.2,42973.67,42973.67,24301.86,24301.86,70637,70637,721.4,721.4,9.42,9.42,90.17,90.17,577000000000,579300000000,35324.36,35324.36,7.09,7.09,10.79,10.79
Ved,52.33,52.33,33.33,33.33,68.67,68.67,2.06,2.06,32.45,32.31,40.78,40.78,433.51,649.77,53.75,53.75,105.75,105.75,1676.26,1674.97,1474.24,1663.42,-3.46,-3.46,809.23,808.61,3583.72,3754.25,-6.56,-4.56,-7.62,-7.62,650.27,649.77,-4.24,-4.24,520.22,-9.06,2832.29,2830.13,2658.89,2656.85,2543.29,2541.34,3121.3,3118.92,2832.29,2830.13,725.83,725.27,1676.26,1674.97,11.66,11.79,505.77,505.38,867.03,866.37,1156.04,1155.15,433.51,433.18,490.88,490.88,48.6,48.6,12,12,45.43,45.43,26.81,26.81,14.13,14.13,50,50,1,1,50.99,50.99,102,112,61.06,61.06,90.98,90.98,69.79,69.95,11.84,11.84,1300.54,1299.55,70.57,70.57,32,32,29.92,30.66,64.71,63.6,1.16,1.16,93.63,93.63,692.28,692.28,-4,-4,64,64,57.93,57.1,794.78,794.17,554.19,642.92,0.32,0.32,81.04,81.37,11.28,10.99,15.85,15.85,518.06,622.11,2.18,1.97,43.16,43.16,49.11,49.16,-50.5,-50.5,44.16,44.16,104.46,104.46,36086.45,36119.2,24596.24,24618.56,50612,50658,794.78,794.17,3.39,3.39,361.26,360.99,9000000000,10300000000,25296.6,25030.6,14.12,14.12,9,9.82
The Republic of Willfree,68.33,68.33,34.67,34.67,76,76,2.11,2.11,31.83,31.69,44.28,44.28,75.88,292.86,38.5,38.5,139.5,139.5,1456.93,1405.71,1162.81,1335.42,2549.62,2459.99,849.87,820,1214.11,1347.14,3002.79,4591.98,1578.34,1522.85,-4.62,-4.06,273.17,263.57,546.35,-9.06,-3.46,-3.46,-3.95,-3.95,2671.03,2577.13,2063.98,1991.42,2337.16,2254.99,2447.08,2361.05,5584.89,5388.55,11.27,11.4,1138.22,1098.21,758.82,732.14,758.82,732.14,75.88,73.21,1831.71,1831.71,47.29,47.29,15.9,15.9,48.74,48.74,31.14,31.14,3.21,3.21,50,50,1,1,51.96,51.96,101,111,64.54,64.54,98.71,98.71,70.49,70.66,17.72,17.72,986.46,951.78,68.55,68.55,33,33,28.62,27.58,67.33,67.95,0.74,0.74,94,94,476.24,476.24,-8,-8,67,67,57.84,57.34,455.29,439.28,801.31,918.59,0.38,0.38,119.11,119.51,9.88,9.8,10.02,10.02,502.62,612.21,1.73,1.61,37.28,37.28,49.57,49.62,47.43,47.43,44.16,44.16,105.84,105.84,36236.27,37556.48,24337.79,25224.5,51469,53345,834.7,805.35,2.7,2.7,303.53,292.86,2200000000,2500000000,25872.7,27190.89,13.29,13.29,13.65,15.69
Kingdom of Ohud,63.33,63.33,57.33,57.33,68.67,68.67,3.61,3.61,30.67,30.59,45.34,45.34,0,255.67,45.5,45.5,123.75,123.75,213.88,204.54,-5.37,-4.38,-7.35,-7.35,4063.73,3886.17,2637.86,2727.13,3479.48,5935.26,648.77,620.42,427.76,681.78,285.17,272.71,4491.49,886.32,5204.42,4977.02,2031.86,1943.08,4847.96,4636.13,5204.42,4977.02,741.45,709.05,-1.5,-1.5,862.65,824.96,10.2,10.34,1960.57,1874.9,1069.4,1022.68,891.17,852.23,0,0,614.76,614.76,27.72,27.72,16.29,16.29,54.17,54.17,29.31,29.31,6.33,6.33,51,51,1,1,51.48,51.48,101,111,60.11,60.11,79.7,79.7,71.96,72.07,6.07,6.07,1069.4,1022.68,61.13,61.13,50,50,17.28,16.06,85.01,86.5,1.16,1.16,93.63,93.63,483.46,483.46,-4,-4,64,64,67.35,67.25,445.58,426.11,617.78,812.12,0.4,0.4,191.52,192.03,10.64,9.87,15.29,15.29,443.15,587.91,2.03,1.72,48.93,48.93,54.48,54.52,-96.7,-96.7,81.55,81.55,103.74,103.74,50282.21,52579.47,25266.19,26420.53,91162,95327,1336.75,1278.34,3.95,3.95,356.47,340.89,3600000000,4200000000,41583.39,44114.18,13.01,13.01,13.14,15.45
King Ohud,56,56,66.67,66.67,69.33,69.33,6.16,6.16,32.12,31.93,43,43,-4.47,82.91,51,51,110.25,110.25,1443.54,1392.87,4897.37,5571.14,4330.61,4178.6,-6,-6,618.66,795.92,2868.86,4351.05,3093.29,2984.71,2164.62,2570.17,3093.29,2984.71,2818.33,-4.24,5224.22,5040.85,4468.09,4311.25,4193.13,4045.95,412.44,397.96,714.89,689.8,4685.04,4520.59,8867.43,8556.18,8.83,8.89,1031.1,994.9,601.47,580.36,859.25,829.09,-4.47,-4.47,910.2,910.2,16.23,16.23,15.09,15.09,63.56,63.56,23.59,23.59,19.22,19.22,51.62,51.62,1,1,51.96,51.96,103,113,58.49,58.49,69.96,69.96,70.17,70.38,9.54,9.54,773.32,746.18,63.99,63.99,63,63,8.45,8.06,105.85,108.11,1.06,1.06,93.67,93.67,423.86,423.86,-4,-4,71,71,71.17,71.14,257.77,248.73,793.39,993.95,0.42,0.42,61.91,62.2,11.26,9.98,13.91,13.91,503.86,612.87,1.74,1.55,45.46,45.46,54.41,54.48,88.88,88.88,-40,-40,92.89,92.89,61211.84,63438.53,22840.24,23671.09,140724,145843,687.4,663.27,7.71,7.71,85.92,82.91,2100000000,2400000000,56070.05,58300.01,12.51,12.51,28.63,32.64
Teremara Executive,66.27,66.27,35,35,70.67,70.67,2.15,2.15,31.63,31.5,43.68,43.68,870.78,1125.26,41.6,41.6,132.75,132.75,-9.7,-9.7,3343.78,3456.8,-2,-2,2031.81,2100.49,3541.15,3840.89,-4.2,-4.2,-6.16,-6.16,-6.36,-6.36,3657.26,3780.88,4818.29,1980.46,754.67,780.18,1073.96,1110.26,2496.22,2580.6,1335.19,1380.32,1712.52,1770.41,1998.96,2066.53,0,0,12.17,12.29,1378.73,1425.33,870.78,900.21,1015.9,1050.24,362.82,375.09,639.39,639.39,46.48,46.48,15.09,15.09,47.69,47.69,30.78,30.78,3.38,3.38,52.64,52.64,1,1,51.48,51.48,126,136,61.24,61.24,89.47,89.47,70.73,70.89,13.95,13.95,943.34,975.23,84.26,84.26,33.25,33.25,30.8,33.41,62.5,59.62,0.98,0.98,93.7,93.7,557.43,557.43,0,0,64,64,55.15,54.58,725.65,750.17,736.52,824.5,0.3,0.3,194.32,194.83,12.28,12.33,15.18,15.18,717.64,799.02,1.82,1.71,41.05,41.05,50.52,50.57,-68.19,-68.19,66.71,66.71,101.45,101.45,39128.82,37855.83,26037.21,25190.14,56024,54201,1233.6,1275.3,3.32,3.32,435.39,450.1,244900000000,245200000000,27077.14,25211.98,3.31,3.31,10.33,11.08
Arikea,70.13,70.13,56.89,56.89,29.78,29.78,1.46,1.46,25.67,25.59,43.68,43.68,2665.19,3059.56,35.8,35.8,146.25,146.25,0,0,2741.34,2842.43,-3.61,-3.61,2665.19,2763.47,4035.86,4421.55,-10.39,-10.39,2893.64,3000.34,-12.85,-12.85,2817.49,2921.38,4949.65,1184.34,-10,-10,-5.1,-5.1,-6.32,-6.32,-9.17,-9.17,4911.57,5092.68,1622.85,1682.69,2893.64,3000.34,14.14,14.25,1808.52,1875.21,3617.05,3750.42,1522.97,1579.13,1332.6,1381.73,468.75,468.75,68.31,68.31,14.64,14.64,29.77,29.77,28.6,28.6,8.74,8.74,51,51,4.48,4.48,50.99,50.99,189,199,64.98,64.98,88.1,88.1,81.79,82.03,16.86,16.86,2189.27,2269.99,51.69,51.69,35.67,35.67,47.06,50.47,39.5,36.62,10.05,10.05,92.46,92.46,791.36,791.36,-4,-4,62,62,54.39,53.89,666.3,690.87,1074.11,1085.05,0.4,0.4,179.12,179.61,9.93,9.94,15.95,15.95,1114.32,1183.46,1.28,1.24,38.14,38.14,58.1,58.18,-73.14,-73.14,68.56,68.56,104.46,104.46,47197.66,45523.17,38587.81,37218.78,56485,54481,1332.6,1381.73,2.65,2.65,571.11,592.17,1606400000000,1576600000000,24967.56,22533.97,13.72,13.72,14.2,15.29
Polish Lithium,30.67,30.67,30.67,30.67,21,21,1.76,1.76,30.57,30.46,38.06,38.06,846.06,1047.16,70,70,67.5,67.5,676.85,680.65,1437.01,1445.08,-6.16,-6.16,-1.55,-1.55,-5.83,-5.29,9822.41,11880.28,-9.59,-9.59,-7.45,-7.45,-4.9,-4.9,3800.78,1204.23,-5.83,-5.83,-10.3,-10.3,937.18,942.44,-8,-8,-4.43,-4.43,-5.6,-5.6,676.85,680.65,16.37,16.46,1106.39,1112.61,1301.64,1308.95,2277.86,2290.66,1431.8,1439.84,986.13,986.13,56.84,56.84,10.55,10.55,26.09,26.09,14.41,14.41,28.19,28.19,50,50,1,1,51.96,51.96,101,111,65.67,65.67,98.84,98.84,72.1,72.25,24.99,24.99,1301.64,1308.95,105.99,105.99,-74,-74,59.01,60.2,16.26,14.79,15.69,15.69,92.02,92.02,2454.83,2454.83,0,0,67,67,77.37,77.28,1301.64,1308.95,729.03,816.58,0.22,0.22,60.3,60.58,9.5,9.44,13.56,13.56,565.78,660.31,1.83,1.71,30.01,30.01,50.42,50.47,-54.59,-54.59,32.86,32.86,103,103,37396.28,37187.51,27721.62,27566.86,48768,48496,1301.64,1308.95,2.59,2.59,780.98,785.37,55500000000,55600000000,15332.47,14800.63,8.89,8.89,14.71,17.01
The Kock,73.89,73.89,10,10,35.56,35.56,1.22,1.22,31.59,31.47,45.83,45.83,1226.34,1341.03,30.17,30.17,157.5,157.5,-13.11,-13.11,-3.1,-3.1,370.28,369.18,177.23,176.7,1506.42,1501.95,-2.97,-2.97,-13.19,-13.19,-13.19,-13.19,-3.46,-3.46,-7.21,-12.33,1234.25,1230.59,901.95,899.28,-6.48,-6.48,-5.1,-5.1,1740.61,1735.45,-12.87,-12.87,370.28,369.18,18.49,18.57,1740.61,1735.45,1107.66,1104.38,751.63,749.4,830.75,828.28,1259.14,1259.14,81.97,81.97,18.02,18.02,21.47,21.47,30.65,30.65,3.44,3.44,52.16,52.16,1,1,53.38,53.38,145,155,67.18,67.18,90.32,90.32,70.78,70.93,26.01,26.01,712.07,709.96,105.66,105.66,-90,-90,72.21,72.36,-17.94,-18.94,9.89,9.89,92.47,92.47,943.53,943.53,0,0,67,67,74.84,74.74,909.87,907.17,1041.22,1054.82,0.29,0.29,235.96,236.52,9.85,9.85,12.34,12.34,903.88,977.9,1.41,1.36,28.99,28.99,46.17,46.22,-33.76,-33.76,48.06,48.06,106.51,106.51,19903.12,19962.38,17922.71,17976.07,21864,21929,1305.46,1301.59,2.47,2.47,712.07,709.96,462300000000,464100000000,5533.07,5509.62,4.86,4.86,8.21,8.72
Regular,60.44,60.44,80,80,67.11,67.11,13.82,13.82,37.02,36.7,41.43,41.43,-5.48,0,47.67,47.67,119.25,119.25,5443.14,5454.48,311.04,311.68,6842.81,6857.06,4898.83,4909.03,1088.63,1324.66,-4,-4,5520.9,5532.4,3499.16,3876.57,2332.78,2337.63,2721.57,-5.48,3110.37,3116.84,-5.1,-5.1,-3.16,-3.16,388.8,389.61,4510.03,4519.42,7091.64,7106.4,17806.85,17843.93,8.6,8.6,485.99,487.01,291.6,292.2,777.59,779.21,680.39,681.81,923.69,923.69,7.24,7.24,14.16,14.16,70.02,70.02,26.94,26.94,13.86,13.86,50,50,1,1,51.96,51.96,88,98,52.08,52.08,34.23,34.23,66.06,66.25,13.61,13.61,583.19,584.41,62.05,62.05,77,77,8.17,8.2,108.74,108.6,1.42,1.42,93.55,93.55,334.23,334.23,0,0,67,67,73.26,73.14,583.19,584.41,322.85,410.15,0.46,0.46,137.8,138.23,14.27,13.91,13.85,13.85,211.65,405.92,3.94,2.84,41.39,41.39,57.12,57.19,48.99,48.99,80,80,98.34,98.34,64610.09,64475.82,15107.83,15076.44,208812,208378,388.8,389.61,15.21,15.21,97.2,97.4,192100000000,192100000000,59312.06,59188.8,6,6,23.1,24.91
Colonello,43.67,43.67,21,21,14,14,1.56,1.56,31.79,31.67,43.68,43.68,395.25,553.73,60.25,60.25,90,90,135.51,132.9,-3.35,-3.35,-5.83,-5.83,3026.46,2968,3342.66,3410.99,2967.96,3756.52,3433,3366.69,-5.74,-5.74,1309.96,1284.66,-5.83,-11.58,-5.83,-5.83,-4.9,-4.9,1038.93,1018.87,1264.79,1240.36,-3.13,-3.13,252.96,248.07,3568.51,3499.59,12.96,13.08,1185.74,1162.84,903.42,885.97,1242.2,1218.21,395.25,387.61,13.33,13.33,64.21,64.21,13.62,13.62,18.95,18.95,16.18,16.18,26.84,26.84,46.97,46.97,1,1,50,50,98,108,64.35,64.35,84.7,84.7,70.54,70.69,25.66,25.66,1524.52,1495.08,56.27,56.27,-79,-79,37.99,37.58,50.56,50.45,20.26,20.26,91.71,91.71,2607.24,2607.24,-8,-8,64,64,77.11,77.03,677.57,664.48,623.69,704.86,0.3,0.3,54.76,55.03,9.85,9.82,18.55,18.55,543.52,641.72,2.01,1.86,29.34,29.34,47.71,47.75,-97.21,-97.21,88.03,88.03,107.82,107.82,29393.02,29970.18,23251.2,23707.76,36214,36925,959.88,941.34,2.72,2.72,338.78,332.24,4700000000,5500000000,18223.67,18701.39,16.43,16.43,8.42,9.2
SucWAti,79.71,79.71,83.83,83.83,69.33,69.33,1.42,1.42,20.55,20.54,42,42,11491,11794.95,21.43,21.43,177.75,177.75,-18.76,-18.76,-12.39,-12.39,-15.17,-15.17,-7.82,-7.82,-12.39,-12.07,-12.52,-12.52,-16.49,-16.49,-23.11,-23.11,-16.88,-16.88,-13.86,-17.09,-18.49,-18.49,-13.86,-13.86,-13.11,-13.11,-22.32,-22.32,1370.81,1366.87,-18.99,-18.99,0,0,22.52,22.58,3154.39,3145.32,15433.99,15389.6,4280.96,4268.65,3154.39,3145.32,147.13,147.13,70.55,70.55,12,12,34.38,34.38,61.13,61.13,1.15,1.15,52.16,52.16,8.85,8.85,50,50,396,406,73.52,73.52,111.86,111.86,91.33,91.34,19.95,19.95,4844.25,4830.31,72.68,72.68,33.83,33.83,85.86,85.97,-81.42,-82.42,0.74,0.74,94,94,421.11,421.11,0,0,80,80,47.41,47.26,337.97,337,1302.9,1309.04,0.26,0.26,261.59,262.18,8.61,8.62,17.03,17.03,2509.62,2566.11,0.74,0.73,35.05,35.05,73.88,73.89,-129.96,-129.96,73.42,73.42,104.1,104.1,58487.85,58656.6,48642.88,48783.23,68949,69148,8899.89,8874.29,2.16,2.16,1239.23,1235.66,750200000000,752700000000,8246.79,8211.92,8.37,8.37,106.55,107.71
Morombe,71.11,71.11,97.69,97.69,58.86,58.86,1.34,1.34,20.96,20.94,42,42,5521.84,5767.57,34.33,34.33,72.5,72.5,1413.59,1419.71,2756.5,2768.44,-2.9,-2.9,14760.23,14824.15,-6.24,-5.59,-10.43,-10.43,11426.52,11475.99,-21.77,-21.77,3710.67,3726.74,1119.09,-7.87,1119.09,1123.94,3369.06,3383.64,-9.06,-9.06,-16.97,-16.97,14442.18,14504.71,-12.62,-12.62,12840.11,12895.71,26.13,26.19,73.62,73.94,11559.04,11609.09,10233.8,10278.11,4564.72,4584.48,9.32,9.32,74.68,74.68,0.89,0.89,28.96,28.96,64.89,64.89,1.09,1.09,57.27,57.27,9,9,33.52,33.52,267,277,81.82,81.82,128.37,128.37,91.09,91.1,13.33,13.33,12148.04,12200.64,10.59,10.59,28.71,28.71,76.35,76.68,-94.8,-96.56,0.74,0.74,94,94,647.32,647.32,27,27,94,94,48.43,48.23,957.12,961.26,1301.16,1307.32,0.2,0.2,122.42,122.82,8.92,8.92,25.11,25.11,2045.67,2104.79,0.74,0.73,41.67,41.67,87.82,87.82,-216.77,-216.77,215.37,215.37,71.93,71.93,104402.45,103952.4,89487.81,89102.06,119833,119316,4491.09,4510.54,1.93,1.93,368.12,369.72,2096300000000,2090100000000,24743.38,24220.91,19.59,19.59,112.67,113.57
Neyshon26,57.33,57.33,67.62,67.62,54.67,54.67,2.49,2.49,31.48,31.48,39.43,39.43,1002.38,1002.38,50,50,112.5,112.5,1904.53,1904.53,-3.1,-3.1,3408.1,3408.1,-3.46,-3.46,4109.77,4109.77,-2.19,-2.19,1172.79,1172.79,501.19,501.19,-3.46,-3.46,-3.46,-3.46,2906.91,2906.91,-3.95,-3.95,1904.53,1904.53,3909.29,3909.29,902.14,902.14,6615.98,6615.98,6485.41,6485.41,10.82,10.82,1002.38,1002.38,1002.38,1002.38,1002.38,1002.38,1378.28,1378.28,232.05,232.05,40.13,40.13,12,12,52.35,52.35,21.91,21.91,21.29,21.29,52.16,52.16,1,1,51.96,51.96,112,112,56.76,56.76,55.06,55.06,70.92,70.92,2.6,2.6,2004.76,2004.76,72.56,72.56,54.43,54.43,33.82,33.82,66.96,66.96,3.76,3.76,93.12,93.12,590.75,590.75,0,0,64,64,68.18,68.18,1002.38,1002.38,580.26,580.26,0.33,0.33,126.81,126.81,12.24,12.24,16.71,16.71,600.83,600.83,2.11,2.11,52.4,52.4,55.63,55.63,60,60,-14.14,-14.14,101.85,101.85,42861.12,42861.12,26350.3,26350.3,65659,65659,1002.38,1002.38,10.48,10.48,1002.38,1002.38,1620300000000,1621900000000,28374.06,28374.06,5.7,5.7,13.43,13.43
Cards of Eagles 12,29.33,29.33,26.33,26.33,78,78,1.79,1.79,32.69,32.69,42,42,237.08,237.08,71,71,65.25,65.25,2844.97,2844.97,3217.98,3217.98,3477.18,3477.18,-5.48,-5.48,-8.37,-8.37,-7.39,-7.39,3161.08,3161.08,-6.03,-6.03,632.22,632.22,-4.47,-4.47,1264.43,1264.43,3477.18,3477.18,0,0,316.11,316.11,-6.32,-6.32,-4.61,-4.61,9483.23,9483.23,9.33,9.33,711.24,711.24,869.3,869.3,711.24,711.24,237.08,237.08,119.98,119.98,55.9,55.9,12,12,45.79,45.79,22.82,22.82,20.21,20.21,50,50,1,1,50,50,100,100,60.07,60.07,87.69,87.69,69.54,69.54,24.11,24.11,948.32,948.32,95.88,95.88,26.33,26.33,25.19,25.19,74.46,74.46,0.72,0.72,94.1,94.1,771.71,771.71,0,0,64,64,56.32,56.32,632.22,632.22,446.52,446.52,0.24,0.24,58.75,58.75,9.92,9.92,17.16,17.16,511.67,511.67,2.61,2.61,30.89,30.89,47.61,47.61,81.24,81.24,-33.17,-33.17,100.2,100.2,27479.24,27479.24,20187.9,20187.9,36117,36117,632.22,632.22,3.99,3.99,79.03,79.03,1092700000000,1096200000000,20554.47,20554.47,7.94,7.94,8.93,8.93
Throwing Textbooks Out Windows,67.33,67.33,80.67,80.67,67.33,67.33,17.35,17.35,35.43,35.43,42,42,108.76,108.76,40,40,135,135,3915.45,3915.45,5044.41,5044.41,0,0,3045.35,3045.35,4785.55,4785.55,2516.76,2516.76,2175.25,2175.25,-5,-5,435.05,435.05,3045.35,3045.35,5220.6,5220.6,-6.32,-6.32,2610.3,2610.3,3915.45,3915.45,1740.2,1740.2,10441.2,10441.2,6090.7,6090.7,7.81,7.81,761.34,761.34,761.34,761.34,978.86,978.86,108.76,108.76,109.99,109.99,5.76,5.76,12,12,71.36,71.36,27.17,27.17,13.38,13.38,50,50,1,1,50,50,100,100,49.7,49.7,29.72,29.72,67.12,67.12,17.21,17.21,1087.63,1087.63,47.54,47.54,80,80,8.27,8.27,108.21,108.21,1.38,1.38,93.56,93.56,271.27,271.27,0,0,64,64,73.46,73.46,652.58,652.58,251.32,251.32,0.61,0.61,167.37,167.37,14.8,14.8,17.21,17.21,462.49,462.49,34.1,34.1,37.79,37.79,58.35,58.35,-61.64,-61.64,61.64,61.64,99.3,99.3,58570.79,58570.79,11947.28,11947.28,207322,207322,652.58,652.58,16.35,16.35,-3.16,-3.16,132900000000,134000000000,53709.41,53709.41,6.32,6.32,21.94,21.94
Kaiser Scado,67.33,67.33,61.33,61.33,61.33,61.33,4.03,4.03,32.98,32.8,42,42,384.83,782.01,40,40,135,135,-3.16,-3.16,-5.23,-4.9,0,0,0,0,-3.16,-2.45,820.97,834.14,-8.37,-8.37,5403.03,6516.75,5644.19,5734.74,2565.54,-7.07,-6.32,-6.32,-5.48,-5.48,6670.4,6777.42,-6.32,-6.32,-7.75,-7.75,1641.95,1668.29,0,0,9.33,9.49,1154.49,1173.01,1154.49,1173.01,1539.32,1564.02,384.83,391,119.98,119.98,24.8,24.8,12,12,53.04,53.04,24.44,24.44,18.06,18.06,50,50,1,1,50,50,100,110,55.8,55.8,52.66,52.66,69.24,69.43,5.89,5.89,1539.32,1564.02,66.43,66.43,53,53,26.93,28.81,78.73,77.13,2.55,2.55,93.31,93.31,487.09,487.09,0,0,64,64,68.29,68.01,1026.22,1042.68,407.83,497.08,0.39,0.39,167.4,167.87,12.77,12.5,17.16,17.16,516.21,620.8,2.86,2.37,49.11,49.11,53.29,53.35,-20,-20,20,20,100.2,100.2,37497.93,36910.86,17722.9,17445.43,71470,70351,1026.22,1042.68,11.72,11.72,128.28,130.33,640300000000,646500000000,27410.98,26280.53,6.64,6.64,14.52,16
Fidelity to Law,38.33,38.33,3,3,68,68,1.06,1.06,37.85,37.5,43.68,43.68,167.23,248.75,64.25,64.25,81,81,0,0,-9.02,-8.49,557.44,552.77,423.66,420.11,200.68,265.33,-4.92,-4.47,847.31,840.22,-6.12,-6.12,-12.33,-12.33,-6.32,-11.83,-8.94,-8.94,189.53,187.94,445.95,442.22,557.44,552.77,401.36,398,0,0,1404.75,1392.99,12.49,12.61,557.44,552.77,418.08,414.58,362.34,359.3,167.23,165.83,1143.53,1143.53,94.4,94.4,14.16,14.16,22.16,22.16,25.41,25.41,16.6,16.6,51,51,1,1,50.5,50.5,99,109,66.11,66.11,99.09,99.09,65.58,65.78,24.66,24.66,529.57,525.14,82.03,82.03,-97,-97,53.11,53.47,40.03,39.15,1.26,1.26,93.59,93.59,1287.15,1287.15,-4,-4,64,64,75.33,75.23,306.59,304.03,671.31,755.45,0.27,0.27,145.64,146.08,9.58,9.59,12.85,12.85,544.09,642.18,1.92,1.79,30.34,30.34,41.98,42.05,-20,-20,53.85,53.85,104.81,104.81,8751.84,8827.82,8490.59,8564.3,8994,9072,445.95,442.22,2.55,2.55,139.36,138.19,3200000000,4000000000,4104.61,4104.93,14.13,14.13,7.06,7.14
Neyshon27,67.33,67.33,14.4,14.4,50.67,50.67,1.35,1.35,35.78,35.78,40.78,40.78,464.82,464.82,40,40,183,183,0,0,0,0,1162.05,1162.05,464.82,464.82,0,0,3346.71,3346.71,1952.25,1952.25,0,0,0,0,0,0,1859.28,1859.28,1092.33,1092.33,0,0,1626.87,1626.87,464.82,464.82,2361.01,2361.01,3114.3,3114.3,10.49,10.49,464.82,464.82,464.82,464.82,464.82,464.82,464.82,464.82,152.93,152.93,74.12,74.12,11.33,11.33,28.36,28.36,23.65,23.65,19.14,19.14,52.16,52.16,1,1,50.5,50.5,109,109,59.29,59.29,72.2,72.2,66.87,66.87,17.37,17.37,464.82,464.82,71.71,71.71,14.4,14.4,32.35,32.35,63.3,63.3,0.77,0.77,93.9,93.9,884.78,884.78,0,0,64,64,52.54,52.54,464.82,464.82,536.49,536.49,0.34,0.34,167.92,167.92,9.64,9.64,17.01,17.01,599.47,599.47,2.24,2.24,37.63,37.63,44.05,44.05,33.17,33.17,37.42,37.42,104.1,104.1,21186.23,21186.23,18087.35,18087.35,24404,24404,464.82,464.82,5.9,5.9,464.82,464.82,5110300000000,5117300000000,14343.08,14343.08,3.1,3.1,8.26,8.26
Cards of Eagles 13,21,21,39.11,39.11,20,20,2.35,2.35,31.27,31.27,42,42,460.58,460.58,79,79,47.25,47.25,-4.47,-4.47,-8.7,-8.7,-4.47,-4.47,4053.09,4053.09,368.46,368.46,3423.02,3423.02,-3.16,-3.16,-8.45,-8.45,2579.24,2579.24,2210.78,2210.78,-5.48,-5.48,1473.85,1473.85,2210.78,2210.78,0,0,-6.32,-6.32,-5.38,-5.38,0,0,10.95,10.95,1013.27,1013.27,1197.5,1197.5,1658.08,1658.08,460.58,460.58,130.47,130.47,42.63,42.63,12,12,28.61,28.61,6.06,6.06,32.23,32.23,50,50,1,1,50,50,100,100,59.86,59.86,70.17,70.17,71.18,71.18,24.8,24.8,1289.62,1289.62,102.36,102.36,36.33,36.33,32.73,32.73,65.83,65.83,16.31,16.31,91.97,91.97,2432.9,2432.9,0,0,64,64,62.42,62.42,921.16,921.16,516.57,516.57,0.23,0.23,39.39,39.39,9.88,9.88,17.11,17.11,524.46,524.46,2.3,2.3,30.2,30.2,50.59,50.59,-83.67,-83.67,77.46,77.46,101.04,101.04,34536,34536,21935.8,21935.8,51458,51458,921.16,921.16,4.33,4.33,276.35,276.35,765900000000,768400000000,23242.73,23242.73,8.5,8.5,9.39,9.39
Tidus Laugh,68,68,67.33,67.33,50.67,50.67,5.37,5.37,33.66,33.66,42,42,238.38,238.38,39,39,137.25,137.25,-7.07,-7.07,-6.34,-6.34,-7.07,-7.07,0,0,4290.89,4290.89,-6.37,-6.37,4290.89,4290.89,934.46,934.46,-7.75,-7.75,4767.66,4767.66,476.77,476.77,3814.13,3814.13,4290.89,4290.89,953.53,953.53,6674.72,6674.72,762.83,762.83,4290.89,4290.89,8.6,8.6,953.53,953.53,953.53,953.53,1311.11,1311.11,238.38,238.38,114.92,114.92,18.61,18.61,12,12,52.05,52.05,26.31,26.31,15.08,15.08,50,50,1,1,50,50,100,100,54.33,54.33,41.49,41.49,68.59,68.59,9.21,9.21,1311.11,1311.11,45.85,45.85,60,60,16.76,16.76,89.55,89.55,4.64,4.64,93.01,93.01,487.09,487.09,0,0,64,64,70.08,70.08,834.34,834.34,391.08,391.08,0.48,0.48,171.7,171.7,12.68,12.68,17.19,17.19,498.52,498.52,2.99,2.99,45.79,45.79,54.51,54.51,-53.39,-53.39,18.71,18.71,99.76,99.76,44291.55,44291.55,17848.83,17848.83,95893,95893,834.34,834.34,13.33,13.33,0,0,139200000000,140300000000,36850.57,36850.57,6.44,6.44,12.92,12.92
3rd Chickenland Division,72.17,72.17,41.33,41.33,80.67,80.67,2.44,2.44,31.86,31.86,43.68,43.68,139.64,139.64,32.75,32.75,153,153,279.27,279.27,3976.86,3976.86,3072.01,3072.01,4412.53,4412.53,4468.38,4468.38,1318.17,1318.17,2960.3,2960.3,3206.07,3206.07,4189.11,4189.11,-4.47,-4.47,0,0,3072.01,3072.01,837.82,837.82,3351.29,3351.29,-2.65,-2.65,2525.25,2525.25,6311.59,6311.59,9.8,9.8,1117.1,1117.1,768,768,837.82,837.82,139.64,139.64,12.97,12.97,40.99,40.99,13.62,13.62,55.23,55.23,34.08,34.08,2.43,2.43,46.97,46.97,1,1,50,50,98,98,59.21,59.21,84.9,84.9,70.46,70.46,20.3,20.3,1047.28,1047.28,60.81,60.81,38,38,13.03,13.03,89.84,89.84,0.69,0.69,94.23,94.23,357.19,357.19,0,0,64,64,65.28,65.28,488.73,488.73,442.3,442.3,0.39,0.39,126.22,126.22,12.61,12.61,18.69,18.69,514.9,514.9,2.63,2.63,34.7,34.7,51.09,51.09,-56.57,-56.57,93.27,93.27,100.2,100.2,46326.58,46326.58,28810.07,28810.07,70278,70278,837.82,837.82,6.1,6.1,69.82,69.82,30100000000,31800000000,40304.13,40304.13,8.94,8.94,11.4,11.4
Kiwipo,38.33,38.33,12,12,36,36,1.27,1.27,31.66,31.54,45.83,45.83,502.85,625.43,64.25,64.25,81,81,-1.41,-1.41,160.91,160.11,-9.27,-9.27,1810.27,1801.23,1307.42,1400.96,-0.89,-0.89,-9.7,-9.7,586.66,583.73,-9.59,-9.59,-9.59,-13.86,1642.65,1634.45,1273.89,1267.53,-3.46,-3.46,-9.59,-9.59,-2.9,-2.9,455.92,453.64,0,0,16.91,17,1424.75,1417.63,1005.71,1000.68,1089.51,1084.07,419.04,416.95,1875.79,1875.79,78.58,78.58,17.01,17.01,22.24,22.24,20.6,20.6,22.75,22.75,50,50,1,1,51.96,51.96,101,111,69.9,69.9,98.61,98.61,70.69,70.84,23.35,23.35,796.18,792.21,110.29,110.29,-88,-88,66.54,66.65,3.72,2.84,8.82,8.82,92.57,92.57,2157.34,2157.34,0,0,67,67,75.94,75.84,712.37,708.82,1036.14,1050.36,0.21,0.21,61.19,61.47,9.6,9.6,9.85,9.85,560.01,655.4,1.43,1.38,31.65,31.65,46.14,46.19,-105.12,-105.12,82.16,82.16,105.16,105.16,22480.87,22593.74,19796.59,19895.98,25192,25319,1131.42,1125.77,2.31,2.31,586.66,583.73,200000000,200000000,7531.09,7546.31,8.56,8.56,7.94,8.36
Karansia,60,60,72,72,66,66,7.52,7.52,32.57,32.35,45.34,45.34,-3.16,158.59,48,48,117,117,-3.46,-3.46,2371.67,2968.77,1255.9,1205.27,3569.4,3425.5,5684.6,5645.73,3611.7,5892.5,8196.4,7865.97,4478.93,5867.76,2776.2,2664.28,2908.4,-3.46,5221.9,5011.38,2941.45,2822.87,594.9,570.92,1916.9,1839.62,6213.4,5962.91,2538.24,2435.91,9452.3,9071.24,9.75,9.85,1074.12,1030.82,578.37,555.06,826.25,792.94,247.87,237.88,609.8,609.8,13.3,13.3,16.29,16.29,61.19,61.19,30.4,30.4,3.76,3.76,51,51,1,1,51.48,51.48,103,113,58.11,58.11,65.52,65.52,69.67,69.91,9.58,9.58,1983,1903.06,28.4,28.4,67,67,8.53,8.07,106.17,108.96,1.65,1.65,93.49,93.49,410.4,410.4,-8,-8,64,64,71.71,71.7,330.5,317.18,488.68,641.28,0.56,0.56,200.91,201.43,13.92,12.38,15.31,15.31,442.13,587.49,2.41,1.98,45.42,45.42,57.11,57.19,-64.81,-64.81,78.1,78.1,106.18,106.18,68398.8,71272,22799.6,23757.33,171381,178580,1156.75,1110.12,8.4,8.4,-11.4,-11.4,800000000,1000000000,62584.9,65498.97,14.15,14.15,21.91,26.56
BRU MkI,53.58,53.58,92.46,92.46,18.43,18.43,1.29,1.29,22.52,22.5,27.34,27.34,2841.43,3080.43,52.82,52.82,66,66,227.31,229.24,-12.39,-12.39,-8,-8,-7.01,-7.01,-18.08,-18.08,-12.03,-12.03,21992.65,22179.13,-12.61,-12.61,-17.75,-17.75,1932.17,-5.66,1363.89,1375.45,-10.65,-10.65,-4.69,-4.69,-15.97,-15.97,-10.84,-10.84,-12.23,-12.23,22219.96,22408.37,32.95,33,2131.07,2149.14,5682.85,5731.04,16480.28,16620.02,4546.28,4584.83,3000.39,3000.39,77.43,77.43,0.85,0.85,24.83,24.83,37.11,37.11,2.05,2.05,40.38,40.38,7.73,7.73,40.94,40.94,148,158,100.34,100.34,137.97,137.97,90.29,90.3,20.11,20.11,17261.67,17408.04,5.93,5.93,25.38,25.38,93.1,93.3,-247.48,-249.84,39.95,39.95,90.54,90.54,1664.38,1664.38,-15,-15,58,58,42.93,42.77,5398.71,5444.49,1234.7,1241.54,0.2,0.2,139.15,139.58,8.58,8.58,6.37,6.37,998.71,1070.26,0.85,0.83,34.89,34.89,75.17,75.17,-84.94,-84.94,61.48,61.48,109.7,109.7,102660.77,101797.61,89700.48,88946.3,115842,114868,5469.75,5516.13,1.66,1.66,2202.11,2220.78,565500000000,561300000000,7083.59,6820.44,35.63,35.63,11.76,12.73
Prenadius Zawion,57.33,57.33,57.33,57.33,61.33,61.33,3.61,3.61,32.86,32.67,42,42,275.69,532.61,50,50,112.5,112.5,2205.51,2130.45,2521.64,2982.63,2573.1,2485.53,4411.02,4260.91,1837.93,1988.42,3889.05,6249.33,-4.47,-4.47,275.69,443.84,-3.16,-3.16,4411.02,710.15,1470.34,1420.3,1837.93,1775.38,2205.51,2130.45,4043.44,3905.83,2205.51,2130.45,1176.27,1136.24,4778.61,4615.98,9.33,9.49,827.07,798.92,827.07,798.92,1102.76,1065.23,275.69,266.31,119.98,119.98,27.72,27.72,12,12,51.46,51.46,25.22,25.22,16.9,16.9,50,50,1,1,50,50,100,110,56.5,56.5,57.02,57.02,69.37,69.57,1.56,1.56,1102.76,1065.23,77.15,77.15,50,50,14.26,13.63,89.92,90.68,2.55,2.55,93.31,93.31,586.18,586.18,0,0,64,64,68.42,68.29,735.17,710.15,536.51,683.52,0.33,0.33,126.19,126.6,10,9.84,17.16,17.16,487.48,605.86,2.24,1.9,53.44,53.44,52.66,52.73,-53.85,-53.85,80,80,100.2,100.2,48896.2,50616.02,24569.73,25433.92,88649,91767,735.17,710.15,10.83,10.83,91.9,88.77,2700000000,3300000000,41904.04,43732.24,7.09,7.09,13.91,16.3
Chincithe Kwayis,70.67,70.67,3,3,18,18,1.06,1.06,46.28,43.81,43,43,72.2,138.7,35,35,146.25,146.25,577.61,554.79,-4.09,-4,635.38,610.27,577.61,554.79,-10.95,-10.68,3174.47,3756.38,-6.48,-6.48,447.65,462.32,-8.94,-8.94,288.81,-8.37,-8.94,-8.94,-11.05,-11.05,-8.37,-8.37,-10,-10,-10.05,-10.05,-9.91,-9.91,1212.99,1165.05,10.77,10.91,216.61,208.05,216.61,208.05,385.08,369.86,24.07,23.12,932.65,932.65,94.4,94.4,15.09,15.09,13.47,13.47,18.47,18.47,24.85,24.85,50,50,1,1,51.96,51.96,101,111,63.09,63.09,81.45,81.45,64.52,64.77,31.89,31.89,240.67,231.16,89.14,89.14,-97,-97,31.37,30.21,60.79,61.39,17.58,17.58,91.89,91.89,1917.23,1917.23,0,0,67,67,75.6,75.51,192.54,184.93,664.79,774.11,0.3,0.3,188.97,189.47,9.09,9,13.81,13.81,519.28,622.98,1.93,1.77,23.11,23.11,40.61,40.69,-10,-10,58.31,58.31,100.2,100.2,10168.41,10575.64,9864.88,10259.95,10450,10868,192.54,184.93,2.89,2.89,120.34,115.58,4100000000,5000000000,6975.53,7381.8,6.07,6.07,9.96,11.48
Asfaltum,66.56,66.56,97.38,97.38,54.86,54.86,1.7,1.7,21.7,21.68,45.34,45.34,2135.45,2311.69,41.17,41.17,150.75,150.75,-9.27,-9.27,6765.1,6812.48,-2.05,-2.05,38480.79,38750.3,1829.65,1842.47,-9.08,-9.08,28059.8,28256.32,-13.58,-13.58,-9,-9,3288.59,1161.22,2434.41,2451.46,2050.03,2064.39,5210.5,5246.99,-20.27,-20.27,10169.01,10240.23,426.41,429.39,28059.8,28256.32,27.91,27.96,1174.5,1182.72,6139.42,6182.41,6032.64,6074.89,2242.22,2257.93,1043.45,1043.45,58.82,58.82,13,13,40.86,40.86,88.73,88.73,0.86,0.86,51.62,51.62,9,9,48.04,48.04,248,258,83.64,83.64,118.5,118.5,90.68,90.69,4.45,4.45,17937.77,18063.4,3.92,3.92,49.25,49.25,73.44,73.89,-106.61,-109.61,14.61,14.61,92.1,92.1,560.73,560.73,-7,-7,91,91,53.1,52.68,106.77,107.52,1295.58,1301.79,9.98,9.98,9.4,9.51,8.92,8.92,13.3,13.3,1852.54,1913.03,0.75,0.74,50.55,50.55,90.21,90.21,-433.5,-433.5,433.05,433.05,100.62,100.62,142505.94,141514.89,107588.44,106840.22,182900,181628,5445.39,5483.53,1.9,1.9,-7.07,-7.07,1999700000000,1989100000000,37906.58,36935.39,34.07,34.07,116.56,117.45
Actaeus,59,59,30.67,30.67,78.67,78.67,1.95,1.95,31.01,30.87,42,42,411.41,670.65,48.75,48.75,117,117,658.26,670.65,-7.48,-7.48,-8.37,-8.37,1579.82,1609.57,-5.48,-4.9,-2.83,-2.83,-4.47,-4.47,3702.7,3772.43,-7.75,-7.75,1316.52,-7.75,-6.32,-6.32,2633.03,2682.62,-8.37,-8.37,329.13,335.33,-6.63,-6.63,157.98,160.96,658.26,670.65,11.45,11.58,1563.36,1592.81,1151.95,1173.65,1234.23,1257.48,658.26,670.65,13.18,13.18,51.28,51.28,12,12,48.9,48.9,30.29,30.29,3.96,3.96,50,50,1,1,50,50,106,116,61.65,61.65,99.89,99.89,71.51,71.69,16.66,16.66,1151.95,1173.65,79.55,79.55,30,30,37.53,39.58,59.33,57.53,0.71,0.71,94.13,94.13,545.06,545.06,0,0,64,64,54.55,54.13,822.82,838.32,762.63,852.07,0.27,0.27,85.62,85.95,9.68,9.68,18.61,18.61,592.64,683.72,1.78,1.68,38.34,38.34,49.89,49.95,-82.76,-82.76,57.88,57.88,101.45,101.45,29977.06,29451.8,21028.69,20660.22,41012,40293,1234.23,1257.48,3.2,3.2,329.13,335.33,64700000000,70600000000,18735.66,17788.89,7.28,7.28,9.85,10.54
Andels,76.67,76.67,23,23,83,83,1.63,1.63,32.42,32.26,44.28,44.28,66.04,268.4,26,26,166.5,166.5,-5.48,-5.48,1617.88,1932.47,-9.49,-9.49,2482.95,2522.94,-8.94,-8.6,1155.63,1717.75,-7.48,-7.48,858.47,1006.49,2377.29,2415.59,2377.29,-3.16,2377.29,2415.59,0,0,528.29,536.8,264.14,268.4,1399.96,1422.51,504.98,513.11,0,0,11.36,11.49,1650.9,1677.49,858.47,872.29,792.43,805.2,198.11,201.3,629.57,629.57,61.21,61.21,15.51,15.51,44.47,44.47,36.37,36.37,2.12,2.12,51,51,1,1,51.48,51.48,104,114,62.2,62.2,101.17,101.17,69.82,70.01,28.56,28.56,594.32,603.9,72.58,72.58,23,23,33.68,35.44,60.86,59.06,0.71,0.71,94.13,94.13,390.62,390.62,0,0,64,64,52.57,52.26,528.29,536.8,530.55,616.16,0.35,0.35,247.56,248.13,9.8,9.77,15.22,15.22,508.56,615.67,2.26,2.03,26.44,26.44,47.7,47.76,-100.5,-100.5,74.83,74.83,101.85,101.85,27526.86,27097.97,21227.18,20896.45,34681,34140,1056.57,1073.59,3.06,3.06,462.25,469.7,150900000000,155100000000,18250.31,17505.29,4.32,4.32,9.33,10.27
Heatherina,67.33,67.33,65.83,65.83,75.33,75.33,4.9,4.9,32.16,32,42,42,469.49,831.63,40,40,135,135,-3.16,-3.16,3380.36,3421.55,-5.48,-5.48,-5.48,-5.48,-2.45,-2.45,6009.52,6082.75,2816.96,2851.29,-6.12,-6.12,938.99,950.43,1408.48,-8.37,2347.47,2376.07,328.65,332.65,2816.96,2851.29,-6.32,-6.32,469.49,475.21,-2.45,-2.45,2816.96,2851.29,8.6,8.77,1643.23,1663.25,1056.36,1069.23,1056.36,1069.23,234.75,237.61,23.5,23.5,20.4,20.4,13,13,67.84,67.84,28.79,28.79,8.05,8.05,51,51,1,1,50.5,50.5,115,125,55.92,55.92,56.91,56.91,70.12,70.3,13.82,13.82,1056.36,1069.23,53.98,53.98,57.75,57.75,16.64,18.04,89.27,87.67,0.76,0.76,93.94,93.94,329.73,329.73,0,0,64,64,69.13,68.87,586.87,594.02,602.13,681.91,0.41,0.41,199.62,200.13,9.93,9.93,17.93,17.93,628.78,716.26,2.06,1.9,41.18,41.18,54.9,54.96,-22.36,-22.36,-31.62,-31.62,99.3,99.3,44320.22,43791.05,18797.51,18573.07,92153,91053,1173.73,1188.04,11.57,11.57,-3.16,-3.16,223800000000,226900000000,36963.06,35908.66,5.39,5.39,18.42,19.89
Movimiento 26 de Julio,64.5,64.5,6,6,18,18,1.12,1.12,35.57,35.32,42,42,362.67,455.89,44.25,44.25,126,126,-11.14,-11.14,-5.93,-5.93,-10.68,-10.68,-2,-2,-6.93,-6.48,4615.24,5554.88,474.76,468.92,593.46,586.15,-12.08,-12.08,738.52,-6.63,-4.9,-4.9,-10.68,-10.68,-4.9,-4.9,1266.04,1250.45,-3.74,-3.74,31.65,31.26,474.76,468.92,13.78,13.89,560.49,553.59,560.49,553.59,824.24,814.1,362.67,358.2,8.08,8.08,88.97,88.97,12,12,14.65,14.65,17.7,17.7,25.56,25.56,50,50,1,1,50,50,100,110,64.94,64.94,90.1,90.1,67.02,67.2,27.86,27.86,791.27,781.53,54.08,54.08,-94,-94,50.22,50.16,34.43,33.84,17.58,17.58,91.89,91.89,2278.71,2278.71,-4,-4,64,64,75.6,75.5,527.52,521.02,571.7,649.96,0.34,0.34,100.63,101,9.22,9.16,31.66,31.66,555.69,651.76,2.14,1.96,27.14,27.14,42.83,42.9,-79.37,-79.37,24.49,24.49,106.18,106.18,14722.45,14905.93,13843.49,14016.03,15560,15754,527.52,521.02,2.66,2.66,296.73,293.08,48800000000,52700000000,7331.78,7423.15,14.41,14.41,9.06,10.31
Thaailand,90,90,80.67,80.67,83,83,17.35,17.35,37.5,37.16,42,42,0,354.08,10,10,202.5,202.5,7419.7,7081.69,3395.75,3965.75,4946.47,4721.13,-5.48,-5.48,-4.47,-3.74,788.96,1510.76,989.29,944.23,5307.56,6491.55,1483.94,1416.34,494.65,-9.49,-4.47,-4.47,-6.32,-6.32,0,0,4451.82,4249.02,4451.82,4249.02,7122.92,6798.43,13355.47,12747.05,6.86,7.07,741.97,708.17,741.97,708.17,618.31,590.14,0,0,105.17,105.17,5.76,5.76,12,12,86.32,86.32,36.61,36.61,2.1,2.1,50,50,1,1,50,50,100,110,45.43,45.43,25.87,25.87,65.77,65.97,34.86,34.86,1112.96,1062.25,35.22,35.22,80,80,8.34,8.16,107.5,108.39,0.71,0.71,94.13,94.13,59.92,59.92,0,0,64,64,73.47,73.39,618.31,590.14,176.36,238.26,2.68,2.68,326.65,327.31,13.66,13.2,17.24,17.24,487.95,606.04,83.74,54.15,20.14,20.14,57.76,57.83,79.06,79.06,-35.36,-35.36,98.83,98.83,51571.89,54033.33,10519.64,11021.72,182548,191261,618.31,590.14,18.09,18.09,-4.47,-4.47,20200000000,22600000000,47291.42,49602.6,4,4,25.63,28.76
Anonymous Endorsing Agent,79,79,51.33,51.33,51.11,51.11,1.38,1.38,25.76,25.65,42,42,3965.25,4506.03,22.5,22.5,175.5,175.5,-8.37,-8.37,-8.94,-8.94,-12,-12,-3.46,-3.46,-7.39,-7.39,-9.8,-9.8,-12.65,-12.65,-11.29,-11.29,1330.28,1378.32,2558.23,-7.07,-5.48,-5.48,-7.75,-7.75,-5.48,-5.48,-13.42,-13.42,5218.78,5407.24,-5.4,-5.4,0,0,13.53,13.64,1407.03,1457.83,4476.9,4638.56,2302.4,2385.55,1918.67,1987.96,119.98,119.98,72.42,72.42,12,12,33.52,33.52,33.8,33.8,2.48,2.48,52.16,52.16,4.48,4.48,50,50,192,202,63.27,63.27,97.21,97.21,81.55,81.86,17.3,17.3,2302.4,2385.55,64.11,64.11,31.5,31.5,70.95,75.9,31.14,29.14,3.41,3.41,93.17,93.17,575.6,575.6,0,0,62,62,53.08,52.73,1023.29,1060.24,1059.59,1071.49,0.35,0.35,235.49,236.05,9.73,9.73,17.16,17.16,1158.66,1227.01,1.34,1.29,37.7,37.7,57.49,57.59,-90,-90,30,30,101.04,101.04,32515.07,31436.2,27419.43,26509.63,37864,36607,2302.4,2385.55,2.86,2.86,383.73,397.59,3678100000000,3872200000000,9461.89,7576.12,4,4,13.58,14.7
Menorah,68.4,68.4,54.22,54.22,68,68,1.69,1.69,27.47,27.42,45.34,45.34,1790.6,2095.45,38.4,38.4,139.5,139.5,-7.07,-7.07,4774.93,4789.6,5172.84,5188.73,2785.37,2793.93,5172.84,5428.21,-8.94,-8.94,557.07,558.79,-10.25,-10.25,397.91,399.13,795.82,-8.94,-11.4,-11.4,-6,-6,5968.66,5986.99,0,0,0,0,477.49,478.96,5729.91,5747.51,10.91,11.05,1790.6,1796.1,1989.55,1995.66,895.3,898.05,795.82,798.27,439.84,439.84,59.25,59.25,15.9,15.9,45.39,45.39,32.44,32.44,2.78,2.78,52.16,52.16,3.3,3.3,50.99,50.99,171,181,63.65,63.65,93.37,93.37,77.44,77.56,12.8,12.8,1193.73,1197.4,73.71,73.71,35.67,35.67,29.05,30.05,66.95,65.67,1.26,1.26,93.59,93.59,544.93,544.93,-4,-4,64,64,56.12,55.6,198.96,199.57,1061.96,1073.68,0.39,0.39,83.67,84,9.99,10,16.07,16.07,1030.74,1101.57,1.33,1.28,42.2,42.2,56.67,56.72,37.42,37.42,71.41,71.41,102.24,102.24,43750.26,43625.23,33157.33,33062.57,55964,55804,2188.51,2195.23,2.81,2.81,0,0,1086200000000,1109300000000,31018.93,30537.66,12.03,12.03,15.18,16.34
Jeruselem,68.56,68.56,96.03,96.03,46,46,1.34,1.34,19.05,19.04,38.06,38.06,18362.35,18605.5,38.17,38.17,149.5,149.5,-22.23,-22.23,-15.59,-15.59,-14.83,-14.83,-12.35,-12.35,-16.12,-15.88,-13.62,-13.62,-20.3,-20.3,-28.38,-28.38,-20.71,-20.71,-19.6,-22,-25.38,-25.38,-20.52,-20.52,-18.55,-18.55,-25.81,-25.81,-8.69,-8.69,-27.27,-27.27,0,0,30.03,30.08,11053.95,11035.62,14708.15,14683.75,9135.5,9120.34,2740.65,2736.1,1074.08,1074.08,74.44,74.44,18.02,18.02,27.85,27.85,87.37,87.37,0.87,0.87,52.64,52.64,13.8,13.8,58.65,58.65,574,584,90.95,90.95,122.54,122.54,92.41,92.41,14.55,14.55,9866.34,9849.97,111.63,111.63,29,29,81.1,81.07,-159.84,-159.92,0.68,0.68,94.29,94.29,762.59,762.59,1,1,123,123,42.48,42.4,-10.49,-10.49,1548.14,1552.92,0.14,0.14,93.05,93.41,7.18,7.19,13.16,13.16,3730.39,3782.4,0.52,0.52,40.45,40.45,83.69,83.69,-147.89,-147.89,104.31,104.31,91.29,91.29,82402.2,82539.12,70513.32,70630.49,94720,94877,12972.41,12950.89,1.78,1.78,-4.47,-4.47,747400000000,748700000000,15574.02,15599.89,19.51,19.51,151.75,152.25
Christmass,72,72,44,44,81.33,81.33,2.59,2.59,32.98,32.82,40.78,40.78,204.68,411.07,33,33,150.75,150.75,2456.14,2466.42,1189.86,1315.43,5949.32,5974.23,1419.1,1425.04,1364.52,1534.66,1932.17,2630.85,-6,-6,4290.06,5138.38,3547.76,3562.61,3820.67,1096.19,4093.57,4110.71,3111.11,3124.14,3001.95,3014.52,3820.67,3836.66,496.69,498.77,-2.97,-2.97,8405.47,8440.65,9.54,9.7,272.9,274.05,614.04,616.61,750.49,753.63,204.68,205.54,474.35,474.35,38.6,38.6,12,12,58.54,58.54,30.87,30.87,3.33,3.33,51.62,51.62,1,1,50.99,50.99,104,114,57.48,57.48,73.39,73.39,69.25,69.4,19.89,19.89,750.49,753.63,79.45,79.45,40,40,9.78,10.16,96.4,94.94,0.7,0.7,94.2,94.2,340.28,340.28,0,0,68,68,67.24,66.92,545.81,548.09,527.83,611.09,0.41,0.41,93.04,93.39,10.68,10.41,15.92,15.92,521.03,624.25,2.26,2.04,35.11,35.11,49.89,49.94,90,90,52.92,52.92,89.65,89.65,50872.18,50663.09,30624.55,30498.68,79332,79006,545.81,548.09,9.43,9.43,136.45,137.02,15600000000,17600000000,45886.71,45495.45,4.29,4.29,14.26,16.24
West Aclar,72.8,72.8,66.22,66.22,42.67,42.67,1.74,1.74,26.72,26.66,41.43,41.43,2542.19,2933.44,31.8,31.8,155.25,155.25,-9.59,-9.59,-6.45,-6.45,2965.89,3042.08,2711.67,2781.33,4321.72,4571.81,-7.54,-7.54,5508.08,5649.58,-9.95,-9.95,169.48,173.83,2881.15,-5.66,-12.33,-12.33,-8,-8,4575.94,4693.5,-4.69,-4.69,-0.99,-0.99,4279,4388.92,8473.97,8691.66,11.83,11.96,105.92,108.65,2754.04,2824.79,1694.79,1738.33,953.32,977.81,910.2,910.2,57.32,57.32,14.16,14.16,41.48,41.48,26.69,26.69,14.37,14.37,46.97,46.97,3.93,3.93,51.96,51.96,189,199,62.37,62.37,89.66,89.66,79.12,79.27,11.42,11.42,2012.57,2064.27,56.68,56.68,46.33,46.33,32.35,34.54,61.72,59.42,6.35,6.35,92.81,92.81,581.94,581.94,0,0,65,65,65.72,65.24,317.77,325.94,1093.09,1103.1,0.34,0.34,117.02,117.42,9.87,9.87,13.91,13.91,1123.92,1192.88,1.21,1.18,43.58,43.58,58.72,58.77,-23.45,-23.45,63.64,63.64,98.83,98.83,50479.06,49285.7,37587.22,36698.64,65574,64024,953.32,977.81,3.03,3.03,105.92,108.65,2850700000000,3017900000000,34174.32,32282.14,9.37,9.37,19.25,20.71
Lynford,61,61,29.67,29.67,23,23,1.93,1.93,30.81,30.76,45.83,45.83,73.64,275.59,47.25,47.25,119.25,119.25,-7.07,-7.07,3195.86,3692.94,1649.48,1543.32,-3.46,-3.46,-3.74,-2.83,589.1,2204.74,1119.29,1047.25,2268.03,3444.91,1472.75,1377.96,0,-10,1472.75,1377.96,-3.61,-3.61,-5.48,-5.48,4005.87,3748.06,2002.93,1874.03,2468.03,2309.2,2768.76,2590.57,12.12,12.25,1840.93,1722.45,1030.92,964.57,883.65,826.78,294.55,275.59,932.65,932.65,51.78,51.78,17.01,17.01,26.53,26.53,22.56,22.56,20.52,20.52,51,51,1,1,51.96,51.96,92,102,62.93,62.93,77.24,77.24,71.77,71.84,17.37,17.37,736.37,688.98,94.49,94.49,29.25,29.25,35.27,32.27,59.4,61.46,15.09,15.09,92.06,92.06,1097.49,1097.49,0,0,67,67,54.12,54.04,589.1,551.19,653.05,752.25,0.27,0.27,85.91,86.25,9.96,9.88,13.81,13.81,394.93,566.71,1.95,1.79,37.63,37.63,50.31,50.34,46.9,46.9,24.49,24.49,101.85,101.85,33201.29,35479.54,23414.34,25021.02,45215,48317,1325.47,1240.17,2.92,2.92,368.19,344.49,115700000000,121600000000,21481.24,24019.65,5.97,5.97,12.25,14.95
Socialistic Manchester,70.67,70.67,3,3,18,18,1.06,1.06,47.13,44.79,42,42,144.62,236.86,35,35,146.25,146.25,347.08,355.29,-9.82,-8.94,462.77,473.72,-3.16,-3.16,-4.47,-3.74,-4.36,-3.46,347.08,355.29,894.3,1036.27,0,0,578.46,-7.07,-3.16,-3.16,0,0,347.08,355.29,578.46,592.15,925.54,947.45,-6.52,-6.52,1156.92,1184.31,10.82,10.95,318.15,325.68,318.15,325.68,520.62,532.94,144.62,148.04,130.47,130.47,94.4,94.4,12,12,13.52,13.52,20.71,20.71,22.63,22.63,50,50,1,1,50,50,100,110,61.85,61.85,79.63,79.63,64.44,64.67,31.91,31.91,404.92,414.51,71.83,71.83,-97,-97,41.25,43.71,54.28,52.48,17.58,17.58,91.89,91.89,1917.23,1917.23,0,0,64,64,75.42,75.31,289.23,296.08,411.85,496.04,0.32,0.32,189.72,190.23,9.72,9.7,17.11,17.11,521.28,624.44,2.83,2.38,23.09,23.09,40.79,40.86,44.72,44.72,0,0,101.04,101.04,8674.61,8497.4,8415.66,8243.75,8914,8732,289.23,296.08,3.14,3.14,86.77,88.82,143600000000,149800000000,5100.67,4784.04,6.72,6.72,7.1,7.2
The Wisching Well,71.17,71.17,66.67,66.67,76,76,5.14,5.14,32.66,32.51,45.34,45.34,-5.48,0,34.25,34.25,148.5,148.5,2241.87,2292.4,-4.9,-4.9,3512.26,3591.43,-4.9,-4.9,5828.85,6189.49,1494.58,2605.7,2989.16,3056.54,1961.63,2005.85,373.64,382.07,9714.76,6113.08,3736.45,3820.67,635.2,649.51,2989.16,3056.54,4110.09,4202.74,1980.32,2024.96,3900.85,3988.78,8743.28,8940.38,9.27,9.27,1774.81,1814.82,747.29,764.13,840.7,859.65,280.23,286.55,25.09,25.09,19.44,19.44,15.51,15.51,67.03,67.03,30.21,30.21,4.1,4.1,48.6,48.6,1,1,50.5,50.5,88,98,56.09,56.09,57.49,57.49,69.57,69.73,16.46,16.46,934.11,955.17,66.51,66.51,59,59,10.74,11.61,96.28,94.97,0.75,0.75,93.97,93.97,283.61,283.61,0,0,66,66,69.76,69.54,560.47,573.1,330.4,389.42,0.47,0.47,212.31,212.84,13.17,12.98,17.9,17.9,209.42,402.83,3.78,3.01,38.54,38.54,54.62,54.67,74.5,74.5,-29.15,-29.15,105.84,105.84,56386.7,55143.78,23284.06,22770.81,119755,117115,840.7,859.65,11.37,11.37,747.29,764.13,1302000000000,1275400000000,50353.32,48747.1,7.31,7.31,15.93,17.59
Cards of Eagles 14,26,26,41.78,41.78,58.67,58.67,2.49,2.49,31.91,31.91,42,42,254.54,254.54,74,74,58.5,58.5,339.39,339.39,4104.9,4104.9,-4.47,-4.47,678.78,678.78,3054.49,3054.49,4169.38,4169.38,3393.88,3393.88,-2.85,-2.85,4072.66,4072.66,-3.16,-3.16,3733.27,3733.27,0,0,-7.75,-7.75,-5.48,-5.48,3733.27,3733.27,2826.31,2826.31,3733.27,3733.27,9.49,9.49,763.62,763.62,933.32,933.32,1018.16,1018.16,254.54,254.54,119.98,119.98,40.19,40.19,12,12,44.21,44.21,19.96,19.96,23.41,23.41,50,50,1,1,50,50,100,100,58.77,58.77,71.46,71.46,70.4,70.4,12.78,12.78,1018.16,1018.16,83.1,83.1,38.33,38.33,18.43,18.43,82.76,82.76,3,3,93.23,93.23,925.07,925.07,0,0,64,64,65.55,65.55,678.78,678.78,462.82,462.82,0.25,0.25,51.01,51.01,11.28,11.28,17.16,17.16,506.78,506.78,2.52,2.52,42.22,42.22,50.56,50.56,-48.99,-48.99,37.42,37.42,100.2,100.2,40118.27,40118.27,24683.05,24683.05,61417,61417,678.78,678.78,7.14,7.14,84.85,84.85,584800000000,587100000000,32736.51,32736.51,8.06,8.06,11.57,11.57
Fishmong,74.13,74.13,7.25,7.25,73.33,73.33,1.16,1.16,34.55,34.4,45.34,45.34,363.75,467.34,29.8,29.8,159.75,159.75,582,560.81,-9.95,-8.67,-4.47,-4.47,-6.63,-6.63,1552.01,1588.96,-10.43,-6.13,-11.14,-11.14,-5.48,-4.24,-2,-2,420.34,-8.6,743.67,716.59,759.84,732.17,-9.7,-9.7,1067.01,1028.15,679.01,654.28,103.47,99.7,582,560.81,14.63,14.73,1172.09,1129.41,767.92,739.96,889.17,856.79,565.84,545.23,190.3,190.3,86.09,86.09,16.29,16.29,27.48,27.48,32.68,32.68,2.72,2.72,49.36,49.36,1,1,51.48,51.48,95,105,65.66,65.66,105.29,105.29,67.81,67.93,27.92,27.92,727.51,701.01,97.81,97.81,-92.75,-92.75,62.26,60.03,22.83,23.17,0.77,0.77,93.87,93.87,639.58,639.58,0,0,66,66,75.68,75.58,646.67,623.12,655.9,813.9,0.3,0.3,260.57,261.16,9.9,9.75,16.86,16.86,454.26,592.52,1.95,1.72,27.08,27.08,43.91,43.95,12.25,12.25,-33.91,-33.91,109.08,109.08,15783.19,16367.86,14585.71,15126.02,16942,17569,848.76,817.85,2.59,2.59,727.51,701.01,81700000000,82400000000,5950.26,6547.15,7.63,7.63,7.15,7.33
The Sigma Republic of Skibidi,75.5,75.5,42.67,42.67,74,74,2.51,2.51,34.12,33.87,41.43,41.43,104.53,388.41,27.75,27.75,164.25,164.25,1338.03,1242.92,-5.8,-4.73,-2.37,-2.37,-8.25,-8.25,-8.37,-8,5595.46,8169.09,-6.78,-6.78,-10.01,-8.12,-4.24,-4.24,2174.29,-6.93,3010.56,2796.57,2801.49,2602.36,-8.25,-8.25,-6.93,-6.93,-8.77,-8.77,4257.71,3955.07,1338.03,1242.92,10.25,10.39,418.13,388.41,836.27,776.82,1254.4,1165.24,418.13,388.41,1065.35,1065.35,39.79,39.79,14.64,14.64,52.96,52.96,29.87,29.87,4.82,4.82,52.16,52.16,1,1,52.44,52.44,96,106,59.09,59.09,79.94,79.94,68.17,68.39,18.29,18.29,1045.33,971.03,66.13,66.13,39,39,32.9,29.93,69,70.31,0.77,0.77,93.9,93.9,382.53,382.53,0,0,71,71,64.8,64.62,836.27,776.82,608.85,764.95,0.4,0.4,241.55,242.12,9.81,9.65,13.2,13.2,443.79,588.18,2.04,1.78,36.71,36.71,49.82,49.9,52.15,52.15,-54.77,-54.77,89.65,89.65,32431.52,34908.43,19846.15,21361.88,49877,53687,836.27,776.82,6.43,6.43,418.13,388.41,54900000000,58900000000,21761.55,24470.81,2.74,2.74,14.35,17.29
Miterrister,67.33,67.33,61.33,61.33,64.67,64.67,4.03,4.03,33.48,33.31,42,42,113.51,441.99,40,40,135,135,5448.3,5303.84,-6,-4.9,-6.32,-6.32,3632.2,3535.89,0,0,181.61,707.18,-7.75,-7.75,0,0,5448.3,5303.84,-4.47,-10.95,4086.22,3977.88,-8.37,-8.37,3178.17,3093.9,7264.4,7071.78,-6.32,-6.32,-4,-4,5448.3,5303.84,9.27,9.43,1021.56,994.47,908.05,883.97,1362.07,1325.96,681.04,662.98,119.98,119.98,24.8,24.8,12,12,54.61,54.61,25.87,25.87,15.85,15.85,50,50,1,1,50,50,94,104,55.56,55.56,52.59,52.59,68.76,68.92,6.89,6.89,1362.07,1325.96,62.11,62.11,53,53,20.98,20.72,83.16,83.04,1.97,1.97,93.42,93.42,465.52,465.52,0,0,64,64,68.67,68.49,908.05,883.97,384.13,468.9,0.4,0.4,167.23,167.7,12.59,12.2,17.16,17.16,377.65,558.52,3.06,2.49,48.11,48.11,53.13,53.18,-80,-80,66.33,66.33,100.2,100.2,42360.52,43513.55,20021.14,20566.1,80738,82936,908.05,883.97,12,12,113.51,110.5,65800000000,68500000000,33464.81,34506.24,6.64,6.64,12.16,13.46
Telos XVI,72.91,72.91,100.2,100.2,9.14,9.14,2.22,2.22,17.75,17.74,14.47,14.47,11956.1,12085.55,31.64,31.64,211.25,211.25,-21.49,-21.49,-11.73,-11.73,-5.42,-5.42,28801.72,28791.26,284.81,284.7,1370.49,1369.99,21021.33,21013.7,-16.48,-16.48,2837.34,2836.31,-20.05,-22.41,-11.49,-11.49,-8.85,-8.85,-6.48,-6.48,2223.48,2222.67,6272.85,6270.57,935.36,935.02,21021.33,21013.7,47.83,47.86,2052.17,2051.42,10528.51,10524.69,7940.99,7938.11,9770.1,9766.55,4.56,4.56,45.08,45.08,0.28,0.28,32.48,32.48,123.29,123.29,0.68,0.68,62.05,62.05,24.22,24.22,12.33,12.33,337,347,114.91,114.91,78.59,78.59,93.61,93.62,22.65,22.65,22172.33,22164.28,4.24,4.24,43.43,43.43,98.11,98.12,-608.87,-609.87,109.79,109.79,51.4,51.4,869.8,869.8,-15,-15,178,178,36.83,36.74,4238.17,4236.63,1632.99,1637.48,0.17,0.17,78.58,78.9,3.19,3.19,68.81,68.81,3260.25,3313.7,0.47,0.47,32.35,32.35,96.78,96.78,-370.38,-370.38,367.97,367.97,148.98,148.98,184270.6,184337.51,120620.63,120664.42,267578,267675,17666.48,17660.07,1.54,1.54,2319.84,2319,138528500000000,138641500000000,3501.14,3502.41,35.11,35.11,188.13,188.56
Free Guardians,55.39,55.39,24.29,24.29,62.13,62.13,1.39,1.39,26.85,26.79,44.83,44.83,2000.48,2156.29,51.45,51.45,44.25,44.25,-4.47,-4.47,0,0,1418.52,1431.41,2691.55,2716,0,0,-2,-2,2764.3,2789.41,-5.48,-5.48,0,0,909.31,-7.07,909.31,917.57,1636.75,1651.62,1636.75,1651.62,1636.75,1651.62,0,0,366.63,369.96,4182.82,4220.81,24.45,24.52,2500.6,2523.31,2000.48,2018.65,2636.99,2660.95,1318.5,1330.47,658.89,658.89,71.79,71.79,18.34,18.34,36.13,36.13,34.33,34.33,2.39,2.39,46.97,46.97,5.22,5.22,54.76,54.76,109,119,76.79,76.79,116.52,116.52,78.82,78.95,10.94,10.94,3000.72,3027.98,41.8,41.8,-75.71,-75.71,79.53,80.07,-93.63,-95.63,0.61,0.61,94.67,94.67,817.22,817.22,-3,-3,68,68,79.34,79.26,1682.22,1697.5,1108.4,1117.81,0.47,0.47,188.42,188.92,9.37,9.37,15.09,15.09,627.33,714.94,1.16,1.13,44.06,44.06,53.45,53.49,-81.55,-81.55,102.71,102.71,111.5,111.5,43122.29,42734.1,36195.75,35869.92,50422,49968,2682.46,2706.83,2.05,2.05,1682.22,1697.5,318100000000,315900000000,8840.07,8504.09,19.18,19.18,13.14,14.22
Yellow Rose 1,48.33,48.33,66,66,49.33,49.33,4.93,4.93,32.57,32.4,43.68,43.68,0,264.55,56.75,56.75,99,99,4042.92,3738.93,3042.49,3713.18,-4.9,-4.9,1525.63,1410.92,-1.55,-1.55,2948.66,5425.33,-4.24,-4.24,2174.02,3334.71,4805.73,4444.39,2517.29,-5.83,2898.69,2680.74,160.19,148.15,3661.51,3386.2,7094.17,6560.77,1106.08,1022.92,3783.56,3499.08,4042.92,3738.93,9.7,9.85,1525.63,1410.92,858.17,793.64,667.46,617.28,381.41,352.73,624.65,624.65,20.29,20.29,15.09,15.09,49.92,49.92,22.28,22.28,20.86,20.86,52.64,52.64,1,1,51.48,51.48,96,106,55.01,55.01,42.06,42.06,69.67,69.85,7.5,7.5,572.11,529.09,79.3,79.3,58,58,13.85,11.33,91.35,95.03,4.96,4.96,92.97,92.97,649.62,649.62,0,0,64,64,69.29,69.33,667.46,617.28,370.19,541.66,0.32,0.32,154.09,154.55,12.23,10.12,15.24,15.24,354.69,546.99,3.2,2.22,47.5,47.5,55.27,55.33,-63.25,-63.25,52.92,52.92,100.2,100.2,54500.04,58929.82,23047.28,24920.57,113584,122816,1334.93,1234.55,12.62,12.62,286.06,264.55,186300000000,202000000000,46979.04,52270.75,2.83,2.83,16.69,20.47
Neyshon28,76.67,76.67,56.33,56.33,58.67,58.67,3.56,3.56,34.68,34.68,40.78,40.78,893.96,893.96,26,26,166.5,166.5,1340.94,1340.94,0,0,1340.94,1340.94,4022.82,4022.82,0,0,3575.84,3575.84,0,0,3911.08,3911.08,4156.92,4156.92,0,0,1787.92,1787.92,0,0,0,0,4916.79,4916.79,3128.86,3128.86,0,0,2681.88,2681.88,10.54,10.54,893.96,893.96,782.22,782.22,893.96,893.96,893.96,893.96,152.93,152.93,28.09,28.09,10.55,10.55,50.67,50.67,29.31,29.31,6.33,6.33,52.16,52.16,0.87,0.87,50,50,107,107,54.42,54.42,42.54,42.54,67.7,67.7,9.09,9.09,1787.92,1787.92,51.1,51.1,49.25,49.25,29.66,29.66,72.15,72.15,3,3,93.23,93.23,428.96,428.96,0,0,64,64,67.43,67.43,893.96,893.96,431.24,431.24,0.74,0.74,235.57,235.57,11.74,11.74,17.01,17.01,601.36,601.36,2.7,2.7,45.91,45.91,52.11,52.11,-58.31,-58.31,70,70,101.85,101.85,40585.83,40585.83,20545.31,20545.31,73136,73136,893.96,893.96,13.24,13.24,893.96,893.96,3093800000000,3096800000000,28531.84,28531.84,3.86,3.86,15.23,15.23
Rainbow Hyacinth,74.13,74.13,5.5,5.5,80,80,1.12,1.12,33.58,33.46,47.2,47.2,489.84,559.94,29.8,29.8,159.75,159.75,-9.38,-9.38,27.66,26.88,29.97,29.12,-5.29,-5.29,-8.83,-8.49,3877.43,4624.19,-12.49,-12.49,893.23,867.9,599.33,582.34,-8.25,-12.96,-5.29,-5.29,96.81,94.07,-9.9,-9.9,-8.83,-8.83,-9.06,-9.06,331.94,322.52,29.97,29.12,18.36,18.44,1469.51,1427.84,864.42,839.91,864.42,839.91,633.91,615.93,9.5,9.5,89.42,89.42,17.69,17.69,27,27,35.54,35.54,2.22,2.22,49.36,49.36,1,1,51.48,51.48,95,105,70.08,70.08,109.48,109.48,68.66,68.77,31.88,31.88,749.16,727.92,108.34,108.34,-94.5,-94.5,70.08,69.4,-15.96,-15.43,0.7,0.7,94.2,94.2,572.7,572.7,0,0,66,66,75.19,75.09,691.53,671.93,877.53,972.35,0.27,0.27,260.57,261.16,9.34,9.27,24.32,24.32,542.08,640.55,1.65,1.57,23.12,23.12,44.52,44.56,-13.04,-13.04,17.32,17.32,112.37,112.37,16349.48,16826.58,15414.07,15863.86,17238,17741,979.67,951.89,2.3,2.3,835.6,811.91,107300000000,110400000000,4888.5,5148.93,8.64,8.64,11.7,13.52
Machinatia,55,55,74.44,74.44,66,66,1.8,1.8,26.35,26.31,40.11,40.11,3219.16,3569.31,51.75,51.75,110.25,110.25,-13.71,-13.71,-4.73,-4.73,128.77,128,4160.14,4135.48,5447.81,5710.9,-7.69,-7.69,7329.78,7286.32,-13.91,-13.91,1634.34,1624.65,99.05,-9.9,99.05,98.46,2971.53,2953.91,-4.24,-4.24,-8.83,-8.83,3466.79,3446.23,-10.86,-10.86,7458.54,7414.32,12.77,12.88,247.63,246.16,3219.16,3200.07,2104.83,2092.36,1981.02,1969.28,919.19,919.19,55.66,55.66,13,13,49.16,49.16,27.7,27.7,12.08,12.08,47.8,47.8,3.93,3.93,51.96,51.96,188,198,64.88,64.88,101.67,101.67,80.02,80.11,4.2,4.2,2352.46,2338.51,56.89,56.89,48.67,48.67,45.37,45.86,48.68,47.76,1.26,1.26,93.59,93.59,571,571,-8,-8,67,67,65.45,65.08,619.07,615.4,1099.1,1108.86,0.32,0.32,42.43,42.66,10.93,10.98,13.87,13.87,1128.09,1196.98,1.19,1.16,50.8,50.8,61.53,61.56,-69.43,-69.43,70.36,70.36,104.1,104.1,47598.97,47882.94,34890.13,35098.27,62684,63058,1114.32,1107.72,2.66,2.66,866.7,861.56,406200000000,409600000000,25989.04,25904.67,15.22,15.22,24.16,25.82
1st Flyskistani Infantry Brigade,68.93,68.93,9.5,9.5,21,21,1.21,1.21,32.15,32.02,45.83,45.83,664.98,778.24,37.6,37.6,141.75,141.75,500.69,498.08,-8.54,-7.9,657.16,653.73,1220.43,1214.06,1063.97,1151.8,300.41,298.85,-11.4,-11.4,-8.83,-8.12,-8.49,-8.49,-2.83,-10.39,-2.83,-2.83,297.29,295.73,813.62,809.37,813.62,809.37,-9.54,-9.54,444.36,442.04,1157.85,1151.8,18.44,18.52,1838.47,1828.88,1134.38,1128.46,1447.31,1439.75,821.45,817.16,8.79,8.79,82.4,82.4,15.9,15.9,16.89,16.89,23.38,23.38,19.49,19.49,47.8,47.8,1,1,50.5,50.5,96,106,69.58,69.58,100.68,100.68,70.13,70.27,27.94,27.94,1486.43,1478.67,87.66,87.66,-90.5,-90.5,71.92,72,-18.76,-19.64,16.31,16.31,91.97,91.97,1574.97,1574.97,-4,-4,64,64,75.51,75.41,938.8,933.89,707.13,826.88,0.31,0.31,211.95,212.49,9.78,9.75,27.65,27.65,527.99,629.46,1.86,1.7,27.06,27.06,45.68,45.73,-57.45,-57.45,73.48,73.48,110,110,20068.32,20173.66,18121.4,18216.52,21991,22107,1251.73,1245.19,2.32,2.32,821.45,817.16,21200000000,21500000000,5639.2,5648.63,16.42,16.42,7.14,7.23
Olsuzia,57.33,57.33,48,48,61.33,61.33,2.85,2.85,31.19,31.08,43.68,43.68,320.29,636.38,50,50,112.5,112.5,3843.47,3818.27,-3.25,-2.83,-4.47,-4.47,-6.32,-6.32,-7.75,-7.35,-8.46,-5.29,-3.61,-3.61,2088.29,2651.57,5124.63,5091.02,427.05,-9.49,5124.63,5091.02,-4.47,-4.47,4270.53,4242.52,-5.48,-5.48,427.05,424.25,0,0,3843.47,3818.27,10.25,10.39,1814.97,1803.07,1281.16,1272.76,1281.16,1272.76,320.29,318.19,119.98,119.98,35.15,35.15,13.62,13.62,47.09,47.09,23.77,23.77,18.98,18.98,50,50,1,1,50,50,100,110,58.91,58.91,71.64,71.64,71.28,71.42,3.89,3.89,1281.16,1272.76,78.35,78.35,43,43,30.66,31.28,71.18,70.25,2.55,2.55,93.31,93.31,643.34,643.34,0,0,64,64,64.81,64.39,854.11,848.5,497.29,603.02,0.3,0.3,126.19,126.6,12.36,11.64,17.16,17.16,495.41,609.02,2.37,2.06,51.11,51.11,52.23,52.28,18.71,18.71,-36.74,-36.74,100.62,100.62,35505.16,35743.21,20313.9,20450.09,57793,58181,1387.92,1378.82,6.84,6.84,213.53,212.13,2600000000,3200000000,24605.07,24555.58,7.09,7.09,11.11,12.63
Bobogoobo,69.06,69.06,38.48,38.48,64.29,64.29,1.42,1.42,20.48,20.48,48.85,48.85,8519.13,8668.53,37.42,37.42,149.75,149.75,-23.96,-23.96,-17.53,-17.53,-18.22,-18.22,-10.22,-10.22,-19.28,-19.08,-14.89,-14.89,-21.45,-21.45,-19.25,-19.25,-19.97,-19.97,-22,-24.17,-21.54,-21.54,-17.72,-17.72,-18,-18,-26.98,-26.98,-2.62,-2.62,-30.58,-30.58,0,0,32.43,32.48,7656.43,7645.54,7979.94,7968.59,4960.51,4953.45,1563.64,1561.41,15.25,15.25,70.53,70.53,2.14,2.14,29.78,29.78,71.48,71.48,1.01,1.01,41.19,41.19,13.8,13.8,37.04,37.04,308,318,88.69,88.69,123.43,123.43,91.37,91.38,12.11,12.11,5284.02,5276.5,121.97,121.97,33.86,33.86,86.41,86.37,-201.37,-201.44,0.58,0.58,94.79,94.79,595.24,595.24,6,6,110,110,41.82,41.74,2480.25,2476.72,1366.71,1372.37,0.15,0.15,15.19,15.33,5.34,5.35,18.14,18.14,2411.39,2468.37,0.66,0.66,42.89,42.89,65.28,65.28,-149.09,-149.09,84.61,84.61,125.43,125.43,56722.3,56803.12,47167.8,47235.01,66876,66971,8249.54,8237.8,1.81,1.81,1725.39,1722.94,552100000000,553000000000,7714.23,7725.22,11.49,11.49,134.83,135.41
Cynfin,77.62,77.62,79.22,79.22,66.67,66.67,1.42,1.42,19.75,19.75,45.83,45.83,12929.95,13136.41,24.57,24.57,171,171,-26.68,-26.68,-15.8,-15.8,-17.94,-17.94,-14.32,-14.32,-17.96,-17.74,-14.31,-14.31,-21.31,-21.31,-25.43,-25.43,-20.12,-20.12,-21.49,-23.71,-24.74,-24.74,-17.66,-17.66,-18.49,-18.49,-25.46,-25.46,-8.34,-8.34,-26.77,-26.77,0,0,33.3,33.35,13079.43,13061.77,14424.74,14405.27,6801.3,6792.12,3662.24,3657.3,246.94,246.94,70.55,70.55,15.51,15.51,31.35,31.35,82.22,82.22,0.91,0.91,48.6,48.6,8.85,8.85,50,50,469,479,92.07,92.07,122.5,122.5,91.87,91.87,17.56,17.56,7847.66,7837.06,106.25,106.25,-66.17,-66.17,88.13,88.09,-214.31,-214.39,0.79,0.79,93.84,93.84,470.78,470.78,0,0,109,109,77.69,77.61,2017.97,2015.24,1486.49,1491.51,0.18,0.18,251.06,251.64,8.43,8.43,16.66,16.66,3316,3369.27,0.56,0.56,37.44,37.44,75.71,75.71,-147.11,-147.11,74.43,74.43,110,110,82886.2,82998.23,68934.38,69027.55,97711,97843,10613.02,10598.7,1.76,1.76,2615.89,2612.35,630000000000,631000000000,9863.46,9876.79,16.33,16.33,137.05,137.62
Frawley,77.5,77.5,99.51,99.51,72.19,72.19,1.7,1.7,22.9,22.87,11.6,11.6,1418.89,1600.58,24.75,24.75,201,201,6629.07,6676.69,9589.44,9658.33,3859.39,3887.11,18497.82,18630.7,9307.94,9511.99,-9.34,-9.34,6551.88,6598.95,7435,7488.41,1384.84,1394.79,7537.16,5304.77,6175.02,6219.38,4485.97,4518.2,4585.86,4618.8,2715.19,2734.7,13112.84,13207.04,3029.01,3050.77,17040.33,17162.75,20.69,20.76,-26.83,-26.83,7605.27,7659.9,3632.37,3658.46,4029.66,4058.6,9.84,9.84,58.73,58.73,0.29,0.29,101.53,101.53,83.24,83.24,0.9,0.9,56.66,56.66,1,1,35.59,35.59,173,183,63.67,63.67,119.18,119.18,90.13,90.14,15.05,15.05,794.58,800.29,6.26,6.26,49.38,49.38,13.72,14.93,93.82,90.94,0.64,0.64,94.5,94.5,316.93,316.93,-14,-14,78,78,71.17,70.91,737.82,743.12,1070.9,1082.03,0.65,0.65,228.79,229.34,15.23,15.28,22.94,22.94,1584.67,1647.5,1.29,1.25,39.95,39.95,89.48,89.48,-250.83,-250.83,274.14,274.14,18.72,18.72,138851.78,137871.38,104743.29,104003.72,178338,177079,6072.86,6116.49,2.81,2.81,-6.32,-6.32,16629500000000,16748300000000,119829.09,117328.55,0.57,0.57,77.94,81.2
Bruderheim,65.78,65.78,70.13,70.13,41.33,41.33,5.64,5.64,27.7,27.65,32.72,32.72,1737.66,2094.96,42.33,42.33,178.5,178.5,595.77,591.52,714.92,709.82,-6.16,-6.16,139.01,138.02,5858.39,6112.36,3336.3,3312.51,5292.41,5254.66,-2.45,-2.45,24.82,24.65,-4.24,-10.86,5064.03,5027.91,2065.33,2050.6,-2.83,-2.83,2065.33,2050.6,5808.74,5767.31,-3.73,-3.73,5888.18,5846.18,10.82,10.95,-5.48,-5.48,2110.01,2094.96,4592.38,4559.62,992.95,985.86,468.75,468.75,17.72,17.72,1.34,1.34,47.73,47.73,27.74,27.74,11.98,11.98,53.9,53.9,4.98,4.98,46.16,46.16,145,155,62.14,62.14,102.18,102.18,76.96,77.07,8.33,8.33,3847.67,3820.23,50.01,50.01,46.2,46.2,28.91,29.44,77.11,76.23,10.71,10.71,92.4,92.4,678.34,678.34,-2,-2,64,64,67.49,67.23,868.83,862.63,1013.22,1032.11,0.26,0.26,206.98,207.51,9.77,9.77,15.95,15.95,879.66,954.42,1.51,1.45,46.67,46.67,58.92,58.96,-66.38,-66.38,42.2,42.2,85.53,85.53,45486.92,45827.93,17832.68,17966.37,100631,101385,248.24,246.47,3.07,3.07,-3.16,-3.16,1906100000000,1966800000000,32341.2,32354.52,12.35,12.35,18.91,20.3
Soultak3r1,36.33,36.33,74.67,74.67,74,74,9.38,9.38,31.77,31.64,43.68,43.68,266.45,525.9,65.75,65.75,78.75,78.75,852.63,841.43,2302.1,2271.87,6181.58,6100.39,5115.79,5048.6,1563.16,1752.99,6319.77,7516.81,1065.79,1051.79,1953.95,1928.29,-4.9,-4.9,-2.45,-10.3,497.37,490.84,4796.05,4733.06,3339.47,3295.62,1421.05,1402.39,4938.16,4873.3,6578.55,6492.15,8100,7993.62,10.05,10.2,1421.05,1402.39,976.97,964.14,355.26,350.6,444.08,438.25,619.71,619.71,10.66,10.66,15.09,15.09,71.74,71.74,31.58,31.58,3.04,3.04,51,51,1,1,51.48,51.48,104,114,56.22,56.22,53.79,53.79,70.56,70.72,19.49,19.49,976.97,964.14,80.47,80.47,71,71,9.35,9.38,102.88,102.73,0.77,0.77,93.87,93.87,422.16,422.16,-4,-4,64,64,71.78,71.65,532.89,525.9,499.02,571.7,0.36,0.36,142.19,142.63,10.56,10.29,15.27,15.27,569.26,663.29,2.37,2.14,35.51,35.51,59.08,59.13,15.81,15.81,91.92,91.92,103.37,103.37,66312.11,67194.58,19464.75,19723.78,182563,184992,1332.24,1314.74,11.2,11.2,266.45,262.95,85600000000,87400000000,60078.77,60878.29,13.46,13.46,25.52,28.07
Haven and Sanctuary WA Puppet,79.67,79.67,72.78,72.78,64,64,1.49,1.49,21.5,21.5,42,42,8101.03,8471.25,21.5,21.5,177.75,177.75,-11.58,-11.58,-7.16,-7.16,-10,-10,-7.51,-7.51,-3.3,-3.3,-11.38,-11.38,-14.63,-14.63,-16.06,-16.06,-9.8,-9.8,-5.83,-11.58,-18.28,-18.28,-3.74,-3.74,-12.41,-12.41,-18.81,-18.81,-7.27,-7.27,-14.36,-14.36,0,0,17.44,17.52,1510.36,1502.96,13593.26,13526.67,2471.5,2459.4,2746.11,2732.66,105.17,105.17,67.15,67.15,12,12,33.95,33.95,43.68,43.68,1.61,1.61,50,50,7.73,7.73,50,50,291,301,66.33,66.33,104.28,104.28,90.79,90.79,15.75,15.75,2608.81,2596.03,75.99,75.99,38.17,38.17,52.79,52.37,14.74,14.74,0.98,0.98,93.7,93.7,446.76,446.76,0,0,66,66,53.9,53.65,686.53,683.17,1173.83,1181.58,0.32,0.32,239.29,239.85,9.14,9.14,17.24,17.24,1759.41,1820.65,0.97,0.96,39.25,39.25,67.88,67.88,-78.93,-78.93,35.07,35.07,101.04,101.04,41740.92,41946.35,33814.99,33981.41,50360,50608,5904.14,5875.22,2.53,2.53,411.92,409.9,804900000000,808500000000,19701.72,19966.46,6.84,6.84,41.94,44.47
C123po,69.44,69.44,62.89,62.89,61.78,61.78,1.42,1.42,22.58,22.5,42,42,4455.43,4928.38,36.83,36.83,144,144,-16.43,-16.43,-9.38,-9.38,-5.83,-5.83,4259.82,4390.74,-6.84,-6.84,-8.72,-8.72,-13.42,-13.42,-17.54,-17.54,825.88,851.27,3042.73,-5.48,-7.07,-7.07,-6.32,-6.32,1738.7,1792.14,-14.83,-14.83,5955.06,6138.08,-15.18,-15.18,0,0,16.73,16.82,2173.38,2240.17,9345.53,9632.75,2064.71,2128.17,1847.37,1904.15,12.97,12.97,70.28,70.28,12,12,33.32,33.32,39.85,39.85,1.83,1.83,50,50,6.85,6.85,50,50,236,246,66.63,66.63,103.6,103.6,90.26,90.3,11.19,11.19,2390.72,2464.19,74.29,74.29,34.17,34.17,69.4,70.75,2.97,0.57,1.34,1.34,93.57,93.57,604.94,604.94,-4,-4,62,62,52,51.67,760.68,784.06,1119.21,1128.27,0.34,0.34,89.68,90.03,9.33,9.33,18.69,18.69,1400.03,1464.89,1.12,1.1,43.81,43.81,63.68,63.7,-97.21,-97.21,88.03,88.03,104.81,104.81,46249.5,44870.69,38387.85,37243.42,54618,52989,3368.74,3472.27,2.51,2.51,543.34,560.04,820200000000,798400000000,14152.35,13147.11,14.03,14.03,21.3,22.94
The Mexican United-States,36.33,36.33,41.33,41.33,67.33,67.33,2.44,2.44,32.1,31.91,40.78,40.78,440.45,632.71,65.75,65.75,78.75,78.75,-6.48,-6.48,-4.43,-4.2,-1.41,-1.41,-2.83,-2.83,-1.67,-1.41,3089.93,4409.29,4756.9,4555.51,3900.07,4499.27,411.09,393.69,1703.09,-6.48,3758.54,3599.42,4081.53,3908.74,2877.63,2755.81,687.11,658.02,305.38,292.45,344.81,330.21,4756.9,4555.51,11.58,11.7,513.86,492.11,880.91,843.61,954.32,913.91,440.45,421.81,644.28,644.28,40.99,40.99,13,13,48.44,48.44,22.22,22.22,20.93,20.93,51,51,1,1,51.48,51.48,102,112,61.17,61.17,86.66,86.66,70.18,70.4,13.16,13.16,1394.77,1335.72,58.8,58.8,38,38,23.54,22.09,74.08,75.63,1.51,1.51,93.52,93.52,763.35,763.35,-8,-8,64,64,64.8,64.65,807.5,773.31,710.05,892.43,0.3,0.3,141.45,141.89,9.76,9.6,15.15,15.15,514.95,619.92,1.86,1.64,41.84,41.84,50.75,50.83,-18.71,-18.71,15.81,15.81,107.17,107.17,44012.24,45955.66,27370.8,28579.39,66767,69715,807.5,773.31,3.35,3.35,367.04,351.51,7200000000,8400000000,33669.36,35799.46,14.16,14.16,14.2,16.57
Cards of Eagles 15,18,18,5,5,86,86,1.1,1.1,37.2,37.2,42,42,164.84,164.84,82,82,40.5,40.5,494.52,494.52,-10.35,-10.35,0,0,-4.47,-4.47,-6.32,-6.32,263.74,263.74,-3.16,-3.16,-9.71,-9.71,989.04,989.04,-5.48,-5.48,1318.71,1318.71,-3.16,-3.16,-5.48,-5.48,1318.71,1318.71,-8.37,-8.37,596.46,596.46,494.52,494.52,9.75,9.75,412.1,412.1,412.1,412.1,329.68,329.68,164.84,164.84,125.17,125.17,90.76,90.76,12,12,29.19,29.19,22.75,22.75,20.29,20.29,50,50,1,1,50,50,100,100,62.75,62.75,102.06,102.06,65.95,65.95,38.23,38.23,535.73,535.73,106.99,106.99,5,5,39.16,39.16,60.44,60.44,0.73,0.73,94.04,94.04,989.61,989.61,0,0,64,64,50.28,50.28,370.89,370.89,425.58,425.58,0.21,0.21,33.7,33.7,9.73,9.73,17.14,17.14,517.24,517.24,2.73,2.73,16.77,16.77,41.63,41.63,23.45,23.45,-23.45,-23.45,100.62,100.62,10049.99,10049.99,9549.99,9549.99,10522,10522,370.89,370.89,2.95,2.95,82.42,82.42,795300000000,799300000000,6110.39,6110.39,8.49,8.49,7.02,7.02
Passion-Bostwick,67,67,62.67,62.67,72,72,4.19,4.19,31.16,31.06,45.34,45.34,192.82,469.67,40.5,40.5,135,135,-6.63,-6.63,3330.83,3877.59,2545.27,2479.86,-1.55,-1.55,308.52,315.62,2588.08,3967.77,4859.15,4734.27,4502.04,5448.17,4473.5,4358.53,1773.98,-7.35,1773.98,1728.38,5129.1,4997.28,-7.35,-7.35,231.39,225.44,2005.36,1953.83,2344.73,2284.47,7404.42,7214.12,9.75,9.9,1542.59,1502.94,1253.35,1221.14,1060.53,1033.27,385.65,375.74,26.8,26.8,23.86,23.86,15.51,15.51,58.87,58.87,30.22,30.22,4.08,4.08,51,51,1,1,50.5,50.5,99,109,57.56,57.56,67.35,67.35,71.32,71.45,10.75,10.75,1060.53,1033.27,62.13,62.13,54,54,15.86,15.52,88.01,88.28,0.82,0.82,93.8,93.8,387.38,387.38,0,0,64,64,68.54,68.38,674.88,657.54,493.8,585.22,0.38,0.38,198.79,199.31,11.83,11.27,17.87,17.87,503.04,612.43,2.39,2.1,44.25,44.25,54.94,54.98,51.19,51.19,26.08,26.08,100.2,100.2,51463.81,52820.92,23811.61,24439.53,99795,102427,1156.94,1127.21,9.31,9.31,96.41,93.93,6800000000,7700000000,43281.06,44633.68,5.77,5.77,17.02,19.84
Hersman-topia,14.67,14.67,56,56,75.33,75.33,3.48,3.48,30.21,30.15,40.78,40.78,1080.9,1327.57,85.33,85.33,33.75,33.75,-8.94,-8.94,-7.48,-7.48,-7.07,-7.07,1179.16,1137.92,-7.07,-6.63,14275.7,16678.04,-6.78,-6.78,-7.25,-7.25,1572.21,1517.22,-6.32,-11.83,-8.94,-8.94,2751.37,2655.14,2751.37,2655.14,-10.49,-10.49,-8.94,-8.94,-10.46,-10.46,0,0,14.07,14.18,1179.16,1137.92,1670.48,1612.05,3242.69,3129.27,1080.9,1043.09,13.63,13.63,28.72,28.72,10.55,10.55,60.88,60.88,20.85,20.85,22.47,22.47,46.97,46.97,1,1,50,50,100,110,62.39,62.39,106.74,106.74,72.62,72.71,20.06,20.06,2554.85,2465.48,104.53,104.53,49,49,47.91,46.14,43.26,43.79,0.75,0.75,93.97,93.97,732.57,732.57,0,0,64,64,64.27,63.97,1572.21,1517.22,555.88,632.57,0.21,0.21,27.28,27.47,9.79,9.72,18.44,18.44,568.33,662.49,2.18,1.99,34.94,34.94,54.26,54.29,-69.28,-69.28,47.96,47.96,103.37,103.37,44737.34,46358.66,22925.1,23755.93,79811,82704,1572.21,1517.22,3.02,3.02,786.11,758.61,1700000000,1900000000,23308.15,24987.32,11.79,11.79,16.85,19.42
Evdenicarose,63.33,63.33,61.33,61.33,81.33,81.33,4.03,4.03,30.1,30.03,45.34,45.34,189.84,466.78,45.5,45.5,123.75,123.75,-3.46,-3.46,3347.27,3943.35,6378.65,6273.52,-2.83,-2.83,683.43,896.22,321.97,477.98,-7.87,-7.87,5631.44,6908.34,3341.2,3286.13,1822.47,-7.21,1442.79,1419.01,4100.56,4032.98,303.75,298.74,3189.33,3136.76,4973.83,4891.85,-3.52,-3.52,6378.65,6273.52,10.39,10.54,2278.09,2240.54,1328.89,1306.98,569.52,560.14,379.68,373.42,12.97,12.97,24.8,24.8,15.09,15.09,64.88,64.88,33.75,33.75,2.49,2.49,51,51,1,1,50,50,99,109,58.61,58.61,74.64,74.64,72.77,72.88,13.38,13.38,854.28,840.2,100.89,100.89,53,53,18.59,18.59,84.73,84.48,0.7,0.7,94.17,94.17,337.25,337.25,0,0,64,64,67.66,67.45,664.44,653.49,491.85,579.58,0.31,0.31,98.37,98.74,12.21,12.04,18.69,18.69,501.49,611.65,2.39,2.11,41.62,41.62,55.42,55.46,88.6,88.6,23.45,23.45,101.45,101.45,50620.67,51468.99,23925.19,24326.14,96482,98099,1613.65,1587.05,7.47,7.47,379.68,373.42,6900000000,7800000000,41205.23,41895.76,5.68,5.68,16.16,18.34
Neuway,48.33,48.33,50.67,50.67,72,72,3.04,3.04,32.42,32.27,40.78,40.78,376.74,602.85,56.75,56.75,99,99,3375.61,3375.94,3034.73,3327.71,3315.33,3315.65,2772.82,2773.09,4641.46,4822.77,6873.88,9180.45,3194.77,3195.09,-6,-6,1265.85,1265.98,3074.21,60.28,964.46,964.55,2501.57,2501.81,2471.43,2471.67,-5.29,-5.29,861.99,862.07,4851.34,4851.82,9885.71,9886.68,10.77,10.91,452.09,452.13,828.83,828.91,1054.88,1054.98,226.05,226.07,639.39,639.39,32.94,32.94,13,13,55.94,55.94,26.01,26.01,15.6,15.6,52.16,52.16,1,1,51.48,51.48,103,113,58.24,58.24,74.61,74.61,69.83,69.99,10.14,10.14,979.53,979.63,77.34,77.34,45,45,15.51,16.17,86.26,85.1,0.82,0.82,93.8,93.8,568.37,568.37,0,0,68,68,67.37,67.08,753.48,753.56,583.85,662.42,0.29,0.29,152.77,153.22,10.57,9.99,15.18,15.18,544.48,642.5,2.1,1.94,44.86,44.86,51.92,51.97,20,20,71.41,71.41,91.29,91.29,53335.92,53332.42,29454.16,29452.23,89428,89422,753.48,753.56,8.17,8.17,301.39,301.42,7900000000,8800000000,45068.85,44692.57,5.47,5.47,14.72,17.17
Eick,71,71,40,40,24,24,2.37,2.37,32.19,32.06,43.68,43.68,192.52,387.36,34.5,34.5,148.5,148.5,1283.49,1291.21,3548.84,4228.7,770.09,774.72,-4.47,-4.47,5750.03,5939.55,-3.91,-2,3747.78,3770.32,3503.92,4519.22,1283.49,1291.21,4363.86,1807.69,0,0,-5.1,-5.1,4363.86,4390.1,1026.79,1032.96,4620.56,4648.34,3309.23,3329.13,5801.37,5836.25,11.18,11.31,1090.96,1097.53,770.09,774.72,834.27,839.28,449.22,451.92,772.91,772.91,42.22,42.22,15.9,15.9,30.61,30.61,25.18,25.18,16.96,16.96,48.6,48.6,1,1,52.44,52.44,105,115,58.24,58.24,58.27,58.27,70.08,70.23,18.76,18.76,962.62,968.4,52.44,52.44,37,37,16.34,17.26,83.61,82.01,13.92,13.92,92.15,92.15,816.58,816.58,0,0,64,64,63.95,63.32,513.4,516.48,407.22,489.03,0.42,0.42,261.12,261.71,12.98,12.72,14.55,14.55,484.17,604.55,2.86,2.41,36.24,36.24,50.5,50.55,43.01,43.01,-18.71,-18.71,100.62,100.62,49187.51,48902.25,31078.67,30898.43,73616,73189,834.27,839.28,8.16,8.16,256.7,258.24,8400000000,9600000000,41169.95,40442.16,7.98,7.98,10.04,11.52
Emmeria Turb,66.67,66.67,13,13,74,74,1.3,1.3,32.26,32.11,45.83,45.83,506.66,630.06,41,41,132.75,132.75,592.4,598.56,-3.1,-3.1,3304.96,3339.33,1060.08,1071.11,1060.08,1165.62,-2.97,-2.97,2120.16,2142.21,935.37,945.09,1808.37,1827.18,748.29,-7.21,592.4,598.56,-3.95,-3.95,1060.08,1071.11,-1.41,-1.41,-6,-6,798.18,806.48,6017.52,6080.11,15.59,15.68,1442.02,1457.02,857.42,866.34,779.47,787.58,506.66,511.93,9.35,9.35,76.91,76.91,16.66,16.66,32.39,32.39,30.94,30.94,3.3,3.3,49.36,49.36,1,1,51.48,51.48,101,111,67.25,67.25,104.81,104.81,70.01,70.18,22.61,22.61,1013.31,1023.85,81.76,81.76,-87,-87,48.25,49.67,27.35,25.51,0.77,0.77,93.9,93.9,677.19,677.19,-4,-4,66,66,76.13,76.02,701.52,708.82,950.49,1015.05,0.34,0.34,249.86,250.44,9.83,9.83,25,25,552.92,649.45,1.58,1.51,32.39,32.39,45.88,45.94,77.78,77.78,67.45,67.45,112.08,112.08,26269.75,25999.55,22871.67,22636.43,29737,29431,896.39,905.72,2.46,2.46,779.47,787.58,5400000000,5900000000,13581.46,13077.78,14.86,14.86,9.09,9.69
Christ is Lord,32.67,32.67,20.25,20.25,45.33,45.33,1.54,1.54,31.33,31.22,45.83,45.83,409.54,582.68,68.5,68.5,72,72,-7.35,-7.35,-3.35,-3.35,1544.57,1538.28,3603.99,3589.31,140.42,195.78,-2.37,-2.37,-8.12,-8.12,-5.05,-5.05,-5.83,-5.83,-4.9,-11.14,140.42,139.84,2199.84,2190.88,2480.67,2470.56,2714.69,2703.64,-5.16,-5.16,-7.16,-7.16,1544.57,1538.28,14.07,14.18,1462.66,1456.7,877.59,874.02,1111.62,1107.09,468.05,466.14,950.54,950.54,64.78,64.78,17.01,17.01,29.31,29.31,20.82,20.82,22.5,22.5,47.8,47.8,1,1,51.96,51.96,97,107,65.63,65.63,94.54,94.54,71.1,71.24,19.66,19.66,819.09,815.75,113.87,113.87,-79.75,-79.75,48.3,48.81,37.06,36.11,5.98,5.98,92.85,92.85,1581.83,1581.83,0,0,69,69,77.01,76.92,702.08,699.22,954.38,1015.95,0.22,0.22,32.28,32.49,9.73,9.73,13.73,13.73,541.55,640.12,1.58,1.51,35.34,35.34,47.89,47.94,-73.82,-73.82,93.54,93.54,107.82,107.82,28265.54,28381.18,22464.78,22556.69,34681,34823,994.61,990.56,2.59,2.59,1053.11,1048.82,27500000000,28400000000,14613.29,14531.17,9.58,9.58,11.35,12.25
Opaliana,56.67,56.67,25,25,44,44,1.72,1.72,31.39,31.23,43.68,43.68,612.33,837.36,50.5,50.5,112.5,112.5,707.58,725.71,-8.17,-7.69,-3.74,-3.74,3429.04,3516.91,-2.37,-1.55,1837.26,2054.32,3320.18,3405.26,-5.74,-5.74,-4.58,-4.58,1796.17,-5.83,-2,-2,353.79,362.86,-8,-8,2612.6,2679.55,-3.74,-3.74,-10.66,-10.66,4027.77,4130.97,13.86,13.96,1564.84,1604.94,1224.66,1256.04,1564.84,1604.94,612.33,628.02,42.28,42.28,58.28,58.28,14.16,14.16,32.23,32.23,23.29,23.29,19.62,19.62,47.8,47.8,1,1,50.5,50.5,101,111,63.97,63.97,96.3,96.3,71.03,71.23,12.43,12.43,1905.02,1953.84,53.81,53.81,25,25,50.8,53.58,37.71,35.51,6.35,6.35,92.81,92.81,933.44,933.44,-4,-4,64,64,51.68,51.37,952.51,976.92,673.65,757.93,0.33,0.33,184.28,184.77,9.8,9.79,17.69,17.69,537.77,637.1,1.92,1.79,42.57,42.57,48.62,48.68,-89.16,-89.16,85.15,85.15,105.84,105.84,28992.02,28272.05,21780.07,21239.2,37371,36443,1292.69,1325.82,2.77,2.77,544.29,558.24,3300000000,3700000000,14264.07,13118.23,15.93,15.93,8.6,9.26
Millopoli,79.61,79.61,97.24,97.24,81.67,81.67,1.58,1.58,21.29,21.28,71.22,71.22,14678.33,14851.55,21.58,21.58,169.75,169.75,-29.93,-29.93,1886.69,1885.29,-17.67,-17.67,-12.87,-12.87,-25.14,-25.02,-8.39,-8.39,-44.9,-44.9,-27.06,-27.06,-13.58,-13.58,-26.57,-28.39,-36.41,-36.41,-24.88,-24.88,-18.6,-18.6,-8.53,-8.53,53461.06,53421.38,1056.55,1055.76,0,0,33.17,33.21,8352.52,8346.32,9396.59,9389.61,-39.62,-39.62,-19.24,-19.24,15.25,15.25,63.23,63.23,50.93,50.93,7.26,7.26,164.74,164.74,0.57,0.57,66.74,66.74,8.06,8.06,81.05,81.05,522,532,37.17,37.17,6.62,6.62,90.9,90.91,23.15,23.15,-30.82,-30.82,159.37,159.37,43.29,43.29,91.45,91.49,-244.2,-245.2,0.72,0.72,94.11,94.11,254.17,254.17,124,124,181,181,42.99,42.88,-27.2,-27.2,1490.12,1495.13,0.18,0.18,367.9,368.6,8.48,8.49,18.14,18.14,4109.95,4160.96,0.56,0.55,31.85,31.85,96.08,96.08,-249.39,-249.39,203.85,203.85,146.38,146.38,123961.47,124053.56,97266.15,97338.4,153819,153933,23706.43,23688.83,21.22,21.22,-28.28,-28.28,5587700000000,5592800000000,10536.73,10544.55,0.31,0.31,180.74,181.16
Turing machine,68.44,68.44,89.4,89.4,68.5,68.5,12.2,12.2,34.71,34.43,41.43,41.43,518.34,938.45,38.33,38.33,1215.5,1215.5,3317.36,3432.06,165.87,257.4,269.54,278.85,933.01,965.27,3317.36,3753.81,82.93,343.21,1866.01,1930.53,1321.76,1971.29,311,321.76,9537.4,4504.58,7464.05,7722.13,943.37,975.99,207.33,214.5,4198.53,4343.7,1710.51,1769.65,2488.02,2574.04,5452.9,5641.44,11.14,11.27,1555.01,1608.78,907.09,938.45,647.92,670.32,2721.27,2815.36,141.46,141.46,8.2,8.2,4.49,4.49,66.13,66.13,29.58,29.58,5.56,5.56,48.6,48.6,0.8,0.8,45.24,45.24,75,85,49,49,27.53,27.53,67.68,67.9,14.15,14.15,518.34,536.26,58.03,58.03,67.4,67.4,27.66,30.36,75.53,73,1.18,1.18,93.62,93.62,323.38,323.38,0,0,66,66,70.65,70.39,1295.84,1340.65,135.28,201.52,0.68,0.68,255.81,256.4,15.34,14.73,17.06,17.06,292.36,509.31,99.75,73.44,40.85,40.85,61.87,61.95,-39.24,-39.24,42.43,42.43,102.62,102.62,54928.15,53135.76,13827.68,13376.46,168719,163213,2073.35,2145.04,16.68,16.68,1295.84,1340.65,7627600000000,8075500000000,39713.05,36982.49,6.61,6.61,17.06,18.64
Kania,71,71,68.11,68.11,66.89,66.89,1.66,1.66,26.44,26.41,40.11,40.11,3793.8,4179.39,34.5,34.5,148.5,148.5,-7.07,-7.07,3251.83,3235.66,-7.35,-7.35,-2.45,-2.45,-3.95,-3.95,-7.48,-7.48,-3.74,-3.74,-9.49,-9.49,325.18,323.57,-4.47,-10.95,-7.75,-7.75,4877.74,4853.49,0,0,-11.4,-11.4,5582.3,5554.55,1040.58,1035.41,0,0,13.64,13.75,541.97,539.28,3658.3,3640.12,3251.83,3235.66,2574.36,2561.56,654.03,654.03,60.35,60.35,9.76,9.76,46.19,46.19,31.55,31.55,3.05,3.05,50,50,3.93,3.93,50,50,167,177,64.17,64.17,104.47,104.47,79.79,79.88,12.3,12.3,2980.84,2966.02,54,54,39.17,39.17,63.64,64.22,34.23,33.23,1.23,1.23,93.61,93.61,501.74,501.74,-1,-1,62,62,56.87,56.29,1083.94,1078.55,1050.11,1062.8,0.4,0.4,119.7,120.1,9.85,9.85,15.11,15.11,1012.71,1083.94,1.38,1.33,42.7,42.7,59.69,59.72,-57.45,-57.45,24.49,24.49,102.24,102.24,40279.28,40483.5,30827.35,30983.64,51084,51343,1625.91,1617.83,2.74,2.74,1219.43,1213.37,9330500000000,9458500000000,14661.66,14493.09,13.98,13.98,15.23,16.48
Curious Observations,72.89,72.89,7.25,7.25,21,21,1.16,1.16,37.72,37.37,42,42,148.11,289.43,31.67,31.67,155.25,155.25,0,0,-8.99,-7.48,-8.37,-8.37,-3.16,-3.16,-7.87,-7.48,739.56,2161.06,197.48,192.95,-10.57,-8.22,-9.49,-9.49,987.4,-7.07,592.44,578.86,394.96,385.9,592.44,578.86,2172.29,2122.47,-3.16,-3.16,757.18,739.82,197.48,192.95,10.68,10.82,444.33,434.14,493.7,482.38,888.66,868.28,394.96,385.9,130.47,130.47,86.09,86.09,12,12,15.91,15.91,19.95,19.95,23.42,23.42,50,50,1,1,50,50,94,104,60.95,60.95,76.77,76.77,65.65,65.85,30.6,30.6,691.18,675.33,61.63,61.63,-92.75,-92.75,42.82,42.44,55.26,54.75,15.69,15.69,92.02,92.02,1414.2,1414.2,0,0,64,64,75.95,75.85,493.7,482.38,347.68,438.53,0.34,0.34,199.22,199.74,9.6,9.48,17.11,17.11,400.63,569.34,3.49,2.65,24.4,24.4,42.3,42.37,-59.16,-59.16,0,0,101.04,101.04,13444.32,13754.43,12424.29,12710.87,14431,14764,493.7,482.38,3.43,3.43,148.11,144.71,8563600000000,8703100000000,7690.15,7922.55,6.53,6.53,7.08,7.29
Thatcher 1,67.5,67.5,49.33,49.33,59.11,59.11,1.69,1.69,29.63,29.53,42,42,274.78,563.84,39.75,39.75,137.25,137.25,3517.23,3608.6,-5.99,-5.22,2637.93,2706.45,4249.99,4360.39,1355.6,1556.21,745.95,1563.73,952.58,977.33,814.83,1221.66,-7.94,-7.94,6448.26,2856.81,-4.9,-4.9,3150.86,3232.7,-4.9,-4.9,5715.5,5863.97,2198.27,2255.37,-6.19,-6.19,7107.74,7292.38,9.64,9.8,641.16,657.82,1740.3,1785.5,824.35,845.77,824.35,845.77,119.98,119.98,59.01,59.01,12,12,43.51,43.51,26.46,26.46,14.81,14.81,50,50,2.93,2.93,50,50,105,115,57.2,57.2,62.47,62.47,73.49,73.65,7.08,7.08,824.35,845.77,68.86,68.86,42,42,20.57,22.48,78.51,76.22,2.48,2.48,93.32,93.32,581.54,581.54,0,0,62,62,66.12,65.68,732.76,751.79,362.6,467.41,0.37,0.37,166.87,167.34,9.98,9.9,17.16,17.16,482.94,604.06,3.29,2.5,47.92,47.92,52.47,52.52,-50,-50,78.1,78.1,100.2,100.2,42357.02,41329.73,32031.18,31254.32,54285,52969,549.57,563.84,9.85,9.85,91.59,93.97,1906800000000,2071000000000,33631.47,32030.54,6.11,6.11,9.65,10.72
MTF Epsilon-11,78.67,78.67,70,70,66.89,66.89,6.46,6.46,30.52,30.42,42,42,459.26,805.9,23,23,173.25,173.25,2388.16,2394.67,3062.81,3426.23,-3.22,-3.22,5327.43,5341.97,-6.72,-6.48,-7.34,-5.22,1928.9,1934.16,2359.68,2417.7,45.93,46.05,1010.37,-8.83,5143.72,5157.76,5143.72,5157.76,1010.37,1013.13,-6.16,-6.16,1791.12,1796.01,-3.58,-3.58,4317.05,4328.84,10.77,10.91,1377.78,1381.54,1837.04,1842.06,1837.04,1842.06,574.08,575.64,119.98,119.98,15.47,15.47,12,12,62.42,62.42,31.45,31.45,3.09,3.09,50,50,2.52,2.52,50,50,105,115,55.62,55.62,56,56,72.17,72.32,17.32,17.32,1837.04,1842.06,44.04,44.04,64,64,26.26,27.26,76.81,75.54,1.47,1.47,93.54,93.54,269.46,269.46,0,0,62,62,70.29,70.08,918.52,921.03,397.87,462.73,0.79,0.79,235.66,236.22,11.29,11.08,17.16,17.16,526.33,628.2,2.93,2.52,37.68,37.68,56.92,56.97,-82.58,-82.58,79.37,79.37,101.45,101.45,47931.7,47801.39,17408.03,17360.7,112513,112207,918.52,921.03,11.94,11.94,459.26,460.51,1166400000000,1165100000000,35325.66,34751.61,6.47,6.47,16.43,18.3
Deimos1,78.17,78.17,39.67,39.67,67.56,67.56,2.23,2.23,31.41,31.2,42,42,934.54,1333.52,23.75,23.75,173.25,173.25,-5.1,-5.1,-4.56,-4.56,-6,-6,-5.48,-5.48,-2.16,-2.16,-6.81,-6.81,1412.2,1511.32,-5.2,-5.2,2409.04,2578.14,6396.43,2400.34,166.14,177.8,-8.12,-8.12,-6,-6,1412.2,1511.32,-3.35,-3.35,-2.09,-2.09,1412.2,1511.32,10.39,10.54,726.87,777.89,1349.9,1444.65,1453.73,1555.77,934.54,1000.14,119.98,119.98,44.87,44.87,12,12,43.16,43.16,32.63,32.63,2.73,2.73,50,50,2.52,2.52,50,50,116,126,58.72,58.72,78.36,78.36,71,71.26,17.84,17.84,1453.73,1555.77,48.08,48.08,34.75,34.75,35.14,40.24,66.29,63.29,1.13,1.13,93.64,93.64,449.09,449.09,0,0,64,64,62.51,60.54,830.7,889.01,631.89,713.58,0.48,0.48,231.01,231.56,9.9,9.9,17.16,17.16,667.43,751.9,2,1.85,37.16,37.16,51.61,51.7,-38.73,-38.73,-17.32,-17.32,99.3,99.3,31284.34,29368.56,20428.21,19177.23,45523,42735,1661.41,1778.03,7.25,7.25,-3.16,-3.16,8983300000000,9572700000000,20303.54,17562.4,6.14,6.14,10.2,11
The King of Boats in Paper Crowned,77.33,77.33,31.33,31.33,26.67,26.67,1.34,1.34,27.54,27.5,42,42,3656.14,3925.65,25,25,168.75,168.75,-14.56,-14.56,-9.03,-9.03,-12.33,-12.33,-6.48,-6.48,697.23,692.48,5565.23,5527.31,-11.92,-11.92,-9.95,-9.95,-8.37,-8.37,-11.49,-15.23,-13.49,-13.49,-3.46,-3.46,-8.49,-8.49,-13.11,-13.11,-8.77,-8.77,-2.41,-2.41,0,0,14.14,14.25,988.14,981.41,2766.8,2747.95,2470.36,2453.53,1482.22,1472.12,135.9,135.9,74.85,74.85,12,12,23.81,23.81,27.68,27.68,12.14,12.14,52.16,52.16,3.93,3.93,50,50,203,213,64.42,64.42,95.87,95.87,77.29,77.38,25.78,25.78,2075.1,2060.97,62.79,62.79,22.5,22.5,75.9,69.47,24.19,23.19,10.87,10.87,92.39,92.39,838.69,838.69,0,0,64,64,50.63,50.42,1086.96,1079.55,1078.7,1089.39,0.33,0.33,222.66,223.2,9.48,9.48,17.09,17.09,1273.28,1339.82,1.27,1.23,29.22,29.22,52.79,52.82,-83.96,-83.96,-23.45,-23.45,100.62,100.62,26025.36,26142.47,22335.19,22435.7,29839,29973,2075.1,2060.97,2.71,2.71,197.63,196.28,3702500000000,3366200000000,6272.11,7973.45,5.2,5.2,17.22,18.61
Lilpet,31,31,5.5,5.5,70.67,70.67,1.12,1.12,32.97,32.81,45.83,45.83,568.4,651.38,69.75,69.75,69.75,69.75,-9.06,-9.06,-9.03,-9.03,112.6,112.91,-9.59,-9.59,51.97,108.56,5155.94,6000.63,-9.17,-9.17,-1.22,-1.22,-7.87,-7.87,1061,-1.41,-10.1,-10.1,-9.75,-9.75,303.14,303.98,303.14,303.98,-7.07,-7.07,115.19,115.51,112.6,112.91,19.21,19.29,1326.26,1329.9,866.13,868.51,1055.59,1058.49,649.59,651.38,8.83,8.83,89.42,89.42,15.9,15.9,22.38,22.38,27.14,27.14,13.43,13.43,52.16,52.16,1,1,50.5,50.5,101,111,72.41,72.41,110.86,110.86,69.25,69.42,27.07,27.07,893.19,895.65,114.05,114.05,-94.5,-94.5,70.59,70.91,-24.47,-25.79,0.79,0.79,93.84,93.84,1249.06,1249.06,0,0,68,68,75.5,75.4,703.73,705.66,1030.96,1045.92,0.2,0.2,116.91,117.3,9.21,9.14,27.43,27.43,625.38,713.16,1.45,1.39,27.93,27.93,45.03,45.08,55.86,55.86,-50.99,-50.99,102.62,102.62,17393.65,17345.96,16398.49,16353.53,18339,18289,1082.66,1085.64,2.2,2.2,622.53,624.24,63900000000,63900000000,5113.73,5047.67,8.91,8.91,9.67,11.09
Big Meme,66.22,66.22,52.67,52.67,64.67,64.67,1.84,1.84,32.2,31.97,42,42,824.72,1356.55,41.67,41.67,132.75,132.75,-9.17,-9.17,-5.93,-5.93,879.7,964.66,-8.94,-8.94,-8,-7.62,-1.26,-1.26,-5.83,-5.83,-7.94,-7.94,-8.6,-8.6,6927.66,1567.57,1979.33,2170.48,-8,-8,329.89,361.75,5828.03,6390.87,2144.27,2351.36,-6.91,-6.91,879.7,964.66,9.27,9.43,1237.08,1356.55,962.17,1055.1,1237.08,1356.55,824.72,904.37,119.98,119.98,54.37,54.37,12,12,47.82,47.82,26.67,26.67,14.39,14.39,50,50,1,1,50,50,109,119,57.73,57.73,66.49,66.49,70.07,70.34,6.44,6.44,1237.08,1356.55,73.04,73.04,46.5,46.5,35.8,43.05,70.11,67.11,1.65,1.65,93.49,93.49,525.37,525.37,0,0,64,64,65.84,65.3,1099.63,1205.82,532.51,607.58,0.34,0.34,160.29,160.76,9.97,9.97,17.16,17.16,601.62,691.71,2.25,2.05,48.56,48.56,52.63,52.72,64.81,64.81,-58.31,-58.31,100.2,100.2,30503.68,27872.63,22081.02,20176.45,40611,37108,1374.53,1507.28,9.04,9.04,137.45,150.73,350300000000,393000000000,19583.36,15887.4,6.21,6.21,12.13,13.06
NUCL 32,63.33,63.33,50.67,50.67,15,15,3.04,3.04,33.38,33.18,38.06,38.06,263.66,521.17,45.5,45.5,123.75,123.75,-8.37,-8.37,-7.48,-7.48,2671.79,2640.59,2039,2015.19,4148.31,4308.33,6700.58,7226.87,457.02,451.68,5712.72,5645.99,527.33,521.17,-4.47,-10.95,0,0,-3.61,-3.61,3163.97,3127.01,703.1,694.89,2636.64,2605.84,-6.15,-6.15,3128.81,3092.27,10.15,10.3,-3.16,-3.16,790.99,781.75,1494.1,1476.64,87.89,86.86,1065.35,1065.35,32.94,32.94,11.33,11.33,29.39,29.39,19.13,19.13,24.23,24.23,51,51,1,1,52.44,52.44,108,118,59.05,59.05,61.41,61.41,68.85,69.04,15.39,15.39,1230.43,1216.06,55.99,55.99,45,45,19.26,19.51,81.84,81.31,19.57,19.57,91.75,91.75,933.44,933.44,-4,-4,67,67,67.67,67.44,703.1,694.89,737,825,0.43,0.43,190.29,190.8,9.89,9.88,13.2,13.2,591.11,682.36,1.82,1.7,39.61,39.61,51.78,51.84,17.32,17.32,59.16,59.16,101.45,101.45,45687.68,46227.66,25230.51,25528.71,76604,77510,703.1,694.89,6.5,6.5,0,0,557200000000,565100000000,36869.96,37213.26,13.19,13.19,18.53,20.22
Ville Mancheseva,79.73,79.73,79.33,79.33,56,56,20.53,20.53,84.62,77.52,37.37,37.37,-7.07,-4.47,21.4,21.4,177.75,177.75,-4.47,-4.47,677.81,971.54,5507.18,5262.5,-2.45,-2.45,2965.4,3076.54,4475.64,7373.57,4405.74,4210,2859.5,3971.16,6354.44,6072.12,7201.7,2833.65,847.26,809.62,-5.1,-5.1,0,0,7879.5,7529.43,2245.23,2145.48,4558.25,4355.73,9912.92,9472.5,4.24,4.24,-8.37,-8.37,211.81,202.4,-7.07,-7.07,0,0,744.82,744.82,4.87,4.87,10.55,10.55,67.65,67.65,28.05,28.05,10.98,10.98,52.16,52.16,1,1,52.44,52.44,98,108,35.2,35.2,8.13,8.13,61.73,62.19,21.06,21.06,317.72,303.61,27.17,27.17,82,82,4.76,4.64,128.03,130.66,3.76,3.76,93.12,93.12,221.68,221.68,0,0,64,64,74.83,74.82,211.81,202.4,129.16,209.83,3.06,3.06,293.16,293.79,14.92,13.37,14.68,14.68,312.77,523.25,102.15,69.79,33.94,33.94,55.83,55.98,81.24,81.24,-10,-10,93.65,93.65,58729.82,61459.95,10810.96,11313.52,221979,232298,211.81,202.4,21.98,21.98,-8.94,-8.94,394300000000,413100000000,55910.79,58632.79,1.62,1.62,23.15,27.25
Bolum Tigarchyss,66,66,34.67,34.67,11,11,1.56,1.56,29.25,29.18,38.06,38.06,2479.01,2761.48,42,42,130.5,130.5,-7.48,-7.48,-7.8,-7.8,-10,-10,-6.78,-6.78,5867,6038.44,-9.51,-9.51,-3.35,-3.35,-10.1,-10.1,-9,-9,-9.27,-13.64,-5.1,-5.1,-6.84,-6.84,-8.12,-8.12,-15.03,-15.03,5288.56,5236.59,166.59,164.95,0,0,12.08,12.21,-4.47,-4.47,2065.84,2045.54,1652.68,1636.43,929.63,920.49,1065.35,1065.35,64.21,64.21,11.33,11.33,19.13,19.13,23.08,23.08,19.88,19.88,51,51,3.3,3.3,52.44,52.44,179,189,62.09,62.09,77.83,77.83,74.1,74.22,22.52,22.52,1342.8,1329.6,50.11,50.11,31,31,55.03,55.34,46.69,45.81,19.57,19.57,91.75,91.75,1277.53,1277.53,-4,-4,67,67,54.49,54.15,826.34,818.22,1051.24,1063.82,0.38,0.38,193.33,193.84,9.96,9.96,13.2,13.2,1093.67,1163.2,1.37,1.32,32.48,32.48,51.76,51.79,-62.45,-62.45,-33.17,-33.17,101.04,101.04,26981.25,27252.02,21343.38,21557.56,33242,33576,1446.09,1431.88,3.08,3.08,-3.16,-3.16,1089300000000,1110500000000,12141.56,12181.65,13.02,13.02,14.97,16.12
Marvel 1,67.33,67.33,54.67,54.67,64.67,64.67,3.14,3.14,32.94,32.77,42,42,106.74,416.07,40,40,135,135,-4.47,-4.47,-3.46,-2.83,-5.48,-5.48,2561.68,2496.42,2390.9,2579.63,1558.36,4701.59,853.89,832.14,2881.89,4659.98,3415.58,3328.56,4269.47,0,2561.68,2496.42,-6.32,-6.32,2134.74,2080.35,5550.31,5408.91,-6.32,-6.32,-5.29,-5.29,853.89,832.14,9.43,9.59,960.63,936.16,853.89,832.14,1280.84,1248.21,960.63,936.16,119.98,119.98,31.86,31.86,12,12,50.75,50.75,25.67,25.67,16.18,16.18,50,50,1,1,50,50,94,104,56.47,56.47,59.31,59.31,69.29,69.46,7.22,7.22,1280.84,1248.21,58.15,58.15,46,46,22.02,21.78,80.57,80.43,1.97,1.97,93.42,93.42,516.6,516.6,0,0,64,64,67.18,66.96,853.89,832.14,401.38,477.21,0.39,0.39,167.23,167.7,11.85,11.08,17.16,17.16,369.16,554.35,2.91,2.46,47.78,47.78,52.19,52.25,-70,-70,58.31,58.31,100.2,100.2,40752.1,41815.04,22099.4,22675.82,69372,71181,853.89,832.14,10.87,10.87,106.74,104.02,875400000000,894500000000,31786.63,32699.36,6.64,6.64,11.35,13.71
Astravican Peoples Navy,63,63,5.25,5.25,61.33,61.33,1.12,1.12,32.73,32.53,45.83,45.83,750.22,862.97,45.75,45.75,123.75,123.75,-11.31,-11.31,443.21,457.08,600.18,618.96,323.17,333.28,-10.68,-10.39,-7.43,-7.43,346.26,357.09,-8.57,-8.57,-6.48,-6.48,1061.85,-2.83,-8.25,-8.25,253.92,261.87,715.6,737.99,484.76,499.93,103.88,107.13,-10.32,-10.32,946.43,976.05,18.81,18.89,1356.17,1398.61,836.79,862.97,1038.77,1071.27,605.95,624.91,14.31,14.31,89.64,89.64,15.51,15.51,20.25,20.25,27.98,27.98,11.25,11.25,46.97,46.97,1,1,50,50,125,135,71.29,71.29,108.15,108.15,69.5,69.72,17.98,17.98,1009.91,1041.52,86.1,86.1,-94.75,-94.75,71.53,72.86,-22.61,-25.45,2.15,2.15,93.38,93.38,953.67,953.67,-8,-8,64,64,75.09,74.99,692.51,714.18,1055.96,1068.13,0.28,0.28,100.49,100.85,9.5,9.51,18.22,18.22,775.77,854.33,1.35,1.31,37.02,37.02,44.58,44.65,-17.32,-17.32,53.85,53.85,112.37,112.37,16320.2,15825.08,15406.76,14939.35,17187,16666,923.35,952.24,2.24,2.24,605.95,624.91,35000000000,34100000000,4651.26,4288.6,16.71,16.71,8.45,8.96
Maggots One Maggie Nil,67.87,67.87,5.5,5.5,70.67,70.67,1.12,1.12,33.45,33.45,45.83,45.83,492.97,492.97,39.2,39.2,137.25,137.25,139.19,139.19,-10.5,-10.5,371.18,371.18,1345.52,1345.52,83.51,83.51,3886.58,3886.58,-7.03,-7.03,-10.61,-10.61,359.58,359.58,-4.24,-4.24,-10.86,-10.86,-11.27,-11.27,-6.93,-6.93,-9.06,-9.06,-8.66,-8.66,-10.64,-10.64,510.37,510.37,18.17,18.17,1362.92,1362.92,869.95,869.95,811.95,811.95,637.96,637.96,9.5,9.5,89.42,89.42,16.66,16.66,24.92,24.92,33.16,33.16,2.61,2.61,52.16,52.16,1,1,51.48,51.48,96,96,71.06,71.06,106.66,106.66,68.78,68.78,24.07,24.07,956.94,956.94,88.08,88.08,-94.5,-94.5,69.5,69.5,-11.64,-11.64,0.98,0.98,93.7,93.7,772.02,772.02,-8,-8,64,64,75.25,75.25,695.96,695.96,919.37,919.37,0.29,0.29,250.31,250.31,9.43,9.43,24.32,24.32,540.09,540.09,1.61,1.61,30.93,30.93,44.67,44.67,-77.46,-77.46,87.18,87.18,112.37,112.37,16242.16,16242.16,15312.88,15312.88,17125,17125,985.94,985.94,2.25,2.25,608.96,608.96,25300000000,25400000000,4953.86,4953.86,13.97,13.97,7.73,7.73
1st Rogue Army Infantry,66.13,66.13,29.33,29.33,76.67,76.67,1.72,1.72,30.81,30.68,45.83,45.83,374.68,510.87,41.8,41.8,132.75,132.75,2697.7,2574.78,1840.65,2277.86,685.13,653.91,1455.9,1389.56,3682.58,3637.38,982.95,2484.86,5438.23,5190.42,1625.9,2452.17,920.65,878.69,1413.08,-5.83,2269.5,2166.08,239.8,228.87,556.67,531.3,770.77,735.65,1691.42,1614.34,462.46,441.39,8821.06,8419.11,15.46,15.56,1552.25,1481.52,856.41,817.39,1177.57,1123.91,856.41,817.39,1220.81,1220.81,58.28,58.28,18.02,18.02,42.53,42.53,32.32,32.32,2.81,2.81,51.62,51.62,1,1,53.38,53.38,100,110,68.44,68.44,105.88,105.88,71.77,71.95,19.69,19.69,1980.46,1890.21,36.17,36.17,-75,-75,40.7,38.23,38.09,40.83,0.73,0.73,94.04,94.04,553.16,553.16,-8,-8,67,67,77.63,77.56,749.36,715.22,928.73,1029.57,0.35,0.35,242.29,242.86,10.5,9.89,12.51,12.51,407.87,572.62,1.6,1.46,35.31,35.31,49.82,49.88,-52.92,-52.92,66.33,66.33,109.39,109.39,42511.53,44540.95,31936.52,33461.11,54798,57414,1284.62,1226.08,2.39,2.39,-7.07,-7.07,16500000000,17400000000,25209.34,27526.31,14.72,14.72,10.99,13.52
Polaris Dawn,67.33,67.33,61.33,61.33,64.67,64.67,4.03,4.03,33.49,33.31,42,42,107.07,421.1,40,40,135,135,856.54,842.2,3218.44,4238.39,3426.15,3368.82,1284.8,1263.31,2826.57,3031.93,513.92,2021.29,-8.37,-8.37,4295.53,6371.27,-6.32,-6.32,3854.41,-3.16,2997.88,2947.71,-7.07,-7.07,428.27,421.1,5567.49,5474.33,3426.15,3368.82,-4.47,-4.47,4282.68,4211.02,9.27,9.43,963.6,947.48,856.54,842.2,1284.8,1263.31,642.4,631.65,119.98,119.98,24.8,24.8,12,12,54.61,54.61,27.32,27.32,13.04,13.04,50,50,1,1,50,50,94,104,55.56,55.56,52.59,52.59,68.74,68.92,6.89,6.89,1284.8,1263.31,72.07,72.07,53,53,18.51,18.67,85.47,85.04,1.97,1.97,93.42,93.42,465.52,465.52,0,0,64,64,68.8,68.6,856.54,842.2,378.52,441.76,0.4,0.4,167.23,167.7,11.73,11.46,17.16,17.16,366.21,552.87,3.11,2.63,48.11,48.11,53.12,53.18,45.83,45.83,43.59,43.59,100.2,100.2,44901.78,45666.4,21222.23,21583.62,85582,87039,856.54,842.2,12,12,107.07,105.28,72800000000,75400000000,36594.95,37126.79,6.64,6.64,13.97,16.71
Ravania Perdita,87.33,87.33,71,71,99,99,78.54,78.54,96.89,92.13,42,42,-6.32,-3.16,12.67,12.67,198,198,6433.18,6160.22,3167.1,4061.01,-5.48,-5.48,-3.16,-3.16,-3.74,-2.83,791.78,2705.76,4453.74,4264.77,1855.72,2909.52,-6.32,-6.32,989.72,-8.94,4948.6,4738.63,3958.88,3790.91,989.72,947.73,2474.3,2369.32,3464.02,3317.04,4750.65,4549.09,10886.91,10425,5.2,5.2,494.86,473.86,371.14,355.4,123.71,118.47,123.71,118.47,95.92,95.92,1.27,1.27,12,12,106.75,106.75,38.06,38.06,1.96,1.96,50,50,1,1,50,50,94,104,38.29,38.29,17.32,17.32,60.95,61.26,44.12,44.12,866,829.26,22.23,22.23,94.5,94.5,6.48,6.16,116.49,118.15,1.26,1.26,93.59,93.59,9.97,9.97,0,0,64,64,75.48,75.43,371.14,355.4,77.9,109.13,3.44,3.44,295.76,296.39,14.59,14.15,17.29,17.29,325.74,531.08,123.83,110.2,10.88,10.88,52.51,52.61,-33.91,-33.91,-18.71,-18.71,97.83,97.83,45180.69,47182.58,3439.13,3591.51,270115,282084,371.14,355.4,20.79,20.79,-6.32,-6.32,51600000000,55100000000,42243.94,44257.26,3.74,3.74,29.16,33.2
Vagora,81.78,81.78,66,66,78.67,78.67,5.37,5.37,34.22,34.02,43.68,43.68,-5.48,0,18.33,18.33,184.5,184.5,-2,-2,4461.15,5513.16,2291.55,2295.1,4255.73,4262.33,1391.3,1639.36,261.89,1049.19,171.87,172.13,4584.73,6454.97,-6,-6,4746.78,655.74,2291.55,2295.1,5442.43,5450.86,1473.14,1475.42,1882.34,1885.26,319.18,319.67,7482.6,7494.2,2463.41,2467.23,6.71,6.71,1125.31,1127.06,613.81,614.76,102.3,102.46,-3.16,-3.16,8.36,8.36,18.61,18.61,14.16,14.16,68.87,68.87,35.53,35.53,2.22,2.22,52.64,52.64,1,1,50.5,50.5,99,109,54.43,54.43,45.57,45.57,68.09,68.26,23.43,23.43,1023.01,1024.6,34.84,34.84,60,60,7.91,7.93,106.92,106.84,0.71,0.71,94.13,94.13,179.45,179.45,-4,-4,64,64,70.81,70.67,204.6,204.92,272.77,347.13,2.38,2.38,306.63,307.27,12.51,12.07,30,30,435.34,584.62,10.43,3.5,31.57,31.57,54.67,54.72,-56.12,-56.12,77.14,77.14,101.45,101.45,50815.77,50737.14,20478,20446.31,110019,109848,1125.31,1127.06,13.23,13.23,-6.32,-6.32,10700000000,11800000000,46801.33,46728.91,10.82,10.82,18.77,21.82
Anthrvx,9,9,75.33,75.33,4,4,8.85,8.85,32.67,32.5,37.37,37.37,523.94,811.25,91,91,20.25,20.25,-2.83,-2.83,1824.97,2044.34,-5.29,-5.29,502.98,486.75,301.79,405.62,14947.66,17568.38,-2.37,-2.37,3985.26,4664.68,2137.66,2068.68,3856.16,-2.83,2598.72,2514.87,-6.16,-6.16,922.13,892.37,-9.38,-9.38,-4.24,-4.24,-5.63,-5.63,0,0,11,11.14,104.79,101.41,1152.66,1115.47,2829.25,2737.96,1152.66,1115.47,7.98,7.98,11.3,11.3,6.84,6.84,26.29,26.29,1.03,1.03,37.97,37.97,46.97,46.97,1,1,50,50,100,110,57.54,57.54,54.87,54.87,69.56,69.74,36.29,36.29,2619.68,2535.15,69.22,69.22,70,70,20.91,20.08,82.42,83.09,27.84,27.84,91.24,91.24,2084.26,2084.26,-8,-8,64,64,71.64,71.54,1047.87,1014.06,329.65,431.57,0.25,0.25,17.53,17.68,9.94,9.8,32.27,32.27,510.22,616.74,3.8,2.69,18.71,18.71,57.83,57.89,-50,-50,33.17,33.17,105.16,105.16,56176.74,58049.65,17048.66,17617.06,150933,155965,1047.87,1014.06,9.34,9.34,-4.47,-4.47,1400000000,1700000000,44435.8,46381.67,17,17,31.25,35.99
Youmomistan,90,90,78.67,78.67,83,83,22.47,22.47,37.22,36.93,44.28,44.28,0,330.47,10,10,202.5,202.5,7376.14,7049.96,2613.92,3172.48,3872.47,3701.23,-3.16,-3.16,5532.1,5551.85,1387.64,2819.99,6177.52,5904.35,-6.05,-4.74,461.01,440.62,-4.47,-10.95,5071.09,4846.85,3688.07,3524.98,-6.32,-6.32,2766.05,2643.74,4886.69,4670.6,-3.46,-3.46,17426.13,16655.54,7.55,7.75,1152.52,1101.56,691.51,660.93,576.26,550.78,0,0,105.17,105.17,4.45,4.45,14.16,14.16,86.45,86.45,36.94,36.94,2.06,2.06,47.8,47.8,1,1,50,50,98,108,46.17,46.17,26.72,26.72,65.94,66.11,35.86,35.86,1037.27,991.4,32.69,32.69,83,83,8.6,8.37,107,108.07,0.71,0.71,94.13,94.13,52.52,52.52,0,0,66,66,73.64,73.57,576.26,550.78,184.8,250.71,2.95,2.95,326.12,326.78,15.02,14.37,17.24,17.24,469.53,598.72,80.37,35.05,19.14,19.14,57.15,57.21,66.71,66.71,-15.81,-15.81,105.16,105.16,53905.74,56399.71,9386.57,9820.85,210894,220652,576.26,550.78,17.81,17.81,691.51,660.93,13700000000,15300000000,49269.84,51662.14,6.73,6.73,27.2,30.49
Enfieldco,73.07,73.07,8.25,8.25,76.67,76.67,1.19,1.19,31.3,31.19,47.2,47.2,1276.65,1391.64,31.4,31.4,155.25,155.25,-9.06,-9.06,919.19,916.1,351.08,349.9,-6.78,-6.78,-6.63,-6.57,-0.89,-0.89,-6.45,-6.45,-6.82,-6.82,-11.05,-11.05,-6.48,-11.92,-14.21,-14.21,1037.28,1033.79,-9.59,-9.59,-5.66,-5.66,-9.95,-9.95,395.76,394.43,351.08,349.9,19.1,19.18,2034.66,2027.82,1236.75,1232.6,1276.65,1272.36,957.49,954.27,74.94,74.94,84.35,84.35,17.01,17.01,30.41,30.41,33.55,33.55,2.53,2.53,48.6,48.6,1,1,50.5,50.5,144,154,70.09,70.09,108.5,108.5,71.14,71.28,28.76,28.76,1037.28,1033.79,105.55,105.55,-91.75,-91.75,76.95,77.09,-32.11,-33.11,0.75,0.75,93.97,93.97,603.45,603.45,0,0,66,66,74.76,74.66,957.49,954.27,1057.41,1069.48,0.27,0.27,218.68,219.22,9.58,9.58,17.42,17.42,931.57,1004.81,1.35,1.3,26.24,26.24,45.79,45.84,43.59,43.59,-28.28,-28.28,112.37,112.37,17711.92,17771.67,16191.87,16246.49,19197,19262,1276.65,1272.36,2.3,2.3,1156.96,1153.08,35600000000,35800000000,4091.45,4069.71,9.21,9.21,11.84,12.8
Triguriyyah Mujahideen,15.67,15.67,12.5,12.5,6,6,1.29,1.29,31.55,31.41,39.43,39.43,1233.94,1385.21,84.33,84.33,36,36,-12.96,-12.96,-9.72,-9.72,-11.92,-11.92,-7.21,-7.21,-6.63,-6.16,1883.18,1895.35,-2.37,-2.37,-8.57,-8.57,113.9,114.64,417.64,-8.83,-6.16,-6.16,-7.03,-7.03,37.97,38.21,417.64,420.34,222.11,223.54,615.07,619.05,0,0,18.92,19,1091.56,1098.62,1186.48,1194.15,2040.74,2053.94,996.64,1003.09,1012.66,1012.66,77.33,77.33,12,12,13.89,13.89,1.65,1.65,34.46,34.46,46.97,46.97,1,1,51.96,51.96,120,130,70.57,70.57,99.31,99.31,70.84,71,39.26,39.26,1850.91,1862.87,90.33,90.33,-87.5,-87.5,75.77,76.31,-27.87,-29.31,27.02,27.02,91.28,91.28,7044.49,7044.49,-8,-8,67,67,75.92,75.82,1233.94,1241.92,1009.16,1029.48,0.21,0.21,28.88,29.08,9.65,9.66,13.44,13.44,742.45,822.55,1.53,1.46,15.74,15.74,46.09,46.15,-74.83,-74.83,-38.73,-38.73,110.31,110.31,21495.19,21357.13,18768.19,18647.64,24271,24115,1139.02,1146.38,2.28,2.28,854.26,859.79,19900000000,19900000000,5201.84,5061.64,17.91,17.91,10.47,11.24
Daeman,68.67,68.67,79.33,79.33,77.33,77.33,17.35,17.35,41.27,38.03,37.37,37.37,-5.48,0,38,38,139.5,139.5,6578.74,6204.94,1200.62,1654.65,2558.4,2413.03,3654.86,3447.19,5701.58,5584.44,3967.35,6379.02,6359.45,5998.11,2401.24,3447.19,4678.22,4412.4,2558.4,-5.48,1096.46,1034.16,5847.77,5515.5,0,0,0,0,0,0,9941.21,9376.35,15496.6,14616.08,6.08,6.08,-8.37,-8.37,274.11,258.54,913.71,861.8,-3.16,-3.16,12.64,12.64,5.76,5.76,6.84,6.84,85.02,85.02,28.97,28.97,7.45,7.45,46.97,46.97,1,1,50,50,100,110,46.65,46.65,28.25,28.25,65.05,65.48,22.88,22.88,1461.94,1378.88,19.42,19.42,80,80,4.9,4.68,127.73,132.35,0.73,0.73,94.07,94.07,186.88,186.88,-4,-4,64,64,74.72,74.78,182.74,172.36,228.12,369.08,2.26,2.26,87.45,87.79,14.75,12.69,18.84,18.84,433.79,583.96,60.76,3.21,32.12,32.12,56.56,56.71,-40,-40,71.41,71.41,98.83,98.83,68068.08,72168.61,13884.53,14720.96,240939,255454,182.74,172.36,17.63,17.63,-10,-10,12800000000,15100000000,64732.74,68776.68,15,15,23.55,27.94
Bronzidious,61.67,61.67,76,76,65.33,65.33,9.38,9.38,33.75,33.54,43,43,204.82,499.09,46.75,46.75,121.5,121.5,3604.76,3513.6,-6.24,-5.8,-1.41,-1.41,5161.36,5030.84,1065.04,1277.67,-6.56,-4.56,5980.62,5829.38,6309.15,7386.55,-5.74,-5.74,-6.48,-11.92,-6.48,-6.48,8397.45,8185.09,-6.48,-6.48,3195.13,3114.33,-6.78,-6.78,5243.29,5110.69,9585.38,9342.98,9.17,9.33,307.22,299.45,1024.08,998.18,1536.12,1497.27,819.26,798.55,8.45,8.45,10.66,10.66,13.62,13.62,64.31,64.31,26.19,26.19,15.29,15.29,51,51,1,1,50.5,50.5,99,109,55.03,55.03,50.56,50.56,68.5,68.69,11.02,11.02,1536.12,1497.27,36.09,36.09,71,71,10.33,10.06,98.53,98.87,1.81,1.81,93.45,93.45,382.53,382.53,-4,-4,64,64,72.23,72.12,716.86,698.73,458.73,550.11,0.9,0.9,189.82,190.33,12.68,12.27,29.47,29.47,518.06,622.11,2.54,2.2,43.98,43.98,57.79,57.86,-83.37,-83.37,82.76,82.76,103,103,58294.69,59807.07,17111.38,17555.31,160490,164654,716.86,698.73,12.6,12.6,-3.16,-3.16,4500000000,5200000000,52290.33,53766.56,13.3,13.3,20.64,23.27
Zilpower,58,58,33.33,33.33,44,44,2.06,2.06,29.28,29.16,41.43,41.43,791.09,1019.09,49.5,49.5,114.75,114.75,2373.27,2445.82,632.87,652.22,3058.87,3152.39,2742.44,2826.28,474.65,652.22,843.83,869.63,1107.52,1141.38,-3.87,-3.87,263.7,271.76,2900.66,271.76,527.39,543.52,527.39,543.52,3164.35,3261.1,2900.66,2989.34,448.28,461.99,2177.26,2243.82,6539.66,6739.6,13.89,14,1779.95,1834.37,1648.1,1698.49,1120.71,1154.97,791.09,815.27,8.05,8.05,48.6,48.6,11.33,11.33,36.41,36.41,23.53,23.53,19.29,19.29,50,50,1,1,50,50,117,127,62.72,62.72,90.3,90.3,74.05,74.25,10.1,10.1,1582.18,1630.55,68.96,68.96,32,32,38.73,41.35,47.96,45.08,6.35,6.35,92.81,92.81,854.66,854.66,-4,-4,62,62,53.52,53.08,922.94,951.15,743.5,831.87,0.34,0.34,101.11,101.48,9.93,9.94,31.86,31.86,662.66,747.47,1.81,1.7,44.9,44.9,51.03,51.1,-15.81,-15.81,77.78,77.78,103,103,39661.66,38523.53,27033.07,26257.33,55626,54030,988.86,1019.09,2.96,2.96,527.39,543.52,5279800000000,5618900000000,24312.6,22613.31,14.53,14.53,9.14,9.75
Kultexia,82.33,82.33,40.89,40.89,35.11,35.11,1.41,1.41,29.93,29.85,42,42,3975.5,4341.07,17.67,17.67,186.75,186.75,-11.75,-11.75,-2.53,-2.53,-13.34,-13.34,-6,-6,3858.88,3830.66,-7.69,-7.69,-4.24,-4.24,-13.64,-13.64,-11.31,-11.31,-10.39,-14.42,-9.9,-9.9,-4.24,-4.24,636.08,631.43,-13.49,-13.49,-2.37,-2.37,-10.83,-10.83,0,0,12.77,12.88,1325.17,1315.47,1457.68,1447.02,2782.85,2762.5,1855.23,1841.66,130.47,130.47,70.68,70.68,12,12,35.83,35.83,28,28,11.19,11.19,51,51,1,1,50,50,179,189,63.01,63.01,87.18,87.18,73.02,73.15,23.44,23.44,3047.88,3025.59,43.6,43.6,29.67,29.67,75.84,76.34,38.04,37.04,11.55,11.55,92.33,92.33,648.92,648.92,0,0,64,64,51.82,51.58,1325.17,1315.47,1051.05,1063.65,0.4,0.4,263.43,264.02,9.98,9.98,17.11,17.11,1139.66,1208.34,1.37,1.32,31.56,31.56,52.24,52.28,-90,-90,-28.28,-28.28,100.62,100.62,26095.18,26298.97,21724.34,21894,30735,30975,1855.23,1841.66,2.91,2.91,265.03,263.09,32333800000000,32799200000000,6315.03,6232.86,6.62,6.62,11.71,12.67
Neyshon29,56.33,56.33,66.67,66.67,50.67,50.67,9.66,9.66,32.95,32.95,39.43,39.43,920.33,920.33,50.75,50.75,112.5,112.5,1564.56,1564.56,220.88,220.88,4325.54,4325.54,1288.46,1288.46,3865.38,3865.38,294.5,294.5,239.29,239.29,4831.72,4831.72,1380.49,1380.49,2484.88,2484.88,2484.88,2484.88,239.29,239.29,184.07,184.07,2024.72,2024.72,239.29,239.29,7270.59,7270.59,6129.38,6129.38,10.3,10.3,920.33,920.33,1035.37,1035.37,920.33,920.33,920.33,920.33,158.85,158.85,10.35,10.35,8.23,8.23,52.86,52.86,21.76,21.76,21.47,21.47,50,50,2.52,2.52,49.5,49.5,108,108,52.12,52.12,32.19,32.19,69.27,69.27,5.43,5.43,920.33,920.33,73.64,73.64,59,59,24.01,24.01,80.94,80.94,4.34,4.34,93.04,93.04,584.19,584.19,-1,-1,64,64,69.74,69.74,920.33,920.33,404.35,404.35,0.39,0.39,126.01,126.01,12.33,12.33,16.98,16.98,595.04,595.04,2.88,2.88,49.57,49.57,54.84,54.84,52.92,52.92,43.59,43.59,101.85,101.85,46042.16,46042.16,13285.8,13285.8,128343,128343,920.33,920.33,15.19,15.19,920.33,920.33,1986300000000,1988600000000,34992.04,34992.04,6.48,6.48,16.7,16.7
1st Chickenland Division,72.17,72.17,66,66,80.67,80.67,4.93,4.93,32.57,32.57,43.68,43.68,-3.16,-3.16,32.75,32.75,153,153,3704.67,3704.67,5494.79,5494.79,4054.16,4054.16,3984.27,3984.27,1957.18,1957.18,363.48,363.48,-6.16,-6.16,2391.96,2391.96,2656.18,2656.18,4753.16,4753.16,5801.65,5801.65,3355.17,3355.17,908.69,908.69,1607.69,1607.69,-3.13,-3.13,5729.71,5729.71,7758.83,7758.83,8.06,8.06,1135.87,1135.87,698.99,698.99,786.37,786.37,87.37,87.37,12.77,12.77,20.29,20.29,13.62,13.62,69.09,69.09,33.2,33.2,2.6,2.6,46.97,46.97,1,1,50,50,98,98,55.48,55.48,57.81,57.81,69.66,69.66,18.97,18.97,1048.49,1048.49,65.56,65.56,58,58,7.91,7.91,107.93,107.93,0.69,0.69,94.23,94.23,243.53,243.53,0,0,64,64,70.44,70.44,349.5,349.5,372.18,372.18,0.48,0.48,126.22,126.22,12.45,12.45,18.78,18.78,419.03,419.03,3.18,3.18,36.03,36.03,55.03,55.03,-23.45,-23.45,79.69,79.69,98.83,98.83,59493.52,59493.52,25158.95,25158.95,123991,123991,786.37,786.37,12.1,12.1,-4.47,-4.47,73100000000,74400000000,54793.53,54793.53,8.58,8.58,16.52,16.52
Violetias,35.67,35.67,10,10,18,18,1.22,1.22,32.95,32.81,39.43,39.43,737.2,819.67,66.25,66.25,76.5,76.5,-2.83,-2.83,-7.38,-7.38,-2.37,-2.37,870.6,846.99,645.93,710.38,5501.19,6397.13,982.93,956.28,1263.77,1229.51,-10.39,-10.39,-10.86,-14.76,-11.31,-11.31,-7.9,-7.9,-6.93,-6.93,-10.39,-10.39,-5.39,-5.39,-10.43,-10.43,982.93,956.28,18.6,18.68,807.41,785.52,947.83,922.13,1333.98,1297.81,666.99,648.91,1271.88,1271.88,81.97,81.97,14.16,14.16,16.64,16.64,15.39,15.39,27.46,27.46,48.6,48.6,1,1,53.38,53.38,104,114,68.59,68.59,101.39,101.39,69.27,69.42,30.07,30.07,1193.56,1161.2,95.11,95.11,-90,-90,68.82,68.2,-14.78,-14.13,17.58,17.58,91.89,91.89,3650.82,3650.82,0,0,67,67,75.82,75.73,912.72,887.98,934.87,1011.18,0.22,0.22,149.52,149.96,9.3,9.23,12.28,12.28,615.08,703.82,1.6,1.52,24.93,24.93,45.16,45.21,-68.41,-68.41,66.33,66.33,105.16,105.16,22364.37,22987.55,20139.06,20700.23,24568,25252,912.72,887.98,2.38,2.38,631.88,614.75,2500000000,2800000000,6977.68,7310.04,11.19,11.19,11.07,12.77
Secret Agent 99,35.52,35.52,96.74,96.74,17.6,17.6,3.63,3.63,31.83,31.79,20.6,20.6,-7.75,-5.48,66.36,66.36,42.5,42.5,3135.45,3174.28,4874.73,5265.11,2070.58,2096.22,4200.32,4252.33,7217.45,7438.59,-9.3,-9.3,13606.66,13775.17,4570.06,4626.66,1686.04,1706.92,8164,5270.5,8459.79,8564.56,6537.11,6618.07,4022.84,4072.66,2248.06,2275.9,3076.29,3114.39,3592.03,3636.52,18812.69,19045.66,13.27,13.27,-21.68,-21.68,-13.04,-13.04,6877.28,6962.45,1848.73,1871.63,687.84,687.84,27.57,27.57,0.75,0.75,46.96,46.96,4.95,4.95,32.54,32.54,54.66,54.66,0.62,0.62,43.04,43.04,71,81,69.08,69.08,116.21,116.21,70.49,70.55,23.65,23.65,3993.26,4042.71,13.67,13.67,70.29,70.29,9.46,9.72,100.15,98.46,19.16,19.16,91.78,91.78,864.11,864.11,-11,-11,56,56,72.62,72.43,0,0,347.91,408.5,0.27,0.27,23.5,23.68,19.59,19.62,14.95,14.95,104.48,248.64,3.49,2.85,31.35,31.35,65.28,65.3,-54.37,-54.37,86.06,86.06,67.4,67.4,102892.86,101634.25,51556.12,50925.47,186980,184693,-17.03,-17.03,2.35,2.35,-7.07,-7.07,1747900000000,1727700000000,93118.04,91775.72,19.03,19.03,7.97,8.47
Neyshon25,68.5,68.5,64.83,64.83,77.78,77.78,3,3,32.11,31.96,40.78,40.78,972.62,1389.13,38.25,38.25,139.5,139.5,2431.56,2525.69,4085.02,4243.16,1945.25,2020.55,3404.19,3535.97,0,0,0,0,0,0,1215.78,1262.84,4863.12,5051.38,3404.19,-5.48,4863.12,5051.38,0,0,0,0,632.21,656.68,2431.56,2525.69,0,0,4376.81,4546.24,10.49,10.63,972.62,1010.28,972.62,1010.28,972.62,1010.28,1702.09,1767.98,152.93,152.93,33.35,33.35,10.55,10.55,59.34,59.34,30.93,30.93,3.31,3.31,52.16,52.16,1,1,50,50,108,118,56.04,56.04,61.94,61.94,70.18,70.34,14.85,14.85,972.62,1010.28,69.67,69.67,44.25,44.25,29.71,32.73,73.58,71.18,0.71,0.71,94.12,94.12,379.85,379.85,0,0,64,64,66.6,66.18,972.62,1010.28,428.84,496.2,0.41,0.41,171.22,171.7,11.72,11.72,17.01,17.01,589.38,680.83,2.71,2.38,40.15,40.15,54.49,54.55,-43.59,-43.59,62.45,62.45,101.85,101.85,42649.59,41143.49,23711.9,22874.55,71109,68598,972.62,1010.28,11.42,11.42,972.62,1010.28,3795500000000,4099000000000,29982.66,27689.57,2.98,2.98,13.25,14.35
Kalevasi,62.93,62.93,56,56,12,12,3.04,3.04,30.94,30.81,42,42,734.17,1090.35,45.8,45.8,123.75,123.75,-7.62,-7.62,3121.27,3244.88,-7.62,-7.62,-4.9,-4.9,704.8,732.71,805.49,837.39,-7.62,-7.62,2202.51,2289.73,-6.48,-6.48,3440.11,-4.24,83.91,87.23,5537.74,5757.04,503.43,523.37,1762.01,1831.79,6502.65,6760.16,3211.99,3339.19,0,0,9.59,9.75,1468.34,1526.49,943.93,981.31,1782.98,1853.59,734.17,763.24,12.84,12.84,32.94,32.94,12,12,27.18,27.18,19.18,19.18,24.19,24.19,50,50,1,1,50,50,131,141,58.47,58.47,57.92,57.92,71.6,71.77,16.29,16.29,1363.46,1417.45,55.27,55.27,45,45,21.84,24.47,80.2,77.56,22.41,22.41,91.57,91.57,966.94,966.94,-4,-4,64,64,65.93,65.44,524.41,545.17,616.07,696.75,0.44,0.44,97.78,98.14,10.57,10.57,18.75,18.75,760.4,839.65,2.03,1.88,38.71,38.71,53.39,53.45,-46.9,-46.9,-26.46,-26.46,102.62,102.62,42223.69,40646.56,23317.56,22446.61,70796,68152,839.05,872.28,7.75,7.75,-3.16,-3.16,2079100000000,2183000000000,33018.92,30688.15,13.47,13.47,16.98,18.36
A fairytale,57.33,57.33,57.33,57.33,57.33,57.33,3.61,3.61,32.79,32.61,42,42,293.65,568.01,50,50,112.5,112.5,2740.69,2650.71,1278.34,1363.22,1566.11,1514.69,2740.69,2650.71,1957.64,2120.57,3835.01,5452.9,-8.37,-8.37,2165.15,2366.71,0,0,-8.37,-13.04,2740.69,2650.71,3915.28,3786.74,4698.33,4544.08,-5.48,-5.48,2740.69,2650.71,1879.33,1817.63,4306.8,4165.41,9.33,9.49,880.94,852.02,880.94,852.02,1174.58,1136.02,293.65,284.01,119.98,119.98,27.72,27.72,12,12,49.93,49.93,24.36,24.36,18.17,18.17,50,50,1,1,50,50,100,110,56.72,56.72,57.19,57.19,69.44,69.62,0.56,0.56,1174.58,1136.02,79.83,79.83,50,50,16.78,16.22,86.77,87.24,3.24,3.24,93.2,93.2,610.35,610.35,0,0,64,64,68.23,68.08,783.06,757.35,547.88,632.38,0.32,0.32,126.07,126.48,10.37,9.99,17.16,17.16,516.21,620.8,2.2,1.99,54.44,54.44,52.69,52.75,-43.59,-43.59,62.45,62.45,100.2,100.2,45910.54,47466.73,23069.47,23851.44,83236,86058,783.06,757.35,10.54,10.54,97.88,94.67,991400000000,1018000000000,38197.57,39777.12,7.09,7.09,14.14,16.05
Vil Fook Katia,90,90,6,6,85,85,1.12,1.12,34.38,34.18,45.83,45.83,315.65,392.12,10,10,202.5,202.5,652.34,648.31,1109.41,1154.4,925.91,920.18,1262.6,1254.79,1536.16,1589.4,1181.79,1204.6,-4.84,-4.84,26.3,26.14,-8.25,-8.25,-8.25,-12.96,-4.24,-4.24,957.47,951.55,1073.21,1066.57,862.78,857.44,915.39,909.72,-4.23,-4.23,1578.25,1568.48,16.34,16.43,1052.17,1045.66,631.3,627.39,341.95,339.84,263.04,261.41,1233.61,1233.61,88.97,88.97,18.02,18.02,29.06,29.06,42.81,42.81,1.66,1.66,53.09,53.09,1,1,53.38,53.38,102,112,68.04,68.04,105.29,105.29,67.95,68.12,40.27,40.27,499.78,496.69,81.97,81.97,-94,-94,53.81,54.02,16.74,16.02,0.73,0.73,94.07,94.07,384.14,384.14,0,0,67,67,75.44,75.34,447.17,444.4,790.65,881.58,0.37,0.37,358.84,359.53,9.69,9.69,12.45,12.45,564.44,659.16,1.75,1.65,14.73,14.73,44.34,44.4,-57.88,-57.88,88.03,88.03,105.16,105.16,17968.5,18080.43,16895.75,17001,18990,19109,815.43,810.38,2.41,2.41,368.26,365.98,1000000000,1200000000,8301.45,8317,2.02,2.02,7.9,8.36
Grasswalkia,75.64,75.64,80.56,80.56,70.57,70.57,2.26,2.26,23.94,23.93,44.28,44.28,6595.64,6915.72,27.55,27.55,210.25,210.25,-13.04,-13.04,-7.48,-7.48,-9.7,-9.7,-6.93,-6.93,-10.45,-10.45,-5.66,-5.66,5640.41,5623.27,-9.08,-9.08,-7.25,-7.25,-12.65,-16.12,-8.94,-8.94,-14.93,-14.93,-9.49,-9.49,-14.21,-14.21,-3.83,-3.83,534.93,533.3,5640.41,5623.27,20.9,20.98,2501.8,2494.19,7050.51,7029.09,5344.74,5328.5,3980.13,3968.03,421.35,421.35,44.19,44.19,14.64,14.64,59.65,59.65,44.26,44.26,1.59,1.59,35.68,35.68,4.98,4.98,50.5,50.5,157,167,66.3,66.3,113.07,113.07,87.22,87.28,14.94,14.94,2046.92,2040.7,62.66,62.66,55.83,55.83,79.63,79.76,-42.81,-43.81,0.76,0.76,93.91,93.91,309.73,309.73,6,6,77,77,56.42,55.9,3411.54,3401.17,1106.04,1115.54,0.36,0.36,100.95,101.32,9.69,9.69,16.14,16.14,1175.53,1243.58,1.17,1.14,40.06,40.06,69.09,69.11,-99.37,-99.37,60,60,113.24,113.24,55870.1,56040.42,36181.21,36291.52,81878,82127,5685.9,5668.62,2.53,2.53,2615.51,2607.56,118600000000,119200000000,11397.5,11320.17,19.44,19.44,55.54,58.5
Flitswarm Alpha,77.56,77.56,57.33,57.33,52,52,3.61,3.61,30.27,30.14,44.28,44.28,180.12,465.09,24.67,24.67,171,171,-3.16,-3.16,1296.9,1339.46,-5.48,-5.48,3890.69,4018.38,936.65,1190.63,-4.9,-4.9,3026.09,3125.41,-4.74,-4.74,2377.64,2455.68,4683.24,1116.22,3962.74,4092.79,3998.76,4130,0,0,2521.74,2604.5,3818.64,3943.96,3159.78,3263.48,3026.09,3125.41,10.63,10.77,2161.49,2232.43,1260.87,1302.25,540.37,558.11,180.12,186.04,9.08,9.08,27.72,27.72,15.51,15.51,46.98,46.98,32.28,32.28,2.82,2.82,51.62,51.62,1,1,51.48,51.48,109,119,59.46,59.46,66.76,66.76,72.52,72.72,10.33,10.33,1441,1488.29,38.32,38.32,50,50,19.94,22.2,81.01,78.13,4.34,4.34,93.04,93.04,449.09,449.09,-8,-8,64,64,67,66.57,630.44,651.13,632.78,714.53,1.23,1.23,273.23,273.84,11.52,11.57,26.22,26.22,561.2,656.41,1.99,1.85,44.67,44.67,54.81,54.88,-89.16,-89.16,80.31,80.31,107.17,107.17,49830.02,48247,25038.97,24243.52,90342,87472,1531.06,1581.31,5.34,5.34,360.25,372.07,168200000000,164500000000,39913.85,37536.16,12.41,12.41,14.42,15.53
