Nation,s0,f0,s1,f1,s2,f2,s4,f4,s5,f5,s6,f6,s7,f7,s8,f8,s9,f9,s10,f10,s11,f11,s12,f12,s13,f13,s14,f14,s15,f15,s16,f16,s17,f17,s18,f18,s19,f19,s20,f20,s21,f21,s22,f22,s23,f23,s24,f24,s25,f25,s26,f26,s27,f27,s28,f28,s29,f29,s30,f30,s31,f31,s32,f32,s33,f33,s34,f34,s35,f35,s36,f36,s37,f37,s38,f38,s39,f39,s40,f40,s41,f41,s42,f42,s43,f43,s44,f44,s45,f45,s46,f46,s47,f47,s48,f48,s49,f49,s50,f50,s51,f51,s52,f52,s53,f53,s54,f54,s55,f55,s56,f56,s57,f57,s58,f58,s59,f59,s60,f60,s61,f61,s62,f62,s63,f63,s64,f64,s67,f67,s68,f68,s69,f69,s70,f70,s71,f71,s72,f72,s73,f73,s74,f74,s75,f75,s77,f77,s78,f78,s79,f79,s85,f85,s87,f87,s88,f88
Oversized Operativez 10,1,1,8,8,3,3,1.17,1.17,34.71,34.71,42,42,383.09,383.09,99,99,2.25,2.25,-8.6,-8.6,-7.69,-7.69,-9.17,-9.17,-10.39,-10.39,-6.32,-6.32,6609.83,6609.83,612.95,612.95,-5.05,-5.05,-5.83,-5.83,-10.68,-10.68,442.69,442.69,-3.74,-3.74,-8,-8,-5.83,-5.83,-10.82,-10.82,-4,-4,612.95,612.95,11.87,11.87,553.36,553.36,553.36,553.36,851.32,851.32,297.96,297.96,141.46,141.46,85.44,85.44,12,12,11.94,11.94,0.87,0.87,40.35,40.35,50,50,1,1,50,50,107,107,63.03,63.03,78.02,78.02,67.68,67.68,46.58,46.58,595.93,595.93,108.53,108.53,-92,-92,42.78,42.78,49.53,49.53,28.66,28.66,91.19,91.19,11390.62,11390.62,0,0,64,64,75.79,75.79,510.79,510.79,456.94,456.94,0.19,0.19,8.57,8.57,9.25,9.25,17.06,17.06,605.74,605.74,2.55,2.55,8.42,8.42,42.77,42.77,28.28,28.28,-70.71,-70.71,101.85,101.85,15417.61,15417.61,14190.34,14190.34,16609,16609,425.66,425.66,2.9,2.9,212.83,212.83,3.7184E+12,3.7227E+12,8818.87,8818.87,9.21,9.21,8.65,8.65
Sophistical Refutations,57.33,57.33,57.33,57.33,57.33,57.33,3.61,3.61,32.7,32.7,42,42,492.99,492.99,50,50,112.5,112.5,2208.6,2208.6,757.23,757.23,-8,-8,-3.74,-3.74,1104.3,1104.3,5426.85,5426.85,4574.96,4574.96,-5.74,-5.74,2208.6,2208.6,-5.83,-5.83,-5.83,-5.83,3786.17,3786.17,236.64,236.64,4574.96,4574.96,631.03,631.03,2271.7,2271.7,6783.56,6783.56,9.43,9.43,887.38,887.38,887.38,887.38,1183.18,1183.18,295.79,295.79,119.98,119.98,27.72,27.72,12,12,49.93,49.93,22.29,22.29,20.85,20.85,50,50,1,1,50,50,106,106,56.72,56.72,57.19,57.19,69.53,69.53,0.55,0.55,1183.18,1183.18,54.42,54.42,50,50,17.61,17.61,85.66,85.66,3.24,3.24,93.2,93.2,610.35,610.35,0,0,64,64,68.1,68.1,788.79,788.79,679.98,679.98,0.34,0.34,126.2,126.2,9.92,9.92,17.16,17.16,582.48,582.48,1.91,1.91,54.45,54.45,52.72,52.72,-53.85,-53.85,-17.32,-17.32,100.2,100.2,45579.98,45579.98,22903.37,22903.37,82637,82637,788.79,788.79,10.54,10.54,98.6,98.6,6.654E+11,6.672E+11,37557.9,37557.9,7.09,7.09,14.29,14.29
Nobunaga,57.33,57.33,57.33,57.33,57.33,57.33,3.61,3.61,32.77,32.77,42,42,346.33,346.33,50,50,112.5,112.5,2308.89,2308.89,1454.6,1454.6,5079.55,5079.55,461.78,461.78,461.78,461.78,-5.05,-5.05,-7.07,-7.07,577.22,577.22,5079.55,5079.55,-6.32,-6.32,4617.77,4617.77,-6.32,-6.32,-8.37,-8.37,-6.32,-6.32,1847.11,1847.11,-5.29,-5.29,7388.43,7388.43,9.33,9.33,1039,1039,1039,1039,1385.33,1385.33,346.33,346.33,119.98,119.98,27.72,27.72,12,12,49.93,49.93,23.01,23.01,19.97,19.97,50,50,1,1,50,50,100,100,56.72,56.72,57.19,57.19,69.46,69.46,0.56,0.56,1385.33,1385.33,83.83,83.83,50,50,23.79,23.79,80.19,80.19,3.24,3.24,93.2,93.2,610.35,610.35,0,0,64,64,67.82,67.82,923.55,923.55,559.63,559.63,0.32,0.32,126.07,126.07,11.9,11.9,17.16,17.16,509.99,509.99,2.17,2.17,54.44,54.44,52.69,52.69,67.82,67.82,30,30,100.2,100.2,38950.89,38950.89,19572.34,19572.34,70618,70618,923.55,923.55,10.54,10.54,115.44,115.44,1.0324E+12,1.0336E+12,29680.58,29680.58,7.09,7.09,12.51,12.51
Naknia,64.83,64.83,25,25,72,72,1.72,1.72,31.26,31.26,42,42,611.09,611.09,43.75,43.75,128.25,128.25,1520.93,1520.93,-5.22,-5.22,1249.34,1249.34,2553,2553,-4.69,-4.69,-5.44,-5.44,977.74,977.74,1222.18,1222.18,-2,-2,-8,-8,1792.53,1792.53,1711.05,1711.05,3422.1,3422.1,-2,-2,-3.13,-3.13,1290.61,1290.61,3748.02,3748.02,13.23,13.23,1561.67,1561.67,1222.18,1222.18,1222.18,1222.18,611.09,611.09,42.28,42.28,58.28,58.28,13,13,41.9,41.9,30.59,30.59,3.48,3.48,51,51,1,1,50.5,50.5,107,107,63.26,63.26,101.97,101.97,71.19,71.19,16.68,16.68,1086.38,1086.38,83.71,83.71,25,25,45.72,45.72,44.38,44.38,0.82,0.82,93.8,93.8,624.68,624.68,0,0,64,64,51.96,51.96,950.58,950.58,682.6,682.6,0.28,0.28,194.54,194.54,9.91,9.91,17.69,17.69,608.17,608.17,1.9,1.9,38.32,38.32,48.94,48.94,-59.58,-59.58,76.49,76.49,103,103,29142.73,29142.73,21893.29,21893.29,37565,37565,1290.08,1290.08,2.87,2.87,543.19,543.19,1700000000,2000000000,15824.5,15824.5,6.75,6.75,8.7,8.7
Grand Brittania,21.5,23,77.33,72.89,66.67,66.67,12.04,8.22,33.09,32.39,43,43,188.88,184.04,78.5,77,49.5,51.75,1737.72,1693.12,2715.01,2645.32,3626.56,3533.48,6573.13,6404.42,3853.22,3754.32,514.14,500.94,4684.3,4564.07,4070.05,3965.59,-2.45,-2.45,6270.92,6109.97,2871.02,2797.33,6648.68,6478.04,5515.39,5373.83,604.43,588.91,-3.13,-3.13,-4.1,-4.1,10048.58,9790.67,8.94,8.94,283.32,276.05,944.42,920.18,1416.62,1380.26,377.77,368.07,7.94,7.94,8.31,12.17,13,13,67.64,64.14,20.65,20.98,22.69,22.34,50,50,1,1,50,50,98,98,55.97,56.74,56.61,62.32,69.14,69.86,21.41,18.69,1416.62,1380.26,66.68,67.39,75,68.33,8.56,8.75,106.55,104.84,1.51,1.51,93.52,93.52,566.41,607.64,-4,-4,64,64,73.06,72.28,661.09,644.12,373.43,409.48,0.32,0.31,27.23,27.73,13.78,13.21,32.57,32.57,461.74,461.74,3.16,2.84,33.59,36.31,58.45,57.35,-66.71,-66.71,96.18,96.18,103,103,64000.39,62357.74,16238.91,19751.79,195508,162324,661.09,644.12,11.51,10.51,-3.16,-3.16,600000000,1500000000,58496.36,56870.26,14.51,14.48,22.56,20.3
Tinell,75.5,75.83,21.33,20,75.33,75.33,1.44,1.39,30.65,30.84,44.83,44.83,287.2,273.89,27.75,27.25,164.25,164.25,497.82,474.75,-5.93,-5.93,2335.92,2227.67,428.89,409.02,995.64,949.5,2328.27,2220.37,1493.46,1424.25,3194.47,3046.44,1014.79,967.76,2603.98,2483.31,2795.45,2665.91,2393.36,2282.45,497.82,474.75,2412.51,2300.71,-3.55,-3.55,865.44,825.34,4327.2,4126.68,14.21,14.21,1627.49,1552.07,861.61,821.68,478.67,456.49,622.27,593.44,1207.99,1207.99,69.36,72.01,17.36,17.36,37.81,36.73,33.94,34.02,2.46,2.44,51.62,51.62,1,1,53.38,53.38,110,110,67.13,67.26,100.18,100.63,71.99,71.73,26.25,26.86,861.61,821.68,65.22,65.1,-82.67,-84,35.02,35.16,48.39,47.97,0.76,0.76,93.94,93.94,519.73,526,-8,-8,67,67,76.82,76.64,526.54,502.14,895.32,896.23,0.43,0.43,244.73,244.73,9.8,9.78,12.56,12.56,572.42,572.42,1.63,1.63,28.75,28.14,48.67,48.14,61.07,61.07,48.68,48.68,108.45,108.45,36187.67,34510.7,29826.33,29016.46,43001,40293,1005.21,958.63,2.47,2.46,382.94,365.19,1.01E+11,1.066E+11,23521.99,22362.93,12.68,12.68,12.16,11.72
Southern Polish,90,90.67,50.67,41.78,82,82,4.36,3.44,34.06,33.89,45.34,45.34,-7.07,-7.07,10,9.33,202.5,204.75,3395.65,3119.58,-7,-7,2546.74,2339.69,-5.66,-5.66,2701.08,2481.49,6059.3,5566.68,-5.35,-5.35,2856.2,2623.99,-3.46,-3.46,-1.41,-1.41,-6.48,-6.48,-7.14,-7.14,4939.12,4537.57,1466.3,1347.09,-4.73,-4.73,4815.64,4424.13,5942.38,5459.27,6.24,6.24,1639.94,1506.62,675.27,620.37,-4.47,-4.47,-7.07,-7.07,589.82,589.82,22.94,29.06,16.29,16.29,66.68,62.17,35.46,35.57,2.23,2.22,52.16,52.16,1,1,51.48,51.48,103,103,54.89,55.73,47.96,54.04,68.22,68.37,26.16,25.27,96.47,88.62,54.48,55.69,55,48.33,8.16,8.35,104.64,102.93,0.7,0.7,94.17,94.17,144.56,169.3,0,0,68,68,69.57,68.48,0,0,467.13,495.82,1.48,1.4,356.72,363.19,9.96,9.9,15.41,15.41,518.06,518.06,2.5,2.38,28.84,29.73,51.38,50.1,66.33,66.33,-33.17,-33.17,86.35,86.35,41651.85,38265.56,18857.31,19735.64,82198,67904,964.67,886.24,12.75,11.81,-3.16,-3.16,12700000000,15500000000,38236.4,35089.52,1.43,1.42,17,15.21
Libcod,83,83,79.56,79.56,18,18,15.63,15.63,53.56,53.56,42,42,116.97,116.97,17,17,186.75,186.75,-5.48,-5.48,1796.7,1796.7,4211.02,4211.02,3836.71,3836.71,4211.02,4211.02,243.3,243.3,1403.67,1403.67,4997.08,4997.08,467.89,467.89,4678.91,4678.91,935.78,935.78,5146.8,5146.8,6550.48,6550.48,467.89,467.89,1590.83,1590.83,-2.97,-2.97,5614.69,5614.69,8.19,8.19,-3.16,-3.16,350.92,350.92,1637.62,1637.62,116.97,116.97,109.99,109.99,6.4,6.4,12,12,39.83,39.83,22.1,22.1,21.07,21.07,50,50,1,1,50,50,102,102,44.28,44.28,16.28,16.28,63.89,63.89,31.65,31.65,2573.4,2573.4,23.71,23.71,78.33,78.33,9.72,9.72,101.63,101.63,17.58,17.58,91.89,91.89,394.98,394.98,0,0,64,64,73.4,73.4,701.84,701.84,176.02,176.02,2.15,2.15,284.09,284.09,14.23,14.23,17.21,17.21,485.59,485.59,83.88,83.88,23.35,23.35,56.4,56.4,17.32,17.32,64.81,64.81,99.3,99.3,53858.94,53858.94,11700.7,11700.7,182902,182902,701.84,701.84,18.53,18.53,-13.04,-13.04,1.2983E+12,1.3E+12,48634.63,48634.63,7.1,7.1,22.12,22.12
Oversized Operativez 11,1,1,8,8,3,3,1.17,1.17,34.72,34.72,42,42,375.62,375.62,99,99,2.25,2.25,767.94,767.94,-5.93,-5.93,-5.83,-5.83,-6.16,-6.16,-8.37,-8.37,6418.31,6418.31,-8.6,-8.6,-9.64,-9.64,934.88,934.88,-8,-8,-5.83,-5.83,-9.7,-9.7,767.94,767.94,-11.14,-11.14,-5.2,-5.2,-9.87,-9.87,767.94,767.94,11.87,11.87,542.57,542.57,542.57,542.57,834.72,834.72,292.15,292.15,141.46,141.46,85.44,85.44,12,12,11.94,11.94,0.88,0.88,40.12,40.12,50,50,1,1,50,50,107,107,63.03,63.03,78.02,78.02,67.67,67.67,46.58,46.58,584.3,584.3,113.09,113.09,-92,-92,41.56,41.56,50.24,50.24,28.66,28.66,91.19,91.19,11390.62,11390.62,0,0,64,64,75.79,75.79,500.83,500.83,419.3,419.3,0.19,0.19,8.57,8.57,9.36,9.36,17.06,17.06,601.06,601.06,2.77,2.77,8.42,8.42,42.76,42.76,-14.14,-14.14,-38.73,-38.73,101.85,101.85,15708.71,15708.71,14458.26,14458.26,16923,16923,417.36,417.36,2.9,2.9,208.68,208.68,3.6617E+12,3.6667E+12,9173.88,9173.88,9.21,9.21,8.51,8.51
The wonderful emotion of Schadenfreude,57.33,57.33,60,60,57.33,57.33,3.88,3.88,32.55,32.55,42,42,403.95,403.95,50,50,112.5,112.5,-4.47,-4.47,1631.95,1631.95,0,0,-6.32,-6.32,-4.47,-4.47,-5.39,-5.39,-6.32,-6.32,2186.7,2186.7,-7.07,-7.07,1077.19,1077.19,6463.17,6463.17,1077.19,1077.19,-7.07,-7.07,-4.47,-4.47,1077.19,1077.19,1723.51,1723.51,0,0,9.33,9.33,1211.84,1211.84,1211.84,1211.84,1615.79,1615.79,403.95,403.95,119.98,119.98,25.75,25.75,12,12,50.95,50.95,22.36,22.36,20.76,20.76,50,50,1,1,50,50,100,100,56.47,56.47,55.68,55.68,69.68,69.68,1.22,1.22,1615.79,1615.79,73.23,73.23,52,52,29.91,29.91,76.91,76.91,3.24,3.24,93.2,93.2,594.18,594.18,0,0,64,64,67.99,67.99,1077.19,1077.19,544.24,544.24,0.33,0.33,126.07,126.07,10.42,10.42,17.16,17.16,502.54,502.54,2.21,2.21,53.78,53.78,53.21,53.21,40,40,-40,-40,100.2,100.2,35159.63,35159.63,16967.58,16967.58,65887,65887,1077.19,1077.19,10.87,10.87,134.65,134.65,4.664E+11,4.676E+11,24646.9,24646.9,7.09,7.09,13.6,13.6
Zelheul,70.33,70.33,19.83,19.83,70,70,1.23,1.23,27.89,27.89,42,42,1802.61,1802.61,35.5,35.5,146.25,146.25,811.17,811.17,1514.19,1514.19,-2,-2,-2,-2,-1.77,-1.77,-1.26,-1.26,-4.9,-4.9,-12.37,-12.37,-2.45,-2.45,-2,-2,135.2,135.2,-2,-2,-2,-2,1261.82,1261.82,811.17,811.17,234.34,234.34,811.17,811.17,20.25,20.25,2591.25,2591.25,2703.91,2703.91,1746.27,1746.27,1464.62,1464.62,883.11,883.11,81.26,81.26,12,12,37.26,37.26,33.33,33.33,2.57,2.57,50,50,2.52,2.52,50,50,122,122,69.78,69.78,107.21,107.21,76.57,76.57,20.19,20.19,1408.29,1408.29,99.57,99.57,-80.17,-80.17,78.61,78.61,-45.7,-45.7,0.98,0.98,93.7,93.7,623.99,623.99,0,0,64,64,76.33,76.33,1464.62,1464.62,1025.35,1025.35,0.26,0.26,129.56,129.56,9.76,9.76,14.04,14.04,767.16,767.16,1.47,1.47,34.81,34.81,50.38,50.38,-42.43,-42.43,40,40,108.14,108.14,27863.79,27863.79,24975.75,24975.75,30735,30735,2027.93,2027.93,2.31,2.31,1464.62,1464.62,1.4E+11,1.401E+11,5962.85,5962.85,8.22,8.22,8.71,8.71
Oversized Operativez 12,1,1,2.33,2.33,3,3,1.05,1.05,37.34,37.34,42,42,167.55,167.55,99,99,2.25,2.25,765.96,765.96,-10.48,-10.48,-8.37,-8.37,153.19,153.19,-4.24,-4.24,3355.36,3355.36,-10.49,-10.49,-9.98,-9.98,-8.94,-8.94,-8.37,-8.37,-10.49,-10.49,382.98,382.98,765.96,765.96,670.21,670.21,162.77,162.77,-5.06,-5.06,765.96,765.96,11.92,11.92,311.17,311.17,311.17,311.17,478.72,478.72,239.36,239.36,141.46,141.46,95.02,95.02,12,12,11.14,11.14,0.91,0.91,39.57,39.57,50,50,1,1,50,50,101,101,63.53,63.53,79.47,79.47,65.87,65.87,48.48,48.48,335.11,335.11,113.43,113.43,-97.67,-97.67,38.23,38.23,51.16,51.16,28.66,28.66,91.19,91.19,12803.26,12803.26,0,0,64,64,75.35,75.35,287.23,287.23,389.89,389.89,0.19,0.19,8.53,8.53,9.26,9.26,17.06,17.06,550.76,550.76,3,3,6.52,6.52,41.05,41.05,-68.56,-68.56,34.64,34.64,101.85,101.85,10325.56,10325.56,10051.58,10051.58,10579,10579,239.36,239.36,2.83,2.83,119.68,119.68,2.7352E+12,2.7378E+12,6381.2,6381.2,9.21,9.21,7.29,7.29
Lesser Hippias,57.33,57.33,57.33,57.33,57.33,57.33,3.61,3.61,32.66,32.66,42,42,126.87,126.87,50,50,112.5,112.5,-4.47,-4.47,-3.46,-3.46,4567.24,4567.24,-5.66,-5.66,-7.35,-7.35,-6.93,-6.93,-4.47,-4.47,2283.62,2283.62,1014.94,1014.94,1014.94,1014.94,-7.07,-7.07,1522.41,1522.41,2029.89,2029.89,1522.41,1522.41,-8,-8,6643.92,6643.92,4567.24,4567.24,9.43,9.43,1141.81,1141.81,1141.81,1141.81,1522.41,1522.41,380.6,380.6,119.98,119.98,27.72,27.72,12,12,49.93,49.93,23.83,23.83,18.9,18.9,50,50,1,1,50,50,92,92,57.27,57.27,60.37,60.37,69.58,69.58,0.56,0.56,1522.41,1522.41,80.88,80.88,50,50,29.07,29.07,76.52,76.52,3.24,3.24,93.2,93.2,610.35,610.35,0,0,64,64,67.71,67.71,1014.94,1014.94,437.23,437.23,0.32,0.32,125.69,125.69,12.1,12.1,17.16,17.16,405.48,405.48,2.66,2.66,54.44,54.44,53.46,53.46,72.8,72.8,-28.28,-28.28,100.2,100.2,35442.93,35442.93,17809.63,17809.63,64258,64258,1522.41,1522.41,9.75,9.75,126.87,126.87,6.211E+11,6.224E+11,25129.04,25129.04,7.09,7.09,12.41,12.41
Major scary,57.33,57.33,60,60,57.33,57.33,3.88,3.88,32.71,32.71,42,42,287.88,287.88,50,50,112.5,112.5,3838.42,3838.42,-5.96,-5.96,3070.74,3070.74,0,0,3070.74,3070.74,5508.14,5508.14,-7.75,-7.75,-3.87,-3.87,-8.37,-8.37,-7.75,-7.75,-7.07,-7.07,3454.58,3454.58,1919.21,1919.21,4222.26,4222.26,1151.53,1151.53,5633.91,5633.91,6909.16,6909.16,9.33,9.33,863.65,863.65,863.65,863.65,1151.53,1151.53,287.88,287.88,119.98,119.98,25.75,25.75,12,12,50.95,50.95,22.66,22.66,20.41,20.41,50,50,1,1,50,50,100,100,56.47,56.47,55.68,55.68,69.52,69.52,1.22,1.22,1151.53,1151.53,81.57,81.57,52,52,14.79,14.79,89.53,89.53,3.24,3.24,93.2,93.2,594.18,594.18,0,0,64,64,68.75,68.75,767.68,767.68,618.9,618.9,0.32,0.32,126.07,126.07,9.87,9.87,17.16,17.16,525.42,525.42,2.02,2.02,53.78,53.78,53.16,53.16,60,60,20,20,100.2,100.2,49276.77,49276.77,23780.33,23780.33,92342,92342,767.68,767.68,10.87,10.87,95.96,95.96,5.27E+11,5.288E+11,41983.81,41983.81,7.09,7.09,13.16,13.16
Emuli Legion 23,77.17,77.17,66,66,25,25,4.93,4.93,35.42,35.42,37.37,37.37,198.52,198.52,25.25,25.25,168.75,168.75,0,0,5207.08,5207.08,-5.48,-5.48,5955.49,5955.49,3176.26,3176.26,3313.24,3313.24,2064.57,2064.57,-7.6,-7.6,5161.42,5161.42,3573.29,3573.29,-8.37,-8.37,2779.23,2779.23,4367.36,4367.36,3573.29,3573.29,-3.16,-3.16,3811.51,3811.51,2064.57,2064.57,8.19,8.19,-4.47,-4.47,794.07,794.07,1191.1,1191.1,198.52,198.52,7.94,7.94,20.29,20.29,6.84,6.84,40.52,40.52,23.18,23.18,19.75,19.75,46.97,46.97,1,1,50,50,100,100,49.21,49.21,23.28,23.28,67.13,67.13,19.8,19.8,1488.87,1488.87,28.63,28.63,58,58,9.54,9.54,99.52,99.52,13.35,13.35,92.19,92.19,548.91,548.91,0,0,64,64,70.75,70.75,694.81,694.81,215.14,215.14,1.37,1.37,115.21,115.21,13.51,13.51,32.57,32.57,507.97,507.97,67.35,67.35,35.2,35.2,53.58,53.58,-96.7,-96.7,88.6,88.6,97.28,97.28,52412.27,52412.27,22164.39,22164.39,109233,109233,694.81,694.81,16.58,16.58,-7.07,-7.07,55800000000,57500000000,47433.11,47433.11,8.69,8.69,15.47,15.47
Cosmo Kramerica,48.36,49.09,100.02,100.02,56.53,56.53,1.38,1.38,22.43,22.43,15.98,15.98,843.1,843.1,56.73,56.18,61,61,15145.16,15145.22,2354.55,2354.56,-2.05,-2.05,600.9,600.9,-4.5,-4.5,-10.7,-10.7,21031.53,21031.62,-12.73,-12.73,-3.67,-3.67,-8.72,-8.72,21276.8,21276.89,5739.22,5739.24,-5.1,-5.1,-14.66,-14.66,4267.62,4267.64,-9.62,-9.62,36176.69,36176.84,20.42,20.42,-16.12,-16.12,6055,6055.02,7128.03,7128.06,5365.19,5365.21,239.44,239.44,72.55,72.69,0.49,0.49,41.04,40.94,57.69,57.76,1.21,1.21,49.36,49.36,7.03,7.03,31.88,31.88,143,143,77.15,77.15,121.6,121.62,90.33,90.33,9.4,9.27,7894.49,7894.52,5.64,5.64,31.33,31.17,53.32,53.32,2.49,2.46,5.84,5.84,92.87,92.87,840.22,836.61,-8,-8,74,74,54.76,54.75,-17.61,-17.61,1134.87,1135.01,1.2,1.19,9.97,9.97,9.28,9.28,16.68,16.68,1273.33,1273.33,1.08,1.08,45.6,45.73,88.02,88.02,-116.12,-116.12,115.03,115.03,60.89,60.89,102376.96,102377.4,86417.7,86502.96,119113,119010,4675.38,4675.4,2.04,2.04,-16.73,-16.73,4.0759E+12,4.1172E+12,47810.04,47810.24,21.02,21.02,40.28,40.28
State Peace and Development Council,66.86,67.43,69.33,69.22,60,60,1.4,1.4,21.15,21.15,46.76,46.76,7051.47,7051.48,40.71,39.86,135,137.25,-9.49,-9.49,-6.32,-6.32,-5.92,-5.92,-9.17,-9.17,-13.1,-13.1,-11.31,-11.31,-14.7,-14.7,-17.96,-17.96,0,0,-10.49,-10.49,-17.32,-17.32,-9.75,-9.75,-7.07,-7.07,-19.49,-19.49,-3.83,-3.83,-14.89,-14.89,0,0,20.78,20.78,4141.34,4141.35,12983.66,12983.68,2574.35,2574.35,2238.56,2238.57,1052.22,1052.22,71.21,71.35,18.02,18.02,26.97,26.91,51.38,51.5,1.35,1.35,52.64,52.64,8.06,8.06,52.44,52.44,285,285,76.1,76.09,106.9,106.93,90.98,90.98,10.04,10.38,2686.28,2686.28,111.39,111.38,33,32.83,68.32,68.32,-28.79,-28.82,1.16,1.16,93.63,93.63,657.74,651.92,-8,-8,77,77,49.52,49.52,559.64,559.64,1246.64,1246.38,0.22,0.22,187.8,188.47,8.98,8.98,13.26,13.26,1818.93,1818.93,0.83,0.83,44.96,44.62,68.48,68.48,-68.92,-68.92,54.77,54.77,108.14,108.14,48352.95,48353.01,40414.41,40454.55,56751,56701,9178.11,9178.12,2.07,2.07,783.5,783.5,3.224E+11,3.243E+11,15327.89,15327.9,12.81,12.79,78.74,78.74
Ugg Lands,68.47,68.87,67.9,67.81,65,65,1.31,1.31,20.52,20.52,44.28,44.28,12330.78,12330.79,38.3,37.7,139.5,141.75,-23.54,-23.54,-13.39,-13.39,-15.68,-15.68,-12.59,-12.59,-18.53,-18.53,-13.48,-13.48,-17.32,-17.32,-22.98,-22.98,-20.05,-20.05,-18.55,-18.55,-24.17,-24.17,-17.49,-17.49,-17.15,-17.15,-24.47,-24.47,-8.96,-8.96,-25.06,-25.06,0,0,28.65,28.65,6044.5,6044.5,12330.78,12330.79,7011.62,7011.63,2337.21,2337.21,74.94,74.94,76.2,76.32,15.9,15.9,27.23,27.17,82.74,82.81,0.9,0.9,53.51,53.51,9.3,9.3,51.96,51.96,436,436,87.96,87.95,119.34,119.36,91.35,91.35,14.49,14.74,7172.81,7172.81,100.95,100.92,26.86,26.71,78.29,78.29,-133.11,-133.13,4.8,4.8,92.99,92.99,651.24,647.4,-2,-2,108,108,43.66,43.66,886.53,886.53,1459.63,1459.47,0.18,0.18,162.19,162.82,8.23,8.23,17.42,17.42,3128.46,3128.46,0.58,0.58,40.51,40.26,71.95,71.95,-151.18,-151.18,96.82,96.82,106.84,106.84,66167.15,66167.18,57326.05,57373.1,75227,75172,10880.1,10880.11,1.82,1.82,1611.87,1611.87,7.589E+11,7.612E+11,14358.27,14358.28,17.47,17.45,135.44,135.44
Turmissia,72.5,72.83,23,22.83,75.33,75.33,1.4,1.4,32.7,32.68,39.43,39.43,1207.83,1208.39,32.25,31.75,153,155.25,1803.7,1804.53,2550.94,2552.13,-6.16,-6.16,-8.6,-8.6,-6,-6,-7.04,-7.04,251.23,251.35,1449.4,1450.07,579.76,580.03,-2,-2,-13.56,-13.56,-9.95,-9.95,193.25,193.34,-8,-8,2737.75,2739.03,-10.66,-10.65,2054.92,2055.88,12.45,12.45,161.04,161.12,966.27,966.71,1288.35,1288.95,563.65,563.92,1078.45,1078.45,71.21,71.35,13,13,44.22,44.09,31.92,32.01,2.93,2.9,47.8,47.8,1,1,52.44,52.44,132,132,64.12,64.1,103.34,103.38,69.53,69.55,22.78,23,1932.53,1933.43,46.01,45.68,-77,-77.17,54.88,54.89,43.13,43.1,0.76,0.76,93.94,93.94,511,508.52,-8,-8,67,67,77.04,77.04,885.74,886.16,1000.34,998.1,0.43,0.43,220.17,224.53,9.88,9.88,13.14,13.14,787.95,787.95,1.54,1.54,32.22,32,47.02,47.03,35.36,35.36,-56.12,-56.12,105.5,105.5,23160.1,23170.86,19357.69,19385.9,27183,27171,885.74,886.16,2.75,2.75,241.57,241.68,3.313E+11,3.464E+11,10445.2,10450.06,15.16,15.14,14.91,14.91
Etruriia,51,53,33.78,27.67,65.33,65.33,2.1,1.84,32.11,32.38,43,43,362.82,326.03,54.75,53.25,103.5,105.75,290.26,260.82,875.13,786.38,870.77,782.46,-7.21,-7.21,-7.48,-7.48,3205.9,2880.77,4295.82,3860.15,-8.35,-8.35,0,0,3192.84,2869.03,2902.58,2608.21,2234.99,2008.32,2612.32,2347.39,-7.07,-7.07,1625.44,1460.6,1947.2,1606.27,5456.85,4903.43,10.77,10.77,435.39,391.23,943.34,847.67,1233.6,1108.49,580.52,521.64,32.69,32.69,47.72,54.26,13.62,13.62,42.94,40.06,25.36,25.65,16.68,16.21,51,51,1,1,50.5,50.5,99,99,62.04,62.48,94.75,97.32,70.18,69.87,10.38,11.43,1378.73,1238.9,55.89,55.49,32.33,27.67,23.47,24,73.79,72.41,1.81,1.81,93.45,93.45,742.26,770.95,-8,-8,64,64,63.13,57.43,725.64,652.05,710.97,719.88,0.34,0.34,178.88,180.18,9.69,9.64,17.79,17.79,501.41,501.41,1.85,1.84,44.62,43.57,49.73,48.51,58.31,58.31,-43.59,-43.59,106.84,106.84,38078.51,34073.27,25701.42,24636.72,53857,45408,725.64,652.05,3.1,3,145.13,130.41,65100000000,1.035E+11,29130.06,25895.68,13.87,13.84,11.77,10.75
New Golcondan sultinate,71.33,71.6,61.78,52.89,76.67,76.67,4.14,3.23,32.54,32.37,42,42,-5.48,-5.48,34,33.6,148.5,150.75,-4.9,-4.9,-3.35,-3.35,1578.58,1454.46,4998.84,4605.78,4472.64,4120.96,420.95,387.85,2894.06,2666.5,-1.73,-1.73,-6,-6,-2,-2,5086.54,4686.58,3507.96,3232.12,-2,-2,-4.9,-4.9,-1.67,-1.67,6835.39,5978.75,4472.64,4120.96,7,7,1205.86,1111.04,657.74,606.02,438.49,404.02,0,0,439.84,439.84,24.17,30.97,13.62,13.62,63.9,59.49,31.62,31.69,3.03,3,50,50,1,1,50.99,50.99,108,108,56.36,57.17,58.68,64.87,69.7,69.89,14.98,15.12,986.61,909.03,41.5,42.81,53.33,46.67,9.36,9.6,99.49,97.53,0.73,0.73,94.04,94.04,308.64,345.97,-4,-4,64,64,69.62,68.34,219.25,202.01,507.73,531.25,1.24,1.19,101.02,101.51,11.21,10.61,16.07,16.07,554.43,554.43,2.33,2.25,40.02,39.88,53.97,52.47,-66.71,-66.71,79.06,79.06,101.45,101.45,45286.98,41406.87,21103.88,22111.13,87311,71395,767.37,707.03,11.02,9.9,-4.47,-4.47,6700000000,8600000000,41030,37431.81,12.81,12.79,13.44,11.8
Accipia,25,27,65.33,57.78,66.67,66.67,4.73,3.7,30.51,30.28,45.34,45.34,181.85,173.85,75,73,56.25,60.75,3855.29,3685.58,5305.38,5071.85,3855.29,3685.58,3055.13,2920.65,1891.27,1808.02,-5.86,-5.86,2764.17,2642.49,572.47,547.27,836.52,799.7,218.22,208.62,1673.05,1599.4,7637.83,7301.63,3127.87,2990.19,2036.75,1947.1,2254.98,2155.72,1047.47,777.87,10474.74,10013.66,10.49,10.49,1454.82,1390.79,1182.05,1130.01,1091.12,1043.09,181.85,173.85,468.75,468.75,21.16,27.05,15.9,15.9,56.53,52.93,23.12,23.53,19.83,19.29,50,50,1,1,50.99,50.99,100,100,59.84,60.44,78.11,82.91,72.19,72.51,14.25,11.36,1272.97,1216.94,88.02,88.31,57,50.33,16.13,16.8,87.23,85.39,1.51,1.51,93.52,93.52,685.79,726.64,-4,-4,64,64,69.18,68.02,636.49,608.47,547.72,590.39,0.28,0.28,48.31,53.15,12.58,11.99,15.95,15.95,499.1,499.1,2.2,2.09,40.75,43.64,55.89,54.67,17.32,17.32,70.71,70.71,103.37,103.37,56133.32,53438.95,24296.51,26497.92,114842,97947,1091.12,1043.09,4.38,3.69,272.78,260.77,700000000,2000000000,47095.86,44461.21,14.35,14.3,16.27,14.55
Oversized Operativez 13,2,2,8,8,3,3,1.17,1.17,34.73,34.73,42,42,383.45,383.45,98,98,4.5,4.5,-5.83,-5.83,-4.38,-4.38,272.67,272.67,715.77,715.77,-10,-10,6590.37,6590.37,272.67,272.67,-1.73,-1.73,-5.83,-5.83,-9.7,-9.7,102.25,102.25,-8,-8,-8,-8,-9.17,-9.17,-10.34,-10.34,-11.71,-11.71,545.35,545.35,11.87,11.87,553.87,553.87,553.87,553.87,852.11,852.11,298.24,298.24,141.46,141.46,85.44,85.44,12,12,11.94,11.94,0.9,0.9,39.74,39.74,50,50,1,1,50,50,107,107,63.01,63.01,77.97,77.97,67.66,67.66,46.25,46.25,596.48,596.48,111.56,111.56,-92,-92,42.83,42.83,49.5,49.5,28.66,28.66,91.19,91.19,11155.37,11155.37,0,0,64,64,75.79,75.79,511.26,511.26,445.38,445.38,0.2,0.2,9.57,9.57,9.21,9.21,17.06,17.06,603.87,603.87,2.61,2.61,8.75,8.75,42.76,42.76,-41.23,-41.23,50,50,101.85,101.85,15406.27,15406.27,14179.9,14179.9,16597,16597,426.05,426.05,2.91,2.91,213.03,213.03,3.7198E+12,3.7234E+12,8812.39,8812.39,9.17,9.17,9.49,9.49
The Complete Works of Aristotle Vol 2,57.33,57.33,57.33,57.33,57.33,57.33,3.61,3.61,32.76,32.76,42,42,277.06,277.06,50,50,112.5,112.5,-7.75,-7.75,4118.9,4118.9,4063.48,4063.48,2955.26,2955.26,1108.22,1108.22,-5.05,-5.05,-4.47,-4.47,-8.19,-8.19,1847.04,1847.04,2216.45,2216.45,1108.22,1108.22,3324.67,3324.67,2585.85,2585.85,3324.67,3324.67,4802.3,4802.3,3546.31,3546.31,4063.48,4063.48,9.33,9.33,831.17,831.17,831.17,831.17,1108.22,1108.22,277.06,277.06,119.98,119.98,27.72,27.72,12,12,49.93,49.93,25.88,25.88,15.83,15.83,50,50,1,1,50,50,100,100,56.72,56.72,57.19,57.19,69.47,69.47,0.56,0.56,1108.22,1108.22,81.03,81.03,50,50,14.46,14.46,89.66,89.66,3.24,3.24,93.2,93.2,610.35,610.35,0,0,64,64,68.41,68.41,738.82,738.82,559.63,559.63,0.32,0.32,126.07,126.07,11.55,11.55,17.16,17.16,509.99,509.99,2.17,2.17,54.44,54.44,52.7,52.7,33.17,33.17,66.33,66.33,100.2,100.2,48651,48651,24446.52,24446.52,88205,88205,738.82,738.82,10.54,10.54,92.35,92.35,6.835E+11,6.849E+11,41596.6,41596.6,7.09,7.09,12.28,12.28
Biden BLAST,57.33,57.33,64,64,57.33,57.33,4.36,4.36,32.66,32.66,42,42,279.29,279.29,50,50,112.5,112.5,-7.07,-7.07,2662.54,2662.54,3723.83,3723.83,3723.83,3723.83,4096.21,4096.21,-3.94,-3.94,1861.92,1861.92,4207.93,4207.93,1861.92,1861.92,0,0,3723.83,3723.83,4840.98,4840.98,1117.15,1117.15,-7.07,-7.07,-3.16,-3.16,6344.54,6344.54,5585.75,5585.75,9.33,9.33,837.86,837.86,837.86,837.86,1117.15,1117.15,279.29,279.29,119.98,119.98,22.94,22.94,12,12,52.47,52.47,22.92,22.92,20.08,20.08,50,50,1,1,50,50,100,100,56.09,56.09,53.59,53.59,69.58,69.58,2.22,2.22,1117.15,1117.15,71.4,71.4,55,55,12.06,12.06,93.74,93.74,3.24,3.24,93.2,93.2,570.34,570.34,0,0,64,64,69.47,69.47,744.77,744.77,572.91,572.91,0.34,0.34,126.07,126.07,12.08,12.08,17.16,17.16,509.99,509.99,2.13,2.13,52.78,52.78,53.84,53.84,-20,-20,73.48,73.48,100.2,100.2,54158.53,54158.53,24519.54,24519.54,106879,106879,744.77,744.77,11.36,11.36,93.1,93.1,6.642E+11,6.66E+11,47605.35,47605.35,7.09,7.09,14.4,14.4
Emuli Legion 24,77.17,77.17,64,64,25,25,4.36,4.36,35.57,35.57,37.37,37.37,283.27,283.27,25.25,25.25,168.75,168.75,1699.6,1699.6,-6.83,-6.83,1699.6,1699.6,566.53,566.53,-7.75,-7.75,3402.03,3402.03,-4.58,-4.58,-2.74,-2.74,0,0,-3.16,-3.16,-8.37,-8.37,3965.73,3965.73,6231.86,6231.86,566.53,566.53,566.53,566.53,3625.81,3625.81,3399.2,3399.2,8.19,8.19,-4.47,-4.47,1133.07,1133.07,1699.6,1699.6,283.27,283.27,7.94,7.94,22.94,22.94,6.84,6.84,39.45,39.45,21.99,21.99,21.2,21.2,46.97,46.97,1,1,50,50,100,100,50.02,50.02,25.05,25.05,67.02,67.02,18.8,18.8,2124.5,2124.5,36.88,36.88,55,55,22.7,22.7,84.95,84.95,13.35,13.35,92.19,92.19,572.31,572.31,0,0,64,64,69.59,69.59,991.43,991.43,249.82,249.82,1.25,1.25,115.21,115.21,10.72,10.72,32.57,32.57,519.78,519.78,36.48,36.48,36.2,36.2,52.88,52.88,25.5,25.5,29.15,29.15,97.28,97.28,35779.36,35779.36,16198.62,16198.62,70609,70609,991.43,991.43,16.18,16.18,-7.07,-7.07,71200000000,73400000000,27657.45,27657.45,8.69,8.69,14.58,14.58
Naknia2,52.33,52.33,42.67,42.67,41.33,41.33,2.51,2.51,32.58,32.58,40.78,40.78,419.83,419.83,53.75,53.75,105.75,105.75,0,0,-4,-4,-7.07,-7.07,4299.04,4299.04,2351.04,2351.04,4836.42,4836.42,4164.69,4164.69,2099.14,2099.14,1007.59,1007.59,-7.75,-7.75,3694.48,3694.48,-4.47,-4.47,-3.16,-3.16,-7.75,-7.75,1209.1,1209.1,322.43,322.43,4164.69,4164.69,10.2,10.2,503.79,503.79,923.62,923.62,1259.48,1259.48,419.83,419.83,13.18,13.18,39.79,39.79,10.55,10.55,39.12,39.12,22.57,22.57,20.52,20.52,50,50,1,1,50,50,106,106,58.22,58.22,64.49,64.49,69.66,69.66,9.49,9.49,1175.52,1175.52,58.67,58.67,39,39,21.71,21.71,77.99,77.99,7.12,7.12,92.73,92.73,847.45,847.45,0,0,64,64,65.38,65.38,839.66,839.66,651.88,651.88,0.31,0.31,81.08,81.08,9.84,9.84,18.61,18.61,591.49,591.49,1.96,1.96,45.51,45.51,50.89,50.89,-97.98,-97.98,84.26,84.26,101.04,101.04,40508.35,40508.35,24788.69,24788.69,62299,62299,839.66,839.66,8.21,8.21,167.93,167.93,2200000000,2500000000,31718.03,31718.03,7.49,7.49,11.99,11.99
Nikolia,62.44,63.11,97.89,97.89,77.05,77.05,1.5,1.5,19.74,19.74,38.75,38.75,11650.93,11650.94,46.17,45.67,157.5,157.75,-18.81,-18.81,-12.13,-12.13,-13.07,-13.07,-12.82,-12.82,-17.96,-17.96,-13.77,-13.77,-17.72,-17.72,-23.94,-23.94,-14.49,-14.49,-21.77,-21.77,-23.75,-23.75,-16.85,-16.85,-15.94,-15.94,-22.69,-22.69,4331.82,4331.82,-9.28,-9.28,0,0,27.51,27.51,4563.28,4563.29,14563.66,14563.68,6116.74,6116.75,7087.65,7087.66,1698.53,1698.53,66.69,66.79,15.09,15.09,39.83,39.77,68.18,68.24,1.05,1.05,56.34,56.34,12.67,12.67,54.76,54.76,414,414,75.06,75.05,117.97,117.99,91.87,91.87,14.04,14.24,7281.83,7281.84,98.3,98.27,38.75,38.62,90.31,90.31,-136.62,-136.64,4.27,4.27,93.05,93.05,478.73,476.03,8,8,105,105,46.98,46.98,2330.19,2330.19,1348.18,1348.03,0.19,0.19,46.63,46.96,7.6,7.6,10.52,10.52,2619.06,2619.06,0.68,0.69,40.96,40.76,89.75,89.75,-125.97,-125.97,69.8,69.8,104.81,104.81,79171.94,79172.05,63908.69,63958.01,95823,95758,10874.2,10874.21,2.1,2.11,1747.64,1747.64,9.414E+11,9.468E+11,7679.68,7679.69,13.78,13.76,133.3,133.3
Caffeinneburg,58.44,59.11,78.48,78.38,31.81,31.81,1.31,1.31,20.43,20.42,40.78,40.78,9479.42,9479.43,49.17,48.67,192.75,193,-29.43,-29.43,-22.2,-22.2,-20.64,-20.64,-22.26,-22.26,-22.05,-22.05,-17.73,-17.73,-27.42,-27.42,-27.6,-27.6,-26.93,-26.93,-27.13,-27.13,-22.93,-22.93,-20.42,-20.42,-23.37,-23.37,-33.62,-33.62,-23.71,-23.71,-35.07,-35.07,0,0,21.79,21.79,1256.31,1256.31,11192.56,11192.58,5938.91,5938.92,-9.49,-9.49,3.19,3.19,76.32,76.44,0.82,0.82,21.29,21.23,72.74,72.79,0.99,0.99,61.07,61.07,11.08,11.08,32.53,32.53,553,553,87.5,87.49,108.97,109,91.41,91.41,15.36,15.57,20786.19,20786.21,5.5,5.5,26.71,26.57,27.75,27.76,48.3,48.27,6.04,6.04,92.84,92.84,995.79,992.08,4,4,109,109,53.86,53.86,-18.44,-18.44,1527.47,1527.34,7.9,7.9,102.24,102.73,5.64,5.64,90.7,90.7,3714.37,3714.37,0.53,0.53,39.64,39.43,74.63,74.63,-30.55,-30.55,-177.73,-177.73,78.21,78.21,54249.68,54249.73,47039.52,47078.12,61633,61588,5596.28,5596.29,1.83,1.83,-16.12,-16.12,9.274E+11,9.323E+11,39222.52,39168.3,16.8,16.78,140.82,140.82
Varna Mamluks,64.89,66.22,48.44,39.56,57.33,57.33,2.91,2.36,32.57,32.5,42,42,240.08,218.22,43.67,41.67,128.25,132.75,2560.8,2327.69,-4.84,-4.84,320.1,290.96,4161.31,3782.49,4161.31,3782.49,2874.5,2612.83,2880.9,2618.65,2023.04,1838.87,1600.5,1454.8,3841.21,3491.53,4161.31,3782.49,320.1,290.96,2880.9,2618.65,0,0,-7.07,-7.07,3869.27,3295.91,5761.81,5237.29,9.49,9.49,720.23,654.66,720.23,654.66,960.3,872.88,480.15,436.44,119.98,119.98,34.4,42.42,12,12,47.86,44.14,24.43,24.83,18.08,17.49,50,50,1,1,50,50,100,100,57.28,58.02,61.12,67.02,69.66,69.74,4.89,7.78,960.3,872.88,58.83,59.21,43.33,36.67,13.03,13.73,90.69,88.73,3.5,3.5,93.16,93.16,613.07,651.72,0,0,64,64,67.26,65.45,640.2,581.92,546.39,549.57,0.36,0.36,151.88,159.17,10.63,10.04,17.16,17.16,468.59,468.59,2.21,2.2,50.11,47.22,51.43,49.9,-80,-80,83.07,83.07,100.2,100.2,48388.85,43762.73,27364.18,27723.65,79538,65351,640.2,581.92,9.74,8.55,80.03,72.74,2.419E+11,4.172E+11,42098.3,37767.24,6.78,6.69,10.95,9.69
The Zohan,53.33,57.33,68.11,68,3,3,1.9,1.9,27.64,27.68,38.75,38.75,1887.43,1873.82,53,50,105.75,112.5,2925.52,2904.42,1245.7,1236.72,4341.09,4309.79,5001.69,4965.63,4057.98,4028.72,-7.95,-7.95,1349.51,1339.78,-10.17,-10.17,-8.94,-8.94,2453.66,2435.97,-10.86,-10.86,-7.62,-7.62,-6.16,-6.16,-14.42,-14.42,1349.51,1339.78,1159.08,1188.2,8616.12,8553.99,12.37,12.37,0,0,2595.22,2576.5,2713.18,2693.62,2359.29,2342.28,130.47,130.47,52.53,52.64,8.23,8.23,17.41,17.38,19.99,20.66,23.38,22.68,52.16,52.16,3.3,3.3,50,50,134,134,61.6,61.53,78.4,78.23,77.08,77,20.21,19.26,2005.4,1990.93,78.98,76.42,41.17,41,41.06,41.05,53.26,53.25,27.02,27.02,91.28,91.28,1655.74,1525.44,0,0,64,64,64.15,63.77,1179.64,1171.14,793.67,799.4,0.27,0.27,114.39,125.59,9.98,9.98,17.11,17.11,819.63,819.63,1.74,1.73,34.79,35.74,59.77,59.52,-48.99,-48.99,83.67,83.67,98.34,98.34,47217.12,46914.12,33553.13,33376.71,63879,63405,2595.22,2576.5,3.21,3.23,-5.48,-5.48,2.3344E+12,2.4011E+12,27810.88,27679.33,6.04,5.88,12.22,12
Videomapistan,55,57,12.67,11.67,20,20,1.3,1.27,31.28,31.44,45.83,45.83,418.96,402.57,51.75,50.25,110.25,112.5,2245.62,2157.75,674.19,647.81,-4.47,-4.47,-2.45,-2.45,-6,-6,-6.11,-6.11,281.54,270.52,-5.2,-5.2,-5.1,-5.1,2245.62,2157.75,-6.78,-6.78,-8.25,-8.25,1575.28,1513.65,569.78,547.49,1558.52,1497.55,-6.29,-6.29,2527.15,2428.28,16.52,16.52,1592.04,1529.75,921.71,885.65,1089.29,1046.67,544.65,523.34,1867.79,1867.79,77.19,78.86,17.01,17.01,18.06,17.59,21.11,21.44,22.2,21.83,50,50,1,1,51.96,51.96,101,101,69.39,69.45,92.4,92.67,71.16,70.96,23.64,23.47,712.23,684.36,104.3,103.78,-87.33,-88.33,60.89,60.98,11.18,10.92,16.94,16.94,91.93,91.93,2207.24,2177.18,0,0,67,67,75.96,75.86,628.44,603.85,1022.01,1022.92,0.23,0.24,55.85,56.58,9.62,9.61,9.88,9.88,533.52,533.52,1.48,1.48,31.36,31.53,46.39,46.11,-44.16,-44.16,30.82,30.82,104.46,104.46,24372.8,23419.19,21260.52,20661.71,27543,26200,1047.4,1006.41,2.33,2.33,502.75,483.08,1700000000,2000000000,9529.76,9133.48,7.81,7.77,8.17,8.07
Geozonya,62.67,64.67,48.44,39.56,57.33,57.33,2.91,2.36,32.61,32.55,42,42,258.78,235.43,46,44,121.5,126,1035.11,941.74,0,0,3450.37,3139.13,-6.32,-6.32,2760.3,2511.3,3212.3,2922.53,-3.16,-3.16,3981.73,3622.56,-6.32,-6.32,4140.45,3766.96,3450.37,3139.13,-7.07,-7.07,2070.22,1883.48,3795.41,3453.04,2415.26,2197.39,4415.67,3778.78,4485.49,4080.87,9.49,9.49,776.33,706.3,776.33,706.3,1035.11,941.74,517.56,470.87,119.98,119.98,34.4,42.42,12,12,46.46,42.87,24.42,24.82,18.08,17.5,50,50,1,1,50,50,100,100,57.37,58.11,62.38,68.3,69.63,69.69,4.11,7,1035.11,941.74,77.74,78.18,43.33,36.67,16.03,16.75,86.49,84.52,3.24,3.24,93.2,93.2,632.25,671.49,0,0,64,64,67.03,65.15,690.07,627.83,434.65,437.43,0.33,0.33,140.69,147.71,10.97,10.38,17.16,17.16,478.97,478.97,2.68,2.66,50.89,48,51.42,49.88,81.24,81.24,-40,-40,100.2,100.2,44905.82,40616.48,25394.5,25730.51,73813,60653,690.07,627.83,9.6,8.41,86.26,78.48,13400000000,26700000000,37720.89,33792.91,6.91,6.82,12.36,10.88
Obenhor,62.67,64.67,48.44,39.56,57.33,57.33,2.91,2.36,32.66,32.6,42,42,281.33,255.42,46,44,121.5,126,2625.76,2383.93,716.46,650.47,0,0,3000.86,2724.5,1125.32,1021.69,2524.48,2291.98,4501.3,4086.74,2558.24,2322.63,375.11,340.56,3000.86,2724.5,2250.65,2043.37,0,0,1125.32,1021.69,4501.3,4086.74,-7.07,-7.07,-2,-2,7127.05,6470.68,9.49,9.49,843.99,766.26,843.99,766.26,1125.32,1021.69,562.66,510.84,119.98,119.98,34.4,42.42,12,12,46.46,42.87,23.44,23.85,19.41,18.87,50,50,1,1,50,50,100,100,57.37,58.11,62.38,68.3,69.58,69.63,4.11,7,1125.32,1021.69,57.17,57.54,43.33,36.67,19.44,20.04,82.5,80.69,3.24,3.24,93.2,93.2,632.25,671.49,0,0,64,64,66.75,64.76,750.22,681.12,526.77,529.85,0.35,0.35,140.69,147.71,10.03,9.94,17.16,17.16,492.17,492.17,2.27,2.26,50.89,48,51.4,49.86,-66.33,-66.33,66.33,66.33,100.2,100.2,41351.92,37543.55,23384.75,23783.81,67972,56064,750.22,681.12,9.6,8.41,93.78,85.14,14100000000,29000000000,33329.65,30034.84,6.91,6.82,12.37,10.88
Coronado Bridge,67.33,67.33,64,64,57.33,57.33,4.36,4.36,32.89,32.89,42,42,344.56,344.56,40,40,135,135,2756.46,2756.46,3670.68,3670.68,3215.87,3215.87,-4.47,-4.47,-5.48,-5.48,1364.45,1364.45,-7.75,-7.75,3206.68,3206.68,5512.92,5512.92,4594.1,4594.1,0,0,3215.87,3215.87,459.41,459.41,-5.48,-5.48,-6.32,-6.32,-4.47,-4.47,5972.33,5972.33,9.33,9.33,1033.67,1033.67,1033.67,1033.67,1378.23,1378.23,344.56,344.56,119.98,119.98,22.94,22.94,12,12,52.47,52.47,23.86,23.86,18.86,18.86,50,50,1,1,50,50,100,100,55.76,55.76,51.6,51.6,69.34,69.34,5.56,5.56,1378.23,1378.23,70.88,70.88,55,55,20.58,20.58,83.77,83.77,3.24,3.24,93.2,93.2,494.38,494.38,0,0,64,64,68.93,68.93,918.82,918.82,477.34,477.34,0.39,0.39,167.26,167.26,11.79,11.79,17.16,17.16,499.33,499.33,2.46,2.46,49.44,49.44,53.76,53.76,64.03,64.03,-24.49,-24.49,100.2,100.2,43924.17,43924.17,19886.07,19886.07,86682,86682,918.82,918.82,11.76,11.76,114.85,114.85,7.807E+11,7.824E+11,34875.79,34875.79,6.64,6.64,16.49,16.49
WAtheregionofducks,75.33,75.6,80.67,78.44,82,82,3.96,3.72,36.23,35.43,37.37,37.37,737.42,728.44,28,27.6,162,164.25,-3.16,-3.16,4955.45,4895.14,1179.87,1165.51,5309.41,5244.79,9085,8974.42,-5.66,-5.66,5545.39,5477.89,-6.12,-6.12,-4.47,-4.47,2359.74,2331.02,0,0,0,0,589.93,582.75,-7.07,-7.07,0,0,-3.16,-3.16,6725.26,6643.4,4.36,4.36,-8.94,-8.94,294.97,291.38,0,0,737.42,728.44,7.84,7.84,25.27,26.89,6.84,6.84,86.87,84.46,31.73,31.8,2.99,2.96,50,50,1,1,50,50,130,130,48.36,48.81,29.23,30.99,66.56,67.12,25.87,24.89,442.45,437.07,32,32.08,72,68.67,7.44,7.5,106.02,105.46,0.71,0.71,94.13,94.13,148.55,160.56,0,0,64,64,72.53,72.14,147.48,145.69,373.92,385.33,1.36,1.35,143.07,143.65,14.24,13.95,33.18,33.18,743.12,743.12,3.16,3.04,29.13,30.11,57.25,56.78,-59.58,-59.58,67.45,67.45,92.89,92.89,43271.73,42745.04,20667.09,21124.41,81776,78562,147.48,145.69,16.94,16.76,-10.49,-10.49,87100000000,96300000000,40069.62,39539.16,3.89,3.84,19.88,18.84
Lamoris,71.78,72.44,64.33,64.22,60,60,1.35,1.35,22.55,22.55,42,42,3301.43,3303.22,33.33,32.33,150.75,153,1930.07,1931.12,-4.2,-4.2,-6,-6,-2.68,-2.68,-7.56,-7.56,-10.24,-10.24,-3.46,-3.46,-12,-12,-8.83,-8.83,1422.15,1422.93,-11.49,-11.49,-7.21,-7.21,-6.48,-6.48,-15.87,-15.87,7567.89,7572.01,324.25,324.43,1930.07,1931.12,15.23,15.23,3428.41,3430.27,9777.31,9782.63,1396.76,1397.52,2031.65,2032.75,158.85,158.85,74.04,74.17,12,12,29.53,29.46,37.22,37.38,2.04,2.02,52.16,52.16,6.28,6.28,50,50,179,179,64.85,64.83,99.93,99.98,90.28,90.28,13.58,13.97,888.85,889.33,82.89,82.03,29.5,29.33,69.49,69.49,15.34,15.32,1.38,1.38,93.56,93.56,625.36,618.52,0,0,62,62,52.15,52.15,380.93,381.14,1054.16,1053.6,0.3,0.3,120.27,120.81,9.31,9.31,16.98,16.98,1050.23,1050.23,1.36,1.36,41.42,41.03,63.43,63.43,-61.16,-61.16,44.05,44.05,101.45,101.45,40703.28,40725.41,34729.41,34782.07,46909,46894,3555.39,3557.32,2.67,2.67,888.85,889.33,5.0211E+12,5.4169E+12,12414.5,12421.25,2.52,2.47,13.94,13.94
Oversized Operativez 15,7,7,3,3,3,3,1.06,1.06,37.44,37.44,42,42,253.14,253.14,93,93,15.75,15.75,180.01,180.01,-7.69,-7.69,855.06,855.06,-2.37,-2.37,562.54,562.54,-4.2,-4.2,630.05,630.05,506.29,506.29,67.5,67.5,-3.74,-3.74,292.52,292.52,-4.9,-4.9,-4.9,-4.9,630.05,630.05,-10.34,-10.34,543.49,543.49,1665.12,1665.12,11.87,11.87,365.65,365.65,365.65,365.65,562.54,562.54,196.89,196.89,141.46,141.46,94.4,94.4,12,12,11.23,11.23,0.93,0.93,39.27,39.27,50,50,1,1,50,50,107,107,63.36,63.36,79.04,79.04,65.81,65.81,46.25,46.25,393.78,393.78,110.67,110.67,-97,-97,47.88,47.88,45.84,45.84,28.66,28.66,91.19,91.19,11155.37,11155.37,0,0,64,64,75.28,75.28,337.52,337.52,414.28,414.28,0.2,0.2,15.44,15.44,9.78,9.78,17.06,17.06,592.91,592.91,2.81,2.81,8.75,8.75,41.03,41.03,60.66,60.66,10.95,10.95,101.85,101.85,8863.47,8863.47,8598.89,8598.89,9109,9109,281.27,281.27,2.85,2.85,140.64,140.64,2.7371E+12,2.7409E+12,4617.87,4617.87,9,9,7.1,7.1
Emuli Legion 26,54.67,54.67,24,24,72,72,1.67,1.67,30.22,30.22,47.2,47.2,519.75,519.75,52,52,108,108,2570.39,2570.39,2521.63,2521.63,147.42,147.42,1814.39,1814.39,3439.79,3439.79,2046.11,2046.11,-4.27,-4.27,1086.75,1086.75,529.2,529.2,1436.39,1436.39,302.4,302.4,2173.49,2173.49,1247.4,1247.4,680.4,680.4,2664.89,2664.89,423.36,423.36,2717.81,2717.81,16.79,16.79,2031.74,2031.74,1086.75,1086.75,992.25,992.25,708.75,708.75,1229.34,1229.34,59.73,59.73,18.96,18.96,38.96,38.96,32.29,32.29,2.82,2.82,49.36,49.36,1,1,53.38,53.38,102,102,69.9,69.9,104.26,104.26,72.6,72.6,15.63,15.63,1086.75,1086.75,101.98,101.98,-76,-76,47.69,47.69,23.8,23.8,0.82,0.82,93.8,93.8,703.15,703.15,-8,-8,69,69,77.24,77.24,756,756,1041.79,1041.79,0.27,0.27,217,217,9.94,9.94,12.47,12.47,538.89,538.89,1.41,1.41,39.37,39.37,49.38,49.38,-75.56,-75.56,78.1,78.1,110,110,39851.26,39851.26,30334.54,30334.54,50782,50782,1228.5,1228.5,2.31,2.31,992.25,992.25,5600000000,5800000000,20842.21,20842.21,14.88,14.88,13.97,13.97
Naknia3,52.33,52.33,42.67,42.67,41.33,41.33,2.51,2.51,32.58,32.58,40.78,40.78,413.87,413.87,53.75,53.75,105.75,105.75,-3.16,-3.16,-4.9,-4.9,1986.59,1986.59,-6.48,-6.48,2317.69,2317.69,6136.91,6136.91,2781.23,2781.23,1241.62,1241.62,-4.47,-4.47,2979.89,2979.89,662.2,662.2,2648.79,2648.79,-7.75,-7.75,2979.89,2979.89,2847.45,2847.45,-5.36,-5.36,4767.82,4767.82,10.2,10.2,496.65,496.65,910.52,910.52,1241.62,1241.62,413.87,413.87,13.18,13.18,39.79,39.79,10.55,10.55,39.12,39.12,22.44,22.44,20.67,20.67,50,50,1,1,50,50,106,106,58.22,58.22,64.49,64.49,69.66,69.66,9.49,9.49,1158.84,1158.84,70.83,70.83,39,39,21.07,21.07,78.68,78.68,7.12,7.12,92.73,92.73,847.45,847.45,0,0,64,64,65.45,65.45,827.75,827.75,604.37,604.37,0.3,0.3,81.08,81.08,9.8,9.8,18.61,18.61,584.35,584.35,2.05,2.05,45.51,45.51,50.89,50.89,66.33,66.33,-37.42,-37.42,101.04,101.04,41084.35,41084.35,25141.17,25141.17,63185,63185,827.75,827.75,8.21,8.21,165.55,165.55,2200000000,2500000000,32415.55,32415.55,7.49,7.49,12.02,12.02
Fynnigan,7,9,4,3.75,1,1,1.08,1.08,34.74,34.74,43.68,43.68,344.12,344.15,93,91,15.75,20.25,-4.9,-4.9,584.48,584.53,-5.83,-5.83,-6,-6,190.59,190.61,3911.97,3912.31,-6.16,-6.16,-7.94,-7.94,-11.22,-11.22,-9.17,-9.17,-11.14,-11.14,-10.2,-10.2,-9.17,-9.17,-9.7,-9.7,-9.9,-9.9,-13.9,-13.9,0,0,15.81,15.81,714.71,714.78,582.36,582.41,926.48,926.56,423.53,423.57,8.11,8.11,92.58,92.8,13.62,13.62,11.13,11.1,1.3,1.37,35.85,35.5,46.97,46.97,1,1,50,50,98,98,69.32,69.3,92.13,92.22,67.65,67.65,46.62,46.04,873.54,873.61,106.41,105.74,-96,-96.25,66.24,66.25,11.04,11,31.2,31.2,91.04,91.04,11390.62,10981.6,-8,-8,64,64,75.16,75.16,476.48,476.52,621.39,624.81,0.2,0.21,14.7,17.39,9.25,9.24,31.45,31.45,581.9,581.9,2.02,2.01,8.38,8.96,43.35,43.35,-35.36,-35.36,-21.21,-21.21,109.7,109.7,11897.69,11898.74,11424.15,11439.95,12340,12327,608.83,608.88,2.34,2.34,317.65,317.68,48400000000,50800000000,4021.42,4021.77,17.66,17.62,9.04,9.04
Wabacha,58,58.67,96.69,96.68,64.48,64.48,1.31,1.31,19.52,19.52,50.37,50.37,11055.01,11055.01,49.5,49,20.75,20.75,-20.98,-20.98,-15.75,-15.75,-13.49,-13.49,-10.95,-10.95,-19.88,-19.88,-13.27,-13.27,-19.34,-19.34,-23.4,-23.4,-16.06,-16.06,-17.32,-17.32,-19.75,-19.75,-17.78,-17.78,-13.78,-13.78,-23.75,-23.75,-12.91,-12.91,-30.61,-30.61,0,0,24.7,24.7,1786.67,1786.67,15633.34,15633.34,8263.34,8263.34,4913.34,4913.34,543.93,543.93,76.4,76.5,19.85,19.85,22.32,22.27,59.59,59.66,1.17,1.17,42.83,42.83,14.65,14.65,50.99,50.99,326,326,81.89,81.89,127.38,127.4,92.04,92.04,10.68,10.89,8151.67,8151.67,108.33,108.33,26.62,26.5,67.19,67.19,-46.32,-46.34,0.53,0.53,95.15,95.15,757.99,754.6,1,1,112,112,56.49,56.49,1786.67,1786.67,1352.08,1351.98,0.18,0.18,93.69,93.69,5.13,5.13,15.62,15.62,2124.16,2124.16,0.68,0.68,44.32,44.11,84.88,84.88,-97.66,-97.66,49.03,49.03,106.84,106.84,68116.7,68116.71,59093.78,59136.15,77352,77303,12283.34,12283.34,1.93,1.93,111.67,111.67,3.577E+11,3.584E+11,22342.28,22342.28,21.12,21.12,132.42,132.42
Percanaypso,57.33,61.33,46.33,40.33,57.33,57.33,2.75,2.41,32.55,32.44,42,42,280.89,263.22,50,47,112.5,119.25,4494.22,4211.49,4024.2,3771.04,3745.19,3509.57,1498.07,1403.83,-7.75,-7.75,837.05,784.39,-7.75,-7.75,-5,-5,4119.7,3860.53,4119.7,3860.53,2996.15,2807.66,1123.56,1052.87,-4.47,-4.47,-6.32,-6.32,-4.47,-4.47,0,0,8239.41,7721.06,9.49,9.49,842.67,789.65,842.67,789.65,1123.56,1052.87,561.78,526.44,119.98,119.98,36.43,41.45,12,12,46.99,44.47,22.27,22.9,20.87,20.11,50,50,1,1,50,50,100,100,57.7,58.1,63.97,67.73,69.69,69.8,3.31,5.81,1123.56,1052.87,86.69,85.32,41.75,37.25,20.33,20.72,81.28,80.13,3.5,3.5,93.16,93.16,679.34,692.28,0,0,64,64,66.11,64.91,749.04,701.91,534.99,530.73,0.31,0.31,126.07,137.81,10.41,10,17.16,17.16,476.61,476.61,2.24,2.25,51.69,49.19,50.99,50.14,50.99,50.99,48.99,48.99,100.2,100.2,39863.76,37355.9,23253.86,23370.67,63839,56381,749.04,701.91,9.09,8.41,93.63,87.74,1.7E+11,2.474E+11,31771.42,29623.23,7.09,6.95,12.31,11.44
Zhonghua-Diguo,39.33,41.33,57.56,57.33,44,44,1.88,1.88,27.22,27.29,43,43,1329.18,1306.56,63.5,62,83.25,85.5,-6.32,-6.32,2278.6,2239.82,0,0,-5.29,-5.29,4329.33,4255.65,-9.38,-9.38,4101.47,4031.67,1424.12,1399.89,873.46,858.6,1519.06,1493.21,-12.25,-12.25,-10.54,-10.54,1519.06,1493.21,-12.41,-12.41,4481.24,4404.97,1336.78,1314.03,4101.47,4031.67,13.45,13.45,1614.01,1586.54,2278.6,2239.82,1234.24,1213.23,1329.18,1306.56,1199.43,1199.43,53.21,53.33,16.29,16.29,38.72,38.65,23.94,24.24,18.75,18.33,52.16,52.16,3.3,3.3,53.38,53.38,139,139,65.3,65.29,90.03,90.11,77.98,77.83,11.7,11.25,1519.06,1493.21,74.72,73.5,40.17,40,40,40.01,50.15,50.12,6.35,6.35,92.81,92.81,911.76,898.55,-8,-8,67,67,57.2,56.7,854.47,839.93,1056.9,1057.38,0.28,0.28,166.85,168.11,9.99,9.99,12.6,12.6,807.18,807.18,1.35,1.35,43.3,43.75,57.05,56.78,14.14,14.14,-14.14,-14.14,106.51,106.51,48997.42,48163.53,35062,34505.21,65888,64702,1708.95,1679.86,2.62,2.62,569.65,559.95,3.116E+11,3.164E+11,29398.45,28898.12,13.1,13.07,18.71,18.37
The Baltic Confederation,16,18,59.56,58.67,53.33,53.33,2.29,2.27,29.12,29.12,43,43,1064.96,1056.26,84,82,36,40.5,4802,4762.76,4832.98,4793.49,6893.2,6836.87,4724.55,4685.94,3950.03,3917.75,-7.1,-7.1,1239.23,1229.1,-3.46,-3.46,1781.39,1766.83,929.42,921.82,-9.27,-9.27,697.06,691.37,1316.68,1305.92,-11.66,-11.66,-2.8,-2.8,-8.59,-8.58,12934.43,12828.72,10.77,10.77,580.89,576.14,1258.59,1248.3,1452.22,1440.35,774.52,768.19,468.75,468.75,43.67,44.08,14.16,14.16,46.43,46.11,15.84,16.36,27.11,26.7,47.8,47.8,2.52,2.52,50.99,50.99,130,130,62.27,62.25,91.42,91.72,74.32,74.32,13,12.56,1452.22,1440.35,106.5,105.84,49.67,49,23.79,23.83,74.58,74.47,3.76,3.76,93.12,93.12,951.98,938.48,-8,-8,66,66,67.39,67.17,677.7,672.16,974.75,978.61,0.24,0.24,29.54,33.34,11.62,11.56,15.95,15.95,764.82,764.82,1.56,1.56,42,42.44,55.06,54.84,47.43,47.43,81.55,81.55,105.5,105.5,48871.99,48472.61,31446.66,31350.44,72016,71114,677.7,672.16,3.05,3.05,774.52,768.19,1.967E+11,2.105E+11,37240.46,36936.13,15.71,15.66,20.29,19.93
Greece-Cyprus,17.25,18.75,64.67,60.89,30.67,30.67,2.63,2.5,30.78,30.56,40.78,40.78,992.05,962.02,82.75,81.25,40.5,42.75,4112.49,3988,1038.94,1007.5,5555.46,5387.3,5266.87,5107.44,-1.9,-1.9,-9.08,-9.08,1370.83,1329.33,2435.02,2361.32,2236.62,2168.91,1226.53,1189.4,-8.72,-8.72,-5.66,-5.66,5194.72,5037.48,187.59,181.91,5880.13,5702.14,5182.77,4966.42,11038.78,10704.64,9.7,9.7,270.56,262.37,721.49,699.65,811.67,787.11,450.93,437.28,468.75,468.75,38.02,39.99,12,12,43.09,41.78,17.9,18.26,25.37,25.05,51,51,1,1,50.99,50.99,129,129,59.28,59.43,62.14,64.39,71.82,72.11,20.12,18.51,1352.79,1311.84,92.79,91.98,56,52.67,12.41,12.62,92.62,92.03,11.73,11.73,92.32,92.32,1157.93,1224.19,-8,-8,64,64,69.36,68.83,631.3,612.19,769.66,791.09,0.26,0.26,26.14,26.64,11.74,11.45,15.95,15.95,763.7,763.7,1.77,1.74,34.88,36.49,55.3,54.73,-15.81,-15.81,89.16,89.16,105.84,105.84,56794.47,55015.84,33907.15,33757.65,89191,84417,631.3,612.19,5.92,5.43,90.19,87.46,1.316E+11,1.539E+11,49751.95,48083.84,14.25,14.23,20.21,19.15
Dniesteria,57.33,61.33,45.56,42.89,57.33,57.33,1.98,1.93,31.5,31.47,42,42,1025.61,995.55,50,47,112.5,119.25,-6.48,-6.48,437.6,424.77,-4.69,-4.69,-9.06,-9.06,-6.63,-6.63,-6.39,-6.39,1276.32,1238.91,-5.61,-5.61,1276.32,1238.91,4922.95,4778.64,-6.48,-6.48,-1.41,-1.41,3555.46,3451.24,-6.48,-6.48,-9.06,-9.06,5519.02,5343.97,1276.32,1238.91,9.8,9.8,1025.61,995.55,1025.61,995.55,1367.49,1327.4,683.74,663.7,119.98,119.98,50.49,51.84,12,12,46.66,45.55,21.59,22.23,21.66,20.91,50,50,1,1,50,50,120,120,58.97,59,72.15,73.26,70.89,70.92,3.47,5.14,1367.49,1327.4,71.8,69.53,41.17,39.17,32.03,32.15,69.94,69.6,3.5,3.5,93.16,93.16,684.35,675.76,0,0,64,64,64.12,63.26,911.66,884.93,763.37,751.24,0.3,0.31,127.3,139.1,10,9.98,17.16,17.16,688.65,688.65,1.78,1.8,51.53,49.86,51.39,50.96,50.99,50.99,-60.83,-60.83,100.2,100.2,33142.23,32157.46,23056.66,22691.54,45669,43771,911.66,884.93,6.7,6.63,113.96,110.62,3.235E+11,3.97E+11,22536.71,21834.92,7.09,6.95,12.12,11.69
Ducal Imperium,40.33,42.33,72.89,68.44,12,12,8.22,5.83,34.43,33.56,38.75,38.75,182.12,177.51,62.75,61.25,85.5,87.75,4589.31,4473.26,-3.82,-3.82,947,923.05,2695.31,2627.15,1602.62,1562.09,5977.39,5826.24,1675.46,1633.09,3450.72,3363.46,1966.85,1917.11,2403.92,2343.14,-3.74,-3.74,1347.65,1313.58,3496.62,3408.2,5682,5538.32,6264.77,6106.35,7325.37,6859.66,7211.77,7029.41,9.49,9.49,-4.47,-4.47,728.46,710.04,1456.92,1420.08,455.29,443.78,624.65,624.65,12.17,17.14,10.55,10.55,34.13,32.44,17.01,17.39,26.15,25.83,47.8,47.8,1,1,51.48,51.48,101,101,53.62,54.63,32.1,37.25,67.91,68.68,23.61,20.89,1821.15,1775.1,44.88,45.57,68.33,61.67,9.35,9.59,101.78,99.82,22.41,22.41,91.57,91.57,902.66,954.52,-4,-4,64,64,72.28,71.31,637.4,621.29,291.74,325.58,0.44,0.43,144.13,145.3,12.15,11.56,15.24,15.24,494.68,494.68,4.94,3.88,31.39,34.11,56.7,55.41,-54.31,-54.31,65.19,65.19,101.04,101.04,63125.63,61248.87,19995.02,23565.07,164323,137502,637.4,621.29,13.99,13.03,-5.48,-5.48,32400000000,37000000000,57191.82,55368.98,15.58,15.55,22.57,19.95
Romanesca Moldovei,57.33,61.33,57.33,48.44,57.33,57.33,3.61,2.91,32.71,32.57,42,42,365.03,339.62,50,47,112.5,119.25,2433.54,2264.1,-4,-4,-8.37,-8.37,-3.16,-3.16,5840.5,5433.85,1557.47,1449.03,5353.8,4981.03,-5.62,-5.62,4380.38,4075.38,-4.47,-4.47,-7.75,-7.75,-3.16,-3.16,1460.13,1358.46,-8.37,-8.37,1946.83,1811.28,-4.47,-4.47,7787.34,7245.13,9.33,9.33,1095.09,1018.85,1095.09,1018.85,1460.13,1358.46,365.03,339.62,119.98,119.98,27.72,34.4,12,12,49.93,46.46,22.9,23.52,20.11,19.32,50,50,1,1,50,50,100,100,56.72,57.4,57.19,62.55,69.53,69.67,0.56,3.78,1460.13,1358.46,54.55,54.03,50,43.33,26.26,26.83,78.51,76.8,3.24,3.24,93.2,93.2,610.35,640.56,0,0,64,64,67.71,66.31,973.42,905.64,490.77,489.15,0.34,0.34,126.07,137.81,13.13,12.55,17.16,17.16,523.98,523.98,2.4,2.41,54.44,51.22,52.72,51.43,-58.31,-58.31,-10,-10,100.2,100.2,36965.52,34391.72,18574.72,19448.72,67019,56531,973.42,905.64,10.54,9.56,121.68,113.21,3800000000,8300000000,27243.59,25174.74,7.09,6.95,11.05,9.94
Breizhann,75.5,76.5,63.11,54.22,80.67,80.67,4.3,3.34,31.62,31.5,44.28,44.28,-5.48,-5.48,27.75,26.25,164.25,166.5,2366.37,2195.18,-3.46,-3.46,4732.75,4390.36,3470.68,3219.6,3234.04,3000.08,5775.92,5358.07,3312.92,3073.25,3719.15,3450.09,788.79,731.73,6704.72,6219.67,0,0,3825.64,3548.87,0,0,-4.47,-4.47,1025.43,951.24,-2.37,-2.37,10412.04,9658.79,7.75,7.75,1873.38,1737.85,887.39,823.19,197.2,182.93,197.2,182.93,8.36,8.36,23.25,29.92,14.64,14.64,66.19,61.67,35.52,35.77,2.22,2.19,52.64,52.64,1,1,50.5,50.5,99,99,56.22,57.04,58.64,64.77,70.75,70.89,19.41,19.24,394.4,365.86,59.87,60.68,54.33,47.67,9.14,9.35,100.83,99.02,0.69,0.69,94.23,94.23,236.73,263.64,0,0,64,64,69.26,67.94,197.2,182.93,365.8,387.41,0.59,0.56,244.67,249.27,11.16,10.57,30,30,427.42,427.42,3.25,3.02,35.59,35.76,55.26,53.75,24.49,24.49,73.48,73.48,99.3,99.3,51151.12,47450.62,23327.62,24866.33,100352,83101,1577.58,1463.45,11.2,10.09,-3.16,-3.16,4200000000,5600000000,46496.36,43037.71,1.56,1.55,15.18,13.32
Kingdom of Helgeland,77.33,79.33,25,19,57.33,57.33,1.72,1.49,34.67,34.9,42,42,240.87,211.35,25,22,168.75,175.5,-10,-10,1981.57,1738.68,-3.16,-3.16,-7.07,-7.07,963.49,845.39,0,0,3211.63,2817.95,-4.07,-4.07,-7.07,-7.07,3211.63,2817.95,-3.16,-3.16,-7.07,-7.07,-3.16,-3.16,-6.32,-6.32,3211.63,2817.95,-4.26,-4.94,3211.63,2817.95,9.33,9.33,722.62,634.04,722.62,634.04,963.49,845.39,240.87,211.35,119.98,119.98,58.28,67.28,12,12,36.2,32.5,29.11,29.65,6.99,5.38,50,50,1,1,50,50,100,100,58.9,59.47,71.81,76.48,67.71,67.53,17.22,20.22,963.49,845.39,47.89,47.32,25,19,27.75,28.29,72.31,70.71,3.24,3.24,93.2,93.2,610.35,635.01,0,0,64,64,55.34,53.57,642.33,563.59,524.07,521.85,0.48,0.49,239.98,256.1,9.78,9.72,17.16,17.16,511.11,511.11,2.28,2.28,37.78,34.78,46.56,45.16,40,40,-45.83,-45.83,100.2,100.2,25140.62,22058.92,18886.73,17888.58,32407,26590,642.33,563.59,6.86,5.29,80.29,70.45,9000000000,13400000000,18151.53,15816.25,5.9,5.74,8.27,7.69
The Untitled Region,57.33,61.33,40,38.89,57.33,57.33,1.8,1.79,31.54,31.46,42,42,1325.05,1326.64,50,47,112.5,119.25,3445.13,3449.27,-7.59,-7.59,4328.5,4333.7,-1.41,-1.41,2968.11,2971.68,-7.8,-7.8,2561.76,2564.84,-6.82,-6.82,-3.46,-3.46,-7.87,-7.87,353.35,353.77,-9.06,-9.06,1236.71,1238.2,-9.06,-9.06,-7.21,-7.21,2507.73,2528.43,10335.39,10347.82,9.95,9.95,993.79,994.98,993.79,994.98,1325.05,1326.64,662.53,663.32,119.98,119.98,55.42,56.01,12,12,44.33,43.85,21.76,22.4,21.47,20.72,50,50,1,1,50,50,130,130,59.36,59.32,75.08,75.28,70.84,70.94,4.86,6.14,1325.05,1326.64,79.41,76.84,37,36.17,35.77,35.8,66.64,66.51,3.5,3.5,93.16,93.16,720.73,701.7,0,0,64,64,57.91,57.88,883.37,884.43,774.95,763.07,0.3,0.31,127.71,139.53,11.25,11.18,17.16,17.16,770.3,770.3,1.76,1.78,50.14,48.86,50.27,50.3,67.82,67.82,17.32,17.32,100.2,100.2,29569.67,29622.91,21625.58,21787.33,39018,38896,883.37,884.43,5.68,5.79,110.42,110.55,5.356E+11,5.866E+11,18983.73,19017.91,7.09,6.95,9.87,9.87
Tatarica,82.17,82.67,96.61,96.6,79.47,79.47,1.53,1.52,20.36,20.36,42,42,13385.37,13385.37,17.83,17.33,220.75,220.75,-11.92,-11.92,-11.38,-11.38,-13.54,-13.54,-7.43,-7.43,-16.04,-16.04,-12.52,-12.52,-20.3,-20.3,-21.94,-21.94,-15.3,-15.3,-19.8,-19.8,-22.41,-22.41,-9.67,-9.67,-11.49,-11.49,-19.52,-19.52,20992.54,20992.55,-9.57,-9.57,0,0,26.83,26.83,8923.58,8923.58,12046.83,12046.84,7406.57,7406.57,2587.84,2587.84,501.72,501.72,65.51,65.62,18.34,18.34,39.5,39.44,96.63,96.69,0.81,0.81,62.05,62.05,8.22,8.22,56.53,56.53,434,434,85.87,85.87,123.25,123.27,91.45,91.45,24.11,24.33,6514.21,6514.21,72.24,72.26,40.29,40.14,87.55,87.55,-141.19,-141.21,0.89,0.89,93.75,93.75,267.74,265.82,7,7,120,120,44.57,44.57,-11.83,-11.83,1461.47,1461.38,0.22,0.22,131.96,131.96,8.75,8.75,15.8,15.8,3146.33,3146.33,0.58,0.58,30.89,30.67,86.94,86.94,-153.66,-153.66,120.17,120.17,65.19,65.19,85242.31,85242.34,68157.5,68218.1,104037,103956,13385.37,13385.37,1.85,1.85,-7.75,-7.75,8.723E+11,8.744E+11,10655.29,10570.05,0.76,0.76,143.02,143.02
Oversized Operativez 16,2,2,3,3,3,3,1.06,1.06,37.2,37.2,42,42,276.58,276.58,98,98,4.5,4.5,688.38,688.38,-1.79,-1.79,319.6,319.6,44.25,44.25,103.26,103.26,1494.76,1494.76,-5.83,-5.83,-6.36,-6.36,-10.68,-10.68,-9.7,-9.7,319.6,319.6,-8.6,-8.6,-10.68,-10.68,-6.63,-6.63,159.8,159.8,-5.66,-5.66,1007.98,1007.98,11.87,11.87,399.5,399.5,399.5,399.5,614.62,614.62,215.12,215.12,141.46,141.46,94.4,94.4,12,12,11.23,11.23,0.91,0.91,39.59,39.59,50,50,1,1,50,50,107,107,63.47,63.47,79.22,79.22,65.95,65.95,47.91,47.91,430.23,430.23,113.44,113.44,-97,-97,54.32,54.32,43.35,43.35,28.66,28.66,91.19,91.19,12373.42,12373.42,0,0,64,64,75.27,75.27,368.77,368.77,426.19,426.19,0.19,0.19,9.57,9.57,9.47,9.47,17.06,17.06,598.98,598.98,2.73,2.73,7.09,7.09,41.08,41.08,26.83,26.83,24.08,24.08,101.85,101.85,8151.1,8151.1,7907.79,7907.79,8376,8376,307.31,307.31,2.83,2.83,153.66,153.66,2.7415E+12,2.7452E+12,3725.05,3725.05,9.17,9.17,7.24,7.24
Emuli Legion 27,56.67,56.67,36,36,66.67,66.67,2.17,2.17,30.89,30.89,45.34,45.34,449.62,449.62,50.5,50.5,112.5,112.5,2338.01,2338.01,-6.79,-6.79,-7.21,-7.21,2937.5,2937.5,1978.31,1978.31,3164.7,3164.7,-7.87,-7.87,2389.56,2389.56,-4.24,-4.24,239.8,239.8,-6.48,-6.48,4466.19,4466.19,3836.73,3836.73,1139.03,1139.03,-6.48,-6.48,215.82,215.82,2338.01,2338.01,12.73,12.73,1498.72,1498.72,1273.91,1273.91,1198.98,1198.98,449.62,449.62,644.28,644.28,45.99,45.99,16.29,16.29,43.63,43.63,26.13,26.13,15.39,15.39,51,51,1,1,51.48,51.48,103,103,62.97,62.97,95.78,95.78,71.67,71.67,9.09,9.09,1348.85,1348.85,75.47,75.47,34,34,36.25,36.25,55.51,55.51,1.51,1.51,93.52,93.52,672.91,672.91,-4,-4,64,64,55.36,55.36,824.3,824.3,687.31,687.31,0.32,0.32,184.82,184.82,9.94,9.94,15.15,15.15,531.82,531.82,1.89,1.89,45.91,45.91,50.61,50.61,-91.1,-91.1,75.5,75.5,104.81,104.81,37782.8,37782.8,25000.56,25000.56,54358,54358,1198.98,1198.98,2.91,2.91,524.55,524.55,23700000000,24500000000,24067.64,24067.64,13.68,13.68,10.8,10.8
Chicken Burger,70.89,72.22,36.67,36.44,41.33,41.33,1.62,1.62,28.81,28.81,42,42,1025.68,1026.18,34.67,32.67,148.5,153,1002.89,1003.37,-6.2,-6.2,2826.32,2827.68,-7.87,-7.87,982.83,983.3,-10.16,-10.16,-8.83,-8.83,3532.9,3534.6,-9.49,-9.49,-6.16,-6.16,-9.9,-9.9,-5.29,-5.29,-6.16,-6.16,-10.39,-10.39,-5.16,-5.16,-7.55,-7.52,3829.2,3831.05,10.68,10.68,911.72,912.16,2279.29,2280.39,1367.57,1368.23,1025.68,1026.18,119.98,119.98,61.58,61.7,12,12,31.34,31.27,26.56,26.94,14.62,13.86,50,50,3.3,3.3,50,50,120,120,60.46,60.42,80.49,80.36,74.85,74.85,15.48,16.21,1367.57,1368.23,79.96,78.17,32.5,32.33,46.42,46.43,58.06,58.04,5.63,5.63,92.89,92.89,731.08,714.85,0,0,64,64,57.01,57.01,911.72,912.16,739.88,732.3,0.33,0.34,185.54,193.59,9.78,9.78,17.16,17.16,702.49,702.49,1.81,1.82,39.52,38.79,52.45,52.45,70.71,70.71,-43.59,-43.59,99.76,99.76,26697.76,26710.66,20654.24,20686.37,33541,33526,1823.43,1824.31,3.68,3.71,0,0,2.3817E+12,2.4402E+12,14310,14316.92,6.36,6.26,10.55,10.55
Oversized Operativez 17,2,2,3,3,3,3,1.06,1.06,37.28,37.28,42,42,237.15,237.15,98,98,4.5,4.5,-9.7,-9.7,75.89,75.89,-10.68,-10.68,-7.62,-7.62,-8.37,-8.37,4117.07,4117.07,-4.9,-4.9,474.3,474.3,168.64,168.64,-10.68,-10.68,-2,-2,274.04,274.04,-11.14,-11.14,-9.7,-9.7,-10.34,-10.34,-1.96,-1.96,0,0,11.87,11.87,342.55,342.55,342.55,342.55,527.01,527.01,184.45,184.45,141.46,141.46,94.4,94.4,12,12,11.23,11.23,0.88,0.88,40.13,40.13,50,50,1,1,50,50,107,107,63.47,63.47,79.22,79.22,65.9,65.9,47.91,47.91,368.9,368.9,109.73,109.73,-97,-97,43.66,43.66,47.95,47.95,28.66,28.66,91.19,91.19,12373.42,12373.42,0,0,64,64,75.3,75.3,316.2,316.2,428.98,428.98,0.19,0.19,9.57,9.57,9.27,9.27,17.06,17.06,608.72,608.72,2.71,2.71,7.09,7.09,41.06,41.06,-56.57,-56.57,-50,-50,101.85,101.85,9415.59,9415.59,9134.52,9134.52,9676,9676,263.5,263.5,2.83,2.83,131.75,131.75,2.6721E+12,2.6757E+12,5300.98,5300.98,9.17,9.17,9.13,9.13
Emuli Legion 28,56.67,56.67,32,32,66.67,66.67,2,2,31.21,31.21,42,42,456.95,456.95,50.5,50.5,112.5,112.5,2376.15,2376.15,4917.12,4917.12,-6.48,-6.48,-1.1,-1.1,182.78,182.78,-2.97,-2.97,243.71,243.71,4112.57,4112.57,-8.83,-8.83,-7.87,-7.87,-5.66,-5.66,-7.81,-7.81,548.34,548.34,3290.06,3290.06,-6.78,-6.78,-8.75,-8.75,2619.86,2619.86,12.65,12.65,1523.18,1523.18,1142.38,1142.38,1218.54,1218.54,456.95,456.95,644.28,644.28,49.93,49.93,14.16,14.16,43.13,43.13,26.37,26.37,14.96,14.96,51,51,1,1,51.48,51.48,109,109,62.96,62.96,96.35,96.35,71.25,71.25,10.09,10.09,1370.86,1370.86,66.11,66.11,31,31,40.54,40.54,52,52,1.51,1.51,93.52,93.52,698.79,698.79,-4,-4,64,64,54.17,54.17,837.75,837.75,800.45,800.45,0.33,0.33,184.69,184.69,9.82,9.82,15.15,15.15,603.27,603.27,1.73,1.73,44.91,44.91,50.1,50.1,-55.14,-55.14,30.66,30.66,104.81,104.81,33108.05,33108.05,22895.62,22895.62,45858,45858,1218.54,1218.54,2.91,2.91,533.11,533.11,31600000000,32400000000,19699.29,19699.29,13.68,13.68,13.06,13.06
Nova Phoenixia,71.83,72.83,47.78,47.56,42.67,42.67,1.67,1.67,28.37,28.37,44.28,44.28,1146.38,1146.85,33.25,31.75,150.75,155.25,509.5,509.71,-2.83,-2.83,-4.9,-4.9,-4.9,-4.9,4789.32,4791.27,-8.94,-8.94,-6.78,-6.78,-2.74,-2.74,3872.22,3873.79,-4.47,-4.47,-3.16,-3.16,3311.76,3313.11,-7.75,-7.75,-12.65,-12.65,861.06,861.41,529.88,530.1,509.5,509.71,9.59,9.59,1146.38,1146.85,2038.01,2038.84,382.13,382.28,636.88,637.14,1034.67,1034.67,59.86,59.98,16.29,16.29,34.29,34.22,29.02,29.29,7.29,6.41,52.64,52.64,3.3,3.3,52.44,52.44,142,142,62.69,62.65,80.21,80.19,75.65,75.66,14.78,15.34,1273.76,1274.27,60.33,59.2,34.83,34.67,36.8,36.81,67.05,67.02,5.98,5.98,92.85,92.85,689.39,677.91,-4,-4,67,67,61.02,61.01,127.38,127.43,1027.73,1026.5,0.44,0.46,211.1,219.69,10.6,10.58,13.34,13.34,835.42,835.42,1.46,1.47,40.22,39.66,54.86,54.86,-38.73,-38.73,17.32,17.32,100.62,100.62,30259.34,30271.65,23058.32,23092.8,38522,38501,2292.76,2293.69,2.96,2.97,-4.47,-4.47,1.8313E+12,1.9004E+12,19123.9,19131.68,11.28,11.22,14.79,14.79
Bisofeyri World Assembly Mission,77.11,78.44,71.56,71.33,83,83,2.73,2.71,29.29,29.32,42,42,115.57,114.75,25.33,23.33,168.75,173.25,2403.75,2386.86,-7.38,-7.38,-4.24,-4.24,-2.19,-2.19,-2.5,-2.5,-3.35,-3.35,-6.93,-6.93,1849.04,1836.04,1386.78,1377.03,3328.27,3304.88,5639.57,5599.93,2403.75,2386.86,3790.53,3763.89,-10.86,-10.86,4530.15,4498.31,7808.11,7771.59,2403.75,2386.86,7,7,346.7,344.26,1733.48,1721.29,115.57,114.75,808.96,803.27,95.92,95.92,36.66,36.86,12,12,69.39,69.17,35.63,35.96,2.21,2.17,50,50,3.3,3.3,50,50,112,112,55.37,55.32,57.13,56.99,74.04,73.99,22.48,23.03,808.96,803.27,51.45,50.06,58.33,58,9.44,9.44,98.07,98.02,0.7,0.7,94.17,94.17,191.41,183.89,0,0,64,64,70.68,70.54,346.7,344.26,502.49,497.62,0.64,0.72,223.48,232.31,9.92,9.92,17.29,17.29,575.68,575.68,2.35,2.37,32.52,31.97,58.31,58.07,-34.79,-34.79,17.61,17.61,97.28,97.28,49231.23,48903.57,28820.27,28709.56,78605,77896,808.96,803.27,12.23,12.28,-7.07,-7.07,4.953E+11,5.104E+11,44603.5,44306.63,4.88,4.73,16.27,15.97
Oversized Operativez 18,3,3,3,3,3,3,1.06,1.06,37.35,37.35,42,42,228.9,228.9,97,97,6.75,6.75,-10.68,-10.68,-5.93,-5.93,162.78,162.78,-10.68,-10.68,-10,-10,3891.45,3891.45,264.51,264.51,-9.25,-9.25,-11.14,-11.14,-7.35,-7.35,671.45,671.45,-5.83,-5.83,61.04,61.04,-8.6,-8.6,467.98,467.98,-12.63,-12.63,427.28,427.28,11.96,11.96,330.64,330.64,330.64,330.64,508.67,508.67,178.04,178.04,141.46,141.46,94.4,94.4,12,12,11.23,11.23,1.03,1.03,38.05,38.05,50,50,1,1,50,50,106,106,63.66,63.66,79.48,79.48,65.86,65.86,47.58,47.58,356.07,356.07,111.33,111.33,-97,-97,42.12,42.12,48.44,48.44,28.66,28.66,91.19,91.19,12121.34,12121.34,0,0,64,64,75.3,75.3,305.2,305.2,433.4,433.4,0.2,0.2,10.61,10.61,9.12,9.12,17.06,17.06,598.61,598.61,2.68,2.68,7.42,7.42,41.45,41.45,76.81,76.81,-71.41,-71.41,101.85,101.85,9725.92,9725.92,9435.59,9435.59,9995,9995,305.2,305.2,2.81,2.81,127.17,127.17,2.5928E+12,2.5953E+12,5631.31,5631.31,9.14,9.14,8.14,8.14
Peoples Revolutionary Air Force,64.67,64.67,57.33,57.33,37.33,37.33,3.61,3.61,32.79,32.79,42,42,280.63,280.63,44,44,126,126,1122.54,1122.54,449.02,449.02,2095.41,2095.41,2619.26,2619.26,374.18,374.18,-5.77,-5.77,2619.26,2619.26,916.74,916.74,3741.8,3741.8,1870.9,1870.9,-6.32,-6.32,3741.8,3741.8,1496.72,1496.72,4115.98,4115.98,-6,-6,6787.77,6787.77,5837.21,5837.21,9.22,9.22,841.9,841.9,841.9,841.9,1122.54,1122.54,280.63,280.63,119.98,119.98,27.72,27.72,12,12,44.41,44.41,20.15,20.15,23.21,23.21,50,50,1,1,50,50,102,102,56.41,56.41,49.16,49.16,69.44,69.44,7.56,7.56,1122.54,1122.54,62.25,62.25,50,50,14.44,14.44,89.77,89.77,9.27,9.27,92.53,92.53,685.79,685.79,0,0,62,62,68.29,68.29,748.36,748.36,525.83,525.83,0.37,0.37,149.81,149.81,11.3,11.3,17.16,17.16,514.1,514.1,2.27,2.27,47.44,47.44,52.45,52.45,-31.62,-31.62,61.64,61.64,100.2,100.2,48059.8,48059.8,24149.45,24149.45,87133,87133,561.27,561.27,10.96,10.96,93.54,93.54,9.589E+11,9.609E+11,41139.19,41139.19,6.82,6.82,10.87,10.87
Emuli Legion 29,61,61,57.33,57.33,42.67,42.67,3.61,3.61,33.3,33.3,40.78,40.78,263.83,263.83,47.25,47.25,119.25,119.25,-5.48,-5.48,2954.89,2954.89,2462.41,2462.41,2743.82,2743.82,2110.63,2110.63,7086.45,7086.45,-6,-6,-3.87,-3.87,-3.16,-3.16,-3.16,-3.16,4221.27,4221.27,5276.58,5276.58,1407.09,1407.09,2110.63,2110.63,5839.42,5839.42,2926.74,2926.74,2462.41,2462.41,8.89,8.89,351.77,351.77,791.49,791.49,1055.32,1055.32,263.83,263.83,13.04,13.04,27.72,27.72,10.55,10.55,44.67,44.67,26.3,26.3,15.09,15.09,50,50,1,1,50,50,106,106,55.57,55.57,47.04,47.04,68.93,68.93,5.14,5.14,1055.32,1055.32,71.68,71.68,50,50,10.59,10.59,95.43,95.43,6.73,6.73,92.77,92.77,679.34,679.34,0,0,64,64,69.02,69.02,703.54,703.54,524.3,524.3,0.35,0.35,95.78,95.78,9.93,9.93,18.67,18.67,579.27,579.27,2.28,2.28,49.86,49.86,52.91,52.91,-31.62,-31.62,67.08,67.08,100.2,100.2,51082.6,51082.6,25668.37,25668.37,92613,92613,703.54,703.54,11.99,11.99,0,0,52200000000,54100000000,45667.84,45667.84,6.95,6.95,15.87,15.87
Cabbages,77.56,78.89,69.78,68.78,88,88,2.97,2.9,31.15,31.03,42,42,730.07,725.27,24.67,22.67,171,175.5,1635.35,1624.6,560.69,557.01,5139.66,5105.89,654.14,649.84,3504.32,3481.29,-6.39,-6.39,-7.21,-7.21,9344.84,9283.44,700.86,696.26,2803.45,2785.03,-1.41,-1.41,-3.46,-3.46,-6.48,-6.48,-7.21,-7.21,5490.1,5454.02,-3.74,-3.74,6775.01,6730.49,6.63,6.63,438.04,435.16,1314.12,1305.48,146.01,145.05,584.05,580.21,95.92,95.92,33.67,34.5,12,12,74.12,73.09,36.57,36.89,2.1,2.07,50,50,2.52,2.52,50,50,124,124,54.79,54.82,54.79,55.61,71.33,71.48,25.46,25.63,1022.09,1015.38,57.35,56.04,61.67,60.17,13.83,13.91,92.42,92.17,0.74,0.74,94,94,152.59,150.56,0,0,64,64,70.46,70.3,438.04,435.16,431.73,432.07,0.73,0.84,230.77,239.74,12.69,12.56,17.29,17.29,702.05,702.05,2.69,2.69,29.54,29.37,56.73,56.56,57.36,57.36,33.32,33.32,97.28,97.28,37893.34,37644.34,21177.54,21319.31,62905,61801,1022.09,1015.38,12.86,12.83,-7.07,-7.07,2.5481E+12,2.9091E+12,32664.06,32411.78,4.8,4.64,20,19.64
James Forsyte II,64,64.67,45.11,44.89,28.44,28.44,1.47,1.46,25.58,25.58,37.37,37.37,1214.67,1215.07,45,44,123.75,126,277.64,277.73,3664.84,3666.05,2359.94,2360.71,874.57,874.85,2235,2235.74,-8.76,-8.76,5275.15,5276.89,-3,-3,850.27,850.55,3054.04,3055.04,-8.49,-8.49,520.57,520.75,-3.46,-3.46,-13.86,-13.86,-2.9,-2.9,-7.42,-7.41,7912.73,7915.34,12.21,12.21,-10.49,-10.49,4511.64,4513.13,1301.44,1301.86,780.86,781.12,8.41,8.41,68.18,68.31,7.52,7.52,29.99,29.93,21.85,22.06,21.37,21.12,51,51,5.66,5.66,50.5,50.5,153,153,60.4,60.38,77.84,77.84,82.04,82.06,15.16,15.55,2169.06,2169.77,28.07,27.58,32.83,32.67,34.92,34.92,56.44,56.41,10.05,10.05,92.46,92.46,916.74,908.45,-8,-8,64,64,64.52,64.52,433.81,433.95,938.31,934.04,0.43,0.44,188.42,189.09,9.44,9.44,29.68,29.68,846.23,846.23,1.59,1.6,39.84,39.45,55.91,55.92,33.76,33.76,47.54,47.54,103.74,103.74,42256.76,42270.68,34513.19,34559.61,50617,50589,1214.67,1215.07,3.72,3.74,-14.83,-14.83,1.20641E+13,1.2289E+13,27509.15,27518.21,14.16,14.13,17.27,17.27
Sabanalarga,65.33,66.13,39.33,39.11,68.67,68.67,1.71,1.7,28.19,28.18,44.28,44.28,1106.13,1106.62,43,41.8,128.25,132.75,-7.87,-7.87,-3.1,-3.1,3137.38,3138.78,4263.62,4265.52,-1.25,-1.25,-8.99,-8.99,-3.95,-3.95,-3,-3,80.45,80.48,-3.46,-3.46,-11.92,-11.92,3137.38,3138.78,-7.21,-7.21,-12.73,-12.73,2976.49,2977.81,-11.24,-11.22,3137.38,3138.78,11.45,11.45,2312.81,2313.84,1910.58,1911.43,804.46,804.81,804.46,804.81,7.94,7.94,58.64,58.76,14.16,14.16,44.21,44.11,31.19,31.4,3.19,3.11,50,50,2.52,2.52,50,50,138,138,63.56,63.52,95.24,95.27,75.99,76.01,12.02,12.47,1608.91,1609.63,73.55,72.54,34.5,34.33,41.92,41.93,56.32,56.3,1.06,1.06,93.67,93.67,582.2,574.02,-8,-8,64,64,54.93,54.93,703.9,704.21,1020.22,1019.01,0.35,0.36,95.24,96.19,9.89,9.89,32.57,32.57,826.75,826.75,1.49,1.5,42.98,42.53,53.08,53.08,-49.5,-49.5,79.69,79.69,106.84,106.84,32093.77,32108.07,24190.08,24227.48,41250,41229,1709.47,1710.23,2.82,2.83,301.67,301.81,2.091E+12,2.1646E+12,18646.48,18654.79,13.69,13.63,13.62,13.62
Nunchia,65.33,66.13,18.5,18.33,68.67,68.67,1.25,1.25,28.76,28.75,44.83,44.83,1206.96,1207.14,43,41.8,128.25,132.75,-9.49,-9.49,1931.14,1931.43,1609.28,1609.52,1563.3,1563.53,-6.48,-6.48,-7.48,-7.48,-3.61,-3.61,574.74,574.83,-7.14,-7.14,229.9,229.93,-13.42,-13.42,2298.98,2299.32,-8.94,-8.94,-6.32,-6.32,597.73,597.82,-11.26,-11.26,1609.28,1609.52,16.03,16.03,2241.5,2241.83,1666.76,1667,1034.54,1034.69,1034.54,1034.69,8.1,8.1,79.85,79.99,14.64,14.64,32.46,32.34,31.6,31.8,3.03,2.96,50,50,2.52,2.52,50,50,138,138,68.61,68.57,103.42,103.46,74.94,74.97,18.09,18.54,1494.34,1494.56,83.19,82.11,-83.5,-83.67,66.5,66.51,10.84,10.81,1.06,1.06,93.67,93.67,734.06,724.86,-8,-8,64,64,76.23,76.23,977.07,977.21,1056.61,1055.84,0.3,0.31,95.13,96.08,9.6,9.6,31.56,31.56,858.58,858.58,1.35,1.35,36.91,36.46,49.34,49.35,-38.08,-38.08,70.36,70.36,110,110,26058.9,26062.75,23141.86,23166.89,28983,28963,1551.81,1552.04,2.38,2.38,747.17,747.28,2.048E+11,2.168E+11,8729.73,8731.02,14.55,14.5,12.04,12.04
Grenila,79.67,80,20.5,20.25,72.67,72.67,1.29,1.29,29.97,29.95,45.34,45.34,546.07,546.23,21.5,21,177.75,177.75,1266.88,1267.26,-8.1,-8.1,2359.01,2359.73,550.44,550.6,742.65,742.88,3075.45,3076.39,1485.3,1485.75,-6.82,-6.82,-1.73,-1.73,1703.73,1704.25,1485.3,1485.75,2380.85,2381.58,1485.3,1485.75,1397.93,1398.36,2555.59,2556.37,270.85,270.93,5111.19,5112.74,13.3,13.3,1528.99,1529.45,1310.56,1310.96,273.03,273.12,819.1,819.35,9.17,9.17,77.33,77.54,16.29,16.29,29.78,29.59,37.81,37.89,1.98,1.98,52.16,52.16,2.52,2.52,51.48,51.48,114,114,63.53,63.54,95.19,95.29,72.97,73,28.54,28.79,982.92,983.22,70.12,69.75,-87.5,-87.75,37.67,37.68,49.28,49.24,0.77,0.77,93.87,93.87,539.31,537.4,0,0,64,64,76.44,76.44,600.67,600.86,645.88,644.41,0.38,0.38,268.3,268.3,9.6,9.6,25.78,25.78,627.91,627.91,1.97,1.97,26.46,26.21,49.13,49.14,50.89,50.89,53.01,53.01,103,103,31036.26,31045.72,27098.82,27145.7,35043,35010,1365.17,1365.58,2.83,2.82,436.85,436.99,1.4868E+12,1.5246E+12,19335.59,19341.48,3.95,3.95,7.67,7.67
Ivernia,66.56,66.89,94.75,94.71,75.05,75.05,1.46,1.45,20.56,20.56,49.24,49.24,7964.16,7964.17,41.17,40.67,156.75,157,-17.15,-17.15,-10.35,-10.35,-8,-8,2470.12,2470.12,-14.24,-14.24,-10.08,-10.08,-10.45,-10.45,-18.04,-18.04,-11.75,-11.75,-15.62,-15.62,-19.6,-19.6,-13.19,-13.19,-7.35,-7.35,-15.84,-15.84,2153.51,2153.51,-18.22,-18.22,0,0,20.07,20.07,1592.83,1592.83,12742.66,12742.66,6983.96,6983.96,4043.34,4043.35,1095.87,1095.87,68.64,68.74,21.25,21.25,32.45,32.4,55.51,55.57,1.25,1.25,48.6,48.6,11.58,11.58,54.76,54.76,323,323,75.49,75.47,123.43,123.45,91.32,91.32,15.43,15.63,5513.65,5513.65,116.27,116.26,36.25,36.12,76.41,76.41,-29.3,-29.32,0.61,0.61,94.64,94.64,482.34,479.63,4,4,74,74,64.09,64.08,735.15,735.15,1259.86,1259.68,0.17,0.17,18.47,18.68,7.86,7.86,13.06,13.06,1878.66,1878.66,0.8,0.8,39.57,39.37,77.66,77.66,-128.16,-128.16,111.02,111.02,98.83,98.83,60804.05,60804.07,49838.14,49875.98,72607,72558,8086.69,8086.69,2.09,2.09,735.15,735.15,3.154E+11,3.165E+11,14349.76,14349.76,0.7,0.69,90.64,90.64
Hansaria,57.33,61.33,54.67,48,57.33,57.33,3.36,2.85,32.49,32.31,42,42,273.57,256.37,50,47,112.5,119.25,4377.08,4101.85,4440.91,4161.66,4377.08,4101.85,1823.78,1709.1,4012.32,3760.03,-5.89,-5.89,-7.07,-7.07,1221.93,1145.1,1459.03,1367.28,364.76,341.82,-3.16,-3.16,4012.32,3760.03,1094.27,1025.46,-7.07,-7.07,3647.56,3418.21,5981.15,5430.73,8754.15,8203.69,9.49,9.49,820.7,769.1,820.7,769.1,1094.27,1025.46,547.13,512.73,119.98,119.98,29.75,35.15,12,12,50.39,47.67,24.88,25.47,17.42,16.5,50,50,1,1,50,50,100,100,56.97,57.48,58.8,63.24,69.76,69.95,1.22,3.89,1094.27,1025.46,85.35,84.25,48,43,15.6,16.12,87.72,86.28,3.5,3.5,93.16,93.16,626.74,643.34,0,0,64,64,67.86,66.73,729.51,683.64,466.71,464.38,0.32,0.32,126.07,137.81,13.28,12.84,17.16,17.16,511.39,511.39,2.5,2.52,53.78,51.11,52.35,51.3,55.68,55.68,53.85,53.85,100.2,100.2,47572.48,44406.81,24851.3,25406.88,83533,72283,729.51,683.64,10.19,9.44,91.19,85.46,42000000000,56700000000,40151.18,37257.32,7.09,6.95,12.09,11.03
Oversized Operativez 19,3,3,3,3,3,3,1.06,1.06,37.26,37.26,42,42,274.3,274.3,97,97,6.75,6.75,804.6,804.6,526.65,526.65,438.87,438.87,-3.74,-3.74,243.82,243.82,507.14,507.14,-4.9,-4.9,-9.25,-9.25,-11.14,-11.14,-7.35,-7.35,438.87,438.87,73.15,73.15,-6.63,-6.63,-5.83,-5.83,-9.17,-9.17,-4.73,-4.73,1243.48,1243.48,11.96,11.96,396.21,396.21,396.21,396.21,609.55,609.55,213.34,213.34,141.46,141.46,94.4,94.4,12,12,11.23,11.23,0.95,0.95,39.05,39.05,50,50,1,1,50,50,106,106,63.66,63.66,79.48,79.48,65.91,65.91,47.58,47.58,426.68,426.68,113.27,113.27,-97,-97,54.48,54.48,42.78,42.78,28.66,28.66,91.19,91.19,12121.34,12121.34,0,0,64,64,75.26,75.26,365.73,365.73,437.76,437.76,0.19,0.19,10.61,10.61,9.53,9.53,17.06,17.06,594.05,594.05,2.66,2.66,7.42,7.42,41.47,41.47,43.59,43.59,-10,-10,101.85,101.85,8205.72,8205.72,7960.78,7960.78,8433,8433,365.73,365.73,2.81,2.81,152.39,152.39,2.6918E+12,2.6954E+12,3733.6,3733.6,9.14,9.14,7.15,7.15
Emuli Legion 30,54.67,54.67,21,21,72,72,1.56,1.56,30.53,30.53,47.2,47.2,482.4,482.4,52,52,108,108,1157.75,1157.75,2230.78,2230.78,1333.17,1333.17,-6.63,-6.63,1964.67,1964.67,2622.66,2622.66,1543.67,1543.67,2075.88,2075.88,52.63,52.63,-7.35,-7.35,456.08,456.08,1666.46,1666.46,1684,1684,1684,1684,2824.21,2824.21,-7.38,-7.38,4034.59,4034.59,16.79,16.79,1885.73,1885.73,1008.65,1008.65,920.94,920.94,657.81,657.81,1229.34,1229.34,64.21,64.21,18.96,18.96,36.92,36.92,31.84,31.84,2.95,2.95,49.36,49.36,1,1,53.38,53.38,102,102,70.13,70.13,104.39,104.39,72.17,72.17,16.63,16.63,1008.65,1008.65,97.2,97.2,-79,-79,47.39,47.39,23.67,23.67,0.82,0.82,93.8,93.8,729.6,729.6,-8,-8,69,69,76.97,76.97,701.67,701.67,1049.68,1049.68,0.27,0.27,217,217,9.73,9.73,12.47,12.47,555.06,555.06,1.38,1.38,38.37,38.37,48.57,48.57,68.56,68.56,-30,-30,110,110,37571.12,37571.12,29720.44,29720.44,46289,46289,1140.21,1140.21,2.3,2.3,920.94,920.94,5600000000,5800000000,19762.41,19762.41,14.88,14.88,15.61,15.61
Naknia4,52.33,52.33,42.67,42.67,41.33,41.33,2.51,2.51,32.56,32.56,40.78,40.78,407.18,407.18,53.75,53.75,105.75,105.75,-5.48,-5.48,4544.15,4544.15,325.75,325.75,-6.48,-6.48,2931.71,2931.71,0,0,781.79,781.79,2443.09,2443.09,1302.98,1302.98,1302.98,1302.98,1302.98,1302.98,2931.71,2931.71,0,0,0,0,4430.14,4430.14,4600.2,4600.2,1107.53,1107.53,10.2,10.2,488.62,488.62,895.8,895.8,1221.54,1221.54,407.18,407.18,13.18,13.18,39.79,39.79,10.55,10.55,39.12,39.12,23.68,23.68,19.1,19.1,50,50,1,1,50,50,106,106,58.22,58.22,64.49,64.49,69.68,69.68,9.49,9.49,1140.11,1140.11,73.19,73.19,39,39,20.36,20.36,79.5,79.5,7.12,7.12,92.73,92.73,847.45,847.45,0,0,64,64,65.52,65.52,814.36,814.36,621.33,621.33,0.29,0.29,81.08,81.08,10.4,10.4,18.61,18.61,588.42,588.42,2.02,2.02,45.51,45.51,50.89,50.89,43.59,43.59,-37.42,-37.42,101.04,101.04,41751.45,41751.45,25549.39,25549.39,64211,64211,814.36,814.36,8.21,8.21,162.87,162.87,2100000000,2500000000,33234.15,33234.15,7.49,7.49,12.01,12.01
Hulvin,65.94,66.28,92.24,92.19,65.71,65.71,1.31,1.31,18.59,18.59,67.99,67.99,16712.44,16712.45,42.08,41.58,68.5,68.75,-22.89,-22.89,-19.27,-19.27,-20.4,-20.4,-16.14,-16.14,-23.59,-23.59,-15.15,-15.15,-26.23,-26.23,-28.64,-28.64,-23.69,-23.69,-25.77,-25.77,-28.35,-28.35,-20.25,-20.25,-21.77,-21.77,-28.02,-28.02,-10,-10,-34.64,-34.64,0,0,34.71,34.71,14932.88,14932.88,13075.94,13075.94,12147.47,12147.47,3327.01,3327.01,1082.81,1082.81,76.32,76.44,35.15,35.15,8.24,8.25,98.25,98.3,0.8,0.8,52.16,52.16,16.08,16.08,55.65,55.65,579,579,109.13,109.12,134.44,134.46,92.8,92.8,13.78,13.99,6112.42,6112.42,146.86,146.86,26.71,26.57,85.99,85.99,-205.26,-205.28,1.77,1.77,93.46,93.46,675.46,672.4,10,10,123,123,40.37,40.37,2398.55,2398.55,1641.2,1641.07,0.12,0.12,81.36,81.8,6.33,6.33,13.12,13.12,3782.4,3782.4,0.47,0.47,41.22,41.01,82.21,82.21,-198.12,-198.12,109.23,109.23,113.24,113.24,93233.78,93233.78,80842.36,80908.64,105923,105846,14700.76,14700.76,1.58,1.58,1237.96,1237.96,4.926E+11,4.933E+11,13052.73,13052.73,0.75,0.75,155.53,155.53
QuietNation5,75.87,76.67,6,5.67,77.33,77.33,1.12,1.12,33.63,33.6,43.68,43.68,401.85,402.08,27.2,26,164.25,166.5,116.9,116.97,140.28,140.36,116.9,116.97,116.9,116.97,847.53,848.02,1456.59,1457.43,-3.95,-3.95,146.13,146.21,116.9,116.97,116.9,116.97,116.9,116.97,116.9,116.97,116.9,116.97,701.41,701.81,116.9,116.97,60.79,60.82,233.8,233.94,15.3,15.3,1643.92,1644.88,840.23,840.71,365.32,365.53,511.44,511.74,14.13,14.13,88.97,89.27,13.62,13.62,28.74,28.4,34.4,34.6,2.38,2.35,50,50,1,1,50,50,100,100,65.73,65.73,101.41,101.47,68.61,68.64,31.19,31.71,657.57,657.95,80.97,79.96,-94,-94.33,67.57,67.58,13.81,13.75,0.73,0.73,94.04,94.04,579.82,572.96,0,0,64,64,75.12,75.12,584.5,584.84,614.23,610.15,0.31,0.32,290.73,291.56,9.67,9.66,18.28,18.28,552.49,552.49,2.03,2.04,23.81,23.29,44.05,44.06,-36.06,-36.06,41.23,41.23,104.81,104.81,13572.78,13580.68,12762.46,12792.41,14345,14330,949.82,950.37,2.58,2.58,474.91,475.19,1.28699E+13,1.31743E+13,4397.58,4400.14,6.95,6.91,7.25,7.25
NPOs Fist,75.78,77.11,24.67,24.67,0,0,1.28,1.28,28.89,28.9,42,42,1506.67,1506.98,27.33,25.33,164.25,168.75,-13.64,-13.64,-11.17,-11.17,-10.3,-10.3,-4.65,-4.65,-7.97,-7.97,12383.27,12385.82,-11.22,-11.22,-15.87,-15.87,-12.96,-12.96,-8.12,-8.12,-8.12,-8.12,-7.48,-7.48,-12.88,-12.88,-14,-14,-13.34,-13.34,-12.32,-12.29,0,0,13.19,13.19,872.28,872.46,2141.06,2141.5,1506.67,1506.98,792.99,793.15,141.46,141.46,78.02,78.02,12,12,12.86,12.86,22.95,23.37,20.04,19.51,50,50,3.3,3.3,50,50,138,138,62.27,62.22,76.33,76.18,74.71,74.7,33.05,33.72,1030.88,1031.09,69.96,68.34,-75.33,-75.33,56.05,56.05,37.25,37.25,29.5,29.5,91.14,91.14,1383.21,1303.3,0,0,64,64,76.86,76.86,951.58,951.78,721.55,714.23,0.34,0.35,222.19,230.99,9.18,9.18,17.06,17.06,866.33,866.33,1.84,1.85,21.95,21.28,50.87,50.86,-77.59,-77.59,26.83,26.83,101.04,101.04,26181.22,26186.63,22968.27,22973.01,29437,29443,1903.17,1903.56,3.05,3.06,237.9,237.94,1.59396E+13,1.60683E+13,11493.56,11495.93,6.17,6.07,12.39,12.39
Rogue Lawnmower,91.33,92,68.89,64.44,82,82,6.07,4.51,31.63,31.17,44.83,44.83,-6.32,-6.32,8.67,8,207,207,532.03,517.94,-5.98,-5.98,6004.39,5845.31,2888.19,2811.67,7904.52,7695.09,3598.46,3503.12,-8,-8,1309.57,1274.87,5852.38,5697.33,5092.33,4957.42,532.03,517.94,2014.13,1960.77,-5.1,-5.1,-6.78,-6.78,-4.73,-4.73,5821.98,5364.37,6536.43,6363.25,8.19,8.19,1710.11,1664.8,950.06,924.89,-5.48,-5.48,0,0,1165.08,1165.08,16.49,22.19,17.36,17.36,72.02,67.59,35.47,35.58,2.23,2.21,51.62,51.62,1,1,53.38,53.38,106,106,56,56.86,54.12,60.19,70.74,71.3,29.1,27.1,285.02,277.47,62.29,63.81,62.33,55.67,8.65,8.88,104.43,102.46,0.7,0.7,94.17,94.17,112.27,134.19,0,0,71,71,70.65,69.51,95.01,92.49,533.75,574.42,1.37,1.28,371.7,371.7,13.97,13.39,12.75,12.75,502.03,502.03,2.25,2.13,25.9,27.9,55.9,54.53,61.24,61.24,64.42,64.42,87.18,87.18,57181.97,55363.6,21526.21,24606.05,130562,110893,1045.07,1017.38,11.47,10.34,-4.47,-4.47,6.871E+11,7.531E+11,52264.32,50436.24,1.63,1.63,19.21,16.91
Clone Commander Wolffe,66.33,67,19.83,19.67,67.56,67.56,1.22,1.22,28.53,28.51,45.34,45.34,618.25,618.26,41.5,40.5,132.75,135,1236.5,1236.52,1978.4,1978.44,535.82,535.83,0,0,577.03,577.04,-2,-2,618.25,618.26,1803.23,1803.26,-9.33,-9.33,2473,2473.05,1854.75,1854.78,1999.01,1999.05,1854.75,1854.78,824.33,824.35,1772.32,1772.35,69.24,69.25,2390.57,2390.61,15.81,15.81,1391.07,1391.09,1957.8,1957.83,1442.59,1442.61,669.77,669.78,42.28,42.28,82.12,82.26,15.51,15.51,31.84,31.74,32.95,33.12,2.65,2.62,51,51,3.3,3.3,50.5,50.5,109,109,69.54,69.53,107.34,107.37,75.37,75.39,16.9,17.29,1597.15,1597.18,71.78,70.97,19.83,19.67,54.71,54.72,20.38,20.35,1.04,1.04,93.68,93.68,706.07,698.79,-4,-4,62,62,50.53,50.53,721.29,721.31,972.57,968.38,0.3,0.31,162.1,162.72,9.65,9.65,17.69,17.69,584.93,584.93,1.57,1.57,38.1,37.71,49.82,49.82,-18.71,-18.71,40.62,40.62,107.17,107.17,30476.9,30477.41,27469.65,27495.37,33452,33425,1288.02,1288.04,2.33,2.33,618.25,618.26,1.96E+11,2.009E+11,13806.04,13806.27,14.57,14.54,8.98,8.98
Brame Anttopia,50.33,52.33,56.89,52.44,79.33,79.33,2.26,2.15,28.38,28.34,44.28,44.28,709.89,684.99,55.25,53.75,101.25,105.75,-2.45,-2.45,1168.28,1127.3,-6.78,-6.78,3326.35,3209.66,2433.92,2348.54,259.62,250.51,1947.13,1878.83,6794.68,6556.33,730.17,704.56,1784.87,1722.26,-4,-4,3975.39,3835.94,-2.45,-2.45,567.91,547.99,2839.57,2739.96,-7.77,-7.77,1947.13,1878.83,11.31,11.31,2129.68,2054.97,1724.02,1663.55,1216.96,1174.27,202.83,195.71,1435.67,1435.67,44.29,46.42,15.09,15.09,55.82,53.84,31.72,31.98,2.99,2.91,50,50,2.52,2.52,50.99,50.99,128,128,63.38,63.49,103.03,103.94,75.63,75.71,11.72,12.33,811.31,782.85,89.67,88.57,49.67,46.33,30.81,30.99,66.4,65.85,0.68,0.68,94.26,94.26,441.56,454.34,0,0,64,64,65.87,64.98,405.65,391.42,918.76,919.47,0.25,0.26,53.88,55.32,10.82,10.52,11.59,11.59,724.23,724.23,1.61,1.61,43.28,42.67,55.91,55.27,-86.6,-86.6,72.11,72.11,100.2,100.2,44130.94,42582.86,28615.58,28317.96,64603,61002,1825.44,1761.4,2.85,2.83,304.24,293.57,89100000000,1.643E+11,30538.61,29382.17,6.72,6.62,17.55,16.61
Installers,73.33,73.67,36.44,36.44,57.33,57.33,1.46,1.46,28.53,28.53,43.68,43.68,559.87,559.91,31,30.5,155.25,157.5,447.9,447.93,-5.93,-5.93,167.96,167.97,3135.29,3135.52,3527.2,3527.46,-7.85,-7.85,335.92,335.95,1959.56,1959.7,447.9,447.93,1847.58,1847.72,4367.01,4367.34,3835.13,3835.42,727.84,727.89,-8.6,-8.6,-1.67,-1.67,28.22,28.22,951.78,951.86,12.96,12.96,1119.75,1119.83,1609.64,1609.76,839.81,839.87,839.81,839.87,1576.14,1576.14,68.58,68.58,15.09,15.09,35.47,35.47,31.46,31.55,3.08,3.05,51,51,3.3,3.3,51.48,51.48,119,119,65.2,65.18,94.51,94.5,75.36,75.35,14.77,14.94,1259.72,1259.81,57.2,56.82,26.33,26.33,33.76,33.76,54.46,54.46,3,3,93.23,93.23,648.92,644.73,-4,-4,64,64,53.96,53.96,559.87,559.91,1031.05,1030.62,0.42,0.42,218.69,223.04,9.68,9.68,11.01,11.01,645.61,645.61,1.45,1.45,40.23,40.06,52.92,52.92,-82.16,-82.16,83.96,83.96,103.37,103.37,42181.09,42184.2,34556.32,34558.87,50391,50395,1469.67,1469.78,2.63,2.63,209.95,209.97,1.0805E+12,1.0935E+12,27923.88,27925.94,13.17,13.14,9.19,9.19
FSS Yamaku,82,82.67,40.89,40.22,41.33,41.33,1.77,1.76,30.89,30.84,42,42,830.41,831.05,18,17.33,184.5,186.75,1043.94,1044.75,-6.81,-6.81,-2.83,-2.83,-5.48,-5.48,5789.14,5793.59,-8.2,-8.2,-8.83,-8.83,-5.34,-5.34,4080.87,4084.01,-6.93,-6.93,-4.24,-4.24,-5.29,-5.29,94.9,94.98,-11.31,-11.31,-8.49,-8.49,6156.18,6160.92,1043.94,1044.75,8.77,8.77,711.78,712.33,1423.56,1424.65,1186.3,1187.21,474.52,474.88,109.99,109.99,56.37,56.72,12,12,36.93,36.7,27.33,27.46,13,12.71,50,50,2.52,2.52,50,50,120,120,58.36,58.36,64.92,65.15,71.67,71.74,19.3,19.68,1186.3,1187.21,55.98,55.52,37.67,37.17,30.35,30.38,73.52,73.44,6.73,6.73,92.77,92.77,549.55,548.27,0,0,64,64,64.06,64.05,711.78,712.33,557.12,554.52,0.56,0.58,263.29,268.06,12.04,12,17.21,17.21,691.28,691.28,2.18,2.18,35.7,35.32,51.33,51.36,20,20,-28.28,-28.28,98.83,98.83,28292.51,28314.29,20879.21,20965.72,37040,36961,1186.3,1187.21,7.96,7.96,-4.47,-4.47,1.7777E+12,1.8517E+12,19691.58,19706.75,5.09,5.02,9.44,9.44
Zagaland,53.33,57.33,57.33,48.44,57.33,57.33,3.61,2.91,32.76,32.59,42,42,307.13,286.15,53,50,105.75,112.5,1638,1526.15,4518.84,4210.27,2047.51,1907.69,4095.01,3815.38,-8.37,-8.37,-2.99,-2.99,-4.47,-4.47,3714.17,3460.55,-4.47,-4.47,409.5,381.54,4095.01,3815.38,-8.37,-8.37,3685.51,3433.84,-7.75,-7.75,1228.5,1144.61,6694.38,5981.62,3685.51,3433.84,9.33,9.33,921.38,858.46,921.38,858.46,1228.5,1144.61,307.13,286.15,119.98,119.98,27.72,34.4,12,12,49.93,46.46,23.07,23.69,19.89,19.09,50,50,1,1,50,50,100,100,56.81,57.49,57.71,63.08,69.47,69.65,1.56,2.78,1228.5,1144.61,78.79,78.16,50,43.33,18.61,19.31,84.76,82.91,3.24,3.24,93.2,93.2,635.01,665.81,0,0,64,64,68.11,66.78,819,763.08,455.7,467.31,0.31,0.31,114.85,126.07,11.13,10.53,17.16,17.16,502.9,502.9,2.56,2.5,53.44,52.22,52.7,51.42,-53.85,-53.85,73.48,73.48,100.2,100.2,43899.6,40646.21,22059,22985.67,79590,66812,819,763.08,10.41,9.42,102.38,95.38,2.501E+11,3.773E+11,35734.28,32801.49,7.21,7.09,15.8,14.12
Betina Polaroid,57.33,61.33,57.33,48.44,57.33,57.33,3.61,2.91,32.81,32.63,42,42,301.95,280.43,50,47,112.5,119.25,-3.16,-3.16,1223.9,1136.69,4428.58,4113.01,-7.07,-7.07,4428.58,4113.01,2061.3,1914.42,4025.98,3739.1,-3.03,-3.03,2818.19,2617.37,805.2,747.82,4428.58,4113.01,0,0,4025.98,3739.1,4831.18,4486.92,-3.16,-3.16,-3.46,-3.46,8454.56,7852.11,9.33,9.33,905.85,841.3,905.85,841.3,1207.79,1121.73,301.95,280.43,119.98,119.98,27.72,34.4,12,12,49.93,46.46,21.81,22.45,21.41,20.65,50,50,1,1,50,50,100,100,56.72,57.4,57.19,62.55,69.42,69.6,0.56,3.78,1207.79,1121.73,68.56,67.97,50,43.33,17.91,18.48,85.5,83.79,3.24,3.24,93.2,93.2,610.35,640.56,0,0,64,64,68.15,66.84,805.2,747.82,460.21,458.64,0.34,0.34,126.07,137.81,12.97,12.39,17.16,17.16,503.25,503.25,2.54,2.54,54.44,51.22,52.68,51.41,87.18,87.18,-45.83,-45.83,100.2,100.2,44652.14,41470.34,22437.15,23451.72,80955,68166,805.2,747.82,10.54,9.56,100.65,93.48,1.224E+11,1.837E+11,36659.41,33798.32,7.09,6.95,11.95,10.71
Tairain,64.89,66.22,48.44,39.56,57.33,57.33,2.91,2.36,32.7,32.65,42,42,285.05,258.9,43.67,41.67,128.25,132.75,4940.9,4487.68,4564.63,4145.92,4180.76,3797.27,-7.07,-7.07,4940.9,4487.68,3432.02,3117.21,0,0,-5.46,-5.46,-8.37,-8.37,0,0,3040.55,2761.65,2280.41,2071.24,-5.48,-5.48,2280.41,2071.24,-8.37,-8.37,-4.69,-5.17,9121.65,8284.94,9.49,9.49,855.16,776.71,855.16,776.71,1140.21,1035.62,570.1,517.81,119.98,119.98,34.4,42.42,12,12,47.86,44.14,23,23.41,19.98,19.45,50,50,1,1,50,50,100,100,57.28,58.02,61.12,67.02,69.53,69.59,4.89,7.78,1140.21,1035.62,75.51,75.94,43.33,36.67,19.96,20.56,81.96,80.15,3.5,3.5,93.16,93.16,613.07,651.72,0,0,64,64,66.63,64.6,760.14,690.41,438.68,441.52,0.34,0.34,151.88,159.17,11.09,10.5,17.16,17.16,501,501,2.65,2.64,50.11,47.22,51.38,49.85,87.18,87.18,-45.83,-45.83,100.2,100.2,40872.61,37123.46,23113.7,23517.68,67184,55437,760.14,690.41,9.74,8.55,95.02,86.3,25000000000,49800000000,32698.09,29476.02,6.78,6.69,11.59,10.22
Octs Ove,67.6,68.4,20.67,19.33,69.33,69.33,1.41,1.38,30.99,31.05,45.83,45.83,504.78,492.65,39.6,38.4,137.25,139.5,-6.63,-6.63,1540.42,1503.38,2973.63,2902.14,330.4,322.46,1505.17,1468.98,-2.37,-2.37,3377.46,3296.25,1284.9,1254.01,789.3,770.32,-4.9,-4.9,3781.29,3690.37,1009.57,985.29,2679.94,2615.51,-2,-2,715.87,698.66,80.18,78.25,6351.09,6198.39,16.25,16.25,1422.57,1388.37,871.9,850.94,1147.23,1119.65,826.01,806.15,1229.34,1229.34,70.68,72.55,18.02,18.02,34.45,33.46,29.84,30.05,4.91,4.42,51.62,51.62,1,1,53.38,53.38,106,106,69.37,69.44,105.37,105.51,71.54,71.46,19.55,20.39,1606.13,1567.51,52.01,51.34,-83.33,-84.67,47.23,47.34,25.75,25.43,1.16,1.16,93.63,93.63,693.87,695.02,-8,-8,67,67,76.61,76.52,734.23,716.58,1024.37,1023.59,0.33,0.34,257.94,258.72,9.87,9.86,12.47,12.47,541.11,541.11,1.48,1.48,35.45,34.61,48.1,47.86,78.1,78.1,44.72,44.72,110,110,35923.1,35059.39,29906.13,29594.08,42311,40791,1193.12,1164.44,2.34,2.33,-5.48,-5.48,2600000000,3000000000,18967.4,18476.3,14.5,14.48,10.33,10.15
Rhaval,49,51,81.56,77.11,11,11,11.04,7.45,34.87,33.91,37.37,37.37,-3.16,-3.16,56.25,54.75,99,103.5,474.63,460.03,5890.9,5709.8,1661.19,1610.12,5774.62,5597.09,1344.77,1303.43,3275.71,3175.01,7752.22,7513.9,652.61,632.55,-3.46,-3.46,474.63,460.03,3243.28,3143.57,5220.89,5060.38,2847.76,2760.21,6249.24,6057.12,1779.85,1725.13,5727.15,5551.08,9888.04,9584.05,7.14,7.14,-7.07,-7.07,494.4,479.2,889.92,862.56,791.04,766.72,7.89,7.89,9.06,13.42,6.84,6.84,34.79,33.17,13.72,14.16,28.67,28.37,51,51,1,1,50,50,99,99,50.8,52.29,20.96,24.75,67.55,68.36,23.43,20.71,1285.45,1245.93,28.59,29.07,73.33,66.67,6.34,6.54,118.43,116.62,23.9,23.9,91.47,91.47,801.74,850.65,-8,-8,64,64,73.69,72.83,395.52,383.36,232.31,261.68,1.08,0.94,58.24,59.73,12.7,12.12,32.88,32.88,471.8,471.8,58.3,20.25,31.57,34.29,58.93,57.65,-74.16,-74.16,87.18,87.18,103,103,65303.79,63296.16,17436,21203.69,192459,158004,395.52,383.36,15.93,15.07,-8.94,-8.94,16200000000,19200000000,61189.65,59181.91,13.39,13.34,26.42,23.48
Eprithea,75.5,75.83,4.67,4.33,75.33,75.33,1.1,1.09,34.47,34.43,47.2,47.2,285.4,285.43,27.75,27.25,164.25,164.25,19.03,19.03,-2.53,-2.53,1674.35,1674.5,589.83,589.88,1407.98,1408.1,1084.71,1084.81,1179.66,1179.76,824.62,824.69,437.61,437.65,1065.5,1065.59,875.23,875.31,-6.86,-6.86,-8.25,-8.25,-7.62,-7.62,24.73,24.74,178.85,178.87,2873.03,2873.29,15.94,15.94,1046.47,1046.56,570.8,570.85,380.53,380.57,356.75,356.78,9.32,9.32,91.06,91.37,17.69,17.69,25.73,25.39,34.32,34.4,2.39,2.38,49.36,49.36,1,1,51.48,51.48,101,101,68.9,68.91,103.85,103.89,67.88,67.91,30.47,30.75,618.37,618.42,76.65,76.27,-95.33,-95.67,50.26,50.28,22.1,22.04,0.76,0.76,93.94,93.94,619.2,617.83,-8,-8,66,66,75.25,75.25,404.32,404.35,884.92,883.08,0.4,0.4,245.28,245.28,9.7,9.7,25.11,25.11,538.53,538.53,1.64,1.64,24.53,24.25,43.64,43.65,65.95,65.95,66.71,66.71,110.31,110.31,16578.92,16580.42,15781.59,15810.52,17330,17305,642.15,642.21,2.36,2.36,523.23,523.28,4400000000,5000000000,8239.72,8240.47,14.5,14.5,8.01,8.01
Hoonis Fristland,64.89,66.22,48.44,39.56,57.33,57.33,2.91,2.36,32.7,32.66,42,42,300.77,273.26,43.67,41.67,128.25,132.75,2406.19,2186.08,-5.39,-5.39,2406.19,2186.08,-7.07,-7.07,1203.1,1093.04,916.36,832.53,3208.26,2914.77,878.26,797.92,2406.19,2186.08,3609.29,3279.12,-6.32,-6.32,-7.75,-7.75,-6.32,-6.32,2807.22,2550.42,2005.16,1821.73,-1.67,-1.67,8020.64,7286.92,9.49,9.49,902.32,819.78,902.32,819.78,1203.1,1093.04,601.55,546.52,119.98,119.98,34.4,42.42,12,12,47.86,44.14,24.4,24.8,18.12,17.54,50,50,1,1,50,50,100,100,57.28,58.02,61.12,67.02,69.53,69.58,4.89,7.78,1203.1,1093.04,63.41,63.8,43.33,36.67,22.24,22.84,79.8,77.99,3.5,3.5,93.16,93.16,613.07,651.72,0,0,64,64,66.47,64.36,802.06,728.69,577.23,580.5,0.36,0.36,151.88,159.17,10.21,9.96,17.16,17.16,506.78,506.78,2.12,2.11,50.11,47.22,51.38,49.84,71.41,71.41,-45.83,-45.83,100.2,100.2,38793.83,35245.02,21938.14,22327.69,63767,52632,802.06,728.69,9.74,8.55,100.26,91.09,19300000000,37600000000,30181.6,27209.16,6.78,6.69,10.95,9.7
Buried Alive,57.33,61.33,57.78,48.89,57.33,57.33,3.7,2.92,33.19,33.06,40.78,40.78,324.38,296.69,50,47,112.5,119.25,2162.54,1977.92,3790.93,3467.29,4325.07,3955.83,-5.48,-5.48,0,0,1857.62,1699.03,-4,-4,-6.69,-6.69,3892.57,3560.25,5622.6,5142.59,3460.06,3164.67,865.01,791.17,0,0,4325.07,3955.83,-7.75,-7.75,692.01,632.93,6487.61,5933.75,9.17,9.17,432.51,395.58,973.14,890.06,1297.52,1186.75,648.76,593.38,119.98,119.98,27.05,34.22,10.55,10.55,50.72,47.2,21.71,22.35,21.53,20.78,50,50,1,1,50,50,100,100,55.95,56.72,53.93,59.52,69.03,69.17,0.67,3.67,1297.52,1186.75,75.39,74.93,50.33,43.67,19.2,19.8,84.55,82.74,3.24,3.24,93.2,93.2,607.64,637.78,0,0,64,64,68.58,67.12,865.01,791.17,429.01,430.53,0.33,0.34,126.07,137.81,12.3,11.72,17.16,17.16,478.5,478.5,2.71,2.7,54.33,51.33,52.77,51.26,78.1,78.1,-33.17,-33.17,100.2,100.2,43103.69,39423.85,21373.14,22229.04,79004,64962,865.01,791.17,11.54,10.54,0,0,5900000000,11800000000,34827.78,31617.93,7.09,6.95,13.54,11.88
Filipheads,21.5,23,28,22,66.67,66.67,1.76,1.52,31.09,31.33,39.43,39.43,536.61,476.3,78.5,77,49.5,51.75,2263.5,2009.11,2482.44,2203.44,1053.7,935.28,2302.53,2043.75,1209.8,1073.83,4676.47,4150.89,1443.96,1281.67,-3.24,-3.24,2614.73,2320.87,3044.02,2701.91,2653.76,2355.51,2068.37,1835.91,2068.37,1835.91,2068.37,1835.91,106.54,94.57,499.53,443.39,4761.16,4226.06,13.45,13.45,634.17,562.9,829.3,736.1,1170.78,1039.2,829.3,736.1,8.08,8.08,56.84,65.73,8.98,8.98,40.86,36.72,19.42,19.77,23.95,23.6,51.62,51.62,1,1,50,50,102,102,64.37,64.88,103.42,104.2,71.4,71.1,21.13,22.63,1170.78,1039.2,81.13,80.84,-74,-80,23.94,24.48,67.23,65.63,1.51,1.51,93.52,93.52,1047.8,1202.77,-4,-4,68,68,77.63,77.1,780.52,692.8,853.27,862.27,0.25,0.25,27.43,27.94,9.7,9.64,31.66,31.66,555.27,555.27,1.67,1.67,33.87,32.37,48.85,47.42,-61.64,-61.64,80.62,80.62,97.83,97.83,45216.16,40134.41,33518.45,32147.46,58966,48907,780.52,692.8,2.72,2.66,195.13,173.2,2200000000,3600000000,34409.5,30301.48,14.56,14.53,12.96,11.6
Perrico,58.33,60.33,1,0.67,15,15,1.02,1.02,38.55,38.3,44.28,44.28,260.93,260.94,49.25,47.75,114.75,119.25,-8.83,-8.83,-7.9,-7.9,-2.83,-2.83,457.26,457.27,218.69,218.69,254.47,254.48,427.44,427.45,-2.45,-2.45,-13.3,-13.3,-9.9,-9.9,-4.24,-4.24,59.64,59.64,-11.31,-11.31,308.15,308.16,-11.31,-11.31,-5.18,-5.18,427.44,427.45,18.79,18.79,509.44,509.46,372.76,372.77,521.87,521.88,260.93,260.94,8.25,8.25,98.12,98.43,14.16,14.16,12.48,12.38,20.1,20.43,23.27,22.92,46.97,46.97,1,1,50,50,100,100,71.58,71.56,103.04,103.08,65.39,65.42,28.9,29.51,509.44,509.46,70.38,69.17,-99,-99.33,73.45,73.46,-26.28,-26.34,20.26,20.26,91.71,91.71,3214.57,3119.29,-8,-8,64,64,74.69,74.69,323.06,323.07,908.57,901.78,0.27,0.27,94.72,96.62,9.49,9.49,30.62,30.62,607.68,607.68,1.62,1.63,26.1,25.49,42.16,42.17,-80.93,-80.93,78.42,78.42,112.08,112.08,6320.58,6320.77,6257.69,6268.36,6378,6368,385.19,385.2,2.23,2.23,248.51,248.52,9100000000,9500000000,1674.95,1675,17.26,17.22,7.24,7.24
Skandorkindia,65.17,66.17,69.33,64.89,78,78,6.16,4.66,32.54,31.97,44.28,44.28,-4.47,-4.47,43.25,41.75,128.25,132.75,6184.18,6015.4,3157.37,3071.2,1717.83,1670.94,5153.48,5012.83,0,0,5349.31,5203.32,-5.1,-5.1,5284.04,5139.82,2748.52,2673.51,6184.18,6015.4,-3.16,-3.16,1717.83,1670.94,1374.26,1336.76,3779.22,3676.08,4122.78,4010.27,6003.49,5605.71,7902,7686.34,7.21,7.21,1030.7,1002.57,773.02,751.92,601.24,584.83,0,0,12.71,12.71,16.23,21.45,14.16,14.16,72.13,67.73,32.28,32.53,2.82,2.75,50,50,1,1,50,50,100,100,54.69,55.5,49.54,55.52,69.7,70.33,15.81,14.08,601.24,584.83,69.6,70.24,63,56.33,6.34,6.56,117.03,115.18,0.73,0.73,94.07,94.07,294.82,324.76,0,0,64,64,71.53,70.64,257.67,250.64,355.5,384.62,0.4,0.39,99.84,101.79,11.51,10.92,18.81,18.81,425.16,425.16,3.38,3.05,39.19,40.92,55.66,54.54,-73.48,-73.48,88.88,88.88,98.34,98.34,63262.09,61301.62,23605.26,26736.86,145438,124653,687.13,668.38,12.97,12.07,-5.48,-5.48,25600000000,29500000000,59276.58,57255.71,5.97,5.86,22.11,19.89
Natchiwes,66,68,57.33,48.44,57.33,57.33,3.61,2.91,32.91,32.74,42,42,338.89,315.27,42,39,130.5,137.25,2711.09,2522.17,-7.5,-7.5,2259.24,2101.81,-8.37,-8.37,5874.03,5464.7,722.96,672.58,903.7,840.72,-3.87,-3.87,2259.24,2101.81,-8.37,-8.37,903.7,840.72,3614.79,3362.89,4518.49,4203.62,-7.75,-7.75,-7.07,-7.07,2259.24,2101.81,5874.03,5464.7,9.33,9.33,1016.66,945.81,1016.66,945.81,1355.55,1261.09,338.89,315.27,119.98,119.98,27.72,34.4,12,12,51.46,47.86,23.37,23.99,19.5,18.69,50,50,1,1,50,50,100,100,56.47,57.16,55.13,60.42,69.32,69.49,3.22,6.45,1355.55,1261.09,65.42,64.84,50,43.33,22.8,23.37,80.95,79.24,3.5,3.5,93.16,93.16,546.98,575.6,0,0,64,64,67.81,66.42,903.7,840.72,494.15,492.55,0.37,0.38,158.55,171.7,12.62,12.04,17.16,17.16,521.77,521.77,2.39,2.39,51.78,48.55,52.65,51.37,74.83,74.83,-55.68,-55.68,100.2,100.2,39830.47,37054.9,20014.31,20954.76,72213,60908,903.7,840.72,10.87,9.92,112.96,105.09,18200000000,37500000000,30749.12,28384.05,6.73,6.59,10.55,9.52
DSIS,14.5,16,7,5.33,5,5,1.15,1.12,32.81,33.1,39.43,39.43,749.81,694.3,85.5,84,33.75,36,27.27,25.25,-5.51,-5.51,-2.83,-2.83,163.6,151.48,98.16,90.89,43.63,40.4,1499.62,1388.59,-4.58,-4.58,81.8,75.74,-8.83,-8.83,-10.86,-10.86,1117.9,1035.13,981.57,908.9,-8.25,-8.25,-9.38,-9.38,310.83,287.82,1526.89,1413.84,17.92,17.92,817.98,757.41,954.31,883.65,1431.46,1325.48,749.81,694.3,8.27,8.27,87.19,89.57,8.98,8.98,12.45,12.13,1.81,1.95,34.05,33.78,50,50,1,1,50,50,100,100,70.24,70.33,99.42,99.77,69.42,69.13,41.82,41.88,1226.96,1136.12,88.96,87.86,-93,-94.67,71.76,71.8,-14.18,-14.56,27.84,27.84,91.24,91.24,8354.81,8385.4,-8,-8,64,64,75.4,75.3,920.22,852.09,758.4,762.06,0.21,0.22,19.02,19.44,9.71,9.7,30.52,30.52,613.98,613.98,1.79,1.78,13.18,13.12,44.6,44.28,-48.48,-48.48,44.16,44.16,110.61,110.61,16131.85,14937.48,15008.24,14095.23,17212,15737,920.22,852.09,2.29,2.29,511.24,473.38,2000000000,2400000000,4549.18,4212.37,16.41,16.38,7.44,7.38
Cromonesia,73.67,74.33,64,55.11,79.33,79.33,5.62,4.3,32.22,31.99,44.28,44.28,-5.48,-5.48,30.5,29.5,157.5,159.75,6792.74,6356.62,4254.9,3981.71,-3.16,-3.16,6943.69,6497.87,2641.62,2472.02,688.71,644.49,-3.61,-3.61,2471.8,2313.1,2264.25,2118.87,1886.87,1765.73,2264.25,2118.87,3169.95,2966.42,1886.87,1765.73,0,0,5773.83,5403.12,470.96,440.73,6792.74,6356.62,7.75,7.75,1792.53,1677.44,849.09,794.58,-4.47,-4.47,-5.48,-5.48,439.84,439.84,17.8,23.25,15.09,15.09,71.91,67.4,36.86,37.02,2.07,2.06,51,51,1,1,50.99,50.99,101,101,54.63,55.48,43.79,49.57,70.05,70.31,20.03,18.14,471.72,441.43,58.96,59.98,61,54.33,8.25,8.44,106.92,105.21,0.72,0.72,94.1,94.1,227.11,256.11,0,0,64,64,70.44,69.45,188.69,176.57,333.58,363.47,0.56,0.53,129.77,130.88,13.06,12.48,16.07,16.07,432.88,432.88,3.72,3.28,34.97,36.86,54.57,53.33,-101.98,-101.98,99.5,99.5,99.3,99.3,53435.48,50004.67,21002,22804.78,117981,98103,1132.12,1059.44,13.02,12.09,94.34,88.29,17400000000,20500000000,49000.34,45804.28,3.58,3.52,16.69,14.93
Jumato,73.6,73.87,40.44,35.11,11,11,1.93,1.74,32.18,32.16,40.78,40.78,367.74,346.38,30.6,30.2,157.5,157.5,367.74,346.38,-2.83,-2.83,3309.68,3117.4,-9.49,-9.49,2427.1,2286.09,1176.77,1108.41,-6.78,-6.78,3243.48,3055.05,0,0,-8.94,-8.94,3309.68,3117.4,-7.07,-7.07,-9.49,-9.49,1103.23,1039.13,2206.45,2078.27,1250.32,1108.86,3677.42,3463.78,10.63,10.63,459.68,432.97,919.35,865.94,1746.77,1645.29,1195.16,1125.73,125.17,125.17,51.73,57.32,10.55,10.55,21.81,19.92,19.26,19.35,24.11,24.01,50,50,1,1,50,50,100,100,59.53,59.96,65.59,68.63,70.09,70.12,26.96,28.42,1562.9,1472.11,54.03,54.85,29.33,25.33,30.14,30.54,67.44,66.33,23.15,23.15,91.52,91.52,982.03,1059.77,-4,-4,64,64,57.44,55.57,827.42,779.35,438.56,442,0.66,0.62,138.07,138.07,9.92,9.88,17.14,17.14,523.49,523.49,2.65,2.63,28.04,26.58,50.35,49.47,92.47,92.47,-63.64,-63.64,103.74,103.74,35917.33,33761.9,25314.87,25139.46,48938,43858,827.42,779.35,4.97,4.16,91.94,86.59,60700000000,83500000000,25106.22,23464.52,13.43,13.43,9.79,9.16
Northern Vorectana,57.67,59.67,42.67,33.78,41.33,41.33,2.51,2.1,32.63,32.55,40.78,40.78,435.39,394.98,49.75,48.25,114.75,117,-7.07,-7.07,3343.79,3033.43,3483.12,3159.82,-5.66,-5.66,2089.87,1895.89,-5.29,-5.29,-6,-6,3047.73,2764.84,3483.12,3159.82,696.62,631.96,4179.74,3791.78,2786.49,2527.85,696.62,631.96,3831.43,3475.8,-3.74,-3.74,-5.96,-6.55,3483.12,3159.82,10.2,10.2,522.47,473.97,957.86,868.95,1306.17,1184.93,435.39,394.98,13.18,13.18,39.79,47.72,10.55,10.55,40.23,36.94,21.05,21.38,22.26,21.9,50,50,1,1,50,50,106,106,58.1,58.78,63.09,68.52,69.61,69.69,8.32,11.05,1219.09,1105.94,82.85,83.64,39,32.33,23.32,23.89,76.34,74.63,7.53,7.53,92.69,92.69,809.53,858.68,0,0,64,64,65.13,62.57,870.78,789.95,522.71,525.76,0.3,0.3,84.62,85.52,12.12,11.53,18.61,18.61,584.93,584.93,2.28,2.27,46.68,43.95,50.87,49.56,76.81,76.81,-30,-30,101.04,101.04,39132.83,35500.55,23946.95,23961.4,60184,50211,870.78,789.95,8.41,7.11,174.16,157.99,26200000000,52300000000,30014.88,27015.92,7.33,7.28,11.66,10.46
Balabadis,60,62,21,15.67,72,72,1.56,1.38,30.54,31.04,45.83,45.83,574.69,501.69,48,46.5,117,121.5,334.37,291.89,-5.22,-5.22,-4.24,-4.24,543.34,474.33,1295.67,1131.09,-5.77,-5.77,3845.2,3356.78,-1.73,-1.73,585.14,510.81,2842.11,2481.1,543.34,474.33,-7.56,-7.56,1797.21,1568.93,543.34,474.33,1776.32,1550.69,173.87,151.78,4179.57,3648.67,16.73,16.73,2037.54,1778.73,1201.63,1048.99,1306.11,1140.21,783.67,684.13,1229.34,1229.34,64.21,72.28,18.02,18.02,38.77,34.75,31.21,31.47,3.18,3.08,48.6,48.6,1,1,53.38,53.38,104,104,69.82,70.18,105.57,106.11,72.15,71.48,16.63,18.91,1515.09,1322.64,61.41,61,-79,-84.33,60.32,60.79,11.79,10.4,0.86,0.86,93.77,93.77,694.44,728.12,-8,-8,67,67,76.84,76.38,835.91,729.73,1017.83,1017.32,0.3,0.3,222.46,225.38,9.99,9.94,12.47,12.47,536.65,536.65,1.5,1.5,38.37,36.09,48.56,47.23,-59.16,-59.16,50.99,50.99,110,110,31541.52,27535.08,24950.75,23197.05,38861,32092,1358.36,1185.82,2.31,2.29,679.18,592.91,1400000000,1800000000,12521.98,10793.75,15.63,15.58,9.37,8.67
Lannistan,70.83,71.83,73.33,68.89,19,19,7.52,5.53,31.44,31,44.28,44.28,-3.16,-3.16,34.75,33.25,148.5,150.75,5893.63,5745.11,4179.44,4074.11,465.29,453.56,3489.65,3401.71,4032.49,3930.86,186.11,181.42,-7.35,-7.35,58.16,56.7,3567.2,3477.3,1628.5,1587.46,1240.76,1209.5,2287.66,2230.01,2016.24,1965.43,-2.83,-2.83,5738.54,5593.92,7449.75,6986.1,6358.92,6198.67,9.54,9.54,2035.63,1984.33,1066.28,1039.41,1066.28,1039.41,484.67,472.46,8.39,8.39,13.3,18.07,14.64,14.64,37.95,36,26.48,26.77,14.76,14.21,52.64,52.64,1,1,50.5,50.5,99,99,55.46,56.25,38.57,43.7,70.97,71.52,21.67,19.95,775.48,755.94,66.55,67.25,67,60.33,10.95,11.62,96.9,95.04,17.58,17.58,91.89,91.89,600.22,642.64,0,0,64,64,70.72,69.75,387.74,377.97,336.1,364.9,0.45,0.44,221.44,222.89,14.23,13.65,29.79,29.79,460.99,460.99,3.68,3.26,33.33,35.05,58.58,57.43,-70.71,-70.71,74.83,74.83,100.2,100.2,59286.97,57516.98,19762.32,22796.95,148550,126160,1744.83,1700.85,12.13,11.15,96.93,94.49,11100000000,13400000000,52765.4,50845.01,2.08,2.04,16.91,15.12
Marraine,74.93,75.2,59.11,50.22,80,80,3.84,3.02,35.74,35.21,38.75,38.75,0,0,28.6,28.2,162,162,-9.7,-9.7,250.18,231.47,4482.32,4147.15,-4,-4,833.92,771.56,-2.53,-2.53,2918.72,2700.47,-6.05,-6.05,3439.92,3182.7,1876.32,1736.02,3439.92,3182.7,-3.74,-3.74,-3.74,-3.74,2918.72,2700.47,-3.13,-3.13,-4.98,-4.98,7401.04,6847.62,6.93,6.93,-6.32,-6.32,781.8,723.34,521.2,482.23,651.5,602.78,7.9,7.9,26.07,33.12,8.23,8.23,67.07,62.25,32.75,32.82,2.7,2.68,52.16,52.16,1,1,50,50,98,98,53.39,54.46,44.5,50.92,66.9,67.28,17.81,19.28,1172.7,1085.01,43.05,44.44,51.33,44.67,13.9,14.5,92.66,90.85,0.7,0.7,94.2,94.2,261.94,296.42,0,0,64,64,69.63,68.36,651.5,602.78,347.61,360.74,0.86,0.72,137.97,137.97,11.66,11.07,32.78,32.78,488.61,488.61,3.49,3.31,37.19,35.72,52.77,51.34,66.71,66.71,-12.25,-12.25,96,96,36408.96,33686.43,17691.25,18658.82,67848,56341,1172.7,1085.01,14.2,13.2,-8.37,-8.37,6200000000,12200000000,31348.11,28801.9,2.61,2.61,12.14,10.69
Petrea Strong,79.5,80.5,73.33,68.89,80.67,80.67,7.52,5.53,31.73,31.23,45.83,45.83,-4.47,-4.47,21.75,20.25,177.75,180,1717.95,1673.46,2431.24,2368.27,7466.49,7273.11,2709.08,2638.92,3171.61,3089.46,2205.92,2148.79,1321.5,1287.28,1040.68,1013.73,3700.21,3604.37,5352.09,5213.47,3039.46,2960.73,277.52,270.33,1387.58,1351.64,5682.47,5535.29,4559.19,4441.1,7490.61,7061.67,10505.95,10233.84,8.77,8.77,1982.26,1930.91,825.94,804.55,82.59,80.45,330.38,321.82,114.92,114.92,13.3,18.07,16.66,16.66,72.96,68.73,37.14,37.38,2.04,2.02,49.36,49.36,1,1,51.48,51.48,101,101,54.44,55.31,46.14,52.09,70.61,71.23,25.66,23.94,412.97,402.27,72.11,72.85,67,60.33,7.16,7.38,113.81,111.95,0.69,0.69,94.23,94.23,151.57,173.25,0,0,66,66,71.35,70.44,247.78,241.36,382.01,413.04,1.18,1.16,307.93,309.65,13.1,12.52,17.19,17.19,422.36,422.36,3.08,2.82,29.34,31.06,57.78,56.66,80.93,80.93,68.92,68.92,105.84,105.84,69584.09,67546.91,23194.7,26772.32,174351,148160,1073.72,1045.91,13.22,12.29,660.75,643.64,2300000000,2800000000,64574.04,62548.44,5.11,5.05,23.16,20.85
Aypumpy,76.13,76.4,43.11,35.11,48,48,2.56,2.15,34.66,34.45,37.37,37.37,78.71,71.46,26.8,26.4,166.5,166.5,-4.69,-4.69,3180.02,2887.23,3400.08,3087.03,-1.1,-1.1,251.86,228.67,5258.47,4774.32,4155.65,3773.03,2675.99,2429.6,1825.97,1657.85,1825.97,1657.85,4344.55,3944.54,1637.08,1486.35,3085.26,2801.19,-7.87,-7.87,2959.33,2686.86,241.78,219.52,7555.73,6860.06,7.75,7.75,-5.48,-5.48,550.94,500.21,393.53,357.29,314.82,285.84,463.1,463.1,39,46.42,8.23,8.23,42.84,39.67,28.17,28.25,10.46,9.96,50,50,1,1,50.99,50.99,108,108,53.74,54.65,36.91,41.97,67.72,67.89,14.18,16.31,708.35,643.13,38.52,39.64,39.33,33.33,9.14,9.31,99.07,97.47,5.29,5.29,92.93,92.93,566.15,610.89,0,0,64,64,67.88,66.52,472.23,428.75,402.23,409.43,1.17,1,142.24,142.24,9.89,9.83,15.97,15.97,562.68,562.68,2.9,2.84,40.82,38.69,50.1,48.83,70.43,70.43,20.98,20.98,96.68,96.68,44362.22,40277.71,26852.75,26785.01,68859,57700,472.23,428.75,13.89,13.01,-6.32,-6.32,9700000000,15900000000,40325.26,36531.88,5.39,5.39,14.73,13.17
Oversized Operativez 20,1,1,3,3,3,3,1.06,1.06,37.28,37.28,42,42,250.01,250.01,99,99,2.25,2.25,511.14,511.14,-4.38,-4.38,511.14,511.14,-4.9,-4.9,222.23,222.23,1351.19,1351.19,622.26,622.26,-8.4,-8.4,511.14,511.14,-8,-8,622.26,622.26,-10.68,-10.68,-9.17,-9.17,-7.35,-7.35,-10.2,-10.2,-7.38,-7.38,1644.54,1644.54,11.96,11.96,361.13,361.13,361.13,361.13,555.59,555.59,194.46,194.46,141.46,141.46,94.4,94.4,12,12,11.23,11.23,0.92,0.92,39.43,39.43,50,50,1,1,50,50,106,106,63.7,63.7,79.54,79.54,65.9,65.9,48.25,48.25,388.91,388.91,111.6,111.6,-97,-97,47.8,47.8,45.42,45.42,28.66,28.66,91.19,91.19,12629.85,12629.85,0,0,64,64,75.28,75.28,333.35,333.35,421.23,421.23,0.19,0.19,8.55,8.55,9.64,9.64,17.06,17.06,594.24,594.24,2.76,2.76,6.75,6.75,41.46,41.46,53.85,53.85,-24.49,-24.49,101.85,101.85,8946.07,8946.07,8679.02,8679.02,9193,9193,333.35,333.35,2.8,2.8,138.9,138.9,2.6312E+12,2.6347E+12,4669.85,4669.85,9.21,9.21,7.18,7.18
Curious Inquiry,77.39,77.72,90.52,90.48,76.57,76.57,1.41,1.41,19.97,19.97,27.9,27.9,13211.05,13211.09,24.92,24.42,219,219,-24.25,-24.25,-11.59,-11.59,-14.28,-14.28,-12.44,-12.44,-16.12,-16.12,-12.93,-12.93,-16.85,-16.85,-21.7,-21.7,-15.49,-15.49,-19.44,-19.44,-20.45,-20.45,-15.1,-15.1,-16.37,-16.37,-22.96,-22.96,-7.27,-7.27,-22.58,-22.59,0,0,23.66,23.66,3500.36,3500.37,16937.24,16937.3,2709.96,2709.97,3613.28,3613.29,10.29,10.29,70.76,70.87,1.34,1.34,42.99,42.9,75.1,75.15,0.97,0.97,50,50,10.55,10.55,50,50,397,397,69.1,69.1,112,112.03,91.71,91.71,22.55,22.76,5194.09,5194.1,67.85,67.87,33.57,33.43,66.96,66.97,-42.07,-42.09,0.67,0.67,94.33,94.33,374.44,372.17,16,16,101,101,50.05,50.05,2597.04,2597.05,1328.36,1328.26,0.23,0.23,120.71,120.71,8.17,8.17,21.31,21.31,2711.16,2711.16,0.71,0.71,32.45,32.24,77.48,77.48,-146.04,-146.04,87.9,87.9,79.01,79.01,63232.38,63232.58,52671.18,52716.29,74439,74383,12307.73,12307.77,2.35,2.35,1242.06,1242.07,1.9468E+12,1.9632E+12,20866.69,20866.75,10.26,10.26,129.25,129.25
Nova Universo Headquarters,76.67,78,50,49.78,41.33,41.33,1.46,1.46,26.76,26.76,42,42,2072.77,2073.21,26,24,166.5,171,4101.9,4102.77,-6.69,-6.69,-10.49,-10.49,-1.9,-1.9,-9.49,-9.49,-8.39,-8.39,-8.72,-8.72,-7.55,-7.55,1570.94,1571.27,4101.9,4102.77,-13.64,-13.64,1920.04,1920.44,3665.52,3666.3,-14.7,-14.7,2618.23,2618.79,1784.53,1806.74,4101.9,4102.77,12.69,12.69,1200.02,1200.28,3163.7,3164.37,2072.77,2073.21,1418.21,1418.51,119.98,119.98,68.45,68.58,12,12,32.17,32.1,29.26,29.62,6.51,5.46,50,50,3.93,3.93,50,50,154,154,63.16,63.12,96.25,96.26,79.03,79.03,17.61,18.33,2072.77,2073.21,61.4,59.9,34.5,34.33,49.5,49.49,44.82,44.8,5.63,5.63,92.89,92.89,639.17,623.99,0,0,62,62,55.74,55.73,872.74,872.93,1010.06,1007.62,0.34,0.35,215.68,224.35,9.77,9.77,17.16,17.16,912.62,912.62,1.52,1.53,37.39,36.67,55.93,55.94,-80.12,-80.12,30.33,30.33,101.04,101.04,37641.22,37671.02,30805.88,30861.5,45008,45003,1527.3,1527.63,2.88,2.89,327.28,327.35,2.6464E+12,2.7548E+12,19008.82,19023.87,7.06,6.97,12.31,12.31
Esperilando,76.5,77.5,54.67,45.78,76.67,76.67,3.36,2.73,31.74,31.66,42,42,202.84,187.8,26.25,24.75,166.5,171,-3.74,-3.74,-8.24,-8.24,-7.35,-7.35,5436.16,5033.01,4056.83,3755.98,1038.55,961.53,4300.24,3981.34,5375.3,4976.67,-8,-8,3894.56,3605.74,-3.74,-3.74,-2.28,-2.28,-9.17,-9.17,4300.24,3981.34,-7.62,-7.62,-7.49,-7.94,4300.24,3981.34,9.54,9.54,1622.73,1502.39,1115.63,1032.89,912.79,845.09,405.68,375.6,9.08,9.08,29.75,36.66,14.16,14.16,60.38,55.88,33.86,34.11,2.47,2.43,51.62,51.62,1,1,51.48,51.48,109,109,57.57,58.24,69,74.78,70.6,70.69,17.16,19.89,1115.63,1032.89,43.21,43.7,48,41.33,20.29,20.86,82.32,80.61,0.73,0.73,94.04,94.04,294.82,324.76,0,0,64,64,66.95,65.35,709.95,657.3,476.93,479.25,0.54,0.52,294.79,298.15,11.27,10.68,26.22,26.22,574.81,574.81,2.46,2.45,37.84,35.11,53.36,52.06,-101,-101,86.6,86.6,100.2,100.2,42742.79,39572.97,22328.32,23166.27,75052,63185,1217.05,1126.79,9.3,8.17,101.42,93.9,1100000000,2000000000,34066,31302.22,3.7,3.58,12.39,11.1
Mitnoinapr,50.67,50.67,47.56,47.56,74,74,1.8,1.8,27.66,27.66,41.43,41.43,2029.25,2029.25,55,55,101.25,101.25,-3.46,-3.46,-3.1,-3.1,1402.03,1402.03,-3.46,-3.46,2804.06,2804.06,2833.57,2833.57,-1.18,-1.18,-12.61,-12.61,1697.19,1697.19,-3.46,-3.46,-3.46,-3.46,2508.89,2508.89,2508.89,2508.89,295.16,295.16,3246.8,3246.8,2526.93,2526.93,1402.03,1402.03,15.1,15.1,553.43,553.43,3136.12,3136.12,2674.92,2674.92,1660.3,1660.3,13.33,13.33,55.66,55.66,11.33,11.33,51.1,51.1,28.51,28.51,9.08,9.08,50,50,3.3,3.3,50,50,124,124,63.8,63.8,106.74,106.74,77.04,77.04,12.67,12.67,1199.1,1199.1,103.99,103.99,-61.33,-61.33,58.98,58.98,26.02,26.02,0.76,0.76,93.94,93.94,580.88,580.88,0,0,64,64,78.52,78.52,1475.82,1475.82,879.33,879.33,0.25,0.25,62.73,62.73,9.92,9.92,18.55,18.55,738.47,738.47,1.65,1.65,42.33,42.33,54.4,54.4,41.23,41.23,14.14,14.14,104.81,104.81,40853.96,40853.96,29946.02,29946.02,53802,53802,1475.82,1475.82,2.79,2.79,1475.82,1475.82,2.778E+11,2.782E+11,16750.13,16750.13,7.44,7.44,11.28,11.28
Oversized Operativez 21,1,1,3,3,3,3,1.06,1.06,37.28,37.28,42,42,250.34,250.34,99,99,2.25,2.25,-9.17,-9.17,-10.12,-10.12,-9.17,-9.17,400.54,400.54,556.3,556.3,106.81,106.81,-8,-8,778.82,778.82,-11.14,-11.14,-4.9,-4.9,511.8,511.8,623.06,623.06,-8,-8,845.58,845.58,511.8,511.8,-11.41,-11.41,0,0,11.96,11.96,361.6,361.6,361.6,361.6,556.3,556.3,194.71,194.71,141.46,141.46,94.4,94.4,12,12,11.23,11.23,1.03,1.03,37.98,37.98,50,50,1,1,50,50,106,106,63.7,63.7,79.54,79.54,65.9,65.9,48.25,48.25,389.41,389.41,111.99,111.99,-97,-97,47.88,47.88,45.38,45.38,28.66,28.66,91.19,91.19,12629.85,12629.85,0,0,64,64,75.28,75.28,333.78,333.78,426.28,426.28,0.19,0.19,8.55,8.55,9.61,9.61,17.06,17.06,596.14,596.14,2.73,2.73,6.75,6.75,41.46,41.46,-81.24,-81.24,48.99,48.99,101.85,101.85,8935.34,8935.34,8668.61,8668.61,9182,9182,333.78,333.78,2.8,2.8,139.08,139.08,2.6242E+12,2.6268E+12,4655.31,4655.31,9.21,9.21,7.11,7.11
The Elements of Theology,57.33,57.33,57.33,57.33,57.33,57.33,3.61,3.61,32.75,32.75,42,42,281.62,281.62,50,50,112.5,112.5,2478.21,2478.21,4893.35,4893.35,4731.14,4731.14,-8,-8,525.68,525.68,-7.81,-7.81,3604.68,3604.68,-3.24,-3.24,-8.6,-8.6,-6.63,-6.63,-6.63,-6.63,4731.14,4731.14,2853.7,2853.7,3229.19,3229.19,-8.6,-8.6,4895.47,4895.47,10814.03,10814.03,9.33,9.33,844.85,844.85,844.85,844.85,1126.46,1126.46,281.62,281.62,119.98,119.98,27.72,27.72,12,12,49.93,49.93,21.63,21.63,21.61,21.61,50,50,1,1,50,50,100,100,56.72,56.72,57.19,57.19,69.47,69.47,0.55,0.55,1126.46,1126.46,70.21,70.21,50,50,15.1,15.1,88.81,88.81,3.24,3.24,93.2,93.2,610.35,610.35,0,0,64,64,68.41,68.41,750.97,750.97,619.5,619.5,0.34,0.34,125.93,125.93,10,10,17.16,17.16,524.56,524.56,2.02,2.02,54.45,54.45,52.7,52.7,95.39,95.39,-52.92,-52.92,100.2,100.2,47865.47,47865.47,24051.8,24051.8,86780,86780,750.97,750.97,10.54,10.54,93.87,93.87,6.839E+11,6.852E+11,40637.78,40637.78,7.09,7.09,13.05,13.05
Bayfield county,57.33,57.33,53.33,53.33,57.33,57.33,3.25,3.25,32.84,32.84,42,42,284.18,284.18,50,50,112.5,112.5,3410.15,3410.15,-7.46,-7.46,3789.05,3789.05,-3.16,-3.16,2273.43,2273.43,5047.02,5047.02,-6.32,-6.32,4880.3,4880.3,4546.87,4546.87,-7.75,-7.75,-6.32,-6.32,-5.48,-5.48,4167.96,4167.96,1515.62,1515.62,-8.37,-8.37,-2.83,-2.83,7199.2,7199.2,9.33,9.33,852.54,852.54,852.54,852.54,1136.72,1136.72,284.18,284.18,119.98,119.98,30.79,30.79,12,12,48.38,48.38,21.7,21.7,21.53,21.53,50,50,1,1,50,50,100,100,57.09,57.09,59.51,59.51,69.39,69.39,1.56,1.56,1136.72,1136.72,83.06,83.06,47,47,17.18,17.18,85.81,85.81,3.24,3.24,93.2,93.2,635.01,635.01,0,0,64,64,67.6,67.6,757.81,757.81,581.8,581.8,0.32,0.32,126.07,126.07,10.64,10.64,17.16,17.16,524.94,524.94,2.11,2.11,53.44,53.44,52,52,71.41,71.41,-10,-10,100.2,100.2,44131.12,44131.12,23492.69,23492.69,76289,76289,757.81,757.81,10.02,10.02,94.73,94.73,6.689E+11,6.705E+11,36540.57,36540.57,7.09,7.09,13.58,13.58
Get gaslit,50.67,50.67,57.33,57.33,57.33,57.33,3.61,3.61,32.69,32.69,42,42,341.58,341.58,55,55,101.25,101.25,-7.07,-7.07,5089.47,5089.47,-4.47,-4.47,-7.75,-7.75,5920.64,5920.64,2516.27,2516.27,-7.07,-7.07,569.29,569.29,1821.74,1821.74,5009.77,5009.77,-7.07,-7.07,2732.6,2732.6,910.87,910.87,1821.74,1821.74,-3.16,-3.16,-2.83,-2.83,0,0,9.33,9.33,1024.73,1024.73,1024.73,1024.73,1366.3,1366.3,341.58,341.58,119.98,119.98,27.72,27.72,12,12,49.93,49.93,20.71,20.71,22.62,22.62,50,50,1,1,50,50,100,100,56.88,56.88,58.06,58.06,69.54,69.54,2.22,2.22,1366.3,1366.3,77.59,77.59,50,50,23.17,23.17,80.66,80.66,3.24,3.24,93.2,93.2,651.72,651.72,0,0,64,64,67.85,67.85,910.87,910.87,484.11,484.11,0.3,0.3,107.66,107.66,12.49,12.49,17.16,17.16,511.39,511.39,2.43,2.43,52.78,52.78,52.72,52.72,40,40,-50.99,-50.99,100.2,100.2,39486.11,39486.11,19841.28,19841.28,71589,71589,910.87,910.87,10.32,10.32,113.86,113.86,4.965E+11,4.977E+11,30325.33,30325.33,7.3,7.3,13.01,13.01
Naknia5,56.67,56.67,32,32,66.67,66.67,2,2,32.55,32.55,43.68,43.68,372.88,372.88,50.5,50.5,112.5,112.5,2933.31,2933.31,736.06,736.06,198.87,198.87,268.47,268.47,3629.35,3629.35,3301.96,3301.96,3082.46,3082.46,2764.77,2764.77,1143.49,1143.49,447.45,447.45,3430.48,3430.48,-6.4,-6.4,1193.21,1193.21,696.04,696.04,139.21,139.21,2781.58,2781.58,6214.64,6214.64,12.37,12.37,745.76,745.76,683.61,683.61,994.34,994.34,372.88,372.88,644.28,644.28,49.93,49.93,15.09,15.09,42.61,42.61,24.28,24.28,18.28,18.28,51,51,1,1,51.48,51.48,105,105,61.97,61.97,93.48,93.48,69.69,69.69,10.09,10.09,1864.39,1864.39,40.51,40.51,31,31,27.07,27.07,65.62,65.62,1.51,1.51,93.52,93.52,698.79,698.79,-4,-4,64,64,56.48,56.48,683.61,683.61,678.95,678.95,0.36,0.36,185.25,185.25,9.94,9.94,15.15,15.15,510.61,510.61,1.91,1.91,44.91,44.91,48.95,48.95,-27.2,-27.2,33.76,33.76,104.81,104.81,40602.41,40602.41,28078.28,28078.28,56238,56238,994.34,994.34,3.11,3.11,-9.49,-9.49,1400000000,1600000000,29599.16,29599.16,14.71,14.71,10.61,10.61
League of Christian Nations Guardian,60.22,61.56,28.67,27.25,33.78,33.78,1.89,1.83,30.69,30.67,37.37,37.37,1106.64,1088.9,47.83,46.83,119.25,121.5,767.27,754.97,2337.22,2299.76,2832.99,2787.59,944.33,929.2,3541.24,3484.49,-3.1,-3.1,613.81,603.98,-1.73,-1.73,-6.32,-6.32,-2,-2,-7.35,-7.35,2832.99,2787.59,3128.09,3077.97,1357.47,1335.72,-6.08,-6.08,1947.68,1916.47,4214.07,4146.55,11.83,11.83,295.1,290.37,1475.52,1451.87,1549.29,1524.47,737.76,725.94,8.01,8.01,52.98,54.55,6.84,6.84,33.4,32.78,18.42,18.66,24.9,24.68,46.97,46.97,2.52,2.52,50,50,129,129,58.6,58.7,70.83,71.8,71.93,71.97,14.36,15.11,1327.96,1306.68,68.87,68.37,28.5,27.25,34.93,35.03,59.2,58.89,10.05,10.05,92.46,92.46,948.59,951.13,0,0,64,64,55.33,54.99,885.31,871.12,604.29,602.19,0.31,0.31,59.07,59.44,9.96,9.94,32.07,32.07,755.39,755.39,2.06,2.06,40.64,39.89,48.85,48.64,52.92,52.92,44.72,44.72,100.2,100.2,32284.28,31766.95,23048.73,23034.99,43501,42230,737.76,725.94,7.49,7.29,73.78,72.59,1.24492E+13,1.30125E+13,21017.07,20648.52,9.79,9.76,10.24,10.07
NAC Flotilla,79.83,80.17,5,4.75,78.67,78.67,1.1,1.1,34.12,34.1,44.83,44.83,506.34,506.61,21.25,20.75,177.75,180,-5.29,-5.29,1176.83,1177.48,1300.49,1301.2,959.37,959.9,1769.51,1770.48,-7.16,-7.16,14.92,14.93,959.37,959.9,127.92,127.99,-6.16,-6.16,-9.38,-9.38,-6.4,-6.4,-2.83,-2.83,234.51,234.64,724.86,725.26,507.4,507.68,1315.41,1316.13,16,16,1092.62,1093.22,666.23,666.6,479.69,479.95,426.39,426.62,8.66,8.66,90.76,90.99,15.09,15.09,27.76,27.5,38.83,38.91,1.9,1.89,51,51,1,1,50.5,50.5,127,127,67.17,67.16,105.36,105.39,68.17,68.19,34.2,34.45,586.28,586.61,86.83,86.38,-95,-95.25,58.64,58.66,14.76,14.72,0.72,0.72,94.1,94.1,526,524.12,0,0,64,64,74.86,74.86,479.69,479.95,883.4,880.75,0.32,0.33,275.86,280.74,9.94,9.93,28.3,28.3,787.23,787.23,1.64,1.65,20.8,20.55,44.03,44.04,0,0,78.1,78.1,105.5,105.5,15045.13,15053.37,14296.62,14323.17,15751,15742,746.18,746.59,2.47,2.47,399.74,399.96,83100000000,89000000000,6228.68,6217.04,6.65,6.61,7.48,7.48
Talravin Island,76.5,76.83,24,22.5,76.67,76.67,1.67,1.62,31.26,31.26,44.28,44.28,371.38,364.17,26.25,25.75,166.5,168.75,772.47,757.48,1996.55,1957.79,475.37,466.14,2198.58,2155.9,891.32,874.01,-1.26,-1.26,-7.75,-7.75,-6.36,-6.36,831.9,815.75,-2,-2,-10.68,-10.68,-6.08,-6.08,772.47,757.48,2852.21,2796.85,2733.37,2680.31,148.32,145.44,1247.84,1223.62,10.86,10.86,1782.63,1748.03,1039.87,1019.68,445.66,437.01,371.38,364.17,8.45,8.45,59.73,61.58,14.64,14.64,43.89,42.72,36.13,36.21,2.15,2.14,51,51,1,1,50.5,50.5,117,117,62.09,62.18,92.82,93.67,71.19,71.18,25.12,25.79,1114.15,1092.52,59.11,58.9,24,22.5,35.05,35.16,62.06,61.71,0.74,0.74,94,94,446.18,453.17,-4,-4,64,64,52.72,52.5,519.93,509.84,688.68,687.31,0.57,0.57,249.73,254.37,9.88,9.87,29.47,29.47,673.57,673.57,1.89,1.89,29.88,29.21,48.59,48.36,-62.85,-62.85,68.92,68.92,104.46,104.46,26085.63,25579.26,19856.23,19788.93,33241,32136,1262.7,1238.19,3.09,3.06,297.11,291.34,3.102E+11,3.456E+11,16955.66,16575.36,12.76,12.73,9.46,9.3
South Gufand,75.11,76.44,44.22,44,41.33,41.33,1.62,1.61,28.4,28.46,42,42,1525.33,1508.97,28.33,26.33,162,166.5,5142.54,5087.39,-7.59,-7.59,-9.06,-9.06,1708.37,1690.05,-5,-5,-8.05,-8.05,-6.48,-6.48,435.81,431.13,1568.91,1552.08,1656.07,1638.31,-13.11,-13.11,348.65,344.91,784.46,776.04,-13.11,-13.11,-8.37,-8.37,-9.52,-9.5,5142.54,5087.39,11.31,11.31,871.62,862.27,2179.04,2155.67,1634.28,1616.75,1307.43,1293.4,119.98,119.98,61.83,61.95,12,12,32.29,32.22,28.08,28.45,10.87,9.28,50,50,3.3,3.3,50,50,136,136,61.37,61.33,86.3,86.22,75.59,75.49,17.69,18.42,1634.28,1616.75,60.4,58.92,32.17,32,42.11,42.12,56.4,56.37,5.98,5.98,92.85,92.85,678.62,662.98,0,0,64,64,56.31,55.92,871.62,862.27,979.08,970.65,0.35,0.36,210.57,219.14,9.73,9.73,17.16,17.16,816.16,816.16,1.56,1.57,37.31,36.58,54.03,53.77,-85.21,-85.21,56.21,56.21,99.76,99.76,33714.17,33352.57,26138.27,25885.58,42277,41784,1743.24,1724.54,3.28,3.29,0,0,4.3219E+12,4.382E+12,19520.51,19311.14,6.55,6.45,11.73,11.51
DysonsphereConstructors,76.67,78,39.78,39.56,41.33,41.33,1.33,1.32,28.17,28.17,42,42,2344.82,2346.15,26,24,166.5,171,-10.77,-10.77,-8.76,-8.76,3159.34,3161.13,967.55,968.1,-8.72,-8.72,6634.62,6638.38,-8.12,-8.12,-12.12,-12.12,-9.38,-9.38,-11.22,-11.22,-14.7,-14.7,-11.22,-11.22,-8.72,-8.72,-14.83,-14.83,-4.27,-4.27,-6.11,-6.07,3159.34,3161.13,11.45,11.45,987.29,987.85,2468.23,2469.64,1357.53,1358.3,1604.35,1605.26,119.98,119.98,75.4,75.54,12,12,29.9,29.83,29.02,29.38,7.29,6.14,51,51,3.3,3.3,50,50,151,151,61.71,61.67,83.42,83.35,76.03,76.04,20.11,20.83,1974.59,1975.71,71.41,69.78,26.83,26.67,56.49,56.5,50.6,50.57,6.35,6.35,92.81,92.81,704.61,688.67,0,0,64,64,53.19,53.19,987.29,987.85,973.72,965.29,0.36,0.37,218.84,227.58,9.49,9.49,17.16,17.16,948.18,948.18,1.56,1.57,34.89,34.17,53.41,53.41,30.33,30.33,47.75,47.75,99.76,99.76,26928.44,26943.72,23199.55,23235.05,30769,30760,1974.59,1975.71,3.18,3.19,0,0,5.5451E+12,5.6698E+12,11713.87,11720.52,5.92,5.81,12.89,12.89
Dolgavakia,58.33,59,77.17,77.08,65.22,65.22,1.31,1.31,20.25,20.25,50,50,11533.67,11533.68,49.25,48.75,30.75,31,-20.2,-20.2,-12.26,-12.26,-16.25,-16.25,-12.44,-12.44,-15.55,-15.55,-13.24,-13.24,-18.17,-18.17,-24.16,-24.16,-17.92,-17.92,-17.26,-17.26,-20.69,-20.69,-16.19,-16.19,-14.76,-14.76,-22.54,-22.54,-9.34,-9.34,-23.86,-23.86,0,0,29.19,29.19,5808.93,5808.93,13133.23,13133.24,5977.3,5977.31,4125.18,4125.18,355.06,355.06,76.29,76.4,21.25,21.25,23,22.95,63.81,63.87,1.11,1.1,53.51,53.51,10.42,10.42,53.84,53.84,423,423,83.61,83.6,118.33,118.35,91.52,91.52,10.96,11.17,6987.55,6987.56,112.78,112.77,26.75,26.62,79.66,79.67,-137.15,-137.17,0.84,0.84,93.79,93.79,744.51,741.14,3,3,81,81,43.96,43.96,2273.06,2273.06,1370.3,1370.14,0.17,0.17,51.95,52.3,8.1,8.1,16.33,16.33,2668.28,2668.28,0.66,0.66,44.04,43.83,73.13,73.13,-135.12,-135.12,62.97,62.97,109.7,109.7,71727.66,71727.69,62181.81,62226.45,81505,81453,9934.11,9934.12,1.9,1.9,2441.43,2441.44,5.405E+11,5.423E+11,14560.71,14560.72,17.26,17.24,112.12,112.12
Brunswick and Nassau,60.27,61.07,83.57,83.43,58.86,58.86,1.48,1.48,20.11,20.1,42,42,9198.93,9198.94,47.8,47.2,87.25,87.25,-10.68,-10.68,-11.45,-11.45,-12.08,-12.08,-10.22,-10.22,-12.28,-12.28,-11.38,-11.38,-10.68,-10.68,-19.82,-19.82,-17.15,-17.15,-12.41,-12.41,-16.25,-16.25,-13.19,-13.19,-12.41,-12.41,-20.71,-20.71,-2.62,-2.62,-13.7,-13.7,0,0,22.05,22.05,1280.86,1280.87,17466.32,17466.35,4657.68,4657.69,2678.17,2678.17,82.96,82.96,67.61,67.72,12,12,30.98,30.93,62.09,62.16,1.13,1.13,54.29,54.29,10.95,10.95,50,50,318,318,72.67,72.67,111.56,111.58,91.62,91.62,5.97,6.22,5239.89,5239.9,99.53,99.54,37.57,37.43,67.67,67.67,-31.83,-31.85,2.89,2.89,93.25,93.25,686.53,682.59,-4,-4,83,83,52.87,52.87,116.44,116.44,1257.34,1257.21,0.2,0.2,70.76,70.76,8.11,8.11,17.37,17.37,2074.61,2074.61,0.81,0.81,49.03,48.78,74.69,74.69,-126.4,-126.4,84.14,84.14,106.18,106.18,56590.86,56590.97,46012.76,46053.06,68057,68005,10945.56,10945.58,2.19,2.19,931.54,931.54,1.2769E+12,1.2849E+12,18278.85,18278.88,6.87,6.87,108.58,108.58
Deleted One More Time,65.11,65.44,80.48,80.38,58.67,58.67,1.52,1.51,19.85,19.85,30.24,30.24,12672.43,12672.43,43.33,42.83,140.25,140.5,-22.8,-22.8,-14.14,-14.14,-15.65,-15.65,-12.49,-12.49,-17.66,-17.66,-14,-14,-12,-12,-21.21,-21.21,-20.02,-20.02,-19.49,-19.49,-23.24,-23.24,-17,-17,-17.03,-17.03,-24.37,-24.37,-7.34,-7.34,-21.11,-21.11,0,0,30.63,30.63,8804.87,8804.87,14400.48,14400.49,11520.39,11520.39,2468.65,2468.65,37.24,37.24,65.95,66.06,1.23,1.23,37.32,37.26,85.97,86.02,0.88,0.88,50,50,9.73,9.73,46.62,46.62,420,420,95.98,95.97,130.73,130.74,91.79,91.79,6.69,6.9,10944.37,10944.37,54.24,54.22,39.71,39.57,84.41,84.41,-178.08,-178.1,0.66,0.66,94.37,94.37,631.85,628.9,-5,-5,119,119,42.88,42.88,987.46,987.46,1511.05,1510.91,0.16,0.16,101.46,101.95,8.28,8.28,17.74,17.74,3189.09,3189.09,0.54,0.54,48.31,48.1,76.63,76.63,-176.77,-176.77,117.21,117.21,101.45,101.45,77186.59,77186.61,61935.79,61990.66,93911,93838,10779.79,10779.79,1.71,1.71,1481.19,1481.19,5.979E+11,5.991E+11,12041.11,12041.11,22.51,22.49,144.09,144.09
North Ariguana,53.33,55.33,2.33,2,5,5,1.05,1.04,36.58,37.69,44.28,44.28,252.58,206.45,53,51.5,105.75,110.25,-3.74,-3.74,-10.22,-10.22,-6.32,-6.32,-3.74,-3.74,-11.05,-11.05,3167.51,2588.99,459.25,375.37,-8.05,-8.05,-12.49,-12.49,146.96,120.12,514.35,420.41,-10,-10,-10.68,-10.68,-8,-8,-6.16,-6.16,-7.24,-7.24,459.25,375.37,15.2,15.2,482.21,394.14,390.36,319.06,711.83,581.82,275.55,225.22,517.74,517.74,95.02,96.25,15.09,15.09,11.44,11.39,11.52,12.01,30.06,29.77,47.8,47.8,1,1,50.99,50.99,100,100,67.75,67.76,90.22,90.31,66.33,65.67,32.5,32.11,551.09,450.44,79.66,78.45,-97.67,-98,61.26,61.32,18.14,17.98,27.84,27.84,91.24,91.24,4388.03,4264.48,-8,-8,66,66,75.21,75.11,367.4,300.29,743.77,747.7,0.28,0.29,63.28,64.84,9.06,9.06,15.73,15.73,548.5,548.5,1.81,1.8,22.5,22.89,41.94,41.5,-45.83,-45.83,10,10,108.77,108.77,10407.97,8507.04,10131.8,8337.74,10663,8662,367.4,300.29,2.43,2.43,436.28,356.6,18600000000,18200000000,4027.88,3292.22,15.68,15.63,9.39,9.24
Algae Islands,75.5,75.83,62.67,56,75.33,75.33,4.93,4.03,33.71,33.3,44.28,44.28,-7.07,-7.07,27.75,27.25,164.25,164.25,-7.87,-7.87,-4.2,-4.2,8190.13,7725.85,4860.08,4584.57,5040.08,4754.37,5066.18,4778.99,1890.03,1782.89,2597.44,2450.2,2880.04,2716.78,-5.66,-5.66,-4.69,-4.69,-8.77,-8.77,-7.87,-7.87,2610.04,2462.08,-1.18,-1.18,666.01,628.26,10080.16,9508.74,6.71,6.71,1012.52,955.12,450.01,424.5,112.5,106.12,-4.47,-4.47,1030.28,1030.28,20.29,24.8,16.29,16.29,66.73,63.51,30.88,30.97,3.33,3.29,52.16,52.16,1,1,52.44,52.44,102,102,57.98,58.55,64.01,68.84,68.54,68.93,17.91,16.41,787.51,742.87,55.4,56.44,58,53,9.1,9.24,101.13,99.79,0.76,0.76,93.94,93.94,259.2,283.61,-8,-8,71,71,70.4,69.58,0,0,626.08,658.48,1.25,1.21,242.75,242.75,12.45,12.01,13.36,13.36,527.14,527.14,2.01,1.94,37.09,38.59,52.91,51.93,58.74,58.74,75.17,75.17,96.68,96.68,44050.28,41553.18,18628.23,19639.56,91806,79200,562.51,530.62,8.62,7.59,-4.47,-4.47,15900000000,20800000000,40041.71,37730.29,11.22,11.22,23.54,21.58
Enralteruhapnedah,27,27,23.33,23.33,66.67,66.67,1.24,1.24,27.38,27.38,41.43,41.43,2467.59,2467.59,73,73,60.75,60.75,960.36,960.36,-4.38,-4.38,-4.9,-4.9,-5.29,-5.29,-4.33,-4.33,-6.13,-6.13,480.18,480.18,-11.75,-11.75,-6,-6,426.83,426.83,-4.9,-4.9,-4.9,-4.9,160.06,160.06,-2,-2,-5.2,-5.2,-6,-6,1440.54,1440.54,19.82,19.82,1733.98,1733.98,2867.74,2867.74,2801.05,2801.05,1800.67,1800.67,569.59,569.59,80.84,80.84,11.33,11.33,34.86,34.86,22.62,22.62,20.45,20.45,50,50,3.3,3.3,50,50,141,141,70.83,70.83,110.55,110.55,77.63,77.63,20.83,20.83,1934.06,1934.06,110.17,110.17,-78.67,-78.67,80.47,80.47,-42.59,-42.59,1.26,1.26,93.59,93.59,1021.02,1021.02,0,0,64,64,76.79,76.79,1733.98,1733.98,1062,1062,0.2,0.2,49.54,49.54,9.7,9.7,15.5,15.5,880.95,880.95,1.33,1.33,34.17,34.17,51.12,51.12,-33.91,-33.91,-7.07,-7.07,108.14,108.14,28237.22,28237.22,25240.24,25240.24,31224,31224,1934.06,1934.06,2.26,2.26,1733.98,1733.98,1.138E+11,1.139E+11,5506.26,5506.26,10.01,10.01,9.52,9.52
Oversized Operativez 22,1,1,3,3,3,3,1.06,1.06,37.29,37.29,42,42,226.53,226.53,99,99,2.25,2.25,-9.7,-9.7,-10.05,-10.05,161.09,161.09,161.09,161.09,302.04,302.04,3876.78,3876.78,-8,-8,75.51,75.51,-9.17,-9.17,-4.9,-4.9,-4.9,-4.9,-9.7,-9.7,-10.68,-10.68,-6.63,-6.63,-5.83,-5.83,64.44,64.44,161.09,161.09,11.96,11.96,327.21,327.21,327.21,327.21,503.4,503.4,176.19,176.19,141.46,141.46,94.4,94.4,12,12,11.23,11.23,0.94,0.94,39.14,39.14,50,50,1,1,50,50,106,106,63.7,63.7,79.54,79.54,65.9,65.9,48.25,48.25,352.38,352.38,114.31,114.31,-97,-97,41.5,41.5,48.82,48.82,28.66,28.66,91.19,91.19,12629.85,12629.85,0,0,64,64,75.3,75.3,302.04,302.04,500.02,500.02,0.19,0.19,8.55,8.55,9.18,9.18,17.06,17.06,601.81,601.81,2.36,2.36,6.75,6.75,41.46,41.46,-24.49,-24.49,37.42,37.42,101.85,101.85,9818.9,9818.9,9525.8,9525.8,10090,10090,302.04,302.04,2.8,2.8,125.85,125.85,2.5967E+12,2.5992E+12,5744.06,5744.06,9.21,9.21,7.68,7.68
Physics-,57.33,57.33,57.33,57.33,57.33,57.33,3.61,3.61,32.83,32.83,42,42,312.28,312.28,50,50,112.5,112.5,3164.48,3164.48,2694.81,2694.81,249.83,249.83,-5.83,-5.83,-6.78,-6.78,-2.53,-2.53,1498.97,1498.97,5556.17,5556.17,-4.9,-4.9,2331.72,2331.72,4413.62,4413.62,2331.72,2331.72,3164.48,3164.48,-6.63,-6.63,4413.62,4413.62,1732.14,1732.14,4913.28,4913.28,9.33,9.33,936.85,936.85,936.85,936.85,1249.14,1249.14,312.28,312.28,119.98,119.98,27.72,27.72,12,12,49.93,49.93,24.49,24.49,17.98,17.98,50,50,1,1,50,50,100,100,56.72,56.72,57.19,57.19,69.4,69.4,0.55,0.55,1249.14,1249.14,67.13,67.13,50,50,19.3,19.3,84.06,84.06,3.24,3.24,93.2,93.2,610.35,610.35,0,0,64,64,68.13,68.13,832.76,832.76,497.84,497.84,0.33,0.33,125.93,125.93,10.72,10.72,17.16,17.16,488.61,488.61,2.37,2.37,54.45,54.45,52.68,52.68,40,40,-36.06,-36.06,100.2,100.2,43179.38,43179.38,21697.1,21697.1,78285,78285,832.76,832.76,10.54,10.54,104.09,104.09,6.414E+11,6.429E+11,34845.76,34845.76,7.09,7.09,15.37,15.37
Western Grandingerstepton,46.67,46.67,39,39,57.33,57.33,2.34,2.34,33.08,33.08,42,42,300.32,300.32,58,58,94.5,94.5,-5.48,-5.48,-7.7,-7.7,4404.66,4404.66,1201.27,1201.27,0,0,890.94,890.94,4004.23,4004.23,1261.33,1261.33,-4.47,-4.47,4404.66,4404.66,-3.16,-3.16,1601.69,1601.69,-5.48,-5.48,-8.37,-8.37,-6.32,-6.32,1281.35,1281.35,8408.89,8408.89,9.11,9.11,900.95,900.95,900.95,900.95,1001.06,1001.06,300.32,300.32,119.98,119.98,42.68,42.68,12,12,42.64,42.64,20.37,20.37,22.99,22.99,50,50,1,1,50,50,100,100,57.83,57.83,63.52,63.52,69.15,69.15,7.81,7.81,1001.06,1001.06,79.51,79.51,36.25,36.25,24.89,24.89,77.24,77.24,3.24,3.24,93.2,93.2,800.19,800.19,0,0,64,64,64.27,64.27,800.85,800.85,505.98,505.98,0.29,0.29,97.71,97.71,9.92,9.92,17.16,17.16,505.54,505.54,2.34,2.34,47.19,47.19,49.7,49.7,60,60,43.59,43.59,100.2,100.2,32003.83,32003.83,20340.74,20340.74,47658,47658,800.85,800.85,8.87,8.87,100.11,100.11,3.0493E+12,3.0527E+12,24034.87,24034.87,7.14,7.14,9.76,9.76
Emuli Legion 33,49.67,49.67,60,60,20,20,3.88,3.88,31.99,31.99,37.37,37.37,748.36,748.36,55.75,55.75,101.25,101.25,-6.32,-6.32,2826.67,2826.67,5131.63,5131.63,598.69,598.69,1282.91,1282.91,-2.83,-2.83,-6,-6,-5.48,-5.48,1710.54,1710.54,2565.82,2565.82,-3.16,-3.16,3421.09,3421.09,2138.18,2138.18,2138.18,2138.18,-6.63,-6.63,-2.37,-2.37,5131.63,5131.63,11.05,11.05,320.73,320.73,1389.82,1389.82,2458.91,2458.91,748.36,748.36,8.01,8.01,25.75,25.75,6.84,6.84,35.1,35.1,16.97,16.97,26.19,26.19,52.16,52.16,1,1,50,50,98,98,57.75,57.75,60.14,60.14,70.31,70.31,13.17,13.17,1496.73,1496.73,82.68,82.68,52,52,29.3,29.3,71.11,71.11,16.31,16.31,91.97,91.97,915.91,915.91,0,0,64,64,68.01,68.01,1282.91,1282.91,538.09,538.09,0.29,0.29,53.61,53.61,10.89,10.89,32.07,32.07,532.93,532.93,2.23,2.23,41.83,41.83,54.45,54.45,65.57,65.57,41.23,41.23,99.76,99.76,44213.27,44213.27,21336.75,21336.75,82853,82853,1710.54,1710.54,9,9,0,0,2100000000,2600000000,31258.78,31258.78,5.61,5.61,13.05,13.05
Ivabi,37.33,40,41.78,33.78,41.33,41.33,2.49,2.1,32.06,32.08,40.78,40.78,391.69,355.85,65,63,78.75,83.25,-3.16,-3.16,3211.87,2917.95,-5.48,-5.48,4010.92,3643.87,4073.59,3700.81,2428.49,2206.25,1378.75,1252.58,-2.74,-2.74,-5.48,-5.48,0,0,4073.59,3700.81,2193.47,1992.74,1566.77,1423.39,-4.47,-4.47,3634.9,3302.26,3297.13,2807.51,1378.75,1252.58,11,11,470.03,427.02,861.72,782.86,1175.08,1067.54,626.71,569.36,1008.25,1008.25,40.19,47.72,10.55,10.55,38.81,35.93,22.22,22.64,20.93,20.43,50,50,1,1,50,50,98,98,59.68,60.25,73.76,78.2,70.23,70.21,13.46,14.8,1096.74,996.37,81.28,81.44,38.33,32.33,22.9,23.55,74.95,73.22,7.12,7.12,92.73,92.73,965.58,1021.02,0,0,64,64,65.09,62.49,783.38,711.69,540.8,551,0.25,0.25,75.06,81.08,10,9.94,13.46,13.46,515.43,515.43,2.22,2.19,41.54,40.2,51.08,49.74,-92.74,-92.74,84.26,84.26,101.04,101.04,43422.03,39260.48,26715.71,26499.2,66474,55529,783.38,711.69,4.69,3.83,156.68,142.34,10200000000,20800000000,33478.38,30034.27,7.97,7.89,10.59,9.55
Ogzertovia Peace and WA Committee,57.33,61.33,57.33,48.44,57.33,57.33,3.61,2.91,32.78,32.63,42,42,347.49,323.11,50,47,112.5,119.25,5559.84,5169.7,1352.89,1257.96,-7.07,-7.07,1853.28,1723.23,-6.32,-6.32,2205.4,2050.65,-4.47,-4.47,-8.46,-8.46,-5.48,-5.48,3706.56,3446.47,1389.96,1292.43,463.32,430.81,0,0,-4.47,-4.47,4169.88,3877.28,-2,-2,5559.84,5169.7,9.33,9.33,1042.47,969.32,1042.47,969.32,1389.96,1292.43,347.49,323.11,119.98,119.98,27.72,34.4,12,12,49.93,46.46,24.54,25.14,17.91,17.03,50,50,1,1,50,50,100,100,56.72,57.4,57.19,62.55,69.45,69.6,0.56,3.78,1389.96,1292.43,68.21,67.63,50,43.33,23.95,24.52,80.07,78.36,3.24,3.24,93.2,93.2,610.35,640.56,0,0,64,64,67.82,66.43,926.64,861.62,568.72,566.96,0.32,0.33,126.07,137.81,9.93,9.86,17.16,17.16,493.1,493.1,2.14,2.15,54.44,51.22,52.69,51.41,-70,-70,48.99,48.99,100.2,100.2,38821.58,36097.44,19507.36,20413.31,70384,59335,926.64,861.62,10.54,9.56,115.83,107.7,1200000000,2600000000,29543.22,27253.56,7.09,6.95,12.85,11.5
Nousagin Military 3rd Division,57.33,61.33,57.33,48.44,57.33,57.33,3.61,2.91,32.8,32.64,42,42,331.64,308.19,50,47,112.5,119.25,-7.75,-7.75,1337.6,1243.05,2210.9,2054.62,3537.44,3287.4,-5.48,-5.48,-5.41,-5.41,5306.16,4931.1,-7.04,-7.04,-4.47,-4.47,4863.98,4520.17,1326.54,1232.77,-7.07,-7.07,-4.47,-4.47,4421.8,4109.25,4421.8,4109.25,-5.29,-5.69,7517.06,6985.72,9.33,9.33,994.91,924.58,994.91,924.58,1326.54,1232.77,331.64,308.19,119.98,119.98,27.72,34.4,12,12,49.93,46.46,25.18,25.76,16.96,16.02,50,50,1,1,50,50,100,100,56.72,57.4,57.19,62.55,69.42,69.59,0.56,3.78,1326.54,1232.77,62.07,61.51,50,43.33,21.86,22.43,81.71,80,3.24,3.24,93.2,93.2,610.35,640.56,0,0,64,64,67.92,66.56,884.36,821.85,506.3,504.65,0.34,0.35,126.07,137.81,11.05,10.45,17.16,17.16,502.18,502.18,2.34,2.35,54.44,51.22,52.68,51.41,-43.59,-43.59,66.33,66.33,100.2,100.2,40669.52,37794.79,20435.93,21373.17,73734,62125,884.36,821.85,10.54,9.56,110.55,102.73,2500000000,4900000000,31762.9,29328.76,7.09,6.95,12.15,10.89
Figure Humaine,71.47,72.27,1.75,1.5,76,76,1.04,1.03,36.01,35.97,44.83,44.83,392.66,392.66,33.8,32.6,150.75,153,-10.39,-10.39,-7.9,-7.9,271.29,271.29,571.14,571.15,299.85,299.85,365.53,365.53,9.99,10,-6.6,-6.6,-6.93,-6.93,299.85,299.85,-12.96,-12.96,59.97,59.97,-4.24,-4.24,14.28,14.28,-10.63,-10.63,-13.55,-13.55,281.29,281.29,19.24,19.24,838.86,838.87,553.29,553.3,535.45,535.45,356.96,356.97,1263.39,1263.39,96.48,96.72,17.36,17.36,23.4,23.09,35.54,35.73,2.22,2.2,51.62,51.62,1,1,53.38,53.38,120,120,71.75,71.74,108.65,108.68,66.71,66.74,29.79,30.28,464.05,464.06,101.69,100.92,-98.25,-98.5,75.5,75.51,-33.37,-33.41,0.75,0.75,93.97,93.97,686.22,678.05,0,0,67,67,74.68,74.68,428.36,428.36,1050.78,1050.1,0.25,0.26,257.49,258.27,9.62,9.62,12.32,12.32,734.36,734.36,1.37,1.38,25.21,24.72,43.19,43.2,-63.25,-63.25,76.81,76.81,107.5,107.5,8795.58,8795.67,8631.48,8642.51,8946,8936,606.84,606.84,2.22,2.22,374.81,374.82,19300000000,19700000000,2154.92,2154.94,7.16,7.11,7.53,7.53
Desolous,62.44,63.78,56.44,56.22,27.33,27.33,1.56,1.56,26.28,26.27,40.78,40.78,1617.53,1617.6,46.17,45.17,121.5,123.75,0,0,3396.8,3396.95,2668.92,2669.04,0,0,1245.49,1245.55,-8.94,-8.94,6631.85,6632.15,-8.22,-8.22,404.38,404.4,3639.43,3639.59,-10,-10,2426.29,2426.4,0,0,-8.37,-8.37,3194.61,3194.75,452.91,452.93,9300.77,9301.18,12.57,12.57,-5.48,-5.48,3336.15,3336.29,2830.67,2830.79,1010.95,1011,919.19,919.19,63.95,64.08,10.55,10.55,29.99,29.93,23.39,23.6,19.48,19.21,50,50,4.48,4.48,50,50,161,161,66,65.99,100.91,100.98,80.2,80.22,12.85,13.24,2021.91,2022,50.31,49.65,39.33,39.17,40.12,40.13,51.58,51.55,10.05,10.05,92.46,92.46,874.03,865.93,-4,-4,62,62,64.96,64.96,505.48,505.5,1066.01,1065.49,0.34,0.34,39.58,39.89,9.74,9.74,13.87,13.87,936.92,936.92,1.31,1.32,42.15,41.76,57.23,57.24,48.48,48.48,30.82,30.82,97.83,97.83,44401.07,44403.04,35049.6,35087.97,54805,54757,909.86,909.9,2.56,2.56,-6.32,-6.32,3.5105E+12,3.5821E+12,26596.24,26597.42,14.11,14.09,14.23,14.23
SL Communications Authority,68.93,69.73,55.11,54.89,65.33,65.33,1.74,1.74,27.15,27.14,45.83,45.83,1024.36,1024.65,37.6,36.4,141.75,144,1787.97,1788.49,1698.57,1699.06,5140.42,5141.9,1981.67,1982.24,2234.96,2235.61,-7.8,-7.8,-1.61,-1.61,2700.58,2701.36,633.24,633.42,4767.93,4769.3,-7.87,-7.87,3538.69,3539.72,-4.69,-4.69,-12.73,-12.73,2607.46,2608.21,112.64,112.67,6928.39,6930.39,11.79,11.79,1955.59,1956.16,2328.09,2328.76,1210.61,1210.96,1024.36,1024.65,23.5,23.5,57.32,57.44,15.9,15.9,41.09,41,32.83,33.03,2.68,2.63,51,51,3.3,3.3,50.5,50.5,137,137,64.22,64.21,98.7,98.78,78.15,78.17,11.57,12.03,1489.98,1490.41,74.84,73.86,36.33,36.17,30.32,30.33,63.25,63.22,1.51,1.51,93.52,93.52,564.59,556.53,-4,-4,64,64,57.22,57.21,465.62,465.75,1026.82,1025.94,0.38,0.39,194.89,195.57,9.89,9.88,17.93,17.93,795.26,795.26,1.47,1.47,43.43,42.97,57.08,57.08,51.87,51.87,64.88,64.88,103.37,103.37,47762.09,47775.87,35564.15,35614.02,62044,62002,2141.84,2142.46,2.74,2.74,93.12,93.15,1.0399E+12,1.0913E+12,33290.18,33299.78,13.15,13.12,14.43,14.43
A Qartographer,82,82.67,79.17,78.83,97,97,21.71,14.46,40.06,36.67,42,42,509.79,509.86,18,17.33,184.5,186.75,2548.95,2549.28,-5.66,-5.66,-3.16,-3.16,6627.26,6628.13,2141.11,2141.4,0,0,-6.32,-6.32,3823.42,3823.92,1529.37,1529.57,3568.52,3568.99,-9.49,-9.49,5097.89,5098.56,5607.68,5608.42,4588.1,4588.71,-4.47,-4.47,-3.74,-3.74,2548.95,2549.28,5.74,5.74,509.79,509.86,509.79,509.86,127.45,127.46,127.45,127.46,95.92,95.92,4.61,6.92,12,12,99.96,96.18,36.55,36.66,2.1,2.09,50,50,1,1,50,50,120,120,43.54,45.12,24.58,27.93,65.19,66.27,37.59,36.14,892.13,892.25,36.19,36.85,82.25,77.25,7.27,7.41,111.84,110.51,1.16,1.16,93.63,93.63,40.73,50.35,0,0,64,64,73.78,73.17,382.34,382.39,272.15,293.08,1.98,1.92,265.99,270.78,13.84,13.41,17.29,17.29,675.04,675.04,10.85,4.88,17.41,18.86,56.59,57.17,-84.56,-84.56,81.55,81.55,97.83,97.83,48812.31,48818.74,8681.79,11111.73,188487,160688,382.34,382.39,18.81,18.21,-6.32,-6.32,61100000000,66400000000,45249.02,45206.16,4.24,4.09,25.6,23.53
Keobia,59.73,61.33,43.56,43.33,64.67,64.67,1.8,1.79,28.24,28.23,43.68,43.68,791.73,791.87,48.2,47,117,119.25,4222.57,4223.29,-5.66,-5.66,5559.71,5560.66,492.63,492.72,-3.95,-3.95,-6.93,-6.93,4433.7,4434.45,4398.51,4399.26,-8.49,-8.49,1759.4,1759.7,-7.07,-7.07,-3.61,-3.61,-6.32,-6.32,-10.49,-10.49,-4.88,-4.88,2844.52,2852.05,14215.98,14218.41,10.49,10.49,1143.61,1143.81,1759.4,1759.7,967.67,967.84,527.82,527.91,457.39,457.39,55.66,55.78,14.64,14.64,44.01,43.92,26.04,26.27,15.56,15.15,51.62,51.62,3.3,3.3,50.99,50.99,134,134,63.16,63.15,94.54,94.6,75.9,75.93,7.24,7.69,1143.61,1143.81,67.93,66.99,37.67,37.5,25.66,25.66,71.66,71.64,1.81,1.81,93.45,93.45,647.8,639.17,-8,-8,68,68,63.56,63.55,439.85,439.93,1035.7,1034.91,0.35,0.36,63.97,64.36,9.72,9.72,15.99,15.99,779.58,779.58,1.43,1.44,47.76,47.31,53.5,53.51,79.37,79.37,40,40,98.83,98.83,39791.99,39805.82,29167.59,29210.74,52403,52370,1231.58,1231.79,2.88,2.88,0,0,7.041E+11,7.337E+11,29565.45,29575.73,12.8,12.77,18.47,18.47
Vinogradia,49.33,51.33,72,67.56,74,74,7.52,5.53,30.22,29.95,45.83,45.83,-3.16,-3.16,56,54.5,99,103.5,-3.46,-3.46,2861.01,2787.27,4822.8,4698.49,3733.78,3637.54,3655.99,3561.76,3293.5,3208.61,-8,-8,-1.58,-1.58,544.51,530.47,3422.63,3334.41,2644.76,2576.59,2566.97,2500.81,700.08,682.04,3033.7,2955.5,1672.42,1629.32,2060.7,1742.35,4822.8,4698.49,10.68,10.68,2041.91,1989.28,1069.57,1042,1069.57,1042,291.7,284.18,914.7,914.7,13.3,18.07,17.01,17.01,67.52,63.66,29.72,29.99,5.19,4.55,52.16,52.16,1,1,51.96,51.96,99,99,61.4,61.97,88.57,92.5,72.59,73,14.91,12.19,972.34,947.28,94.95,94.66,67,60.33,16.93,17.61,87.37,85.52,0.77,0.77,93.9,93.9,384.14,418.22,-4,-4,67,67,70.46,69.46,388.94,378.91,777.21,825.35,0.31,0.31,57.9,59.39,11.81,11.22,13.89,13.89,458.84,458.84,1.76,1.7,40.09,42.81,58.68,57.48,17.32,17.32,76.81,76.81,103.37,103.37,58095.39,56332.75,19365.13,22327.57,145565,123563,1750.21,1705.1,3.27,3.11,97.23,94.73,200000000,400000000,48277.27,46418.19,12.35,12.29,22.94,20.65
Butterfly Ballot,70.29,70.86,78.89,78.78,59,59,1.38,1.38,20.89,20.89,40.78,40.78,8621.9,8621.92,35.57,34.71,174.25,174.5,-11.05,-11.05,-10.28,-10.28,-11.83,-11.83,-9.86,-9.86,-8,-8,-11.87,-11.87,-11.75,-11.75,-21.25,-21.25,-8.83,-8.83,-11.05,-11.05,-16.19,-16.19,-6.71,-6.71,-10.58,-10.58,-18.84,-18.84,2175.94,2175.94,-15.76,-15.76,0,0,21.21,21.21,1494.46,1494.47,14369.83,14369.86,5173.14,5173.15,3103.88,3103.89,190.3,190.3,72.55,72.69,11.33,11.33,29.22,29.16,58.09,58.2,1.2,1.2,48.6,48.6,8.85,8.85,50.5,50.5,298,298,73.87,73.85,112.57,112.59,91.12,91.13,12.12,12.46,3563.72,3563.73,89.49,88.72,31.33,31.17,83.27,83.27,-61.5,-61.53,1.24,1.24,93.6,93.6,634.91,629.19,0,0,80,80,49.07,49.07,459.83,459.84,1254.82,1254.56,0.24,0.24,68.49,68.89,8.82,8.82,16.86,16.86,1988.96,1988.96,0.81,0.81,42.88,42.54,72.46,72.46,-102.66,-102.66,59.5,59.5,102.24,102.24,53907.34,53907.44,45503.87,45548.66,62720,62666,8736.86,8736.88,2.14,2.14,1379.5,1379.51,1.245E+12,1.2538E+12,9002.53,9002.54,9.9,9.87,80.99,80.99
Bee do Bee do Vieors,59.73,61.33,24.33,21.67,66.67,66.67,1.7,1.59,31.25,31.45,45.34,45.34,430.19,405.03,48.2,47,117,119.25,1376.6,1296.08,-5.1,-5.1,5219.62,4914.31,-4.69,-4.69,1032.45,972.06,-2.19,-2.19,-8.49,-8.49,1003.77,945.06,-8.83,-8.83,-5.66,-5.66,516.23,486.03,-8.43,-8.43,3097.36,2916.18,-7.87,-7.87,-6,-6,-5.93,-5.93,6596.23,6210.39,13.23,13.23,1720.75,1620.1,1075.47,1012.56,1147.17,1080.07,645.28,607.54,644.28,644.28,58.76,62.95,16.29,16.29,37.68,35.96,25.62,25.85,16.26,15.87,48.6,48.6,1,1,51.48,51.48,101,101,64.09,64.32,99.5,100.17,71.2,70.95,12.75,14.04,1290.57,1215.08,102.3,101.96,24.33,21.67,49.62,49.87,42.06,41.31,1.51,1.51,93.52,93.52,737.33,750.51,-4,-4,66,66,51.88,51.3,788.68,742.55,744.88,743.48,0.32,0.32,186.42,187.08,9.86,9.83,15.15,15.15,532.28,532.28,1.8,1.81,42.25,40.96,48.45,47.7,96.95,96.95,-17.32,-17.32,110,110,27603.77,25989.13,20828.71,20343.06,35445,32317,1147.17,1080.07,2.75,2.72,1075.47,1012.56,7000000000,12900000000,13912.3,13020.55,14.71,14.69,10.95,10.38
Saint Vectoria,62.67,64.67,48.44,39.56,57.33,57.33,2.91,2.36,32.59,32.52,42,42,259.97,235.82,46,44,121.5,126,2773.02,2515.42,-8.24,-8.24,-8.37,-8.37,1733.14,1572.14,4159.53,3773.12,906.43,822.23,3812.9,3458.7,4648.27,4216.47,3466.27,3144.27,-7.07,-7.07,2426.39,2200.99,2773.02,2515.42,693.25,628.85,3812.9,3458.7,-7.75,-7.75,1663.81,1509.25,6585.92,5974.11,9.49,9.49,779.91,707.46,779.91,707.46,1039.88,943.28,519.94,471.64,119.98,119.98,34.4,42.42,12,12,46.46,42.87,23.11,23.52,19.84,19.31,50,50,1,1,50,50,100,100,57.37,58.11,62.38,68.3,69.65,69.72,4.11,7,1039.88,943.28,53.29,53.65,43.33,36.67,16.21,16.82,86.25,84.44,3.24,3.24,93.2,93.2,632.25,671.49,0,0,64,64,67.02,65.14,693.25,628.85,530.59,533.68,0.35,0.35,140.69,147.71,12.05,11.46,17.16,17.16,513.03,513.03,2.26,2.25,50.89,48,51.43,49.89,-80,-80,53.85,53.85,100.2,100.2,44702.77,40550.09,25279.68,25688.45,73479,60554,693.25,628.85,9.6,8.41,86.66,78.61,9700000000,19300000000,37460.92,33737.67,6.91,6.82,10.86,9.62
Kevin Has a Chubby Banana,27.33,29.78,16.67,15.33,16,16,1.41,1.38,31.63,31.72,45.83,45.83,330.84,321.1,72.67,70.67,63,67.5,302.48,293.57,2070.49,2009.51,2306.43,2238.49,-2.9,-2.9,-7.21,-7.21,2392.64,2322.16,476.41,462.38,614.42,596.32,529.34,513.75,1814.89,1761.44,869.64,844.02,2155.19,2091.71,302.48,293.57,1247.74,1210.99,511.2,496.14,287.36,278.89,3085.32,2994.44,14.11,14.11,992.52,963.29,850.73,825.67,1087.05,1055.03,378.1,366.97,950.54,950.54,70.68,72.55,17.01,17.01,17.72,17.21,12.26,12.88,29.62,29.23,50,50,1,1,51.96,51.96,99,99,67.72,67.77,88.49,88.84,70.74,70.63,30.58,30.36,897.99,871.54,106.3,105.69,-83.33,-84.67,41.69,41.8,41.44,41.12,18.89,18.89,91.8,91.8,3814.7,3751.56,-8,-8,67,67,76.83,76.73,567.15,550.45,884.37,889.22,0.24,0.24,54.7,59.84,9.57,9.56,13.73,13.73,520.63,520.63,1.64,1.64,24.42,24.64,46.88,46.62,73.96,73.96,25.1,25.1,107.82,107.82,28276.05,27443.21,23539.93,23165.16,33304,31930,803.47,779.8,2.43,2.43,472.63,458.71,2000000000,2800000000,16484.93,15971.95,14.7,14.65,12.85,12.61
Petalumadom,76.78,76.89,100.12,100.12,91,91,1.54,1.54,226.55,226.39,11.18,11.18,-34.93,-34.93,25.83,25.67,214.75,214.75,3787.59,3788.52,3734.74,3735.65,-11.16,-11.16,19175.75,19180.47,4580.34,4581.46,-33.66,-33.66,32405.88,32413.85,-15.73,-15.73,-3.81,-3.81,11494.88,11497.71,14798.01,14801.65,7112.73,7114.48,3347.17,3347.99,1202.34,1202.63,32714.17,32722.22,7538.18,7540.03,36193.46,36202.37,23.09,23.09,-21.91,-21.91,4789.53,4790.71,-18.44,-18.44,4073.86,4074.86,791.5,791.5,64.78,64.87,0.3,0.3,121.04,120.83,112.46,112.47,0.73,0.73,59.25,59.25,0.39,0.39,51.48,51.48,-451,-451,3.92,3.92,4.04,4.04,28.35,28.36,25.51,25.61,14423.65,14427.2,3.23,3.23,41.25,41.12,17.62,17.63,81.41,81.39,11.04,11.04,92.38,92.38,237.57,237.36,47,47,151,151,62.1,62.1,-16.73,-16.73,12.84,12.84,16.87,16.87,371.37,371.37,50.22,50.21,14.47,14.47,2.57,2.57,439.08,439.11,29.49,29.39,70.78,70.78,-321.79,-321.79,306.29,306.29,19.85,19.85,171234.54,171276.69,136093.12,136233.14,210098,210005,6055.73,6057.22,55.5,55.49,-23.87,-23.87,1.2757273e+15,1.2799826e+15,141097.26,141131.99,12.77,12.77,15.33,15.33
Titanica,68.28,68.61,100.39,100.39,54.48,54.48,1.31,1.3,25.12,25.12,14.91,14.91,9036.38,9036.39,38.58,38.08,131.5,131.5,42867.34,42867.38,-16.2,-16.2,-17.55,-17.55,-13.37,-13.37,-10.58,-10.58,-15.85,-15.85,82.44,82.44,-23.04,-23.04,-11.14,-11.14,-24.04,-24.04,-14.42,-14.42,-18.6,-18.6,-16.37,-16.37,-24.52,-24.52,6537.27,6537.27,-26.33,-26.33,42949.78,42949.81,24.98,24.98,3566.99,3567,3170.66,3170.66,8877.85,8877.86,14109.44,14109.45,1923.71,1923.71,76.56,76.68,0.71,0.71,39.76,39.66,63.8,63.87,1.11,1.1,76.85,76.85,0.46,0.46,52.91,52.91,480,480,76.16,76.17,124.36,124.38,83.36,83.38,13.29,13.5,713.4,713.4,9.29,9.29,26.43,26.29,76.22,76.23,-90.05,-90.07,1.21,1.21,93.61,93.61,732.25,729.07,0,0,104,104,43.54,43.54,-27.02,-27.02,1413.64,1413.55,0.26,0.26,165.3,165.3,25.1,25.09,9.68,9.68,3339.38,3339.38,0.62,0.62,41.71,41.5,86.11,86.11,-142.53,-142.53,8.68,8.68,13.36,13.36,98949.36,98949.44,85938.96,86009.36,112253,112171,4914.52,4914.53,2.07,2.07,-24.9,-24.9,1.9815E+12,1.9895E+12,23549.95,23549.97,0.32,0.32,118.96,118.96
Fleeb,61.78,62.44,98.33,98.33,66.19,66.19,1.52,1.52,19.76,19.76,12.59,12.59,11091.43,11091.43,46.67,46.17,63.5,63.5,-32.8,-32.8,-15.13,-15.13,-14.39,-14.39,-7.97,-7.97,146.15,146.15,-15.57,-15.57,-14.87,-14.87,-15.87,-15.87,-26.72,-26.72,-19.65,-19.65,-13.27,-13.27,-22.74,-22.74,-18.6,-18.6,-17.67,-17.67,-10.75,-10.75,-25.31,-25.31,0,0,29.72,29.72,5033.08,5033.09,11091.43,11091.43,16590.54,16590.54,652.44,652.44,4388.24,4388.24,65.73,65.84,0.49,0.49,69.69,69.56,95.1,95.15,0.82,0.81,67.36,67.36,13.24,13.24,61.83,61.83,524,524,98.33,98.34,135.68,135.69,91.86,91.86,8.17,8.39,11837.07,11837.07,6.47,6.47,40,39.86,91.59,91.59,-157.25,-157.28,11.24,11.24,92.36,92.36,597.25,594.38,-31,-31,144,144,45.88,45.88,2889.36,2889.36,1571.62,1571.54,0.18,0.18,114.08,114.08,7.44,7.44,3.61,3.61,3505.36,3505.36,0.51,0.51,46.83,46.61,93.15,93.15,-190.29,-190.29,150.03,150.03,11.06,11.06,82446.4,82446.41,66039.16,66097.76,100467,100389,12675.92,12675.92,1.68,1.68,-23.24,-23.24,5.952E+11,5.96E+11,6925.5,6925.5,0.56,0.56,160.91,160.91
Brantionian Mountasia,69.87,70.4,59.11,50.22,79.33,79.33,3.84,3.02,31.73,31.54,43.68,43.68,-3.16,-3.16,36.2,35.4,144,146.25,4367.19,4029.33,5477.29,5053.55,2761.6,2547.96,3981.85,3673.8,5651.65,5214.42,2559.62,2361.6,134.87,124.44,626.18,577.73,2119.37,1955.41,2761.6,2547.96,1477.14,1362.86,4688.3,4325.6,4046.07,3733.05,4046.07,3733.05,1348.69,1244.35,1502.83,1386.56,7263.66,6701.72,8.12,8.12,1043.63,962.89,642.23,592.55,561.95,518.48,321.12,296.27,12.77,12.77,26.07,33.12,13.62,13.62,65.75,61.04,33.91,34.04,2.46,2.44,52.16,52.16,1,1,50,50,98,98,57.11,57.89,66.16,72.55,70.62,70.85,14.93,16.53,642.23,592.55,69.2,70.63,51.33,44.67,7.72,7.93,108.48,106.66,0.71,0.71,94.13,94.13,309.8,344.75,0,0,64,64,69.51,68.23,321.12,296.27,448.61,460.8,0.4,0.38,85.94,86.39,12.34,11.75,18.78,18.78,449.62,449.62,2.6,2.53,40.07,38.47,54.33,52.85,-52.44,-52.44,83.96,83.96,98.83,98.83,58903.7,54346.74,28621.53,30102.51,109768,90895,1043.63,962.89,9.99,8.78,-4.47,-4.47,22300000000,29000000000,54368.11,50053.35,2.86,2.81,13.76,12.08
Almighty Bush,62.67,64.67,48.44,39.56,57.33,57.33,2.91,2.36,32.63,32.58,42,42,281.96,256,46,44,121.5,126,4135.46,3754.7,-5.13,-5.13,0,0,1127.85,1024.01,-8.37,-8.37,3424.91,3109.57,4135.46,3754.7,2909.86,2641.94,2255.7,2048.02,-6.32,-6.32,-6.32,-6.32,4135.46,3754.7,-6.32,-6.32,3007.61,2730.69,3007.61,2730.69,-2.83,-2.83,8270.91,7509.4,9.49,9.49,845.89,768.01,845.89,768.01,1127.85,1024.01,563.93,512,119.98,119.98,34.4,42.42,12,12,46.46,42.87,25,25.39,17.24,16.63,50,50,1,1,50,50,100,100,57.37,58.11,62.38,68.3,69.61,69.66,4.11,7,1127.85,1024.01,58.1,58.48,43.33,36.67,19.53,20.14,82.41,80.59,3.24,3.24,93.2,93.2,632.25,671.49,0,0,64,64,66.74,64.75,751.9,682.67,540.72,543.84,0.35,0.35,140.69,147.71,9.93,9.86,17.16,17.16,521.53,521.53,2.22,2.21,50.89,48,51.41,49.87,-43.59,-43.59,43.59,43.59,100.2,100.2,41260.59,37461.67,23333.1,23731.93,67821,55942,751.9,682.67,9.6,8.41,93.99,85.33,1.723E+11,3.252E+11,33214.77,29931.87,6.91,6.82,13.62,11.95
Westnesia,69.56,69.89,93.46,93.42,73.05,73.05,1.28,1.28,18.85,18.85,59.95,59.95,14769.85,14769.85,36.67,36.17,188,188,-25.5,-25.5,-14.97,-14.97,-14,-14,-12,-12,-13.68,-13.68,-14,-14,-27.82,-27.82,-24.95,-24.95,-13.42,-13.42,-18.17,-18.17,-25.88,-25.88,-16.73,-16.73,-15.49,-15.49,-27.64,-27.64,11272.73,11272.73,-28.96,-28.96,0,0,32.05,32.05,7305.51,7305.52,16437.41,16437.41,4605.65,4605.65,5082.1,5082.1,9.48,9.48,78.27,78.37,26.81,26.81,11.74,11.73,98.11,98.16,0.8,0.8,42.01,42.01,15.58,15.58,50,50,423,423,87.99,87.99,127,127.02,92.57,92.57,19.79,20,2461.64,2461.64,145.23,145.23,24.38,24.25,95.03,95.03,-275.84,-275.86,0.41,0.41,96.12,96.12,560.32,557.4,18,18,120,120,42.17,42.17,3335.13,3335.13,1465.23,1465.14,0.15,0.15,104.9,104.9,6.87,6.87,24.43,24.43,3016.48,3016.48,0.58,0.58,35.21,35,82.44,82.44,-187.92,-187.92,141.42,141.42,116.29,116.29,92824.51,92824.52,81567.8,81625.54,104216,104150,15563.92,15563.92,1.82,1.82,2699.86,2699.86,4.679E+11,4.686E+11,4641.23,4641.23,0.77,0.77,145.31,145.31
Cekan,72.97,73.33,87.25,87.12,72.95,72.95,1.62,1.62,20,20,46.76,46.76,10543.87,10543.87,31.55,31,97.25,97.25,-12.33,-12.33,-11.03,-11.03,-13.49,-13.49,-5.02,-5.02,-15.88,-15.88,-12.36,-12.36,-15.75,-15.75,-21.6,-21.6,-8.31,-8.31,-13.11,-13.11,-16.79,-16.79,-13.42,-13.42,-13.49,-13.49,-19.47,-19.47,-0.99,-0.99,-14.62,-14.62,0,0,26.87,26.87,5997.43,5997.43,15090.31,15090.31,5030.1,5030.1,3192.18,3192.18,17.41,17.41,61.76,61.86,18.34,18.34,35.56,35.52,71.31,71.37,1.01,1.01,45.31,45.31,10.82,10.82,52.91,52.91,361,361,80.14,80.15,117.23,117.25,91.69,91.69,14.54,14.77,7448.42,7448.42,105.77,105.78,45.25,45.12,91.1,91.1,-148.01,-148.03,1.09,1.09,93.66,93.66,376.86,374.18,12,12,84,84,46.73,46.73,1741.19,1741.19,1333.12,1333.01,0.18,0.18,185.77,185.77,8.27,8.26,18.06,18.06,2346.98,2346.98,0.7,0.7,40.46,40.23,76.39,76.39,-168.39,-168.39,123.49,123.49,109.7,109.7,71345.43,71345.46,55283.83,55328.23,89508,89445,11704.66,11704.67,1.97,1.97,1934.65,1934.66,5.524E+11,5.54E+11,6349.74,6349.75,20.14,20.14,116.03,116.03
Zulankan Peoples Militia,77.11,77.33,26.83,26.67,64,64,1.18,1.18,25.29,25.28,43,43,2164.88,2164.9,25.33,25,168.75,168.75,-5.1,-5.1,-3.58,-3.58,-5.81,-5.81,-3.95,-3.95,454.63,454.63,-9.3,-9.3,-7.62,-7.62,-3.46,-3.46,-4.9,-4.9,920.08,920.08,-9.27,-9.27,649.47,649.47,-5.1,-5.1,-13.53,-13.53,1223.16,1223.17,-6.47,-6.47,0,0,20.37,20.37,4465.07,4465.1,3923.85,3923.88,1894.27,1894.29,1826.62,1826.63,15.84,15.84,84.71,84.85,13,13,29.48,29.37,38.72,38.78,1.91,1.9,50,50,4.48,4.48,50,50,157,157,71.97,71.98,106.61,106.64,82.88,82.9,21.53,21.7,2435.49,2435.51,83.78,83.51,-83.17,-83.33,80.45,80.45,-48.79,-48.82,1.65,1.65,93.49,93.49,639.17,637.78,0,0,60,60,76.73,76.73,1488.36,1488.37,1075.47,1075.34,0.27,0.27,279.15,279.15,9.59,9.59,18.11,18.11,975.53,975.53,1.28,1.28,33.47,33.3,55,55.01,-61.32,-61.32,45.5,45.5,107.5,107.5,31323.16,31323.36,28699.91,28726.07,33881,33854,2638.45,2638.47,2.22,2.21,1420.7,1420.71,6.567E+11,6.646E+11,6108.02,6108.06,9.19,9.19,8.51,8.51
Ursalian Sea Force,67.07,67.87,3,3,57.33,57.33,1.06,1.06,34.26,34.26,46.76,46.76,293.68,293.68,40.4,39.2,135,137.25,-6.32,-6.32,939.77,939.78,-7.07,-7.07,-7.87,-7.87,606.93,606.94,-4.9,-4.9,0,0,122.37,122.37,-10.54,-10.54,-7.07,-7.07,587.35,587.36,1243.23,1243.25,-7.07,-7.07,-9.49,-9.49,0,0,32.89,32.89,0,0,14.9,14.9,734.19,734.2,685.25,685.26,611.83,611.84,293.68,293.68,8.58,8.58,94.4,94.4,16.66,16.66,17.53,17.53,28.88,29.09,7.77,7.03,51,51,2.52,2.52,50.5,50.5,111,111,69.64,69.62,104.36,104.36,68.05,68.05,19.47,19.87,562.88,562.89,75.42,74.42,-97,-97,64.61,64.61,18.75,18.75,2.77,2.77,93.27,93.27,952.66,940.5,-8,-8,64,64,75.39,75.39,342.62,342.63,983.36,978.69,0.3,0.31,210.22,210.93,9.6,9.6,28.73,28.73,636.31,636.31,1.56,1.56,35.53,35.13,43.54,43.54,-31.62,-31.62,-38.73,-38.73,109.08,109.08,9650.8,9650.95,9362.72,9362.86,9918,9918,685.25,685.26,2.32,2.32,244.73,244.73,45700000000,46300000000,3416.38,3416.44,13.85,13.83,7.65,7.65
ZoniStan,60,64,38.67,29.78,6,6,2.3,1.93,32.33,32.43,42,42,476.82,429.84,48,45,117,123.75,-9.49,-9.49,2622.52,2364.13,3433.12,3094.86,0,0,1525.83,1375.49,-7.33,-7.33,2288.75,2063.24,3337.76,3008.89,-6.32,-6.32,-9.49,-9.49,-5.48,-5.48,-5.48,-5.48,-4.47,-4.47,381.46,343.87,0,0,2237.23,1786.4,5721.87,5158.09,10.86,10.86,1049.01,945.65,1049.01,945.65,1811.93,1633.4,476.82,429.84,130.47,130.47,43.46,51.73,12,12,19.06,17.37,11.69,12.66,29.96,29.37,50,50,1,1,50,50,100,100,59.19,59.79,61.25,65.74,69.93,69.82,20.57,23.8,1335.1,1203.56,76.38,75.76,36,29.33,34.84,35.64,64.74,62.89,26.22,26.22,91.33,91.33,1525.44,1695.78,0,0,64,64,61.32,55.74,953.65,859.68,503.06,500.43,0.31,0.31,133.22,145.29,9.99,9.93,17.11,17.11,544.74,544.74,2.35,2.36,34.43,31.2,49.95,48.58,63.25,63.25,22.36,22.36,101.04,101.04,32496.39,29064.11,20855.89,20484.66,47991,39601,953.65,859.68,6.16,4.48,286.09,257.9,5.448E+11,1.0152E+12,21187.65,18717.29,7.28,7.16,10.41,9.4
Everrly,15,18,64.22,62.89,9,9,2.49,2.45,28.65,28.62,42,42,1335.18,1326.7,85,82,33.75,40.5,-4.69,-4.69,-5.8,-5.8,5669.38,5633.39,-7.87,-7.87,6244.53,6204.9,-9.63,-9.63,1971.96,1959.44,924.35,918.49,2136.29,2122.73,5258.55,5225.18,-9.06,-9.06,3204.43,3184.09,2793.61,2775.87,-8.49,-8.49,-5.66,-5.66,5854.19,5825.2,7641.33,7592.83,11.18,11.18,1027.06,1020.54,1643.3,1632.87,1746,1734.92,1027.06,1020.54,125.17,125.17,40.19,40.89,12,12,25.58,25.31,1.21,1.29,36.46,35.94,50,50,2.52,2.52,50,50,132,132,59.38,59.37,64.59,65.02,75.14,75.2,26.98,25.59,1335.18,1326.7,106.93,105.97,53.33,52.17,26.71,26.77,71.1,70.91,23.15,23.15,91.52,91.52,2432.9,2315.16,0,0,64,64,67.49,67.27,924.35,918.49,633.44,644.21,0.22,0.23,28.19,33.84,13.09,12.99,17.14,17.14,767.29,767.29,1.99,1.97,28.02,29.41,56.03,55.83,97.72,97.72,-51.48,-51.48,100.62,100.62,50116.41,49806.48,30834.47,30932.88,76723,75643,924.35,918.49,5.59,5.65,205.41,204.11,3.08E+11,3.997E+11,36735.33,36458.34,8.6,8.49,13.6,13.35
Greek People Nation,64.83,65.17,91.61,91.56,30.1,30.1,1.37,1.37,20.26,20.26,14.57,14.57,12562.57,12562.58,43.75,43.25,134.25,134.25,-22.58,-22.58,-13.27,-13.27,-15.75,-15.75,-6.93,-6.93,-14.95,-14.95,-14.28,-14.28,-9.54,-9.54,-21.21,-21.21,-21.75,-21.75,-17.32,-17.32,-21.45,-21.45,-16.31,-16.31,-16.12,-16.12,-21.61,-21.61,-10.62,-10.62,-20.25,-20.25,0,0,28.65,28.65,7593.79,7593.8,11343.81,11343.82,15187.58,15187.59,1031.26,1031.26,658.89,658.89,72.95,73.09,0.63,0.63,35.07,34.99,77.72,77.78,0.94,0.94,57.85,57.85,10.01,10.01,50.99,50.99,480,480,93.19,93.19,117.48,117.5,91.52,91.52,16.11,16.33,21093.86,21093.88,6.25,6.25,30.83,30.67,79.31,79.32,-135.5,-135.53,53.1,53.1,86.4,86.4,911.88,908.57,-12,-12,95,95,41.47,41.47,-9.49,-9.49,1467.94,1467.85,0.18,0.18,129.44,129.44,8.15,8.15,15.09,15.09,3231.85,3231.85,0.57,0.57,38.89,38.67,78.99,78.99,-180.92,-180.92,127.8,127.8,52.17,52.17,76969.16,76969.22,65162.11,65225.99,89319,89242,8156.29,8156.3,1.75,1.75,-11.4,-11.4,1.4475E+12,1.4533E+12,15932.62,15932.63,23.31,23.31,130.53,130.53
Cherno Alpha,69.2,70,60.44,60.22,39.11,39.11,1.33,1.33,22.49,22.49,40.78,40.78,4321.15,4321.89,37.2,36,141.75,144,-9.06,-9.06,-7.59,-7.59,-5.1,-5.1,-5.02,-5.02,-9.12,-9.12,-10.43,-10.43,-1.18,-1.18,-14.28,-14.28,228.77,228.81,-8.49,-8.49,-11.49,-11.49,1423.44,1423.68,-8.49,-8.49,-12.33,-12.33,370.09,370.16,-13.31,-13.31,0,0,16.79,16.79,1525.11,1525.37,10548.69,10550.5,2668.95,2669.4,2541.85,2542.29,152.93,152.93,74.99,75.13,10.55,10.55,25.03,24.96,30.92,31.13,3.31,3.21,50,50,6.85,6.85,50,50,195,195,65.71,65.69,101.79,101.84,90.3,90.3,16.57,17.03,2923.13,2923.63,61.43,60.53,28.33,28.17,76.72,76.72,-5.15,-5.18,4.85,4.85,92.98,92.98,807.5,797.86,-2,-2,62,62,51.81,51.8,1016.74,1016.92,1076.8,1076.24,0.36,0.37,168.98,172.8,9.25,9.25,17.01,17.01,1159.23,1159.23,1.27,1.27,38.43,37.97,62.68,62.68,-47.33,-47.33,30.66,30.66,103.37,103.37,37862.44,37868.93,32525.28,32562.26,43373,43344,3050.22,3050.75,2.58,2.58,1525.11,1525.37,5.6082E+12,5.9232E+12,8821.95,8823.46,14.14,14.11,15.23,15.23
Hello Boys,74.22,75.56,30.33,30,61.33,61.33,1.94,1.94,30.94,30.94,42,42,248.19,248.3,29.67,27.67,159.75,164.25,2845.91,2847.15,-6.42,-6.42,-3.74,-3.74,4235.77,4237.62,222.38,222.48,-5.96,-5.96,-9.17,-9.17,3694.38,3696,-8.37,-8.37,-4.9,-4.9,-2,-2,3507.74,3509.28,2514.99,2516.09,-10.2,-10.2,2812.81,2814.05,-7.66,-7.63,2845.91,2847.15,10.34,10.34,744.57,744.89,1406.41,1407.02,1075.49,1075.96,496.38,496.6,119.98,119.98,51.44,51.61,12,12,41.29,41.14,32.38,32.72,2.79,2.71,50,50,2.52,2.52,50,50,99,99,59.49,59.45,78.25,78.11,71.61,71.61,15.08,15.83,1075.49,1075.96,67.5,65.88,29.75,29.5,29.75,29.76,68.73,68.69,2.77,2.77,93.27,93.27,585.52,571.65,0,0,64,64,57.7,57.7,661.84,662.13,487.72,481.51,0.37,0.39,209.55,218.1,9.85,9.84,17.16,17.16,517.09,517.09,2.41,2.44,39.92,39.17,49.99,49.99,-90,-90,86.02,86.02,100.2,100.2,30539.22,30552.6,21461.02,21508.42,41717,41671,1158.22,1158.72,5.18,5.35,82.73,82.77,1.5687E+12,1.6129E+12,21469.07,21447.92,6.27,6.17,9.29,9.29
The Kock,71.44,72.11,7.25,6.75,30.22,30.22,1.16,1.14,32.26,32.62,45.83,45.83,766.91,717.42,33.83,32.83,150.75,153,-8.25,-8.25,-2.53,-2.53,390.43,365.23,234.26,219.14,1282.83,1200.06,-2.68,-2.68,-12.25,-12.25,-9.8,-9.8,-2.83,-2.83,27.89,26.09,1143.4,1069.61,850.57,795.69,-6.16,-6.16,-5.66,-5.66,1631.43,1526.16,-12.87,-12.87,390.43,365.23,18.47,18.47,1533.82,1434.85,976.07,913.09,801.77,750.03,662.33,619.59,1259.14,1259.14,86.09,87.42,18.02,18.02,18.13,17.82,30.4,30.57,3.78,3.51,52.16,52.16,1,1,53.38,53.38,114,114,69.13,69.17,93.17,93.35,70.01,69.62,27.05,27.55,766.91,717.42,106.4,106.11,-92.75,-93.25,71.7,71.73,-17.51,-17.69,11.9,11.9,92.31,92.31,1163.82,1146.21,0,0,67,67,75.04,74.94,801.77,750.03,1016.91,1016.32,0.26,0.27,233.03,233.78,9.82,9.81,12.34,12.34,679.95,679.95,1.5,1.5,27.95,27.45,45.67,45.32,-37.28,-37.28,52.82,52.82,106.51,106.51,18033.58,16869.91,16665.36,15715.87,19357,17978,1220.09,1141.36,2.35,2.35,627.47,586.98,1.908E+11,1.883E+11,5103.5,4774.18,5.86,5.81,7.4,7.34
PH 25,66.44,67.78,43,38,57.33,57.33,2.56,2.28,32.7,32.61,42,42,263.52,249.23,41.33,39.33,132.75,137.25,1054.07,996.91,-7.63,-7.63,3513.58,3323.05,4427.11,4187.04,702.72,664.61,1951.79,1845.95,2810.87,2658.44,2589.51,2449.09,0,0,1756.79,1661.52,-4.47,-4.47,2459.51,2326.13,3513.58,3323.05,-4.47,-4.47,-5.74,-5.74,4404.41,4030.99,7378.52,6978.4,9.38,9.38,790.56,747.69,790.56,747.69,1054.07,996.91,527.04,498.46,119.98,119.98,39.05,43.77,12,12,46.9,44.7,23.87,24.27,18.85,18.29,50,50,1,1,50,50,101,101,57.43,57.83,62.01,65.48,69.53,69.63,7.03,8.95,1054.07,996.91,65.02,64.54,39.25,35.5,18.58,18.99,82.91,81.81,3.76,3.76,93.12,93.12,627.42,641.95,0,0,64,64,65.65,64.34,702.72,664.61,491.08,490.41,0.37,0.37,159.85,167.32,9.99,9.95,17.16,17.16,511.94,511.94,2.4,2.4,47.97,46.05,49.98,49.12,-38.73,-38.73,80.62,80.62,100.2,100.2,40005.77,37701.76,24232.35,24290.44,62061,55495,527.04,498.46,9.51,8.88,87.84,83.08,2.6184E+12,3.2233E+12,32564.7,30538.42,6.69,6.59,10.84,10.1
Saint Clair Avenue,53.78,56.44,47.33,47.11,7,7,1.41,1.41,27.01,27.01,37.37,37.37,2658.02,2658.33,52.67,50.67,108,112.5,-11.31,-11.31,2653.77,2654.08,-7.87,-7.87,714.48,714.56,-11.49,-11.49,6260.17,6260.9,-2.37,-2.37,-14.44,-14.44,-7.75,-7.75,-9.9,-9.9,-11.75,-11.75,-12.17,-12.17,-9.38,-9.38,-15.43,-15.43,-2.7,-2.7,-10.51,-10.51,0,0,15.62,15.62,956.89,957,3295.95,3296.33,4252.84,4253.33,2232.74,2233,8.08,8.08,70.81,70.95,6.84,6.84,17.36,17.32,17.68,18.16,25.57,25.14,46.97,46.97,3.3,3.3,50,50,146,146,66.11,66.08,102.02,102.07,78.45,78.45,21.62,21.01,3295.95,3296.33,72.24,70.6,32.5,32.33,69.98,69.98,12.04,12.02,22.41,22.41,91.57,91.57,1872.87,1778.28,0,0,62,62,52.32,52.32,1701.13,1701.33,1019.88,1020.76,0.24,0.25,116.55,124.03,9.49,9.49,31.66,31.66,912.79,912.79,1.49,1.49,33.38,33.99,55.79,55.79,-73.76,-73.76,48.37,48.37,102.24,102.24,35570.72,35574.86,29642.26,29675.21,41859,41827,2339.06,2339.33,2.55,2.55,637.93,638,4.156E+11,4.363E+11,10671.22,10672.46,11.31,11.25,13.97,13.97
Feyris Kirara,72,72.27,7.25,7,67.33,67.33,1.07,1.06,30.99,31.32,45.83,45.83,735.05,687.58,33,32.6,150.75,153,759.55,710.49,176.41,165.02,-3.55,-3.55,-7.07,-7.07,1029.07,962.61,5723.56,5353.92,-8.37,-8.37,-3.67,-3.67,-8.83,-8.83,-9.38,-9.38,-12.96,-12.96,188.66,176.48,-5.29,-5.29,-12.17,-12.17,-6.32,-6.32,191.11,178.77,759.55,710.49,19.72,19.72,1408.84,1317.85,1102.57,1031.36,1102.57,1031.36,796.3,744.87,846.72,846.72,93.26,94.4,17.36,17.36,22.38,22.1,34.28,34.35,2.4,2.39,51.62,51.62,2.52,2.52,52.44,52.44,121,121,73.42,73.45,108.57,108.6,71.53,71.11,25.23,25.44,1071.94,1002.71,85.52,85.25,-96.75,-97,71.51,71.53,-31.38,-31.52,1.51,1.51,93.52,93.52,781.66,780.28,-8,-8,68,68,75.09,74.99,735.05,687.58,1066.57,1066.5,0.29,0.29,251.21,251.99,9.2,9.19,14.21,14.21,758.64,758.64,1.31,1.31,29.77,29.56,46.52,46.16,-20.74,-20.74,-14.14,-14.14,107.17,107.17,20496.78,19173.04,19757.47,18600.71,21186,19703,1286.33,1203.26,2.16,2.16,673.79,630.28,28400000000,26900000000,5841.58,5464.32,14.35,14.32,12.51,12.28
Piano Mania,77.33,78.33,27.83,27.67,77.33,77.33,1.45,1.45,31.14,31.14,40.78,40.78,1157.24,1157.74,25,23.5,168.75,173.25,-9.06,-9.06,-5.8,-5.8,-7.87,-7.87,398.8,398.98,3418.32,3419.8,-6.39,-6.39,1851.59,1852.39,-7.84,-7.84,142.43,142.49,1709.16,1709.9,-13.49,-13.49,1602.34,1603.03,3489.53,3491.04,-13.86,-13.86,2848.6,2849.83,-9.07,-9.04,1851.59,1852.39,10.34,10.34,356.07,356.23,1335.28,1335.86,623.13,623.4,890.19,890.57,8.49,8.49,68.97,69.1,11.33,11.33,44.27,44.14,36.76,37,2.08,2.06,52.64,52.64,2.52,2.52,50.5,50.5,129,129,60.15,60.1,87.76,87.61,71.34,71.34,25.26,25.82,979.21,979.63,50.38,49.3,25.83,25.67,37.03,37.04,62.22,62.19,0.72,0.72,94.1,94.1,418.22,409.29,0,0,64,64,54.27,54.27,801.17,801.51,661.34,655.48,0.41,0.43,251.77,261.14,9.98,9.98,29.26,29.26,781.81,781.81,1.94,1.95,29.74,29.18,49.79,49.79,-70.07,-70.07,42.54,42.54,100.2,100.2,25982.77,25994.02,21350.68,21381.48,30957,30943,1513.32,1513.97,3.92,3.96,0,0,1.5442E+12,1.5811E+12,16369.14,16376.23,2.12,2.04,8.64,8.64
Ter Schetorn,57.33,61.33,37.67,34,57.33,57.33,2.28,2.1,32.38,32.4,42,42,810.55,770.75,50,47,112.5,119.25,-3.16,-3.16,-2.83,-2.83,-7.07,-7.07,3242.22,3083,-2.45,-2.45,-6.63,-6.63,1080.74,1027.67,4953.38,4710.13,1801.23,1712.78,3602.46,3425.55,-9.49,-9.49,-8.37,-8.37,2521.72,2397.89,3242.22,3083,-6.32,-6.32,3210.75,2965.73,1080.74,1027.67,9.8,9.8,810.55,770.75,810.55,770.75,1080.74,1027.67,540.37,513.83,119.98,119.98,43.93,47.61,12,12,43.33,41.74,22.74,23.37,20.3,19.51,50,50,1,1,50,50,120,120,58.41,58.65,68.97,71.23,69.88,69.85,5.47,7.39,1080.74,1027.67,67.85,66.22,35.25,32.5,24.77,25.09,75.34,74.53,3.5,3.5,93.16,93.16,736.29,734.06,0,0,64,64,62.71,58.43,720.49,685.11,650.67,644.56,0.31,0.31,126.89,138.67,10.9,10.65,17.16,17.16,691.48,691.48,1.96,1.97,49.53,47.61,49.72,49.05,-86.02,-86.02,70,70,100.2,100.2,34822.35,33024.94,22478.61,22263.08,51172,46759,720.49,685.11,7.85,7.39,90.06,85.64,4.375E+11,5.027E+11,26186.41,24735.68,7.09,6.95,12.05,11.4
Santravalley,59.73,61.33,27.83,27.33,66.67,66.67,1.52,1.51,30.85,30.78,42,42,561.34,561.82,48.2,47,117,119.25,2395.05,2397.09,1676.54,1677.96,-8.6,-8.6,1347.22,1348.36,1646.6,1648,-5.8,-5.8,2395.05,2397.09,187.11,187.27,-8.12,-8.12,2644.53,2646.78,2395.05,2397.09,923.09,923.88,3143.5,3146.18,-3.74,-3.74,-6.93,-6.93,-8.07,-8.07,4790.1,4794.17,12.88,12.88,1247.42,1248.48,935.57,936.36,997.94,998.79,561.34,561.82,644.28,644.28,65.86,66.24,14.16,14.16,42.32,41.99,27.32,27.55,13.03,12.49,51,51,1,1,51.48,51.48,119,119,63.94,63.94,99.23,99.45,71.73,71.81,11.56,12.13,1122.68,1123.63,55.24,54.42,27.83,27.33,34.48,34.51,54.29,54.21,1.65,1.65,93.49,93.49,706.36,700.24,-4,-4,64,64,53.09,53.09,686.08,686.67,1007.24,1005.54,0.34,0.35,187.68,188.35,9.75,9.75,15.15,15.15,661,661,1.53,1.53,43.44,42.87,49.59,49.62,-86.02,-86.02,60.83,60.83,104.81,104.81,35863.38,35893.88,28756.13,28869.87,43663,43581,997.94,998.79,2.77,2.77,436.6,436.97,2.102E+11,2.341E+11,23490.51,23510.49,13.62,13.6,9.84,9.84
Momia Berg Dorpistan,61.33,62.93,33.11,31.56,66.67,66.67,1.67,1.65,30.37,30.33,42,42,925.93,913.81,47,45.8,119.25,123.75,-4.9,-4.9,3925.94,3874.56,-2,-2,2592.6,2558.67,-1.55,-1.55,-7.85,-7.85,3271.62,3228.8,1774.7,1751.47,-10.3,-10.3,802.47,791.97,-2,-2,2067.91,2040.84,2037.05,2010.38,2654.33,2619.59,-1.67,-1.67,-10.69,-10.69,3271.62,3228.8,13,13,1543.22,1523.02,1157.41,1142.26,1234.57,1218.41,694.45,685.36,644.28,644.28,59.86,60.71,14.16,14.16,44.95,44.19,27.93,28.15,11.41,10.56,51,51,1,1,51.48,51.48,129,129,63.55,63.56,98.42,98.98,72.38,72.44,10.63,11.42,1388.89,1370.72,57.75,56.92,31.83,30.67,43.17,43.24,47.42,47.23,1.65,1.65,93.49,93.49,661.57,661.29,-4,-4,64,64,53.25,53.02,848.77,837.66,906.7,900.38,0.35,0.36,188.85,190.19,9.93,9.92,15.15,15.15,754.59,754.59,1.62,1.63,44.37,43.58,50.69,50.49,-73.48,-73.48,72.11,72.11,104.81,104.81,33895.21,33451.57,25828.93,25685.03,43151,42305,1234.57,1218.41,2.82,2.82,540.13,533.06,1.026E+11,1.466E+11,19252.48,19000.49,13.6,13.54,13.2,12.96
Zekhaphierre,26.75,28.33,29.56,28.89,74.67,74.67,1.49,1.48,28.97,29.11,47.2,47.2,854.99,826.98,73.25,71.75,60.75,65.25,1915.17,1852.44,2845.39,2752.2,4195.13,4057.73,-4,-4,766.07,740.98,1240.3,1199.68,2644.76,2558.14,3818.94,3693.86,2051.97,1984.76,2143.16,2072.97,547.19,529.27,63.84,61.75,3283.15,3175.62,-5.1,-5.1,-5.67,-5.67,446.87,432.24,8755.06,8468.31,16.12,16.12,2336.96,2260.42,1196.98,1157.78,797.99,771.85,911.99,882.12,1220.81,1220.81,67.15,67.53,18.96,18.96,42.26,41.91,24.64,24.94,17.77,17.33,49.36,49.36,1,1,53.38,53.38,122,122,69.49,69.47,102.76,102.89,74.58,74.34,23.63,23.3,1196.98,1157.78,108.97,108.54,-74.83,-75.33,47.6,47.63,26.62,26.53,0.77,0.77,93.9,93.9,850.65,841.07,-8,-8,69,69,77.09,77,797.99,771.85,1043.72,1044.08,0.24,0.24,154.85,157.28,9.97,9.97,12.51,12.51,701.29,701.29,1.4,1.4,31.37,31.7,51.25,50.95,93.81,93.81,20,20,109.39,109.39,42696.86,41298.46,34589.41,33559.28,51513,49692,1367.98,1323.17,2.33,2.33,1082.98,1047.51,20600000000,21600000000,22373.15,21640.39,15.24,15.19,19.88,19.53
Debohills,56.67,58.67,23.25,21.75,66.67,66.67,1.66,1.59,31.45,31.57,45.34,45.34,367.61,352.49,50.5,49,112.5,114.75,441.13,422.99,2509.8,2406.56,1911.57,1832.95,-7.21,-7.21,3823.14,3665.89,313.69,300.79,-8.49,-8.49,-5.76,-5.76,-4.24,-4.24,-4.69,-4.69,2401.72,2302.93,3896.67,3736.39,-1.41,-1.41,2891.87,2772.92,-5.66,-5.66,421.53,404.19,2352.7,2255.93,12.85,12.85,1225.37,1174.97,1041.56,998.72,980.29,939.97,551.42,528.73,644.28,644.28,60.29,62.89,16.29,16.29,38.11,37.1,25.15,25.44,17.01,16.55,51,51,1,1,51.48,51.48,103,103,63.93,64.06,98.92,99.42,70.96,70.81,12.68,13.34,1102.83,1057.47,89.02,87.98,23.25,21.75,37.74,37.89,51.76,51.31,1.65,1.65,93.49,93.49,767.91,767.91,-4,-4,64,64,52.5,52.08,673.95,646.23,689.23,689.23,0.31,0.32,184.82,186.15,10.19,10.05,15.15,15.15,524.99,524.99,1.89,1.89,42.32,41.66,48.15,47.65,75.5,75.5,-42.43,-42.43,104.81,104.81,31122.11,29842,23806.09,23346.54,39489,37126,980.29,939.97,2.77,2.76,428.88,411.24,67900000000,82900000000,19389.07,18531.88,13.68,13.65,8.16,7.96
Troskwauntalki,54.67,56.67,19,18.25,72,72,1.36,1.35,30.38,30.32,44.83,44.83,527.39,527.41,52,50.5,108,112.5,1841.08,1841.15,-6.57,-6.57,1956.15,1956.22,-6.78,-6.78,421.91,421.93,1104.65,1104.69,1495.88,1495.93,-6.36,-6.36,1112.32,1112.36,1073.96,1074,2224.64,2224.72,2397.24,2397.33,882.18,882.22,115.07,115.07,978.07,978.11,-2.64,-2.64,5293.1,5293.3,16.52,16.52,1869.85,1869.92,1102.73,1102.77,1006.84,1006.88,863.01,863.04,1229.34,1229.34,73.63,74.24,17.36,17.36,34.63,34.03,30.6,30.87,3.47,3.33,51.62,51.62,1,1,53.38,53.38,110,110,70.1,70.09,104.79,104.89,72.37,72.45,18.63,18.38,1102.73,1102.77,89.3,87.98,-85,-85.75,56.34,56.38,15.13,15,0.86,0.86,93.77,93.77,783.96,777.06,-8,-8,67,67,76.32,76.32,767.12,767.14,1030.19,1030.56,0.27,0.28,217.29,220.17,9.83,9.82,12.47,12.47,599.17,599.17,1.45,1.45,36.37,36.62,48.43,48.46,76.81,76.81,-28.28,-28.28,110,110,31108.48,31109.65,26465.42,26582.5,35944,35806,1246.56,1246.61,2.3,2.3,623.28,623.31,6400000000,7000000000,13594.41,13563.81,13.8,13.75,9.44,9.44
Jubburpitergen,57.33,61.33,54.67,48,57.33,57.33,3.36,2.85,32.54,32.38,42,42,299.33,280.72,50,47,112.5,119.25,399.11,374.3,804.21,754.21,2394.66,2245.78,-8.37,-8.37,798.22,748.59,2811.74,2636.93,798.22,748.59,2805.75,2631.31,399.11,374.3,1197.33,1122.89,3991.11,3742.97,3192.89,2994.38,-8.37,-8.37,2793.78,2620.08,3592,3368.68,5746.26,5198.12,3592,3368.68,9.49,9.49,898,842.17,898,842.17,1197.33,1122.89,598.67,561.45,119.98,119.98,29.75,35.15,12,12,50.39,47.67,24.07,24.67,18.58,17.72,50,50,1,1,50,50,100,100,56.97,57.48,58.8,63.24,69.7,69.87,1.22,3.89,1197.33,1122.89,73.62,72.58,48,43,19.29,19.83,83.43,82,3.5,3.5,93.16,93.16,626.74,643.34,0,0,64,64,67.58,66.4,798.22,748.59,460.62,458.3,0.32,0.33,126.07,137.81,11.33,10.88,17.16,17.16,501.41,501.41,2.53,2.55,53.78,51.11,52.33,51.28,78.1,78.1,-55.68,-55.68,100.2,100.2,43498.15,40602.9,22722.91,23230.52,76379,66091,798.22,748.59,10.19,9.44,99.78,93.57,42600000000,61300000000,35103.01,32563.53,7.09,6.95,13.58,12.37
Adar Geopique,57.33,61.33,54.67,48,57.33,57.33,3.36,2.85,32.5,32.33,42,42,274.18,256.94,50,47,112.5,119.25,4386.87,4111.1,4385.04,4109.39,4021.29,3768.51,2924.58,2740.73,-8.37,-8.37,-3.19,-3.19,-7.07,-7.07,4383.21,4107.67,-5.48,-5.48,1827.86,1712.96,1096.72,1027.78,3290.15,3083.33,-7.07,-7.07,1096.72,1027.78,3290.15,3083.33,5628.96,5100.39,8408.16,7879.61,9.49,9.49,822.54,770.83,822.54,770.83,1096.72,1027.78,548.36,513.89,119.98,119.98,29.75,35.15,12,12,50.39,47.67,24.94,25.53,17.33,16.41,50,50,1,1,50,50,100,100,56.97,57.48,58.8,63.24,69.75,69.93,1.22,3.89,1096.72,1027.78,84.5,83.4,48,43,15.69,16.21,87.6,86.17,3.5,3.5,93.16,93.16,626.74,643.34,0,0,64,64,67.85,66.72,731.14,685.18,506.32,503.89,0.32,0.32,126.07,137.81,10.27,9.98,17.16,17.16,499.7,499.7,2.34,2.35,53.78,51.11,52.35,51.3,33.17,33.17,66.33,66.33,100.2,100.2,47466.87,44308.29,24796.12,25350.52,83347,72122,731.14,685.18,10.19,9.44,91.39,85.65,42000000000,57100000000,40014.57,37130.35,7.09,6.95,15.75,14.34
Shirentwis,64.89,66.22,48.44,39.56,57.33,57.33,2.91,2.36,32.68,32.65,42,42,309.51,281.24,43.67,41.67,128.25,132.75,4126.84,3749.93,-2.83,-2.83,2063.42,1874.96,1650.74,1499.97,3714.15,3374.93,5748.69,5223.65,5364.89,4874.9,-5.81,-5.81,-6.32,-6.32,-4.47,-4.47,-5.48,-5.48,-5.48,-5.48,2476.1,2249.96,-8.37,-8.37,412.68,374.99,-4.69,-5.17,11555.15,10499.79,9.49,9.49,928.54,843.73,928.54,843.73,1238.05,1124.98,619.03,562.49,119.98,119.98,34.4,42.42,12,12,47.86,44.14,23.88,24.29,18.83,18.27,50,50,1,1,50,50,100,100,57.28,58.02,61.12,67.02,69.55,69.59,4.89,7.78,1238.05,1124.98,57.89,58.27,43.33,36.67,23.49,24.1,78.74,76.93,3.5,3.5,93.16,93.16,613.07,651.72,0,0,64,64,66.38,64.23,825.37,749.99,468.77,471.71,0.37,0.37,151.88,159.17,10.26,9.96,17.16,17.16,518.52,518.52,2.49,2.48,50.11,47.22,51.39,49.85,10,10,48.99,48.99,100.2,100.2,37731.68,34285.58,21337.49,21719.88,62021,51199,825.37,749.99,9.74,8.55,103.17,93.75,31200000000,57300000000,28864.74,26022.75,6.78,6.69,11.25,9.94
Scambunny,64.89,66.22,48.44,39.56,57.33,57.33,2.91,2.36,32.59,32.53,42,42,249.73,227.15,43.67,41.67,128.25,132.75,1997.81,1817.16,2730.34,2483.46,2330.78,2120.02,4328.59,3937.19,1664.84,1514.3,3529.47,3210.32,-4.47,-4.47,2463.97,2241.17,-7.07,-7.07,1331.87,1211.44,-5.48,-5.48,1331.87,1211.44,3662.65,3331.47,2996.72,2725.75,2663.75,2422.89,5689.65,4945.01,4328.59,3937.19,9.49,9.49,749.18,681.44,749.18,681.44,998.91,908.58,499.45,454.29,119.98,119.98,34.4,42.42,12,12,47.86,44.14,26.43,26.81,14.86,14.12,50,50,1,1,50,50,100,100,57.28,58.02,61.12,67.02,69.64,69.72,4.89,7.78,998.91,908.58,74.09,74.51,43.33,36.67,14.59,15.31,88.41,86.45,3.5,3.5,93.16,93.16,613.07,651.72,0,0,64,64,67.1,65.24,665.94,605.72,460.03,462.94,0.34,0.34,151.88,159.17,10.19,9.95,17.16,17.16,512.76,512.76,2.54,2.52,50.11,47.22,51.42,49.89,-58.31,-58.31,83.07,83.07,100.2,100.2,46544.89,42106.01,26321.4,26674.12,76507,62877,665.94,605.72,9.74,8.55,83.24,75.72,24700000000,46800000000,39749.33,35663.79,6.78,6.69,13.55,11.89
Daingor,70,71.33,76.22,71.78,67.33,67.33,11.04,7.45,34.49,33.74,42,42,107.7,104.18,36,34,144,148.5,2584.91,2500.26,3885.98,3758.73,-4.47,-4.47,-6.32,-6.32,6031.45,5833.95,3903.21,3775.4,1292.45,1250.13,-5.44,-5.44,4739,4583.82,0,0,430.82,416.71,6462.27,6250.66,6462.27,6250.66,2154.09,2083.55,2154.09,2083.55,6289.94,6083.98,3877.36,3750.4,8,8,753.93,729.24,753.93,729.24,969.34,937.6,430.82,416.71,109.99,109.99,9.06,13.42,12,12,70.05,66.33,27.45,27.82,12.73,11.74,50,50,1,1,50,50,100,100,51.4,52.71,33.35,38.45,67.86,68.51,16.32,14.76,1077.04,1041.78,46.79,47.12,73.33,66.67,8.88,9.08,104.56,102.75,1.51,1.51,93.52,93.52,285.93,312.51,0,0,64,64,72.59,71.65,646.23,625.07,292.23,319.02,0.64,0.63,180.21,188.15,14.83,14.26,17.21,17.21,501.8,501.8,4.92,4.03,38.68,40.24,57.26,55.92,26.46,26.46,-41.23,-41.23,99.3,99.3,56299.28,54455.77,15031.81,18242.23,165922,135936,646.23,625.07,15.63,14.76,-3.16,-3.16,14000000000,16900000000,51288.64,49500.29,6.12,6.02,19.49,17.15
Dasaah,64.89,66.22,73.56,69.11,69.33,69.33,5.79,4.33,30.91,30.54,45.34,45.34,87.68,84.87,43.67,41.67,128.25,132.75,3296.66,3190.96,5319.54,5148.99,2945.95,2851.5,2595.24,2512.04,1192.41,1154.18,2701.85,2615.23,343.69,332.67,4887.47,4730.77,4699.49,4548.82,140.28,135.79,3998.07,3869.89,5400.9,5227.75,-6.78,-6.78,4348.78,4209.36,1543.12,1493.64,5015.88,4597.07,6586.3,6375.14,9.49,9.49,1315.16,1272.99,1052.12,1018.39,876.77,848.66,876.77,848.66,12.9,12.9,17.27,23.09,15.09,15.09,63.02,59.18,28.11,28.48,10.77,9.2,50,50,1,1,50,50,100,100,56.45,57.22,58.25,64.24,71.64,72.15,10.81,9.25,876.77,848.66,75.01,75.44,61.33,54.67,8.95,9.18,103.16,101.2,1.16,1.16,93.63,93.63,386.3,417.1,0,0,64,64,70.64,69.5,526.06,509.2,517.33,552.36,0.36,0.36,151.88,159.17,11.95,11.36,18.72,18.72,478.78,478.78,2.3,2.19,44.19,45.75,58.17,56.79,-7.07,-7.07,65.19,65.19,99.76,99.76,66471.15,64082.07,25684.54,29118.55,148726,126091,964.45,933.53,10.91,9.82,0,0,16900000000,21100000000,60488.75,58186.52,6.47,6.37,20.83,18.37
Trigall,65.73,66.53,81.56,77.11,11,11,11.04,7.45,35.62,34.48,37.37,37.37,-3.16,-3.16,42.4,41.2,130.5,132.75,6322.37,6139.05,5719.31,5553.48,1111.62,1079.39,4585.45,4452.49,5488.65,5329.5,3471.05,3370.4,4029.64,3912.8,833.72,809.54,1771.65,1720.28,3195.92,3103.25,3890.69,3777.87,6009.72,5835.47,764.24,742.08,5627.6,5464.43,69.48,67.46,9920.6,9366.47,11463.63,11131.24,7.75,7.75,-7.07,-7.07,434.23,421.64,1042.15,1011.93,694.77,674.62,9.01,9.01,9.06,13.42,8.98,8.98,34.79,33.17,15.1,15.42,27.68,27.44,48.6,48.6,1,1,51.48,51.48,103,103,49.69,51.68,21.05,24.97,66.98,67.87,23.9,22.08,1650.07,1602.22,23.65,24.23,73.33,66.67,5.7,5.92,122.76,120.79,23.15,23.15,91.52,91.52,677.76,725.45,-8,-8,64,64,73.81,72.95,347.38,337.31,208.69,232.87,1.58,1.51,243.68,244.44,14.42,13.85,26.56,26.56,431.88,431.88,70.31,57.95,31.1,32.92,58.46,57.2,-72.11,-72.11,82.46,82.46,103,103,74344.82,71922.67,19849.94,24093.5,219104,179538,347.38,337.31,16.36,15.47,-8.94,-8.94,14400000000,16800000000,70107.16,67679.23,14.65,14.62,24.34,21.57
Covelandian Forces,73.2,73.47,75.11,79.56,70,70,41.47,20.24,42.71,36.31,43,43,-3.16,-3.16,31.2,30.8,155.25,157.5,-3.74,-3.74,3977.52,4084.75,2808.65,2884.37,2059.68,2115.21,-3.74,-3.74,-6.86,-6.86,-6,-6,2993.09,3073.78,5898.17,6057.18,-3.74,-3.74,1217.08,1249.89,6085.41,6249.47,-5.83,-5.83,3089.52,3172.81,6928,7114.78,350.52,359.97,2808.65,2884.37,7.55,7.55,468.11,480.73,585.14,600.91,1053.24,1081.64,234.05,240.36,451.62,451.62,2.41,4.94,14.16,14.16,80.63,76.93,32.33,32.4,2.81,2.79,47.8,47.8,1,1,50.99,50.99,98,98,46.03,48.2,24.25,28.57,64.89,66.51,24.27,22.18,819.19,841.28,56.97,58.54,88.33,81.67,8.87,9.07,106.64,104.83,1.06,1.06,93.67,93.67,168.73,196.61,0,0,66,66,74.44,73.63,468.11,480.73,269.35,298.47,1.23,1.18,126.08,126.63,15.59,15.02,16.02,16.02,490.96,490.96,12.91,4.66,30.73,32.82,55.84,57.93,20,20,50.99,50.99,104.81,104.81,50399.27,51758.04,5934.24,9613.43,246110,194529,468.11,480.73,17.86,17.01,702.16,721.09,7000000000,11200000000,45913.73,47048.06,7.35,7.31,34.77,31.24
Divarial,61.33,62.93,27.33,23.67,73.33,73.33,1.84,1.67,31.43,31.63,43.68,43.68,391.18,363.78,47,45.8,119.25,123.75,-4.47,-4.47,2658.45,2472.21,-7.07,-7.07,2440.95,2269.96,1502.13,1396.9,-3.89,-3.89,1439.54,1338.69,2813.36,2616.27,469.41,436.53,312.94,291.02,0,0,1470.83,1367.79,312.94,291.02,-3.16,-3.16,-5.83,-5.83,-9.63,-9.83,1439.54,1338.69,11.62,11.62,1486.48,1382.35,1095.3,1018.57,1173.54,1091.33,625.89,582.04,32.69,32.69,54.49,59.98,14.16,14.16,45.02,42.31,29.46,29.68,5.91,5.31,51,51,1,1,50.5,50.5,99,99,62.97,63.28,100.09,101.55,70.97,70.73,15.46,17.08,1408.24,1309.59,58.55,58.18,27.33,23.67,39,39.34,57.15,56.13,0.79,0.79,93.84,93.84,615.79,636.12,-4,-4,64,64,53.85,52.87,782.36,727.55,684.46,683.62,0.35,0.35,187.35,188.68,9.93,9.89,17.79,17.79,527.57,527.57,1.9,1.9,39.54,37.92,49.26,48.29,-85.73,-85.73,69.64,69.64,104.46,104.46,28488.75,26493.01,20646.08,20210.25,37891,33695,1173.54,1091.33,2.91,2.86,312.94,291.02,19600000000,32300000000,17378.14,16081.25,13.6,13.54,10.02,9.37
Eastern Feo Hil,64.89,66.22,48.44,39.56,57.33,57.33,2.91,2.36,32.68,32.62,42,42,266.65,242.83,43.67,41.67,128.25,132.75,4266.44,3885.22,-4.66,-4.66,1066.61,971.31,1422.15,1295.07,1066.61,971.31,4085.12,3720.1,1777.69,1618.84,0,0,3555.37,3237.69,2133.22,1942.61,3555.37,3237.69,-5.48,-5.48,711.07,647.54,4266.44,3885.22,355.54,323.77,3942.07,3343.77,7110.74,6475.37,9.49,9.49,799.96,728.48,799.96,728.48,1066.61,971.31,533.31,485.65,119.98,119.98,34.4,42.42,12,12,47.86,44.14,23.88,24.29,18.83,18.27,50,50,1,1,50,50,100,100,57.28,58.02,61.12,67.02,69.55,69.62,4.89,7.78,1066.61,971.31,64.15,64.55,43.33,36.67,17.22,17.95,85,83.04,3.5,3.5,93.16,93.16,613.07,651.72,0,0,64,64,66.86,64.9,711.07,647.54,497.43,500.46,0.35,0.35,151.88,159.17,10.65,10.05,17.16,17.16,484.65,484.65,2.37,2.36,50.11,47.22,51.39,49.86,-30,-30,48.99,48.99,100.2,100.2,43630.68,39486.05,24673.4,25014.38,71717,58965,711.07,647.54,9.74,8.55,88.88,80.94,16600000000,34000000000,36126.2,32378.56,6.78,6.69,11.66,10.28
Terre des Dieu,69.33,69.6,74.22,69.78,75.33,75.33,6.07,4.51,30.91,30.55,44.28,44.28,-6.32,-6.32,37,36.6,141.75,144,4712.73,4568.02,-3.79,-3.79,3450.39,3344.44,3366.24,3262.87,302.96,293.66,4736.72,4591.27,-3.22,-3.22,-5.34,-5.34,4123.64,3997.02,1767.28,1713.01,-4.24,-4.24,2608.83,2528.73,4291.95,4160.16,84.16,81.57,-3.55,-3.55,7488.38,6936.23,8163.13,7912.47,7.62,7.62,1893.51,1835.37,841.56,815.72,210.39,203.93,525.97,509.82,7.84,7.84,16.49,22.19,14.16,14.16,69.49,65.23,31.13,31.2,3.22,3.19,50,50,1,1,50,50,106,106,56.97,57.75,58.67,64.74,71.64,72.14,16.34,14.25,1051.95,1019.65,55.12,56.65,62.33,55.67,8.58,8.82,104.48,102.51,0.76,0.76,93.94,93.94,285.93,321.9,-8,-8,64,64,70.88,69.77,105.19,101.96,511.26,550.71,0.81,0.69,99.03,99.51,11.22,10.63,33.18,33.18,550.93,550.93,2.32,2.19,38.66,40.75,58.74,57.35,-25.5,-25.5,68.92,68.92,105.16,105.16,56146.09,54099.83,21136.26,24044.37,128197,108362,1157.14,1121.61,10.19,9,-4.47,-4.47,9000000000,11200000000,51317.52,49339.05,12.99,12.96,19.92,17.55
Iron Treads 2,65.17,66.17,42.67,33.78,68.67,68.67,2.51,2.1,31.43,31.48,45.34,45.34,151.95,137.63,43.25,41.75,128.25,132.75,-5.48,-5.48,2756.3,2496.59,2735.02,2477.32,-3.46,-3.46,3282.03,2972.78,1887.17,1709.35,3342.81,3027.84,2473.68,2240.6,2674.24,2422.27,2431.13,2202.06,-4.47,-4.47,4163.31,3771.03,1519.46,1376.29,2431.13,2202.06,790.12,715.67,1516.44,1180.87,6077.83,5505.16,9.75,9.75,1215.57,1101.03,987.65,894.59,683.76,619.33,151.95,137.63,26.8,26.8,39.79,47.72,15.51,15.51,47.78,43.74,28.23,28.51,9.99,9.07,51,51,1,1,50.5,50.5,99,99,60.14,60.74,79.95,84.6,70.97,70.92,10.46,13.19,1139.59,1032.22,56.9,57.48,39,32.33,15.22,15.89,86.68,84.83,1.16,1.16,93.63,93.63,548.91,589.51,-4,-4,64,64,65.36,62.97,531.81,481.7,632.82,634.11,0.45,0.44,208.26,211.09,10.59,10,17.87,17.87,505.23,505.23,1.99,1.99,44.54,41.81,51.49,50.13,65.57,65.57,14.14,14.14,103.37,103.37,44617.36,40220.69,27303.16,27147.3,68618,56887,911.67,825.77,3.92,3.53,75.97,68.81,2400000000,4200000000,37835.52,33825.6,13.22,13.17,12.22,10.95
Grreang Psyholovadomstan,2.33,4.33,7,5.33,1,1,1.15,1.12,32.86,33.17,39.43,39.43,696.47,644.87,97.67,95.67,6.75,11.25,387.6,358.88,29.07,26.92,-5.29,-5.29,993.23,919.64,14.54,13.46,4750.8,4398.79,-2.37,-2.37,-8.57,-8.57,-11.49,-11.49,-10.39,-10.39,-8.25,-8.25,-5.29,-5.29,-10.86,-10.86,629.85,583.19,-9.38,-9.38,-10.43,-10.43,387.6,358.88,18.49,18.49,757.04,700.94,878.16,813.1,1362.66,1261.7,696.47,644.87,8.28,8.28,87.19,89.57,8.98,8.98,11.5,11.3,1.26,1.32,36.1,35.75,46.97,46.97,1,1,50,50,100,100,70.58,70.64,101.1,101.42,69.37,69.05,47.22,47.11,1302.1,1205.62,103.94,103.2,-93,-94.67,69.56,69.6,-15.93,-16.31,30.34,30.34,91.09,91.09,11791.9,11710.72,-8,-8,64,64,75.49,75.39,847.88,785.06,729.1,733.24,0.2,0.2,10.05,12.28,9.19,9.18,30.42,30.42,615.63,615.63,1.83,1.82,7.78,7.89,44.64,44.32,-83.07,-83.07,74.16,74.16,110.91,110.91,18149.73,16804.94,16885.57,15857.4,19365,17705,847.88,785.06,2.28,2.27,484.5,448.6,200000000,300000000,5517.52,5108.7,18.5,18.46,9.54,9.38
Redros,54.33,56.33,25,19,44,44,1.72,1.49,31.83,32.16,39.43,39.43,667.86,586.63,52.25,50.75,108,112.5,-4.9,-4.9,-5.93,-5.93,3011.46,2645.18,-7.87,-7.87,1845.73,1621.24,3717.21,3265.1,-1.67,-1.67,-1.73,-1.73,3545.75,3114.49,-2,-2,388.58,341.31,-7.75,-7.75,-2,-2,2817.17,2474.53,2720.03,2389.2,-3.67,-3.67,3011.46,2645.18,13.82,13.82,789.29,693.29,1032.15,906.62,1275.01,1119.94,910.72,799.96,517.74,517.74,58.28,67.28,10.55,10.55,33.34,29.96,22.46,22.78,20.64,20.26,51.62,51.62,1,1,50.99,50.99,104,104,62.24,62.76,90.99,94.06,70.5,70.12,13.05,14.55,1032.15,906.62,94.24,93.9,-75,-81,42.4,42.94,43.71,42.11,6.35,6.35,92.81,92.81,951.13,997.4,0,0,68,68,77.41,76.88,971.44,853.29,720.25,729.01,0.26,0.26,82.31,84.08,9.97,9.91,15.73,15.73,586.56,586.56,1.84,1.83,41.95,40.45,47.88,46.42,93.27,93.27,-50,-50,92.09,92.09,32702.51,28725,24567.55,23294.4,42154,34625,971.44,853.29,3.05,2.95,364.29,319.98,3800000000,8200000000,18836.64,16401.98,6.67,6.58,9.64,8.76
The Anarchist Revolution,2.33,4.33,75.33,70.89,1,1,8.85,6.36,32.48,31.96,37.37,37.37,584.06,568.47,97.67,95.67,6.75,11.25,3831.42,3729.19,-8.52,-8.52,560.7,545.74,1027.94,1000.52,336.42,327.44,17202.62,16743.63,1336.33,1300.67,-8.2,-8.2,-9.33,-9.33,-4.24,-4.24,-6.16,-6.16,-4.24,-4.24,2429.68,2364.85,1027.94,1000.52,-7.62,-7.62,-7.46,-7.91,5728.45,5575.6,11,11,116.81,113.69,1284.93,1250.64,3153.92,3069.76,1284.93,1250.64,7.98,7.98,11.3,15.72,6.84,6.84,22.75,21.44,0.91,0.93,39.57,39.24,46.97,46.97,1,1,50,50,100,100,57.92,58.58,55.92,60.95,69.77,70.34,39.51,36.62,2920.29,2842.37,75.16,75.43,70,63.33,26.3,26.87,77.19,75.47,30.34,30.34,91.09,91.09,2707.19,3059.3,-8,-8,64,64,71.41,70.51,1168.12,1136.95,269.77,300.08,0.24,0.24,10.08,12.32,9.91,9.84,32.27,32.27,529.64,529.64,12.59,4.6,15.49,18.38,57.89,56.75,-31.62,-31.62,40,40,105.16,105.16,50391.16,49046.63,15292.84,17975.63,135388,114328,1168.12,1136.95,8.73,7.53,-4.47,-4.47,400000000,800000000,37138.29,35853.09,17.14,17.09,25.45,22.98
Thessaloniki Themata,57.33,61.33,57.33,48.44,57.33,57.33,3.61,2.91,32.82,32.64,42,42,300.41,278.99,50,47,112.5,119.25,-8.37,-8.37,3945.33,3664.11,4405.96,4091.9,-6.32,-6.32,-6.32,-6.32,2623.55,2436.54,2803.79,2603.93,3484.71,3236.32,2002.71,1859.95,4806.5,4463.89,4405.96,4091.9,-6.32,-6.32,3604.87,3347.92,-6.32,-6.32,-7.07,-7.07,1281.73,1190.37,7209.75,6695.83,9.33,9.33,901.22,836.98,901.22,836.98,1201.62,1115.97,300.41,278.99,119.98,119.98,27.72,34.4,12,12,49.93,46.46,21.72,22.36,21.51,20.76,50,50,1,1,50,50,100,100,56.72,57.4,57.19,62.55,69.4,69.59,0.56,3.78,1201.62,1115.97,71.66,71.06,50,43.33,17.7,18.27,85.73,84.02,3.24,3.24,93.2,93.2,610.35,640.56,0,0,64,64,68.17,66.86,801.08,743.98,493.23,491.6,0.33,0.34,126.07,137.81,10.85,10.25,17.16,17.16,486.53,486.53,2.39,2.4,54.44,51.22,52.68,51.41,84.26,84.26,-40,-40,100.2,100.2,44880.66,41681.56,22551.98,23571.16,81369,68513,801.08,743.98,10.54,9.56,100.14,93,2000000000,3400000000,36936.79,34053.83,7.09,6.95,16.14,14.43
Opal Princess,49.67,51.67,72,67.56,20,20,7.52,5.53,35.66,34.68,37.37,37.37,107.14,104.16,55.75,54.25,101.25,103.5,4199.89,4082.93,2929.64,2848.05,-7.21,-7.21,2485.65,2416.43,-7.21,-7.21,3817.61,3711.3,4799.87,4666.21,1230.82,1196.55,4199.89,4082.93,-7.21,-7.21,2057.09,1999.8,5914.13,5749.43,5914.13,5749.43,3771.33,3666.3,-1.41,-1.41,548.56,533.28,8999.76,8749.14,8,8,-5.48,-5.48,749.98,729.09,1821.38,1770.66,107.14,104.16,109.99,109.99,13.3,18.07,6.84,6.84,39.81,37.75,13.3,13.75,28.95,28.65,46.97,46.97,1,1,50,50,100,100,50.87,52.28,26.67,30.96,66.95,67.7,18.14,15.42,1499.96,1458.19,40.12,40.66,67,60.33,9.39,9.58,101.37,99.65,16.31,16.31,91.97,91.97,772.48,820.5,0,0,64,64,72.06,71.21,642.84,624.94,239.2,268.39,0.39,0.39,53.34,54.05,12.71,12.13,17.21,17.21,502.97,502.97,53.35,13.7,36.86,39.58,55.4,54.32,-76.16,-76.16,56.57,56.57,96.68,96.68,52925.47,51451.58,17641.82,20392.92,132611,112856,642.84,624.94,15.9,15.07,-7.75,-7.75,1900000000,2400000000,47950.47,46512.23,9.62,9.58,21.07,18.92
Polly Plummer,61.33,62.93,29.33,25.5,66.67,66.67,1.9,1.75,31.34,31.34,42,42,339.99,322.51,47,45.8,119.25,123.75,2447.92,2322.1,1305.55,1238.45,2221.26,2107.09,2629.24,2494.1,362.65,344.01,3425.49,3249.43,-1.41,-1.41,2776.57,2633.86,-7.94,-7.94,3127.89,2967.12,-3.46,-3.46,1790.6,1698.57,1541.28,1462.06,2674.57,2537.11,1903.93,1806.08,994.94,872.85,4669.17,4429.19,12.77,12.77,1133.29,1075.04,849.97,806.28,906.64,860.04,509.98,483.77,644.28,644.28,52.64,57.2,14.16,14.16,43.1,40.75,30.07,30.28,4.39,3.97,51,51,1,1,51.48,51.48,109,109,63.08,63.33,96.86,98.5,71.09,71.09,11.59,13.16,1019.96,967.54,75.51,74.99,29,25.5,27.2,27.55,64.18,63.23,1.65,1.65,93.49,93.49,685.79,705.78,-4,-4,64,64,54.63,53.77,623.31,591.27,772.56,770.25,0.34,0.34,187.35,188.68,9.67,9.64,15.15,15.15,581.47,581.47,1.77,1.77,43.41,41.84,49.6,48.93,-43.59,-43.59,82.46,82.46,104.81,104.81,40345.86,38201.21,28703.77,28413.34,54528,49673,906.64,860.04,2.89,2.86,396.65,376.27,60800000000,77900000000,29371.79,27695.88,13.6,13.54,12.75,12.06
Vetrahjart,44.33,46.33,40,39.78,60,60,1.72,1.71,30.15,30.13,43.68,43.68,865.16,865.33,59.75,58.25,92.25,94.5,-8.12,-8.12,4303.79,4304.65,3586.49,3587.21,3271.88,3272.54,4467.38,4468.27,-5.87,-5.87,6292.09,6293.34,-3.46,-3.46,31.46,31.47,2013.47,2013.87,-4,-4,-5.81,-5.81,1384.26,1384.54,-12.49,-12.49,-2.45,-2.45,2165.62,2172.35,9878.57,9880.55,11.36,11.36,629.21,629.33,1022.46,1022.67,1101.11,1101.34,629.21,629.33,624.65,624.65,58.28,58.4,15.09,15.09,40.97,40.88,22.19,22.5,20.97,20.59,51,51,2.52,2.52,51.48,51.48,135,135,62.69,62.68,94.32,94.36,72.7,72.73,9.47,9.03,2123.58,2124,46.62,45.67,35,34.83,27.67,27.67,67.01,66.99,2.55,2.55,93.31,93.31,809.53,797.08,-8,-8,64,64,60.11,59.89,550.56,550.67,898.79,902.32,0.32,0.32,174.17,175.45,10.8,10.78,15.24,15.24,763.23,763.23,1.63,1.63,45.53,45.97,51.28,51.29,-10,-10,76.16,76.16,106.18,106.18,40576.91,40591.32,30483.15,30527.63,52304,52273,943.81,944,2.96,2.96,-11.4,-11.4,9.221E+11,9.556E+11,29337.11,29347.52,14.69,14.66,13.35,13.35
-ECW Paul Heyman-,75.24,75.81,66.78,66.67,37.33,37.33,1.56,1.56,23.86,23.86,41.43,41.43,3582.85,3582.86,28.14,27.29,162,164.25,1938.95,1938.96,-5.93,-5.93,-5.55,-5.55,-4.52,-4.52,-6.24,-6.24,-8.58,-8.58,1180.23,1180.23,-10.02,-10.02,-8.37,-8.37,-2,-2,-8.6,-8.6,-6.63,-6.63,674.42,674.42,-12.88,-12.88,2564.48,2564.48,-9.93,-9.93,3119.18,3119.19,20.32,20.32,6954.94,6954.96,5163.51,5163.53,5268.89,5268.91,2212.93,2212.94,196.95,196.95,64.08,64.21,11.33,11.33,33.05,32.99,49.3,49.41,1.41,1.4,50,50,3.93,3.93,50,50,129,129,74.26,74.25,109.28,109.31,87.52,87.52,16.34,16.68,7271.07,7271.09,29.39,29.38,39.17,39,79.89,79.89,-48.49,-48.52,8.37,8.37,92.61,92.61,643.14,637.38,-1,-1,77,77,47.53,47.41,1159.16,1159.16,1140.8,1140.47,0.4,0.4,252.88,253.65,9.78,9.78,16.83,16.83,1082.33,1082.33,1.06,1.06,38.66,38.32,66.01,65.78,-80.75,-80.75,70.57,70.57,103.74,103.74,49879.13,49879.26,39415.27,39456.73,61510,61453,5058.14,5058.15,2.13,2.13,1369.91,1369.92,7.031E+11,7.091E+11,10025.7,10025.73,17.64,17.62,36.47,35.94
Beth Phoenixxx,67.33,68.33,26.33,26.17,68.67,68.67,1.22,1.22,26.55,26.55,45.83,45.83,1652.82,1652.83,40,38.5,135,139.5,-8.6,-8.6,470.13,470.14,3574.98,3575,548.49,548.49,-8.22,-8.22,-4.2,-4.2,617.05,617.05,-6.93,-6.93,-9.06,-9.06,-2,-2,-12.81,-12.81,1811.97,1811.99,2350.67,2350.68,-12,-12,1336.94,1336.95,763.97,763.97,4192.03,4192.05,18.87,18.87,2632.26,2632.28,2754.69,2754.71,1775.25,1775.26,1285.52,1285.53,977.25,977.25,81.69,81.83,17.01,17.01,31.16,31.07,33.51,33.76,2.54,2.49,51.62,51.62,3.93,3.93,51.96,51.96,151,151,72.07,72.04,108.24,108.27,79.52,79.52,17.77,18.33,1652.82,1652.83,106.28,105.77,-79.67,-79.83,71.49,71.49,-21.48,-21.5,0.86,0.86,93.77,93.77,674.34,662.98,0,0,69,69,77.04,77.04,1101.88,1101.88,1109.78,1109.11,0.24,0.24,159.89,167.37,9.44,9.44,13.6,13.6,935.09,935.09,1.16,1.16,37.23,36.67,53.02,53.02,65.42,65.42,54.95,54.95,100.2,100.2,34608.72,34608.93,31107.67,31136.56,38081,38050,2081.32,2081.34,2.21,2.21,1040.66,1040.67,72500000000,73700000000,9863.49,9863.55,7.59,7.51,14.55,14.55
Korallia,69.17,69.5,91.62,91.57,30.1,30.1,1.95,1.94,25.2,25.19,34.68,34.68,1653.75,1654.22,37.25,36.75,205.75,206,1323,1323.38,-4.38,-4.38,3053.07,3053.95,12537.95,12541.55,-3.3,-3.3,-8.81,-8.81,3042.9,3043.77,-13.25,-13.25,-6.63,-6.63,-3.74,-3.74,1323,1323.38,926.1,926.36,1831.84,1832.37,-12.08,-12.08,1363.71,1364.1,2046.48,2061.25,7418.97,7421.1,15.94,15.94,2289.81,2290.46,4961.24,4962.67,1780.96,1781.47,3434.71,3435.69,9.32,9.32,51.37,51.47,9.76,9.76,41.16,41.11,48.32,48.39,1.44,1.44,52.16,52.16,3.3,3.3,53.84,53.84,108,108,60.02,60,62.52,62.51,83.15,83.17,14.52,14.64,2035.38,2035.97,50.15,50.11,58.86,58.71,57.11,57.11,35.62,35.61,46.32,46.32,90.12,90.12,600.8,597.92,10,10,66,66,62.94,62.93,763.27,763.49,710.63,709.05,0.47,0.47,313.45,314.32,6.76,6.76,25.11,25.11,744.64,744.64,1.86,1.86,40.48,40.36,72.12,72.13,-122.35,-122.35,134.05,134.05,112.08,112.08,60419.21,60450.72,42426.57,42491.66,82587,82558,7251.05,7253.13,4.05,4.09,1017.69,1017.98,5.86068E+13,5.94355E+13,25919.84,25933.36,4.88,4.8,11.84,11.84
Novatiankodania,35,37,12.67,11.67,72,72,1.3,1.27,31,31.16,47.2,47.2,416.35,400.03,66.75,65.25,76.5,78.75,1565.48,1504.12,-4.64,-4.64,86.6,83.21,-8.12,-8.12,139.89,134.41,106.59,102.41,512.94,492.84,-2.12,-2.12,449.66,432.04,2065.1,1984.16,1232.4,1184.1,2364.88,2272.19,66.62,64.01,1065.86,1024.08,-7.55,-7.55,-7.59,-7.59,2165.03,2080.17,16.12,16.12,1582.14,1520.13,999.24,960.08,915.97,880.07,541.26,520.04,963.92,963.92,77.19,78.86,18.02,18.02,30.86,30.08,25.22,25.52,16.89,16.43,50,50,1,1,51.96,51.96,101,101,70.76,70.82,105.52,105.62,71.52,71.32,24.31,24.14,915.97,880.07,103.19,102.59,-87.33,-88.33,57.28,57.36,16.51,16.24,0.82,0.82,93.8,93.8,949.44,944.37,-8,-8,67,67,76.21,76.11,624.53,600.05,1038.53,1039.26,0.24,0.24,45.4,46.06,9.65,9.64,13.66,13.66,525.33,525.33,1.42,1.42,30.69,30.86,46.52,46.23,48.06,48.06,-45.28,-45.28,109.7,109.7,24508.78,23548.19,21379.13,20775.52,27697,26344,1040.88,1000.08,2.27,2.26,499.62,480.04,600000000,700000000,10465.25,10031.53,14.8,14.77,8.86,8.73
Danny G from Smethwick,74.83,75.17,74.22,69.78,15,15,6.07,4.51,31.09,30.7,45.83,45.83,-6.32,-6.32,28.75,28.25,162,162,3176.55,3077.83,1762.21,1707.44,3718.89,3603.31,7437.78,7206.62,5345.91,5179.76,3582.14,3470.81,5423.38,5254.82,3834.33,3715.16,38.74,37.53,1627.02,1576.45,1239.63,1201.1,-3.22,-3.22,464.86,450.41,3951.32,3828.51,-2.37,-2.37,5548.45,5068.22,12318.83,11935.96,8.37,8.37,2130.62,2064.4,774.77,750.69,387.38,375.34,484.23,469.18,8.94,8.94,16.49,22.19,16.66,16.66,32.07,30.36,21.63,21.74,21.61,21.49,49.36,49.36,1,1,51.48,51.48,101,101,56,56.86,37.85,42.83,71.41,71.93,23.43,21.37,968.46,938.36,43.13,44.47,62.33,55.67,8.62,8.85,104.67,102.7,19.57,19.57,91.75,91.75,621.93,673.62,-8,-8,66,66,70.66,69.52,96.85,93.84,327.82,359.81,1.63,1.52,240.36,240.36,13.22,12.64,26.89,26.89,439.65,439.65,3.84,3.32,31.57,33.63,58.32,56.93,-73.14,-73.14,100.75,100.75,105.16,105.16,60980.86,58777.78,22956.31,26123.46,139236,117732,1065.31,1032.2,11.48,10.34,581.08,563.02,4800000000,5900000000,55736.51,53546.56,13.12,13.12,22.17,19.58
Ionysia,68.78,69.44,90.67,90.62,30.67,30.67,1.52,1.52,20.66,20.66,39.43,39.43,9335.1,9335.22,37.83,36.83,141.75,144,-13.93,-13.93,-9.96,-9.96,-13.04,-13.04,-9.61,-9.61,-11.17,-11.17,-11.03,-11.03,-14.35,-14.35,-21.11,-21.11,-11.87,-11.87,-6.63,-6.63,-15.62,-15.62,-12,-12,-12.41,-12.41,-18.19,-18.19,3495.06,3495.11,-12.3,-12.3,0,0,17.94,17.94,3446.81,3446.85,15510.63,15510.82,3734.04,3734.09,2872.34,2872.37,74.94,74.94,65.73,65.84,8.98,8.98,27.3,27.26,52.82,52.95,1.31,1.31,52.64,52.64,8.38,8.38,50,50,300,300,70.03,70.02,101.04,101.1,91.26,91.26,14.76,15.14,1867.02,1867.04,91.67,90.78,40,39.86,77.45,77.45,-15.12,-15.14,8.82,8.82,92.57,92.57,764.11,756.32,0,0,76,76,51.57,51.57,-7.75,-7.75,1226.35,1226.05,0.25,0.25,69.3,69.7,8.88,8.88,17.42,17.42,1961.78,1961.78,0.86,0.86,40.24,39.86,75.22,75.22,-107.14,-107.14,54.59,54.59,94.38,94.38,49739.72,49740.34,39841.27,39877.12,60612,60565,9191.48,9191.6,2.3,2.3,287.23,287.24,1.5547E+12,1.5855E+12,11191.44,11191.58,3.08,3.02,75.81,75.81
Siovanna,52.33,54.33,26.75,26.5,41.33,41.33,1.71,1.71,32.68,32.65,40.78,40.78,329.92,330,53.75,52.25,105.75,108,791.81,792,312.76,312.84,2375.42,2376.01,-4.69,-4.69,2375.42,2376.01,-4.94,-4.94,3272.8,3273.61,-2.74,-2.74,791.81,792,2375.42,2376.01,791.81,792,-3.16,-3.16,2111.49,2112.01,-8.94,-8.94,2797.72,2798.41,1628.47,1632.83,6440.03,6441.63,10.95,10.95,395.9,396,725.82,726,1253.69,1254.01,725.82,726,13.18,13.18,58.46,58.64,10.55,10.55,32.09,31.95,22.96,23.27,20.03,19.64,46.97,46.97,1,1,50,50,98,98,59.98,59.97,80.54,80.55,69.55,69.58,14.24,13.82,1319.68,1320.01,69.41,68.22,24.75,24.5,26.19,26.2,69.13,69.09,7.12,7.12,92.73,92.73,989.61,976.7,0,0,64,64,55.32,55.32,659.84,660,595.54,598.32,0.28,0.29,80.62,81.49,9.9,9.9,18.61,18.61,511.94,511.94,2.08,2.07,40.76,41.18,48.18,48.19,70,70,-20,-20,101.04,101.04,33212.33,33224.52,24991.87,25042.36,42749,42704,659.84,660,4.11,4.13,131.97,132,7.78E+11,7.995E+11,24510.7,24519.7,10.2,10.17,7.67,7.67
TesGay,77.17,78.17,27.17,27,74,74,1.26,1.26,27.98,28.07,45.83,45.83,1577.39,1549.48,25.25,23.75,168.75,173.25,771.17,757.52,-8.39,-8.39,1458.21,1432.41,-5.66,-5.66,-4.67,-4.67,-7.69,-7.69,1752.66,1721.64,-11.87,-11.87,1402.13,1377.31,-7.62,-7.62,-11.75,-11.75,49.07,48.21,1472.23,1446.18,-12.57,-12.57,2916.43,2864.81,-4.83,-4.83,3982.04,3911.57,13.27,13.27,2015.56,1979.89,2190.83,2152.05,613.43,602.57,876.33,860.82,1190.86,1190.86,79.28,79.42,18.02,18.02,34.89,34.78,37.15,37.39,2.04,2.02,51.62,51.62,3.3,3.3,53.38,53.38,156,156,66.19,66.16,100.39,100.48,76.4,76.23,24.99,25.54,1139.23,1119.07,75.3,74.03,-78.83,-79,62.73,62.74,34,33.97,0.74,0.74,94,94,487.69,478.04,0,0,71,71,77.12,77.04,613.43,602.57,1072.88,1072.09,0.32,0.33,249.59,258.92,9.78,9.78,12.64,12.64,955,955,1.29,1.29,30.01,29.46,51.94,51.66,45.06,45.06,7.07,7.07,91.29,91.29,25245.32,24798.51,22335.62,21960.87,28172,27650,2190.83,2152.05,2.54,2.55,262.9,258.25,4.523E+11,4.829E+11,9416.5,9249.85,4.09,3.91,12.92,12.68
Of crazed,30.8,31.6,90.48,90.43,21.5,21.5,1.55,1.54,24.08,24.08,21.44,21.44,1142.95,1142.95,69.9,69.3,69.75,69.75,5059.44,5059.45,3145.38,3145.39,2377.33,2377.33,3242.92,3242.92,1484.91,1484.92,-6.75,-6.75,13288.64,13288.68,3657.42,3657.43,350.5,350.5,4449.87,4449.88,7497.72,7497.74,5784.83,5784.84,2621.15,2621.16,-8.6,-8.6,4449.87,4449.88,1645.84,1645.85,20725.4,20725.46,19.16,19.16,-15.49,-15.49,4266.99,4267.01,6171.9,6171.92,2743.07,2743.08,2.84,2.84,64.64,64.75,0.75,0.75,30.31,30.26,25.44,25.56,16.55,16.36,51.62,51.62,5.66,5.66,42.18,42.18,126,126,74.25,74.26,115.76,115.78,86.72,86.74,19.56,19.41,5943.31,5943.33,5.55,5.55,41.43,41.29,46.22,46.23,21.04,21.01,14.01,14.01,92.14,92.14,1569.12,1548.44,-9,-9,55,55,68,68,990.55,990.56,1025.71,1026.04,10.75,10.75,6.44,6.44,9.63,9.63,94.96,94.96,745.28,745.28,1.47,1.47,35.44,35.59,69.76,69.77,-71.75,-71.75,99.38,99.38,101.45,101.45,93695.89,93696.14,74384.02,74450.81,115074,114984,1371.53,1371.54,2.13,2.13,1295.34,1295.34,2.229E+12,2.2469E+12,50408.39,50408.53,22.8,22.8,10.44,10.44
Terquoise,49.67,51.67,38.67,38.44,78.67,78.67,1.69,1.69,30.91,30.89,37.37,37.37,1487.09,1487.42,55.75,54.25,101.25,103.5,1412.73,1413.04,3033.66,3034.33,4015.14,4016.02,2676.76,2677.35,-3.63,-3.63,-7.54,-7.54,2304.99,2305.49,371.77,371.85,297.42,297.48,-7.87,-7.87,-12.73,-12.73,3271.6,3272.31,-3.46,-3.46,-9.8,-9.8,-8.89,-8.89,1363.9,1371.63,7732.86,7734.56,11.14,11.14,278.83,278.89,1208.26,1208.52,1301.2,1301.49,1208.26,1208.52,8.01,8.01,59.01,59.13,6.84,6.84,55.67,55.54,28.05,28.33,11,9.72,51,51,1,1,50,50,129,129,60.07,60.05,91.67,91.67,71.65,71.67,16.8,16.35,1301.2,1301.49,78.51,77.23,34,33.83,34.41,34.41,63.54,63.52,0.73,0.73,94.07,94.07,568.37,557.95,0,0,64,64,56.61,56.61,1115.32,1115.56,793.84,797.12,0.27,0.28,55.14,55.86,9.96,9.95,32.07,32.07,794.79,794.79,1.74,1.74,38.2,38.65,50.88,50.89,33.17,33.17,65.57,65.57,99.76,99.76,34525.99,34540.99,26109.2,26149.19,44249,44226,1115.32,1115.56,3.99,4,0,0,1.5193E+12,1.5515E+12,22649.05,22658.89,6.98,6.94,12.31,12.31
The Islamic Country of Honour EIA,60.53,62.13,19.5,18.75,74,74,1.38,1.35,30.31,30.39,45.83,45.83,337.92,329.41,47.6,46.4,119.25,121.5,270.33,263.53,527.15,513.88,3210.2,3129.38,162.2,158.12,2331.62,2272.92,3779.76,3684.6,743.42,724.7,126.72,123.53,642.04,625.88,777.21,757.64,1790.95,1745.87,2770.91,2701.15,2466.79,2404.68,946.16,922.34,1317.87,1284.69,1278.18,1245.17,4223.95,4117.61,15.23,15.23,1520.62,1482.34,844.79,823.52,675.83,658.82,633.59,617.64,955,955,72.42,73.83,17.01,17.01,35.39,34.79,29.88,30.1,4.8,4.33,51.62,51.62,1,1,51.96,51.96,103,103,68.94,68.98,103.37,103.49,72.47,72.35,19.59,20.24,844.79,823.52,96.19,95.27,-84.5,-85.25,36.68,36.75,42.63,42.41,0.77,0.77,93.87,93.87,712.79,708.84,-8,-8,71,71,76.56,76.47,549.11,535.29,1042.75,1042.23,0.29,0.29,78.48,78.91,9.64,9.63,13.7,13.7,560.87,560.87,1.41,1.41,35.41,34.76,47.98,47.72,89.83,89.83,37.82,37.82,103.74,103.74,37212.33,36274.67,31380.55,30905.66,43333,41859,971.51,947.05,2.36,2.36,422.39,411.76,6.492E+11,7.05E+11,23555.41,22925.59,13.4,13.38,12.09,11.86
Gem,80.67,81,20.33,20.17,82,82,1.35,1.35,30.66,30.64,46.76,46.76,867.94,868.28,20,19.5,180,182.25,1990.48,1991.26,-1.79,-1.79,-4.47,-4.47,1064.68,1065.09,3518.06,3519.43,-9.03,-9.03,-10,-10,2488.1,2489.07,1064.68,1065.09,-6.63,-6.63,-12.41,-12.41,2383.95,2384.88,-9.17,-9.17,-11.14,-11.14,2360.8,2361.72,-8.27,-8.27,1990.48,1991.26,13.3,13.3,1851.61,1852.33,1041.53,1041.94,520.77,520.97,520.77,520.97,34.9,34.9,74.17,74.31,16.66,16.66,42.01,41.87,38.03,38.11,1.96,1.96,48.6,48.6,1,1,50.5,50.5,129,129,63.91,63.89,102.4,102.44,71.98,72,31.08,31.31,752.22,752.51,88.81,88.35,-79.67,-79.83,41.31,41.32,45.33,45.3,0.71,0.71,94.13,94.13,375.58,373.46,0,0,66,66,76.45,76.45,636.49,636.74,1001.89,999.82,0.36,0.36,281.92,286.85,9.94,9.94,17.77,17.77,788.26,788.26,1.54,1.54,23.92,23.69,48.19,48.19,-65.95,-65.95,57.88,57.88,108.45,108.45,29574.85,29586.38,25258.79,25293.17,34054,34038,1215.12,1215.59,2.78,2.78,925.81,926.17,5.327E+11,5.51E+11,17360.44,17367.21,7.14,7.1,10.79,10.79
CreepieMezzo,40.33,42.33,56,47.11,69.33,69.33,3.48,2.81,31.41,31.37,43,43,498.23,463.41,62.75,61.25,85.5,87.75,-9.8,-9.8,1583.56,1472.9,1594.33,1482.91,334.81,311.41,1753.76,1631.2,-1.55,-1.55,2869.79,2669.24,2192.2,2039,-6.78,-6.78,-8.12,-8.12,3746.66,3484.84,3268.37,3039.96,-2.45,-2.45,2550.92,2372.66,2670.49,2483.87,3175.37,2682.84,4464.11,4152.15,12.29,12.29,1096.1,1019.5,996.45,926.82,1693.97,1575.59,298.94,278.05,941.61,941.61,28.72,35.53,15.09,15.09,55.48,51.48,23.88,24.18,18.84,18.42,50,50,1,1,51.96,51.96,103,103,61.01,61.61,90.59,94.9,71,71.06,9.5,11.22,2391.49,2224.36,72.19,71.96,49,42.33,35.84,36.61,60.66,58.81,1.06,1.06,93.67,93.67,616.47,659.45,0,0,67,67,66.05,64.1,996.45,926.82,658.46,668.07,0.25,0.25,65.13,65.92,11.63,11.04,13.77,13.77,531.22,531.22,1.94,1.93,45.5,43.78,53.29,51.98,32.09,32.09,31.14,31.14,101.45,101.45,44134.79,40779.89,22616.33,23467.04,78736,66058,1494.68,1390.23,3.41,3.21,-8.94,-8.94,900000000,2500000000,28334.53,25854.45,9.08,9.05,15.72,14.05
Vesetros,21.5,23,80.67,76.22,66.67,66.67,14.87,9.76,34.02,33.16,40.78,40.78,92.33,90.25,78.5,77,49.5,51.75,-4.69,-4.69,1673.43,1635.66,2880.77,2815.75,1698.92,1660.57,177.28,173.28,5906.69,5773.36,3397.84,3321.14,-1.58,-1.58,5392.22,5270.5,1403.45,1371.77,5466.08,5342.7,4727.42,4620.71,4358.09,4259.72,6574.07,6425.68,5318.35,5198.3,6513.64,6103.08,6278.61,6136.88,8.66,8.66,184.66,180.5,646.33,631.74,1292.65,1263.48,646.33,631.74,12.9,12.9,6.73,10.25,10.55,10.55,70.56,67.01,23.62,23.93,19.17,18.76,52.16,52.16,1,1,50,50,98,98,55.43,56.23,52.4,58.54,68.26,69.07,22.43,19.71,1292.65,1263.48,65.05,65.75,78,71.33,7.49,7.71,112.67,110.81,1.51,1.51,93.52,93.52,543.14,583.53,-4,-4,64,64,73.66,72.92,553.99,541.49,327.27,361.49,0.32,0.31,27.38,27.89,13.65,13.08,18.72,18.72,475.29,475.29,3.85,3.3,32.57,35.29,59.53,58.47,30,30,54.77,54.77,102.62,102.62,68857.28,67039.42,15415.81,19233.53,229182,187654,923.32,902.48,12.16,11.19,-4.47,-4.47,400000000,900000000,63692.98,61877.38,13.32,13.3,26.09,23.58
Davelands Secret LWU Piler Puppet,64,65.33,38.22,38,41.33,41.33,1.67,1.66,30.09,30.1,42,42,992.97,993.04,45,43,123.75,128.25,-7.87,-7.87,3241.04,3241.28,1509.31,1509.42,2224.24,2224.41,2780.3,2780.51,-7.54,-7.54,-5.66,-5.66,893.67,893.74,-6.93,-6.93,1509.31,1509.42,-9.59,-9.59,2700.87,2701.07,3892.42,3892.72,-13.86,-13.86,413.07,413.1,1414.86,1434.83,1509.31,1509.42,10.25,10.25,794.37,794.43,1390.15,1390.26,1191.56,1191.65,893.67,893.74,119.98,119.98,59.98,60.1,12,12,35.11,35.03,23.41,23.82,19.45,18.91,50,50,2.52,2.52,50,50,124,124,60.16,60.12,76.54,76.41,72.79,72.78,11.64,12.36,1191.56,1191.65,81.35,79.55,33.67,33.5,32.89,32.88,66.27,66.25,6.73,6.73,92.77,92.77,815.01,797.86,0,0,64,64,57.61,57.6,794.37,794.43,719.35,711.86,0.3,0.3,144.41,151.52,9.99,9.99,17.16,17.16,728.25,728.25,1.84,1.85,43.36,42.64,51.42,51.42,-41.23,-41.23,60,60,99.76,99.76,32117.34,32139.64,24500.79,24544.45,40849,40838,1191.56,1191.65,3.9,3.94,0,0,1.513E+12,1.5507E+12,21550.74,21565.7,6.87,6.78,11.22,11.22
Grand Beringia,71.93,72.33,96.6,96.59,68.57,68.57,1.55,1.55,20.81,20.8,29.05,29.05,14008.54,14010.63,33.1,32.5,1216.75,1217,-20.35,-20.35,-12.77,-12.77,-14,-14,-8.63,-8.63,-14.24,-14.24,-12.71,-12.71,-12,-12,-22.32,-22.32,-13.19,-13.19,-12,-12,-18.81,-18.81,-12.69,-12.69,-14.28,-14.28,-22.2,-22.2,-3.43,-3.43,-16.77,-16.76,0,0,20.9,20.9,1321.56,1321.76,15990.88,15993.26,2907.43,2907.87,5682.71,5683.56,74.94,74.94,64.31,64.42,1.06,1.06,42.82,42.75,58.37,58.45,1.19,1.19,53.9,53.9,7.21,7.21,44.79,44.79,393,393,66.98,66.97,108.53,108.56,91.18,91.18,13.02,13.27,4096.84,4097.45,45.17,45.14,41.86,41.71,59.88,59.89,-13.81,-13.84,0.8,0.8,93.82,93.82,454.12,450.92,1,1,83,83,53.09,53.08,660.78,660.88,1283.5,1283.3,0.32,0.32,339.5,340.4,9.12,9.12,17.42,17.42,2606.18,2606.18,0.77,0.77,41.98,41.73,83.07,83.07,-119.71,-119.71,67.31,67.31,88,88,57752.19,57760.8,45725.61,45773.48,71097,71052,10176.02,10177.53,2.48,2.48,1189.4,1189.58,5.5383E+12,5.999E+12,23158.63,23162.08,0.56,0.56,111.8,111.8
Chikachan,75.56,76.89,66,59.11,79.33,79.33,4.93,3.84,30.94,30.7,43.68,43.68,192.26,183.4,27.67,25.67,164.25,168.75,4075.88,3887.99,1199.69,1144.39,4075.88,3887.99,1922.58,1833.96,5921.56,5648.58,-1.26,-1.26,3537.55,3374.48,2210.97,2109.05,4998.72,4768.28,2153.29,2054.03,230.71,220.07,1268.91,1210.41,4844.91,4621.57,3306.84,3154.4,2653.17,2530.86,-3.35,-3.35,11689.31,11150.45,8.12,8.12,1249.68,1192.07,1345.81,1283.77,384.52,366.79,96.13,91.7,8.39,8.39,20.29,26.07,14.16,14.16,68.08,63.66,34.41,34.74,2.38,2.33,52.64,52.64,2.52,2.52,50.5,50.5,112,112,55.01,55.8,50.97,57.05,71.6,71.93,20,18.45,769.03,733.58,51.51,51.73,58,51.33,9.09,9.28,101.63,99.92,0.7,0.7,94.17,94.17,227.94,251.74,0,0,64,64,70.13,69.11,384.52,366.79,399.73,429.61,0.73,0.71,255.4,266.42,13.73,13.15,29.79,29.79,588.11,588.11,2.92,2.71,35,36.55,55.67,54.45,46.37,46.37,56.12,56.12,98.83,98.83,54082.29,51589.17,22870.62,25067.38,112714,96137,1057.42,1008.68,12.63,11.72,-4.47,-4.47,8.96E+11,1.0233E+12,49160.8,46791.38,1.81,1.75,14.86,13.28
GMS Greater Miami Shores 1,36.33,38.33,66.22,66,64,64,2.22,2.2,29.19,29.21,38.06,38.06,802.04,796.07,65.75,64.25,78.75,81,-7.07,-7.07,2406.13,2388.22,2245.72,2229.01,5534.09,5492.91,1363.47,1353.33,-7.75,-7.75,1042.66,1034.9,5012.77,4975.46,2807.15,2786.26,6015.32,5970.56,-7.07,-7.07,-5.1,-5.1,3208.17,3184.3,802.04,796.07,1804.6,1791.17,3914.23,3889.08,3288.37,3263.9,10.44,10.44,-6.32,-6.32,1203.06,1194.11,1303.32,1293.62,1102.81,1094.6,923.69,923.69,45.14,45.35,10.55,10.55,51.88,51.69,23.92,24.23,18.77,18.35,50,50,2.52,2.52,51.96,51.96,125,125,62.63,62.63,94.5,94.65,74.2,74.18,8.05,7.66,1303.32,1293.62,74.64,73.42,48.33,48,21.16,21.18,77.99,77.93,1.97,1.97,93.42,93.42,715.58,705.34,-8,-8,67,67,68.18,68,601.53,597.06,952.7,956.21,0.28,0.28,46.59,47.26,11.98,11.95,13.85,13.85,709.33,709.33,1.58,1.58,46.95,47.34,56.84,56.62,-69.28,-69.28,87.18,87.18,103.37,103.37,52698.47,52310.28,34520.56,34353.02,76476,75748,1002.55,995.09,2.97,2.97,-5.48,-5.48,2.864E+11,2.945E+11,41526.39,41220.5,14,13.98,22.61,22.22
Rise of the Destroyed,57.33,61.33,57.33,48.44,57.33,57.33,3.61,2.91,32.75,32.6,42,42,351.75,327.11,50,47,112.5,119.25,1875.97,1744.61,5285.56,4915.43,2813.96,2616.91,1406.98,1308.46,-5.48,-5.48,0,0,-4.47,-4.47,-2.74,-2.74,-3.16,-3.16,-7.75,-7.75,3282.96,3053.06,468.99,436.15,1406.98,1308.46,-3.16,-3.16,-3.16,-3.16,4502.34,4187.06,4689.94,4361.52,9.33,9.33,1055.24,981.34,1055.24,981.34,1406.98,1308.46,351.75,327.11,119.98,119.98,27.72,34.4,12,12,49.93,46.46,22.19,22.82,20.97,20.21,50,50,1,1,50,50,100,100,56.72,57.4,57.19,62.55,69.48,69.63,0.56,3.78,1406.98,1308.46,76.91,76.29,50,43.33,24.51,25.08,79.67,77.96,3.24,3.24,93.2,93.2,610.35,640.56,0,0,64,64,67.79,66.4,937.99,872.3,562.85,561.11,0.32,0.33,126.07,137.81,10.26,9.96,17.16,17.16,516.47,516.47,2.16,2.16,54.44,51.22,52.7,51.42,33.17,33.17,43.59,43.59,100.2,100.2,38354.31,35668.49,19272.56,20170.74,69537,58630,937.99,872.3,10.54,9.56,117.25,109.04,8.057E+11,1.4749E+12,28957.5,26715.7,7.09,6.95,14.14,12.63
Southern Low Countries,69.6,70,74.48,74.38,76.67,76.67,1.31,1.31,21,21,41.43,41.43,10146.56,10146.57,36.6,36,150,150,-15.36,-15.36,-12.52,-12.52,-15.43,-15.43,-10.28,-10.28,-14.87,-14.87,-13.21,-13.21,-16.25,-16.25,-20.05,-20.05,-17.41,-17.41,-14.7,-14.7,-18.87,-18.87,-15.46,-15.46,-13.27,-13.27,-23.87,-23.87,2221.03,2221.04,-23.51,-23.51,0,0,24.64,24.64,4155.26,4155.26,14011.92,14011.94,4251.89,4251.9,2995.65,2995.66,239.44,239.44,76.32,76.44,12,12,32.36,32.29,69.43,69.5,1.03,1.03,43.65,43.65,6.85,6.85,50.5,50.5,342,342,75.86,75.87,115.41,115.44,91.06,91.06,20.93,21.18,4251.89,4251.9,104.53,104.54,26.71,26.57,90,90,-121.4,-121.42,0.76,0.76,93.95,93.95,500.89,497.53,0,0,88,88,44.82,44.82,1159.61,1159.61,1303.85,1303.72,0.2,0.2,128.89,128.89,8.92,8.92,16.68,16.68,2417.57,2417.57,0.74,0.74,34.07,33.82,72.13,72.13,-133.49,-133.49,76.94,76.94,101.85,101.85,60877.84,60877.9,52786.75,52830.07,69163,69113,10436.47,10436.48,2.08,2.08,1642.78,1642.78,8.639E+11,8.678E+11,6087.78,6087.79,0.79,0.79,109.7,109.7
Vidhelia,54.33,56.33,53,46.33,74,74,3.23,2.75,31.11,30.91,42,42,229.3,216.36,52.25,50.75,108,112.5,3240.82,3057.87,2054.56,1938.57,2017.87,1903.95,684.85,646.19,3913.45,3692.52,7631.22,7200.41,1712.13,1615.48,-4.24,-4.24,856.07,807.74,3546.56,3346.34,-11.14,-11.14,1528.69,1442.39,2017.87,1903.95,1406.39,1327,4952.96,4673.34,4822.34,4394.32,6970.83,6577.3,9.33,9.33,1070.08,1009.67,687.91,649.08,687.91,649.08,229.3,216.36,457.39,457.39,30.93,36.43,13.62,13.62,59.55,56.16,30.86,31.12,3.34,3.22,50,50,1,1,50.99,50.99,118,118,59.27,59.75,78.41,82.8,71.38,71.64,9.07,10.23,917.21,865.43,62.99,63.21,46.75,41.75,9.57,9.74,98.22,96.78,0.77,0.77,93.87,93.87,498.05,524.12,-4,-4,64,64,67.95,66.84,382.17,360.6,745.76,755.59,0.38,0.38,91.2,93.07,9.9,9.85,15.99,15.99,654.21,654.21,1.8,1.79,45.93,44.77,53.24,52.21,38.47,38.47,42.66,42.66,102.62,102.62,54642.35,51401.79,29156.18,29984.38,94277,82317,764.35,721.19,5.93,4.54,76.43,72.12,56500000000,64600000000,49396.69,46415.82,13.57,13.52,16.59,15.12
Wrestlemaniac,82,82.67,75.33,73.11,97,97,3.96,3.72,34.39,33.84,42,42,896.31,884.48,18,17.33,184.5,186.75,5019.33,4953.09,-6.45,-6.45,1434.09,1415.17,1946.27,1920.59,1290.69,1273.65,-10.04,-10.04,-6.48,-6.48,6274.16,6191.36,-4.69,-4.69,-5.66,-5.66,-10.58,-10.58,4507.16,4447.67,-1.41,-1.41,3482.8,3436.84,1946.27,1920.59,9772.33,9643.36,6453.43,6368.26,6,6,512.18,505.42,512.18,505.42,128.04,126.35,128.04,126.35,95.92,95.92,25.27,26.89,12,12,92.16,89.58,36.58,36.69,2.1,2.09,50,50,1,1,50,50,130,130,52.6,52.86,43.68,45.93,67.94,68.42,34.13,33.24,896.31,884.48,45.4,45.34,72,68.67,8.57,8.63,102.85,102.3,1.16,1.16,93.63,93.63,65.13,72.41,0,0,64,64,71.91,71.5,384.13,379.06,426.81,438.46,1.37,1.37,267.18,271.98,13.42,13.13,17.29,17.29,759.03,759.03,2.72,2.65,20.87,21.76,56.39,55.89,-25.5,-25.5,45.28,45.28,97.83,97.83,46142,45533.06,22037.97,22502.24,87201,83686,384.13,379.06,14.84,14.64,-6.32,-6.32,91400000000,1.003E+11,42173.79,41617.21,4.24,4.09,21.93,20.8
Zoraxy Ghost,50.67,54.67,38.89,38.22,44,44,1.79,1.77,31.57,31.62,42,42,1472.88,1455.98,55,52,101.25,108,-3.46,-3.46,-7.04,-7.04,-6.48,-6.48,-1.41,-1.41,3986.6,3940.84,-9.21,-9.21,-9.06,-9.06,-7.35,-7.35,-7.87,-7.87,4320.45,4270.86,-1.41,-1.41,-8.49,-8.49,4811.41,4756.19,-1.41,-1.41,-8.49,-8.49,-7.82,-7.79,0,0,9.7,9.7,981.92,970.65,981.92,970.65,1472.88,1455.98,736.44,727.99,119.98,119.98,56.01,56.37,12,12,37.12,36.89,18.32,19.02,25,24.33,50,50,1,1,50,50,130,130,59.71,59.66,74.85,74.81,70.8,70.74,10.14,9.31,1472.88,1455.98,86.28,83.56,36.17,35.67,40.13,40.16,65.92,65.84,5.98,5.98,92.85,92.85,867.55,843.46,0,0,64,64,58.24,57.52,981.92,970.65,765.07,770.44,0.27,0.28,109.08,120.02,10.91,10.86,17.16,17.16,761.89,761.89,1.78,1.77,44.86,45.69,50.25,50.01,-48.99,-48.99,17.32,17.32,99.76,99.76,26737.71,26430.82,19665.29,19505.33,35108,34603,981.92,970.65,4.62,4.72,0,0,8.241E+11,8.633E+11,16015.89,15805.63,7.3,7.17,9.49,9.34
Invasadin,37,39,47,45.67,70.67,70.67,2.34,2.28,28.56,28.55,44.28,44.28,141.85,140.38,65.25,63.75,78.75,83.25,3971.71,3930.59,0,0,1134.77,1123.03,3290.85,3256.78,-4.27,-4.27,7248.37,7173.33,3517.8,3481.38,-6.12,-6.12,141.85,140.38,-4.47,-4.47,851.08,842.27,4255.4,4211.35,3120.63,3088.32,851.08,842.27,4595.84,4548.26,0,0,8624.28,8535,11.09,11.09,1560.31,1544.16,1276.62,1263.4,1063.85,1052.84,567.39,561.51,12.84,12.84,42.68,43.93,14.16,14.16,49.4,48.74,31.19,31.45,3.19,3.09,50,50,2.52,2.52,50,50,112,112,64.54,64.58,100.9,101.18,75.3,75.32,15.24,15.07,1205.7,1193.22,73.83,72.72,36.25,35.25,16.4,16.48,83.53,83.26,0.98,0.98,93.7,93.7,729.6,725.16,-8,-8,64,64,64.42,64.03,354.62,350.95,1007.5,1008.67,0.28,0.28,33.57,34.7,9.41,9.4,18.75,18.75,622.07,622.07,1.53,1.53,39.76,39.93,54.56,54.35,-71.76,-71.76,84.56,84.56,106.51,106.51,53334.39,52782.24,33897.85,34072.12,79423,77565,1347.54,1333.59,2.7,2.69,141.85,140.38,2.793E+11,2.908E+11,44587.55,44073.17,14.35,14.3,15.92,15.62
The Ashikaga Shogunate II,17.75,19.25,72.22,67.78,1,1,6.36,4.69,32.02,31.55,38.06,38.06,320.3,309.22,82.25,80.75,40.5,45,-9.38,-9.38,-3.1,-3.1,-3.55,-3.55,1793.7,1731.61,1879.12,1814.06,13808.1,13330.07,4441.55,4287.79,64.06,61.84,1964.53,1896.52,1366.63,1319.32,1366.63,1319.32,-3.22,-3.22,-7.62,-7.62,3501.99,3380.76,-4.43,-4.43,-5.4,-6.07,4441.55,4287.79,12.12,12.12,106.77,103.07,1174.45,1133.79,2669.2,2576.79,1281.22,1236.86,1203.71,1203.71,15.72,21.3,13,13,21.29,19.69,1.17,1.2,36.75,36.49,48.6,48.6,1,1,53.38,53.38,98,98,60.06,60.71,67.16,71.72,70.28,70.84,32.15,29.43,2455.67,2370.65,65.01,65.78,63.33,56.67,29.81,30.42,69.07,67.25,30.34,30.34,91.09,91.09,2137.64,2460.34,-8,-8,67,67,70.2,69.01,1067.68,1030.72,436.01,474.31,0.26,0.26,129.94,132.17,10.55,9.99,12.58,12.58,412.05,412.05,2.67,2.47,22.85,25.57,57.18,55.81,-56.83,-56.83,50.99,50.99,105.16,105.16,53653.95,51796.47,19664.22,22505.26,125068,105646,1067.68,1030.72,4,3.54,213.54,206.14,40800000000,60400000000,37665.07,36050.34,15.97,15.92,27.42,24.41
Waitaha,36.53,37.33,47.24,47.05,65.11,65.11,1.51,1.51,33.52,33.49,46.76,46.76,1171.29,1171.52,65.6,65,1208.75,1208.75,3396.74,3397.39,562.22,562.33,468.52,468.61,-5.55,-5.55,2120.04,2120.44,-7.54,-7.54,1557.82,1558.12,2049.76,2050.15,-1.22,-1.22,3982.39,3983.15,-9.59,-9.59,4415.77,4416.61,468.52,468.61,-9.95,-9.95,-6.4,-6.4,262.37,262.42,5423.08,5424.12,6.24,6.24,-7.75,-7.75,0,0,1756.94,1757.27,585.65,585.76,57.06,57.06,66.17,66.28,8.23,8.23,42.35,42.26,16.84,17,26.29,26.17,45.31,45.31,2,2,43.9,43.9,129,129,61.84,61.85,91.04,91.15,68.72,68.75,13.28,13.13,878.47,878.64,63.63,63.64,-67.57,-67.71,19.43,19.44,84.58,84.56,8.52,8.52,92.6,92.6,845.1,840.73,2,2,64,64,77.41,77.41,-3.16,-3.16,816.81,818.52,0.46,0.46,55.94,55.94,10.34,10.33,17.55,17.55,804.58,804.58,1.71,1.71,41.72,41.87,48.5,48.51,44.61,44.61,-39.87,-39.87,100.2,100.2,26633.98,26639.09,21409.41,21432.44,32355,32336,732.06,732.2,3.14,3.14,-3.16,-3.16,1.43088E+13,1.44752E+13,21466.99,21471.1,15.54,15.54,11.37,11.37
Kania,69.11,69.78,64.44,64.33,66.44,66.44,1.63,1.62,26.68,26.67,40.11,40.11,2213.66,2214.62,37.33,36.33,141.75,144,4132.16,4133.95,3187.67,3189.05,-4.47,-4.47,-1.9,-1.9,-5.1,-5.1,-7.38,-7.38,1475.77,1476.41,-3.46,-3.46,393.54,393.71,-4,-4,-7.48,-7.48,4624.09,4626.09,196.77,196.85,-10.3,-10.3,5411.17,5413.51,846.11,846.48,5607.94,5610.37,13.27,13.27,491.92,492.14,3320.49,3321.93,2951.55,2952.82,2090.68,2091.58,654.03,654.03,61.45,61.58,9.76,9.76,43.6,43.51,31.98,32.15,2.91,2.86,50,50,3.93,3.93,50,50,132,132,64.71,64.69,105.41,105.44,79.22,79.24,11.66,12.05,2705.58,2706.76,55.28,54.58,37.67,37.5,54.43,54.44,39.98,39.96,1.19,1.19,93.62,93.62,539.31,532.95,-1,-1,62,62,60.99,60.98,983.85,984.27,995.24,991.22,0.38,0.39,117.14,117.67,9.83,9.83,15.11,15.11,776.84,776.84,1.55,1.55,43.34,42.95,58.44,58.45,-43.82,-43.82,30.33,30.33,102.24,102.24,41911.95,41930.1,32389.66,32438.46,52705,52678,1721.73,1722.48,2.68,2.68,1106.83,1107.31,1.19768E+13,1.29023E+13,19111.85,19120.13,14.05,14.03,12.51,12.51
Kultexia,85,85.67,33.33,33.11,36.89,36.89,1.42,1.42,31.03,31.01,42,42,2257.83,2259.03,15,14.33,191.25,193.5,-2,-2,-1.79,-1.79,-12,-12,-5.66,-5.66,3933.65,3935.73,-7.59,-7.59,301.04,301.2,-10.39,-10.39,-11.14,-11.14,-7.35,-7.35,-9.7,-9.7,-3.74,-3.74,802.79,803.21,-11.75,-11.75,-1.67,-1.67,-9.85,-9.84,301.04,301.2,11.79,11.79,1254.35,1255.02,1254.35,1255.02,2132.4,2133.53,1379.79,1380.52,130.47,130.47,70.42,70.55,12,12,35.75,35.66,28.74,28.87,8.23,7.8,51,51,1,1,50,50,139,139,61.57,61.55,81.56,81.58,71.49,71.51,23.83,24.11,2383.27,2384.53,42.96,42.55,30,29.83,69.59,69.6,46.41,46.38,10.38,10.38,92.43,92.43,613.07,609,0,0,64,64,52.96,52.96,1254.35,1255.02,813.94,810.93,0.46,0.46,280.61,285.53,9.99,9.99,17.11,17.11,870.65,870.65,1.72,1.72,31.17,30.89,50.4,50.4,-81.24,-81.24,-24.49,-24.49,100.62,100.62,22472.98,22484.85,18671.58,18700.09,26516,26506,1756.09,1757.02,3.22,3.22,250.87,251,3.04853E+13,3.09079E+13,6831.79,6835.4,5.86,5.81,9.49,9.49
Vengeance up on those who invades,69.33,69.52,40,39.78,69.11,69.11,1.4,1.4,23.23,23.23,48.45,48.45,4090.02,4090.04,37,36.71,141.75,144,-11.4,-11.4,2337.15,2337.17,-12.73,-12.73,-3.46,-3.46,-3.95,-3.95,-9.8,-9.8,-7.21,-7.21,-10.95,-10.95,-12.92,-12.92,-6.32,-6.32,-10.95,-10.95,-7.07,-7.07,1168.58,1168.58,-13.78,-13.78,-4.95,-4.95,-17.41,-17.41,0,0,17.18,17.18,3603.11,3603.13,7595.75,7595.8,1850.25,1850.26,486.91,486.91,7.87,7.87,71.21,71.35,17.69,17.69,34.88,34.8,45.44,45.48,1.54,1.54,50,50,6.08,6.08,50,50,229,229,71.18,71.17,105.91,105.94,89.91,89.92,14.81,14.96,2434.53,2434.55,87.24,87.22,33,32.83,75.77,75.78,-7.7,-7.73,0.78,0.78,93.86,93.86,541.86,540.95,-4,-4,68,68,50.32,50.32,292.14,292.15,1162.76,1162.6,0.25,0.25,121.01,121.54,9.33,9.33,32.98,32.98,1470.57,1470.57,1,1,40.19,40.04,61,61,-111.13,-111.13,65.19,65.19,105.5,105.5,32233.24,32233.44,26941.22,26968.11,37832,37799,5161.21,5161.25,2.25,2.25,681.67,681.67,4.339E+11,4.397E+11,7800.44,7800.49,14.31,14.29,36.79,36.79
MTF Alpha-1,73.17,74.17,40.22,40,65.78,65.78,1.41,1.4,26.31,26.37,42,42,1639.72,1619.78,31.25,29.75,155.25,159.75,-8.49,-8.49,1089.78,1076.53,-10.1,-10.1,1614.49,1594.87,-9.85,-9.85,-10.81,-10.81,-11.05,-11.05,-7.35,-7.35,-11.09,-11.09,-4.69,-4.69,-9.59,-9.59,-9.59,-9.59,1917.21,1893.9,-7.87,-7.87,2573.1,2541.82,2522.25,2516.51,0,0,11.75,11.75,1387.45,1370.59,4288.49,4236.36,1387.45,1370.59,1261.32,1245.99,119.98,119.98,71.08,71.21,12,12,39.91,39.82,29.56,29.83,5.63,4.93,50,50,4.21,4.21,50,50,138,138,60.65,60.6,88.03,87.91,80.12,79.97,14.88,15.43,1387.45,1370.59,71.72,70.41,33.17,33,60.55,60.51,46.71,46.7,1.3,1.3,93.58,93.58,534.85,524.74,0,0,64,64,55.5,55.17,1009.06,996.79,778.96,772.62,0.34,0.35,197.61,205.91,9.61,9.61,17.16,17.16,793.86,793.86,1.76,1.77,40.12,39.57,53.98,53.71,-85.44,-85.44,46.9,46.9,101.04,101.04,27123.07,26818.27,22647.54,22415.27,31862,31476,1261.32,1245.99,3.58,3.6,378.4,373.8,1.52205E+13,1.53473E+13,10713.61,10593.21,6.04,5.93,12.76,12.52
Nothing but the wind,60,62.67,32.67,32,57.33,57.33,1.6,1.59,32.06,32.12,42,42,776.6,765.26,48,46,117,121.5,-8.72,-8.72,2516.17,2479.45,931.92,918.32,2485.11,2448.84,5047.88,4974.21,-5.14,-5.14,-7.48,-7.48,1650.27,1626.18,-6,-6,-4,-4,-6,-6,-6.78,-6.78,-4,-4,-6,-6,1320.21,1300.95,2605.68,2579.14,931.92,918.32,9.7,9.7,970.75,956.58,970.75,956.58,873.67,860.92,582.45,573.95,119.98,119.98,62.32,62.7,12,12,39.98,39.7,23.83,24.23,18.9,18.35,50,50,1,1,50,50,116,116,58.79,58.76,70.38,70.45,70.24,70.17,7.35,8.18,873.67,860.92,84.81,83.03,31.5,31,32.39,32.41,68.22,68.14,3.24,3.24,93.2,93.2,752.01,738.53,0,0,64,64,56.29,55.89,776.6,765.26,653.48,646.21,0.3,0.31,135.52,142.41,10.38,10.33,17.16,17.16,669.32,669.32,1.95,1.97,47.65,46.82,48.95,48.71,-48.99,-48.99,60,60,100.62,100.62,27903.31,27507.59,21725.71,21486.03,34860,34269,776.6,765.26,7.11,7.17,194.15,191.32,5.2705E+12,5.4097E+12,18862.64,18595.13,6.55,6.45,9.71,9.55
F1nn5ter,47,49,20,18,33.33,33.33,1.52,1.45,32.12,32.24,40.78,40.78,850.97,809.55,57.75,56.25,96.75,99,2479.97,2359.27,-6.81,-6.81,291.76,277.56,-4.47,-4.47,1604.69,1526.59,-4.82,-4.82,1361.55,1295.29,-6,-6,24.31,23.13,48.63,46.26,-8.83,-8.83,1118.42,1063.98,1021.16,971.46,778.03,740.16,1167.04,1110.24,-6.35,-6.35,4133.28,3932.12,13.45,13.45,607.84,578.25,911.75,867.38,1154.89,1098.68,607.84,578.25,507.09,507.09,65.73,68.84,12,12,27.36,26.3,20.16,20.5,23.2,22.85,50,50,1,1,50.99,50.99,124,124,63.15,63.31,89.66,90.49,70.17,70.02,19.17,19.34,1276.46,1214.33,68.13,67.25,20,18,47.34,47.52,41.07,40.53,9.74,9.74,92.49,92.49,1514.37,1536.58,-4,-4,64,64,51.58,51.2,850.97,809.55,958.93,964.85,0.3,0.31,77.73,78.59,9.76,9.74,15.78,15.78,737.92,737.92,1.58,1.57,35.83,35.66,47.15,46.65,26.46,26.46,-10,-10,105.5,105.5,26479.76,25190.98,21210.15,20679.17,32268,30041,850.97,809.55,2.88,2.86,486.27,462.6,3.5253E+12,4.0856E+12,13954.83,13225.27,14.48,14.46,8.25,8.04
Critias-,57.33,57.33,57.33,57.33,57.33,57.33,3.61,3.61,32.8,32.8,42,42,99.29,99.29,50,50,112.5,112.5,1191.47,1191.47,0,0,3574.42,3574.42,556.02,556.02,2621.24,2621.24,1622.39,1622.39,4368.74,4368.74,-3.54,-3.54,5163.05,5163.05,2780.1,2780.1,0,0,1588.63,1588.63,2382.95,2382.95,2382.95,2382.95,5401.35,5401.35,-4.38,-4.38,9134.63,9134.63,9.43,9.43,893.6,893.6,893.6,893.6,1191.47,1191.47,297.87,297.87,119.98,119.98,27.72,27.72,12,12,49.93,49.93,27.34,27.34,12.99,12.99,50,50,1,1,50,50,92,92,57.27,57.27,60.37,60.37,69.43,69.43,0.56,0.56,1191.47,1191.47,67.4,67.4,50,50,17.91,17.91,85.34,85.34,3.24,3.24,93.2,93.2,610.35,610.35,0,0,64,64,68.27,68.27,794.32,794.32,407.62,407.62,0.33,0.33,125.69,125.69,13.64,13.64,17.16,17.16,381.51,381.51,2.86,2.86,54.44,54.44,53.41,53.41,54.77,54.77,38.73,38.73,100.2,100.2,45250.17,45250.17,22737.65,22737.65,82039,82039,1191.47,1191.47,9.75,9.75,99.29,99.29,6.798E+11,6.815E+11,37150.39,37150.39,7.09,7.09,11.46,11.46
The Navy of South Asians 23,62.4,64,31.78,31.56,76.67,76.67,1.43,1.43,30.19,30.17,43.68,43.68,1107.21,1107.61,46.2,45,121.5,123.75,1121.98,1122.38,4180.84,4182.34,2539.21,2540.12,885.77,886.09,-4.38,-4.38,-2.97,-2.97,3070.67,3071.78,1402.47,1402.98,3484.03,3485.29,2007.75,2008.47,-4.69,-4.69,-3.87,-3.87,2598.26,2599.2,-7.21,-7.21,1594.39,1594.96,-1.16,-1.16,6731.86,6734.28,12.49,12.49,1476.29,1476.82,1107.21,1107.61,1107.21,1107.61,1033.4,1033.77,34.9,34.9,69.76,69.89,14.16,14.16,44.8,44.67,29.26,29.47,6.51,5.86,52.16,52.16,1,1,50.5,50.5,133,133,63.27,63.25,102.84,102.87,72.65,72.67,18.21,18.67,1107.21,1107.61,81.53,80.5,24.83,24.67,37.61,37.62,52.53,52.51,0.74,0.74,94,94,589.11,580.88,0,0,68,68,51.85,51.85,811.96,812.25,950.29,945.46,0.28,0.28,191.02,191.69,10.11,10.1,17.77,17.77,797.75,797.75,1.58,1.59,36.79,36.33,49.93,49.94,46.9,46.9,45.83,45.83,92.89,92.89,35227.13,35239.79,29122.26,29161.95,41748,41726,1181.03,1181.45,2.87,2.87,369.07,369.2,5.2335E+12,5.3503E+12,21981.73,21989.63,5.27,5.2,13.44,13.44
Weitarawi IV,83.25,83.25,74.22,74.22,82,82,6.07,6.07,30.2,30.2,44.28,44.28,-6.32,-6.32,16.75,16.75,189,189,5225.01,5225.01,-3.79,-3.79,-4.24,-4.24,7280.75,7280.75,1541.81,1541.81,-2.68,-2.68,5396.32,5396.32,-5.34,-5.34,5824.6,5824.6,-5.29,-5.29,3083.61,3083.61,3554.72,3554.72,513.94,513.94,3940.17,3940.17,-2.37,-2.37,1644.59,1644.59,10621.33,10621.33,7.42,7.42,1927.26,1927.26,1498.98,1498.98,-5.48,-5.48,535.35,535.35,8.94,8.94,16.49,16.49,15.51,15.51,72.52,72.52,36.97,36.97,2.06,2.06,51.62,51.62,2.52,2.52,51.48,51.48,111,111,53.29,53.29,40.19,40.19,72.62,72.62,26.43,26.43,321.21,321.21,35.83,35.83,62.33,62.33,8.51,8.51,104.71,104.71,0.7,0.7,94.17,94.17,142.26,142.26,0,0,64,64,70.85,70.85,107.07,107.07,350.53,350.53,1.58,1.58,302.86,302.86,12.58,12.58,26.89,26.89,550.29,550.29,3.45,3.45,28.57,28.57,59.07,59.07,-100.75,-100.75,96.18,96.18,98.83,98.83,55183.83,55183.83,20774.01,20774.01,126000,126000,1177.77,1177.77,14.29,14.29,-4.47,-4.47,8.476E+11,8.492E+11,50493.2,50493.2,1.82,1.82,15.57,15.57
Bootyswana04,57.33,61.33,38.89,38.67,57.33,57.33,1.7,1.69,31.35,31.45,42,42,1104.96,1091.05,50,47,112.5,119.25,2872.91,2836.73,2563.52,2531.24,1031.3,1018.32,-8.49,-8.49,5230.16,5164.31,-10.04,-10.04,-9.06,-9.06,2209.93,2182.1,-6.48,-6.48,1767.94,1745.68,-11.92,-11.92,2136.26,2109.37,294.66,290.95,1399.62,1382,-4.69,-4.69,1616.07,1624.82,3904.2,3855.05,10.1,10.1,828.72,818.29,828.72,818.29,1104.96,1091.05,828.72,818.29,119.98,119.98,58.88,59.01,12,12,42.71,42.61,21.76,22.4,21.47,20.72,50,50,1,1,50,50,130,130,59.62,59.55,76.91,76.6,71.08,70.96,5.81,6.86,1104.96,1091.05,88.54,85.74,34.17,34,27.48,27.47,70.65,70.63,3.5,3.5,93.16,93.16,746,720.73,0,0,64,64,57.48,56.94,736.64,727.37,874.4,862.05,0.28,0.29,127.71,139.53,10.79,10.77,17.16,17.16,771.09,771.09,1.65,1.67,49.19,48.14,50.35,50.08,67.82,67.82,-56.57,-56.57,100.2,100.2,35391.12,34974.63,26734.09,26448.48,45401,44824,736.64,727.37,4.81,4.95,92.08,90.92,3.3073E+12,3.3456E+12,25658.56,25356.61,7.09,6.95,10.58,10.39
Dad 7,52.33,54.33,31,25.75,45.33,45.33,1.98,1.75,32.97,32.99,40.78,40.78,398.53,360.65,53.75,52.25,105.75,108,-4.24,-4.24,3670.92,3322.06,6376.45,5770.48,2231.76,2019.67,-8.25,-8.25,3871.14,3503.26,1466.58,1327.21,-6.6,-6.6,2933.17,2654.42,-2.83,-2.83,382.59,346.23,-8.83,-8.83,-8.25,-8.25,-10.39,-10.39,107.76,97.52,-8.38,-8.69,7843.03,7097.69,10.39,10.39,478.23,432.79,876.76,793.44,1195.58,1081.96,398.53,360.65,13.18,13.18,50.43,57.02,10.55,10.55,36.14,33.76,22.6,22.92,20.47,20.08,51.62,51.62,1,1,50,50,98,98,59.45,59.92,73.63,77.65,69.26,69.24,11.39,12.39,1115.88,1009.83,90.32,90.58,30.25,25.75,27.69,28.11,70.31,69.06,5.98,5.98,92.85,92.85,903.49,933.44,0,0,68,68,58.36,55.65,797.06,721.31,624.19,634.24,0.28,0.28,81.35,82.23,9.82,9.77,18.61,18.61,563.21,563.21,2.01,1.99,43.61,42.61,49.29,48.17,74.83,74.83,66.33,66.33,91.29,91.29,32250.16,29185.34,22422.69,21671.2,44462,38005,1115.88,1009.83,5.38,4.22,159.41,144.26,6.934E+11,8.403E+11,23316.87,20984.26,6.24,6.19,12.88,11.74
Giang Zemin,70.67,72.67,3,2.33,15,15,1.06,1.05,46.07,45.82,42,42,141.95,142.04,35,32,146.25,153,-10.49,-10.49,-8.49,-8.49,-8.94,-8.94,-6.32,-6.32,-4.47,-4.47,-6.8,-6.8,-8.94,-8.94,709.74,710.21,908.47,909.07,-8.94,-8.94,113.56,113.63,794.91,795.43,-7.75,-7.75,227.12,227.27,227.12,227.27,288.35,294.22,0,0,10.82,10.82,312.29,312.49,312.29,312.49,511.02,511.35,141.95,142.04,130.47,130.47,94.4,95.02,12,12,13.02,12.82,18.33,19.04,24.98,24.32,50,50,1,1,50,50,100,100,62.01,61.97,78.97,79,64.54,64.57,32.91,34.13,397.46,397.72,72.81,70.39,-97,-97.67,40.18,40.2,54.81,54.71,19.57,19.57,91.75,91.75,2084.26,1953.35,0,0,64,64,75.42,75.42,283.9,284.08,538.9,529.04,0.31,0.32,189.57,203.92,9.67,9.66,17.11,17.11,541.02,541.02,2.23,2.26,22.09,20.87,40.82,40.83,-50,-50,-38.73,-38.73,101.04,101.04,8816.64,8828.1,8553.45,8593.85,9060,9044,283.9,284.08,3.1,3.11,85.17,85.23,1.2285E+12,1.2741E+12,5272.35,5279.2,6.72,6.58,7.1,7.1
Josi Sedai and Her Warder I,77.83,78.83,75.33,72,80.67,80.67,8.85,6.79,32.27,31.74,44.28,44.28,-4.47,-4.47,24.25,22.75,171,175.5,791.24,775.64,517.9,507.69,1150.89,1128.2,1438.62,1410.25,8847.49,8673.02,6620.15,6489.61,50.35,49.36,1438.62,1410.25,4387.78,4301.26,2949.16,2891.01,1870.2,1833.32,-3.22,-3.22,6545.7,6416.63,2949.16,2891.01,2805.3,2749.98,5984.64,5866.63,1992.48,1953.19,8.06,8.06,1798.27,1762.81,899.13,881.4,89.91,88.14,359.65,352.56,8.99,8.99,11.3,14.73,15.51,15.51,76.41,73.2,36.23,36.48,2.14,2.11,51.62,51.62,1,1,51.48,51.48,109,109,53.27,54,40.4,44.76,69.99,70.6,25.83,24.66,449.57,440.7,53.31,53.51,70,65,7.14,7.29,113.57,112.24,0.69,0.69,94.23,94.23,149.55,163.98,0,0,64,64,71.9,71.19,269.74,264.42,387.18,409.84,1.16,1.16,303.16,306.57,13.51,13.08,26.67,26.67,553.04,553.04,3.03,2.84,29.17,30.34,58.57,57.66,-35.36,-35.36,53.39,53.39,99.76,99.76,65614.2,64320.35,19912.77,22720.12,176289,154231,1168.88,1145.83,14.3,13.65,0,0,3.272E+11,4.183E+11,60955.59,59624.96,2.44,2.34,18.39,16.78
Bolum Tigarchyss,66.93,66.93,29.78,29.78,6,6,1.53,1.53,29.57,29.57,38.06,38.06,1247.2,1247.2,40.6,40.6,135,135,2779.47,2779.47,-7.59,-7.59,-8.12,-8.12,-6.16,-6.16,4276.1,4276.1,-9.42,-9.42,1760.33,1760.33,-4.9,-4.9,-8.66,-8.66,-9.06,-9.06,-4.69,-4.69,-6.45,-6.45,-7.87,-7.87,-14.21,-14.21,4810.62,4810.62,167.62,167.62,4539.8,4539.8,12,12,-4.47,-4.47,1781.71,1781.71,1781.71,1781.71,623.6,623.6,1065.35,1065.35,65.48,65.48,11.33,11.33,16.01,16.01,23.57,23.57,19.25,19.25,51,51,3.3,3.3,52.44,52.44,144,144,63.82,63.82,84.11,84.11,73.59,73.59,25.22,25.22,1514.45,1514.45,46.22,46.22,29.33,29.33,47.76,47.76,49.62,49.62,23.15,23.15,91.52,91.52,1493.15,1493.15,-4,-4,67,67,55.83,55.83,712.68,712.68,1016.31,1016.31,0.38,0.38,193.37,193.37,9.92,9.92,13.2,13.2,865.97,865.97,1.5,1.5,29.78,29.78,51.16,51.16,-52.92,-52.92,-22.36,-22.36,101.04,101.04,27620.21,27620.21,22077.85,22077.85,33719,33719,1425.37,1425.37,2.79,2.79,-3.16,-3.16,5.457E+11,5.474E+11,14417.75,14417.75,13.32,13.32,12.65,12.65
ERN Alba 7,57.33,61.33,53.07,47.73,57.33,57.33,2.14,2.02,31.62,31.52,42,42,599.74,572.69,50,47,112.5,119.25,2718.8,2596.18,3262.56,3115.42,2318.98,2214.39,4318.1,4123.35,-3.63,-3.63,-4.98,-4.98,4717.92,4505.14,-6.82,-6.82,-5.66,-5.66,-3.46,-3.46,-7.21,-7.21,1119.51,1069.02,1519.33,1450.81,-5.66,-5.66,1919.15,1832.6,2510.89,2397.65,9755.7,9315.71,9.64,9.64,899.6,859.03,899.6,859.03,1199.47,1145.37,599.74,572.69,119.98,119.98,46.77,49.39,12,12,49.74,47.56,24.21,24.81,18.38,17.52,50,50,1,1,50,50,110,110,58.66,58.8,69.19,71.55,70.75,70.87,1.59,3.93,1199.47,1145.37,67.82,65.92,46.8,42.8,21.99,22.21,78.43,77.76,3.5,3.5,93.16,93.16,636.67,645.01,0,0,64,64,66.59,65.55,799.65,763.58,772.03,758.95,0.31,0.32,126.89,138.67,9.92,9.88,17.16,17.16,615.34,615.34,1.77,1.79,53.41,51.07,52.46,51.61,-53.85,-53.85,76.16,76.16,100.2,100.2,41873.54,39985.01,27957.36,27492.18,59781,55660,799.65,763.58,7.37,7.08,99.96,95.45,1.659E+11,3.108E+11,32661.36,31108.34,7.09,6.95,12.97,12.04
ERN Firestorm 2,57.33,61.33,49.56,45.56,57.33,57.33,2.06,1.98,31.66,31.55,42,42,275.68,265.28,50,47,112.5,119.25,1396.79,1344.06,1792.3,1724.64,3234.66,3112.56,4337.39,4173.66,3822.78,3678.48,745.44,717.3,-5.66,-5.66,2555.38,2458.92,-6.48,-6.48,-3.46,-3.46,3969.81,3819.96,1029.21,990.36,2499.51,2405.16,1764.36,1697.76,3602.24,3466.26,-1.83,-1.83,4631.45,4456.62,9.49,9.49,827.04,795.83,827.04,795.83,1102.73,1061.1,551.36,530.55,119.98,119.98,48.49,50.49,12,12,48.31,46.66,25.5,26.09,16.45,15.47,50,50,1,1,50,50,100,100,58.81,58.89,70.5,72.39,70.7,70.82,2.47,4.47,1102.73,1061.1,86.35,84.05,44.17,41.17,18.54,18.71,82.07,81.57,3.5,3.5,93.16,93.16,658.75,658.75,0,0,64,64,66.64,65.88,735.15,707.4,626.99,615.76,0.3,0.3,126.48,138.24,10.26,10,17.16,17.16,505.61,505.61,2.01,2.03,52.53,50.53,52,51.37,-43.59,-43.59,79.37,79.37,100.2,100.2,43875.25,42219.06,29868.64,29371.3,61600,58176,735.15,707.4,7.06,6.88,91.89,88.43,4.41E+11,6.702E+11,35758.33,34324.09,7.09,6.95,11.66,11.04
Regiment of the German President,64.89,66.22,48.44,39.56,57.33,57.33,2.91,2.36,32.68,32.62,42,42,276.16,251.64,43.67,41.67,128.25,132.75,3682.18,3355.19,-8.28,-8.28,4418.62,4026.23,736.44,671.04,736.44,671.04,2737.7,2494.58,-4.47,-4.47,3420.75,3116.97,-3.16,-3.16,2577.53,2348.63,-7.75,-7.75,2945.74,2684.15,-7.07,-7.07,-8.37,-8.37,2209.31,2013.11,4450.9,3800.65,8100.8,7381.42,9.49,9.49,828.49,754.92,828.49,754.92,1104.65,1006.56,552.33,503.28,119.98,119.98,34.4,42.42,12,12,47.86,44.14,24.89,25.28,17.41,16.8,50,50,1,1,50,50,100,100,57.28,58.02,61.12,67.02,69.55,69.61,4.89,7.78,1104.65,1006.56,78.13,78.57,43.33,36.67,18.65,19.4,83.35,81.39,3.5,3.5,93.16,93.16,613.07,651.72,0,0,64,64,66.73,64.73,736.44,671.04,552.32,555.51,0.34,0.34,151.88,159.17,9.93,9.86,17.16,17.16,509.71,509.71,2.19,2.18,50.11,47.22,51.39,49.86,67.82,67.82,37.42,37.42,100.2,100.2,42150.9,38152.77,23836.58,24169.75,69285,56974,736.44,671.04,9.74,8.55,92.05,83.88,3.967E+11,7.363E+11,34268.68,30751.13,6.78,6.69,11.94,10.52
Sugar Sweet Nightmare,57.33,61.33,61.33,52.44,57.33,57.33,4.03,3.21,33.2,32.95,42,42,324.79,303.16,50,47,112.5,119.25,-5.48,-5.48,1764.72,1647.16,1299.18,1212.64,2598.36,2425.27,-4.24,-4.24,3128.86,2920.43,3464.48,3233.69,1797.2,1677.48,-8.37,-8.37,4763.66,4446.33,-3.16,-3.16,3464.48,3233.69,3031.42,2829.48,3031.42,2829.48,-6.32,-6.32,-2.83,-2.83,4763.66,4446.33,9.06,9.06,866.12,808.42,866.12,808.42,1299.18,1212.64,324.79,303.16,119.98,119.98,24.8,31.15,12,12,51.46,48.03,22.43,23.06,20.68,19.91,50,50,1,1,50,50,100,100,56.24,56.94,54.43,59.62,69.02,69.27,1.56,2.78,1299.18,1212.64,62.65,62.09,53,46.33,17.81,18.38,86.54,84.83,3.24,3.24,93.2,93.2,586.18,615.79,0,0,64,64,68.75,67.54,866.12,808.42,546.33,559.07,0.34,0.35,126.2,137.96,9.92,9.86,17.16,17.16,505.54,505.54,2.21,2.17,53.44,52.22,53.22,51.97,-43.59,-43.59,58.31,58.31,99.76,99.76,44410.27,41451.91,20989.93,22203.93,84645,71289,866.12,808.42,11.17,10.24,0,0,1.566E+11,2.221E+11,36505.24,33824.76,7.09,6.95,15.39,13.75
Pigeonism,65.33,66.13,79.78,77.89,68.67,68.67,3.17,3.03,30.26,30.05,40.78,40.78,556.6,549.73,43,41.8,128.25,132.75,-5.83,-5.83,320.6,316.65,3829.4,3782.16,5521.46,5453.34,1353.65,1336.95,-6.13,-6.13,-1.67,-1.67,7569.74,7476.36,1424.89,1407.31,4274.68,4221.94,-11.14,-11.14,2938.84,2902.59,-6.63,-6.63,-9.7,-9.7,5432.4,5365.39,3330.69,3289.6,3829.4,3782.16,6.08,6.08,-9.49,-9.49,1001.88,989.52,222.64,219.89,890.56,879.57,7.84,7.84,31.5,33.03,10.55,10.55,63.08,61.53,29.52,29.74,5.73,5.15,50,50,2.52,2.52,50,50,130,130,56.14,56.25,54,55.65,72.54,72.86,11.75,11.21,1113.2,1099.46,47.19,46.67,64.67,61.83,7.38,7.43,108.16,107.69,1.06,1.06,93.67,93.67,367.12,377.5,-8,-8,64,64,72.17,71.78,111.32,109.95,798.8,808.9,0.65,0.68,95.13,96.08,10.64,10.39,33.18,33.18,747.37,747.37,1.74,1.72,43.25,43.79,59.8,59.24,-46.37,-46.37,80.31,80.31,101.45,101.45,56626.11,55927.56,30519.88,30931.75,96887,93656,111.32,109.95,11.31,11.16,-10.95,-10.95,1.946E+11,2.132E+11,52435.78,51788.92,13.15,13.1,26.06,24.78
3rd Vi Guard,82,82.67,75.33,73.11,97,97,3.96,3.72,34.9,34.3,42,42,615.29,607.19,18,17.33,184.5,186.75,1107.53,1092.95,-5.06,-5.06,1107.53,1092.95,4184,4128.93,-3.63,-3.63,-8.05,-8.05,-1.41,-1.41,2153.53,2125.18,6029.88,5950.51,-9.06,-9.06,-6.48,-6.48,-4.69,-4.69,6645.17,6557.7,3568.7,3521.73,-7.87,-7.87,6817.45,6727.72,2215.06,2185.9,5.74,5.74,615.29,607.19,615.29,607.19,153.82,151.8,153.82,151.8,95.92,95.92,25.27,26.89,12,12,92.16,89.58,35.96,36.07,2.17,2.16,50,50,1,1,50,50,120,120,52.6,52.86,43.68,45.93,67.53,68.01,34.13,33.24,1076.76,1062.59,42.14,42.08,72,68.67,9.77,9.84,98.47,97.91,1.16,1.16,93.63,93.63,65.13,72.41,0,0,64,64,71.85,71.44,461.47,455.4,322.83,332.89,1.39,1.39,266.58,271.38,14.56,14.28,17.29,17.29,685.78,685.78,3.94,3.74,20.87,21.76,56.26,55.75,-51.48,-51.48,59.58,59.58,97.83,97.83,38412.78,37907.18,18346.4,18733.56,72594,69670,461.47,455.4,14.84,14.64,-6.32,-6.32,73700000000,81900000000,34648.33,34192.27,4.24,4.09,20.59,19.52
Slabfan 5,57.33,61.33,57.33,48.44,57.33,57.33,3.61,2.91,32.79,32.61,42,42,295.75,275.16,50,47,112.5,119.25,-3.16,-3.16,-8.21,-8.21,3943.34,3668.85,4337.67,4035.74,1577.33,1467.54,-2,-2,-3.16,-3.16,2575,2395.76,2760.34,2568.2,-5.48,-5.48,2366,2201.31,0,0,4337.67,4035.74,4337.67,4035.74,-6.32,-6.32,4416.54,3950.5,3943.34,3668.85,9.33,9.33,887.25,825.49,887.25,825.49,1183,1100.66,295.75,275.16,119.98,119.98,27.72,34.4,12,12,49.93,46.46,22.95,23.57,20.04,19.24,50,50,1,1,50,50,100,100,56.72,57.4,57.19,62.55,69.44,69.63,0.56,3.78,1183,1100.66,79.28,78.65,50,43.33,17.06,17.71,86.44,84.64,3.24,3.24,93.2,93.2,610.35,640.56,0,0,64,64,68.21,66.9,788.67,733.77,569.75,567.99,0.32,0.33,126.07,137.81,11.54,10.95,17.16,17.16,516.21,516.21,2.14,2.15,54.44,51.22,52.69,51.42,-30,-30,76.81,76.81,100.2,100.2,45584.96,42253.3,22905.88,23894.49,82646,69453,788.67,733.77,10.54,9.56,98.58,91.72,62300000000,92900000000,37789.93,34774.47,7.09,6.95,11.93,10.7
Sla Mielly,24,25.5,49.78,40.89,16,16,3,2.43,30.46,30.6,37.37,37.37,1057.01,951.9,76,74.5,54,58.5,-5.48,-5.48,1014.73,913.83,-10.49,-10.49,5411.9,4873.74,-10,-10,-6,-6,1648.94,1484.97,-2.74,-2.74,2536.83,2284.57,-5.48,-5.48,1691.22,1523.04,-8.37,-8.37,2114.02,1903.81,2114.02,1903.81,1522.1,1370.74,-7.38,-7.88,1648.94,1484.97,12.69,12.69,634.21,571.14,1691.22,1523.04,3171.03,2855.71,1374.12,1237.47,8.06,8.06,33.3,41.2,6.84,6.84,30,27.86,12.94,13.39,29.19,28.89,50,50,1,1,50,50,106,106,60.52,61.16,80.85,85.49,72.25,72.06,22.5,24.22,1796.92,1618.23,81.19,81.49,44.33,37.67,46,46.6,51.5,49.68,18.89,18.89,91.8,91.8,2008.59,2315.16,0,0,64,64,64.53,58.48,1585.52,1427.85,503.66,513.11,0.23,0.23,23.23,24.17,10.94,10.35,31.76,31.76,613.83,613.83,2.35,2.31,32.5,30.78,53.47,51.85,-113.36,-113.36,85.73,85.73,101.04,101.04,38031.28,34249.46,21128.49,21356.22,63449,51839,1585.52,1427.85,3.65,3.35,317.1,285.57,39100000000,96700000000,20536.89,18289.21,8.75,8.68,13.16,11.56
Bytoniaistan,56.67,58.67,27,20.67,73.33,73.33,1.8,1.55,32.86,33.07,38.75,38.75,580.81,514.94,50.5,49,112.5,114.75,3252.53,2883.65,-7.56,-7.56,-8,-8,1961.84,1739.34,-5.1,-5.1,3784.55,3355.33,3252.53,2883.65,1484.29,1315.95,335.58,297.52,154.88,137.32,929.29,823.9,851.85,755.24,1961.84,1739.34,1961.84,1739.34,-5.83,-5.83,61.95,54.93,6505.06,5767.3,12.65,12.65,322.67,286.08,968.02,858.23,1226.15,1087.09,580.81,514.94,1156.47,1156.47,55.42,64.46,8.98,8.98,45.3,40.49,27.47,27.75,12.69,11.96,51,51,1,1,50.5,50.5,101,101,63.1,63.64,102.67,103.92,69.37,69.15,14.76,17.04,1419.76,1258.74,44.58,44.39,27,20.67,35.92,36.47,54.79,53.13,0.77,0.77,93.87,93.87,647.52,688.67,-4,-4,64,64,54.69,53.08,903.48,801.01,669.62,672.73,0.34,0.34,184.82,186.15,9.72,9.65,12.79,12.79,536.43,536.43,1.92,1.92,40.24,37.96,48.12,46.72,-87.75,-87.75,67.08,67.08,103.74,103.74,33023.78,29278.42,24151.72,23209.09,43576,36006,903.48,801.01,2.89,2.81,129.07,114.43,7200000000,18400000000,21168.24,18591.79,14.03,14,10.45,9.43
Awes Hat,60.67,62.67,57.33,48.44,61.33,61.33,3.61,2.91,31.54,31.48,42,42,531.15,494.38,47.5,46,119.25,121.5,708.19,659.17,3610.02,3360.14,1416.39,1318.35,-6.93,-6.93,849.83,791.01,-4.91,-4.91,3895.07,3625.45,4387.27,4083.58,-5.48,-5.48,1770.49,1647.93,4603.27,4284.63,0,0,-4.47,-4.47,3540.97,3295.87,3328.51,3098.11,1210.37,885.99,6019.65,5602.97,12.04,12.04,1062.29,988.76,973.77,906.36,1859.01,1730.33,531.15,494.38,34.9,34.9,27.72,34.4,13,13,51.46,47.86,25.64,25.93,16.23,15.75,51,51,1,1,50.5,50.5,103,103,61.13,61.73,90.2,94.42,70.84,70.92,2.41,5.14,2832.78,2636.69,37.36,37.2,50,43.33,27.04,27.75,69.65,67.79,2.55,2.55,93.31,93.31,566.41,607.64,-8,-8,64,64,67.12,65.55,973.77,906.36,758.29,759.97,0.38,0.38,202.1,203.49,10,9.93,17.77,17.77,512.49,512.49,1.79,1.78,52.59,49.86,53.55,52.24,61.64,61.64,-42.43,-42.43,107.5,107.5,50569.77,46828.71,25410.68,26481.91,91683,76974,1416.39,1318.35,3.36,3.17,-10.49,-10.49,1400000000,3700000000,36915.93,33857.16,14.81,14.78,17.03,15.24
Gashia 2,49.67,51.67,60,51.11,20,20,3.88,3.1,31.96,31.74,37.37,37.37,638.65,595.14,55.75,54.25,101.25,103.5,2189.65,2040.47,5116.49,4767.9,1824.71,1700.39,5401.14,5033.17,2919.54,2720.63,5255.17,4897.13,2335.63,2176.5,5930.31,5526.28,729.88,680.16,2919.54,2720.63,364.94,340.08,-6.32,-6.32,-4.47,-4.47,2189.65,2040.47,1313.79,1224.28,0,0,6349.99,5917.37,10.86,10.86,273.71,255.06,1186.06,1105.26,2098.42,1955.45,638.65,595.14,8.01,8.01,25.75,32.21,6.84,6.84,35.1,32.88,18.8,19.15,24.55,24.21,50,50,1,1,50,50,106,106,57.22,57.93,57.07,62.62,70.34,70.61,13.17,13.56,1277.3,1190.28,65.65,66.35,52,45.33,20.4,20.97,80.36,78.65,16.31,16.31,91.97,91.97,915.91,968.14,0,0,64,64,68.57,67.32,1094.83,1020.24,450.01,468.58,0.3,0.3,53.39,54.11,11.25,10.66,32.07,32.07,591.11,591.11,2.59,2.5,41.83,41.44,54.16,52.92,-75.5,-75.5,90.55,90.55,99.76,99.76,51810.84,48280.98,25003.24,26342.36,97091,81772,1094.83,1020.24,9.83,8.71,0,0,1500000000,2300000000,41241.43,38141.98,7.57,7.53,19.18,17.19
Flexemer,57.33,61.33,57.33,48.44,57.33,57.33,3.61,2.91,32.73,32.59,42,42,358.9,333.84,50,47,112.5,119.25,-7.07,-7.07,1583.94,1473.36,957.06,890.25,1914.13,1780.5,-8.37,-8.37,-7.12,-7.12,3349.72,3115.87,2210.82,2056.48,-6.32,-6.32,0,0,957.06,890.25,1435.59,1335.37,1435.59,1335.37,-5.48,-5.48,1914.13,1780.5,3062.6,2848.8,4306.78,4006.12,9.33,9.33,1076.7,1001.53,1076.7,1001.53,1435.59,1335.37,358.9,333.84,119.98,119.98,27.72,34.4,12,12,49.93,46.46,23.32,23.93,19.57,18.76,50,50,1,1,50,50,100,100,56.72,57.4,57.19,62.55,69.5,69.65,0.56,3.78,1435.59,1335.37,64.77,64.2,50,43.33,25.45,26.02,79.03,77.32,3.24,3.24,93.2,93.2,610.35,640.56,0,0,64,64,67.75,66.35,957.06,890.25,581.14,579.37,0.33,0.34,126.07,137.81,9.99,9.92,17.16,17.16,518.52,518.52,2.11,2.12,54.44,51.22,52.71,51.43,-37.42,-37.42,48.99,48.99,100.2,100.2,37593.45,34968.99,18890.24,19775.17,68157,57480,957.06,890.25,10.54,9.56,119.63,111.28,1400000000,3200000000,28044.71,25877.05,7.09,6.95,13.68,12.23
The monk RW,57.33,61.33,57.33,48.44,57.33,57.33,3.61,2.91,32.78,32.58,42,42,278.61,258.65,50,47,112.5,119.25,1485.9,1379.46,2568.75,2384.74,2600.33,2414.05,-7.07,-7.07,3714.75,3448.64,2877.08,2670.97,-7.07,-7.07,308.32,286.24,2971.8,2758.91,3343.28,3103.78,2228.85,2069.18,1114.43,1034.59,3714.75,3448.64,2971.8,2758.91,4829.18,4483.23,2971.8,2758.91,4086.23,3793.5,9.33,9.33,835.82,775.94,835.82,775.94,1114.43,1034.59,278.61,258.65,119.98,119.98,27.72,34.4,12,12,49.93,46.46,25.05,25.64,17.16,16.23,50,50,1,1,50,50,100,100,56.72,57.4,57.19,62.55,69.45,69.65,0.56,3.78,1114.43,1034.59,80.47,79.84,50,43.33,14.68,15.25,89.36,87.65,3.24,3.24,93.2,93.2,610.35,640.56,0,0,64,64,68.39,67.12,742.95,689.73,443.88,442.34,0.32,0.32,126.07,137.81,12.92,12.33,17.16,17.16,492.64,492.64,2.62,2.63,54.44,51.22,52.69,51.43,74.83,74.83,-45.83,-45.83,100.2,100.2,48380.94,44915.1,24310.82,25399.75,87715,73829,742.95,689.73,10.54,9.56,92.87,86.22,1600000000,2500000000,41268.94,38088,7.09,6.95,12.97,11.6
Rivers Personal F-35,49.67,51.67,60,51.11,20,20,3.88,3.1,32.05,31.88,37.37,37.37,893.43,836.23,55.75,54.25,101.25,103.5,5105.3,4778.45,-2.83,-2.83,510.53,477.84,1225.27,1146.83,-8.37,-8.37,3609.44,3378.36,0,0,-6.12,-6.12,510.53,477.84,-4.47,-4.47,-4.47,-4.47,-4.47,-4.47,510.53,477.84,-2.65,-2.65,6279.51,5877.49,1409.06,1318.85,5615.83,5256.29,10.63,10.63,382.9,358.38,1659.22,1553,2297.38,2150.3,893.43,836.23,8.01,8.01,25.75,32.21,6.84,6.84,35.1,32.88,19.07,19.41,24.29,23.96,51,51,1,1,50,50,99,99,56.11,56.87,47.39,52.43,70.24,70.44,13.16,13.55,1786.85,1672.46,66.37,67.08,52,45.33,35.73,36.3,70.44,68.73,16.94,16.94,91.93,91.93,915.91,968.14,0,0,64,64,67.9,66.54,1531.59,1433.53,392.54,409.86,0.31,0.31,53.81,54.53,10.37,9.97,32.07,32.07,536.56,536.56,2.98,2.84,41.84,41.45,53.97,52.7,-37.42,-37.42,43.59,43.59,99.76,99.76,37156.34,34777.54,17931.17,18974.81,69629,58902,1531.59,1433.53,11.34,10.33,0,0,1800000000,4600000000,23891.53,22153.29,6.98,6.94,14.32,12.8
Czeroveepus,10,13,3,2.75,3,3,1.06,1.06,37.2,37.22,42,42,302.6,302.83,90,87,22.5,29.25,847.28,847.92,-9.8,-9.8,-8.37,-8.37,0,0,169.46,169.58,-2.83,-2.83,-6.32,-6.32,605.2,605.66,-10.49,-10.49,847.28,847.92,-6.32,-6.32,242.08,242.26,-8.37,-8.37,0,0,121.04,121.13,-6.78,-6.78,847.28,847.92,12.29,12.29,393.38,393.68,393.38,393.68,665.72,666.22,302.6,302.83,141.46,141.46,94.4,94.63,12,12,11.32,11.29,1.08,1.14,37.5,36.99,50,50,1,1,50,50,110,110,64.05,63.99,80.74,80.8,65.95,65.94,45.25,44.34,484.16,484.52,109.05,108.18,-97,-97.25,56.97,56.98,39.88,39.84,29.5,29.5,91.14,91.14,10473.76,9879.79,0,0,64,64,75.11,75.11,363.12,363.39,483.09,487.66,0.2,0.2,19.57,24.31,9.6,9.6,17.06,17.06,621.53,621.53,2.43,2.41,9.75,10.66,41.48,41.47,-64.03,-64.03,24.49,24.49,101.85,101.85,8248.89,8255.08,8002.65,8018.93,8477,8474,363.12,363.39,2.76,2.76,151.3,151.41,2.876E+11,2.989E+11,3547.02,3549.68,9.13,9.02,7.13,7.13
Cylarn,73.72,74.06,96.79,96.78,65.14,65.14,1.45,1.44,19.26,19.26,30.85,30.85,8584.87,8584.88,30.42,29.92,217.5,217.75,-20.69,-20.69,-14.64,-14.64,-12.63,-12.63,-14.03,-14.03,-21.63,-21.63,-13.68,-13.68,8768.83,8768.84,-19.52,-19.52,-2.45,-2.45,-21.86,-21.86,-21.86,-21.86,-14.11,-14.11,-11.31,-11.31,-20.98,-20.98,103.63,103.63,-6.63,-6.63,8768.83,8768.84,34.34,34.34,5672.15,5672.15,15713.38,15713.39,10654.44,10654.44,4828.99,4828.99,19.47,19.47,69.13,69.23,0.89,0.89,37.11,37.05,73,73.06,0.99,0.99,31.99,31.99,13.24,13.24,39.73,39.73,425,425,95.59,95.58,123.19,123.21,92.23,92.23,14.32,14.53,19545.91,19545.92,6.18,6.18,35.62,35.5,95.43,95.43,-301.94,-301.96,22.13,22.13,91.59,91.59,517.18,514.38,8,8,119,119,41.08,41.08,2299.52,2299.52,1469.31,1469.17,0.2,0.2,173.36,174.01,7.5,7.5,18.01,18.01,2843.89,2843.89,0.57,0.57,40.68,40.47,87.03,87.03,-135.44,-135.44,86.32,86.32,121.25,121.25,99243.57,99243.61,81653.76,81715.51,118112,118034,12570.7,12570.71,1.72,1.72,1762.96,1762.97,8.186E+11,8.213E+11,4565.2,4565.21,30.2,30.18,145.19,145.19
Blackbird,72.67,73,24.12,24,68.19,68.19,1.27,1.27,15.57,15.59,171.47,171.47,23385.82,22913.33,32,31.5,217,217.25,-75.76,-75.76,-54.92,-54.92,-60.03,-60.03,-41.86,-41.86,-71.46,-71.46,-35.94,-35.94,-77.52,-77.52,-73.64,-73.64,-63.51,-63.51,-62.29,-62.29,-75.76,-75.76,-66.16,-66.16,-60.33,-60.33,-77.71,-77.71,790.44,774.47,-90.74,-90.74,0,0,131.42,131.42,18272.83,17903.64,17050.39,16705.9,11150.78,10925.49,10512.99,10300.58,2739.69,2739.69,78.48,78.58,124.73,124.73,4.51,4.52,282.47,282.5,0.41,0.41,44.48,44.48,38.55,38.55,93.17,93.17,1581,1581,255.8,255.8,231.64,231.64,96.51,96.47,19.54,19.75,6548.03,6415.73,337.78,337.77,-75.88,-76,120.62,120.62,-5989.26,-5989.28,0.54,0.54,95.08,95.08,582.91,579.93,190,190,217,217,87.02,86.96,13234.25,12966.86,2810.78,2810.7,0.06,0.06,164.97,165.59,0.99,0.99,7.06,7.06,10555.16,10555.16,0.23,0.23,35.46,35.25,71.06,70.82,-568.77,-568.77,253,253,344.54,344.54,184390.39,180664.95,162258.95,159093.01,206758,202454,21525.58,21090.68,1.09,1.09,11692.91,11456.67,2.41E+11,2.362E+11,0,0,46.83,46.82,259.53,259.45
Minyos,69.94,70.28,26.71,26.57,73,73,1.31,1.31,18.31,18.31,98.34,98.34,11740.87,11740.87,36.08,35.58,1216,1216.25,-34.41,-34.41,-27.19,-27.19,-25.16,-25.16,-24.91,-24.91,-34.66,-34.66,-21.01,-21.01,-50.56,-50.56,-32.45,-32.45,-28.25,-28.25,-36.25,-36.25,-40.55,-40.55,-33.38,-33.38,-29.05,-29.05,-45.77,-45.77,1797.66,1797.66,-47.81,-47.81,0,0,57.38,57.38,9934.59,9934.59,9382.66,9382.66,4039.06,4039.06,3512.23,3512.23,1666.02,1666.02,76.32,76.44,60.5,60.5,5.85,5.85,143.94,143.99,0.62,0.62,31.28,31.28,23.17,23.17,66.48,66.48,572,572,119.07,119.06,149.9,149.92,93.05,93.06,19.25,19.47,2508.73,2508.73,206.06,206.06,-73.29,-73.43,100.58,100.58,-1122.96,-1122.99,0.42,0.42,96.01,96.01,538.31,535.58,54,54,202,202,82.93,82.93,5644.65,5644.65,1772.27,1772.16,0.1,0.1,243.41,244.17,3.86,3.86,10.65,10.65,4383.42,4383.42,0.42,0.42,35.75,35.53,70.35,70.35,-156.73,-156.73,82.26,82.26,167.8,167.8,84385.17,84385.18,73169.8,73229.78,95870,95800,13221.03,13221.03,1.51,1.51,3988.89,3988.89,2.964E+11,2.967E+11,0,0,11.13,11.1,197.26,197.26
World Assembly Administered Territory,76.83,77.83,50.89,50.67,54.67,54.67,1.38,1.37,22.92,22.95,42,42,3204.95,3174.3,25.75,24.25,168.75,171,-12.33,-12.33,-7.59,-7.59,-12.49,-12.49,-7.01,-7.01,779.8,772.34,-11.17,-11.17,-4.69,-4.69,-14.28,-14.28,-12.96,-12.96,795.71,788.1,-14.21,-14.21,-9.06,-9.06,-10.1,-10.1,-12.33,-12.33,4217.28,4176.94,207.95,205.96,0,0,16.16,16.16,1436.7,1422.96,9283.32,9194.51,2431.34,2408.09,1657.74,1641.88,119.98,119.98,72.69,72.82,12,12,29.1,29.04,38.21,38.45,1.95,1.93,50,50,6.85,6.85,50,50,185,185,65.86,65.84,104.72,104.75,90.12,90.1,15.49,16.04,2431.34,2408.09,57.29,56.22,31.17,31,71.82,71.82,5.25,5.22,1.97,1.97,93.42,93.42,582.86,572.31,0,0,62,62,53.02,52.8,884.13,875.67,1077.88,1077.22,0.32,0.32,218.12,222.46,9.16,9.16,17.16,17.16,1101.6,1101.6,1.27,1.27,39.51,38.96,61.42,61.2,-89.11,-89.11,11.83,11.83,101.85,101.85,37073.32,36718.69,31324.81,31055.61,43097,42647,3094.44,3064.84,2.57,2.57,552.58,547.29,1.5303E+12,1.5763E+12,10454.68,10354.67,7.44,7.4,13.52,13.27
Me and Julio,68.22,68.89,74.11,74,43.47,43.47,1.36,1.36,20.92,20.94,40.78,40.78,10418.63,10348.96,38.67,37.67,139.5,141.75,-17.61,-17.61,-13.86,-13.86,-15.17,-15.17,-11.49,-11.49,-16.04,-16.04,-10.95,-10.95,-15.03,-15.03,-21.91,-21.91,-15.78,-15.78,-15.81,-15.81,-20,-20,-15.49,-15.49,-15.81,-15.81,-21.19,-21.19,-7.34,-7.34,-20.03,-20.03,0,0,23.98,23.98,4956.44,4923.29,12340.52,12257.99,4754.13,4722.34,3236.86,3215.21,232.05,232.05,73.49,73.63,10.55,10.55,27.96,27.89,51.56,51.7,1.34,1.34,52.16,52.16,8.7,8.7,50,50,380,380,76.76,76.75,108.89,108.91,91.11,91.1,14.57,14.96,3338.01,3315.69,88.73,87.84,-69.83,-70,69.21,69.21,-55.02,-55.05,6.89,6.89,92.76,92.76,773.85,766.23,-2,-2,79,79,77.58,77.5,1213.82,1205.7,1303.78,1303.51,0.25,0.25,246.75,247.52,8.53,8.53,16.71,16.71,2400.69,2400.69,0.74,0.74,40.43,40.04,70.5,70.28,-111.8,-111.8,31.62,31.62,105.5,105.5,58162.27,57773.33,49433.11,49150.45,67261,66754,8294.45,8238.98,2.05,2.05,2124.19,2109.98,7.12E+11,7.123E+11,17913.98,17794.19,13.94,13.91,103.84,103.43
Veksar,69.39,69.72,100.17,100.17,71.24,71.24,1.31,1.31,15.58,15.58,116.24,116.24,29567.7,29567.7,36.92,36.42,216,216,-30.13,-30.13,-21.69,-21.69,-26.3,-26.3,-16.4,-16.4,-38.29,-38.29,-10.35,-10.35,-57.72,-57.72,-29.72,-29.72,-25.95,-25.95,-34.18,-34.18,-52.52,-52.52,-38.25,-38.25,-28.07,-28.07,-47.46,-47.46,54063.83,54063.83,-45.3,-45.3,0,0,53.98,53.98,18756.6,18756.6,13155.67,13155.67,9682.23,9682.23,6642.96,6642.96,5.46,5.46,76.32,76.44,80.25,80.25,5.32,5.32,226.73,226.76,0.46,0.46,91.23,91.23,38.81,38.81,82.5,82.5,1134,1134,127.44,127.44,150.14,150.15,96.5,96.5,18.28,18.5,-40,-40,229.9,229.9,26.71,26.57,99.55,99.55,-929.29,-929.31,0.41,0.41,96.13,96.13,565.2,562.41,274,274,321,321,32.05,32.05,10203.24,10203.25,2186.32,2186.26,0.1,0.1,143.53,143.53,1.48,1.48,55.9,55.9,6924.14,6924.14,0.31,0.31,36.72,36.5,98.83,98.83,-344.98,-344.98,270.7,270.7,155.79,155.79,180584.06,180584.07,156583.2,156711.55,205161,205012,28352,28352,1.46,1.46,-4.47,-4.47,6.385E+11,6.389E+11,722.34,722.34,0.22,0.22,279.19,279.19
Aetheris,78.33,78.67,61.78,52.89,76.67,76.67,4.14,3.23,33.4,33.17,43.68,43.68,-5.48,-5.48,23.5,23,173.25,173.25,1903.4,1747.41,860.67,790.14,5627.43,5166.27,3061.99,2811.06,-2.37,-2.37,595.85,547.02,4634.36,4254.57,806.87,740.75,-6,-6,5213.65,4786.39,1489.61,1367.54,2606.83,2393.2,1075.83,987.67,3144.74,2887.03,6289.48,5774.06,-3.58,-3.58,12165.19,11168.25,7.28,7.28,1137.9,1044.65,620.67,569.81,517.23,474.84,206.89,189.94,19.47,19.47,24.17,30.97,14.16,14.16,63.07,58.73,36.12,36.21,2.15,2.14,47.8,47.8,1,1,50.5,50.5,99,99,55.41,56.31,53.82,60.57,68.83,69.05,18.48,18.65,1655.13,1519.49,32.57,33.7,53.33,46.67,9.15,9.35,100.51,98.7,0.73,0.73,94.04,94.04,250.87,284.07,-4,-4,64,64,69.62,68.35,206.89,189.94,294.47,313.17,1.95,1.83,263.15,263.15,11.82,11.23,18.01,18.01,432.15,432.15,4.82,4.18,36.52,36.35,53.68,52.2,50.5,50.5,65.19,65.19,101.45,101.45,48006.97,44072.82,22371.41,23534.74,92555,75992,724.12,664.78,12.18,11.09,-6.32,-6.32,8400000000,11600000000,43638.34,39974.05,14.26,14.26,14.84,13.01
Kry Onei Ran,56.67,58.67,29.33,25.5,66.67,66.67,1.9,1.75,31.43,31.44,43.68,43.68,362.36,343.27,50.5,49,112.5,114.75,2125.84,2013.87,2666,2525.58,3333.71,3158.12,917.98,869.63,386.52,366.16,1813.73,1718.2,-8.12,-8.12,2239.87,2121.89,-7.94,-7.94,193.26,183.08,3092.14,2929.27,700.56,663.66,1642.7,1556.17,2608.99,2471.57,1884.27,1785.02,100.49,95.2,5459.55,5171.99,13.38,13.38,1207.87,1144.25,905.9,858.18,966.29,915.4,543.54,514.91,1588.44,1588.44,52.64,57.2,15.09,15.09,42.61,40.29,27.44,27.72,12.75,12.03,51,51,1,1,51.48,51.48,103,103,64.4,64.67,98.27,99.43,70.97,70.96,10.76,12.09,1087.08,1029.82,91.95,91.17,29,25.5,34.48,34.77,53.75,52.87,1.65,1.65,93.49,93.49,716.32,734.06,-4,-4,64,64,53.74,52.99,664.33,629.34,751.78,751.91,0.31,0.31,184.82,186.15,9.78,9.75,10.96,10.96,514.69,514.69,1.8,1.8,44.24,42.91,49.26,48.59,64.81,64.81,51.96,51.96,104.81,104.81,37811.5,35819.93,26900.72,26642.19,51103,46576,966.29,915.4,2.72,2.69,422.75,400.49,22000000000,26900000000,24766.53,23354.59,13.68,13.65,11.58,10.97
Southern Eureka,70.81,70.96,70.13,69.87,63.56,63.56,2.95,2.93,22.36,22.38,42,42,10162.44,10090.63,34.78,34.56,148.5,148.5,-20.4,-20.4,-11.17,-11.17,-14.39,-14.39,-9.03,-9.03,-12,-12,-8.15,-8.15,-13.27,-13.27,-18.08,-18.08,-12,-12,-18.6,-18.6,-19.39,-19.39,-14.14,-14.14,-16.31,-16.31,-17.46,-17.46,-7.86,-7.86,-19.81,-19.81,0,0,23.92,23.92,12135.73,12049.97,6413.19,6367.87,8090.49,8033.32,1085.31,1077.64,13.55,13.55,33.92,34.14,10.55,10.55,44.69,44.44,75.35,75.37,0.97,0.97,53.09,53.09,3.3,3.3,49.01,49.01,308,308,82.4,82.41,118.68,118.72,90.36,90.35,12.63,12.83,9471.79,9404.86,35.36,35.38,34.2,33.8,70.86,70.87,-64.12,-64.19,2.41,2.41,93.33,93.33,577.53,578.94,-2,-2,115,115,44.31,44.21,-6.32,-6.32,1388.38,1388.32,0.24,0.24,140.61,140.61,9.67,9.66,18.47,18.47,2611.71,2611.71,0.64,0.64,42.37,42.17,71.4,71.18,-139.93,-139.93,96.02,96.02,99.76,99.76,56436.07,56037.28,31671.58,31559.3,93362,92428,8682.47,8621.12,1.92,1.92,98.66,97.97,5.542E+11,5.536E+11,16422.9,16306.85,18.23,18.23,130.94,130.78
Mygrdiyah,65.6,66.4,8.25,7.5,41.33,41.33,1.19,1.16,32.31,32.59,44.28,44.28,650.52,614.07,42.6,41.4,130.5,132.75,312.25,294.75,-5.8,-5.8,-7.87,-7.87,1491.85,1408.27,-7.87,-7.87,-4.1,-4.1,-12.57,-12.57,-6.82,-6.82,-4.69,-4.69,1006.13,949.76,-1.41,-1.41,-7.87,-7.87,-9.59,-9.59,-7.87,-7.87,-5.1,-5.1,-9.8,-9.8,312.25,294.75,16.4,16.4,1517.87,1432.83,1040.83,982.52,1084.19,1023.45,780.62,736.89,13.96,13.96,84.35,85.87,14.16,14.16,21.19,20.45,27.22,27.45,13.26,12.74,52.16,52.16,1,1,50,50,98,98,67.16,67.21,99.57,99.78,69.95,69.65,21,21.65,1040.83,982.52,100.97,99.94,-91.75,-92.5,70.7,70.72,1.47,1.24,7.12,7.12,92.73,92.73,1143.87,1128.23,0,0,64,64,75.5,75.4,867.36,818.76,832.01,828.73,0.26,0.26,110.83,111.34,9.59,9.58,18.33,18.33,564.32,564.32,1.7,1.7,34,33.35,45.57,45.24,-95.13,-95.13,77.14,77.14,105.16,105.16,16460.68,15538.48,15048.01,14340.24,17841,16699,1257.67,1187.21,2.47,2.47,607.15,573.13,31600000000,37800000000,4822.98,4552.77,6.64,6.59,7.23,7.21
Ausaland,45.33,47.33,53.78,44.89,72,72,3.32,2.66,30.48,30.56,42,42,152.06,137.92,59,57.5,92.25,96.75,3831.85,3475.68,3634.78,3296.93,1398.93,1268.9,4379.25,3972.2,1459.75,1324.07,5369.45,4870.36,3831.85,3475.68,3649.38,3310.17,1763.87,1599.92,3527.73,3199.83,486.58,441.36,2432.92,2206.78,2311.27,2096.44,3223.62,2923.98,2189.63,1986.1,848.28,559.79,9062.62,8220.26,10.72,10.72,1216.46,1103.39,836.32,758.58,1140.43,1034.43,380.14,344.81,468.75,468.75,30.1,37.63,13.62,13.62,58.49,54.1,28.61,28.88,8.72,7.74,50,50,1,1,50.99,50.99,108,108,61.81,62.42,94.37,98.07,72.23,72.12,10.14,11.86,1140.43,1034.43,64.73,64.55,47.33,40.67,13.79,14.48,89.37,87.41,0.86,0.86,93.77,93.77,567.72,609,-8,-8,64,64,67.77,66.12,532.2,482.73,647.98,657.82,0.32,0.32,75.26,76.96,10.55,9.99,15.95,15.95,564.76,564.76,1.96,1.94,44.86,43.14,53.9,52.31,-75.5,-75.5,89.44,89.44,106.18,106.18,56914.3,51414.49,29920.12,30524.69,99414,81123,912.34,827.54,3.15,3.01,228.09,206.89,14600000000,20100000000,49060.13,43959.39,14.02,13.97,20.22,17.82
Holy Kid Island Empire,71.6,71.87,13.33,12.33,76.67,76.67,1.32,1.29,31.8,31.95,45.83,45.83,267.53,258.18,33.6,33.2,150.75,150.75,299.63,289.16,2995.9,2891.15,299.63,289.16,-8.12,-8.12,-2.9,-2.9,2609.8,2518.55,-2.79,-2.79,-3.46,-3.46,-9.17,-9.17,-7.48,-7.48,299.63,289.16,209.74,202.41,1155.73,1115.32,-8.12,-8.12,727.68,702.24,44.52,42.96,599.27,578.31,13.6,13.6,1765.69,1703.96,909.6,877.8,856.09,826.16,428.05,413.08,485.41,485.41,75.81,77.47,16.29,16.29,34.59,33.73,32.53,32.6,2.75,2.74,46.97,46.97,1,1,50.99,50.99,102,102,65.73,65.82,103.88,104,70.53,70.36,26.27,26.74,1230.63,1187.61,65.98,65.83,-86.67,-87.67,52.94,53.02,35.63,35.36,0.74,0.74,94,94,580.35,585.12,-4,-4,64,64,76.23,76.14,535.06,516.35,669.74,669.46,0.38,0.38,101.1,101.1,9.55,9.54,15.87,15.87,532.37,532.37,1.92,1.92,28.73,28.26,46.08,45.8,54.77,54.77,-47.96,-47.96,105.5,105.5,20963.6,20230.62,18112.83,17680.82,23892,22823,1070.12,1032.7,2.58,2.57,481.55,464.72,23000000000,28200000000,9873.86,9508.39,15.45,15.45,9.01,8.87
Etina,64.89,66.22,48.44,39.56,57.33,57.33,2.91,2.36,32.67,32.64,42,42,319.69,290.56,43.67,41.67,128.25,132.75,852.52,774.83,0,0,-8.37,-8.37,-5.48,-5.48,852.52,774.83,682.02,619.86,3836.34,3486.72,-3.87,-3.87,426.26,387.41,-8.37,-8.37,2557.56,2324.48,3836.34,3486.72,426.26,387.41,1278.78,1162.24,2983.82,2711.9,-5.4,-6.06,4688.86,4261.55,9.49,9.49,959.08,871.68,959.08,871.68,1278.78,1162.24,639.39,581.12,119.98,119.98,34.4,42.42,12,12,47.86,44.14,24.9,25.29,17.39,16.79,50,50,1,1,50,50,100,100,57.28,58.02,61.12,67.02,69.56,69.6,4.89,7.78,1278.78,1162.24,53.31,53.67,43.33,36.67,24.95,25.55,77.61,75.8,3.5,3.5,93.16,93.16,613.07,651.72,0,0,64,64,66.29,64.1,852.52,774.83,598.78,602.11,0.36,0.36,151.88,159.17,9.95,9.88,17.16,17.16,519.78,519.78,2.07,2.06,50.11,47.22,51.4,49.85,-48.99,-48.99,-33.17,-33.17,100.2,100.2,36564.55,33232.34,20677.47,21052.66,60102,49626,852.52,774.83,9.74,8.55,106.56,96.85,18800000000,35000000000,27459.98,24724.86,6.78,6.69,10.99,9.72
OhWow,64.4,65.2,27.83,27.67,60,60,1.45,1.45,29.56,29.55,42,42,964.87,965.25,44.4,43.2,126,128.25,-8.37,-8.37,1543.79,1544.41,-7.75,-7.75,360.22,360.36,3344.88,3346.21,-8,-8,2058.39,2059.21,2572.99,2574.01,1852.55,1853.29,-7.07,-7.07,-12.65,-12.65,-8.89,-8.89,1286.49,1287,-11.83,-11.83,2367.15,2368.09,86.45,86.49,2058.39,2059.21,13.64,13.64,1222.17,1222.65,1286.49,1287,1222.17,1222.65,771.9,772.2,644.28,644.28,68.97,69.1,14.16,14.16,35.19,35.1,30.36,30.58,3.83,3.5,51,51,2.52,2.52,51.48,51.48,139,139,65.34,65.32,101.63,101.69,73.6,73.62,11.17,11.62,1350.82,1351.35,54.49,53.66,25.83,25.67,41.75,41.76,44.15,44.12,2.35,2.35,93.34,93.34,752.62,743.31,-4,-4,64,64,52.2,52.2,707.57,707.85,1058.33,1057.7,0.34,0.35,190.46,191.14,9.89,9.89,15.15,15.15,843.17,843.17,1.34,1.35,43.83,43.38,50.72,50.73,-71.41,-71.41,45.83,45.83,104.46,104.46,34487.29,34500.98,28339.06,28378.92,41090,41070,1286.49,1287,2.62,2.62,385.95,386.1,3.504E+11,3.799E+11,20106.09,20079.57,13.78,13.76,11.54,11.54
Yotimmoto,65.83,66.17,96.09,96.09,62.67,62.67,1.5,1.5,19.64,19.64,51.1,51.1,15693.72,15693.73,42.25,41.75,78.5,78.75,-22.85,-22.85,-15.28,-15.28,-19.18,-19.18,-13.01,-13.01,-20.33,-20.33,-13.89,-13.89,-22.58,-22.58,-22.62,-22.62,-22.14,-22.14,-20.05,-20.05,-24.94,-24.94,-16.09,-16.09,-16.19,-16.19,-25.85,-25.85,-9.56,-9.56,-24.27,-24.27,0,0,29.55,29.55,8171.88,8171.88,14857.96,14857.97,8543.33,8543.33,4457.39,4457.39,496.32,496.32,66.72,66.83,19.56,19.56,25.31,25.27,74.1,74.16,0.98,0.98,41.19,41.19,10.95,10.95,49.5,49.5,470,470,89.28,89.27,121.04,121.06,91.94,91.94,8.47,8.68,4271.66,4271.67,123.07,123.06,38.71,38.57,77.33,77.33,-127.09,-127.12,0.68,0.68,94.28,94.28,606.58,603.69,0,0,76,76,44.73,44.73,3064.45,3064.46,1419.77,1419.62,0.17,0.17,13.62,13.79,5.81,5.81,15.83,15.83,3030.47,3030.47,0.61,0.61,46.53,46.32,82.34,82.34,-123.26,-123.26,53.08,53.08,112.08,112.08,81068.76,81068.78,65454.23,65511.87,98099,98024,12814.99,12815,1.8,1.8,1857.25,1857.25,6.795E+11,6.813E+11,18402.61,18402.61,0.89,0.89,119.35,119.35
Myeass,54.13,55.73,24.83,24.67,69.11,69.11,1.43,1.43,27.46,27.45,46.3,46.3,1524.1,1524.17,52.4,51.2,108,110.25,-11.22,-11.22,-9.63,-9.63,-10,-10,-9.9,-9.9,2133.73,2133.83,8291.08,8291.47,-8.37,-8.37,-9.33,-9.33,-7.62,-7.62,-9.27,-9.27,-12.08,-12.08,-5.81,-5.81,-6,-6,-8.12,-8.12,990.66,990.71,365.78,365.8,0,0,17.2,17.2,2095.63,2095.73,2603.66,2603.78,1587.6,1587.67,762.05,762.08,1100.21,1100.21,69.76,69.89,17.69,17.69,38.69,38.58,30.17,30.39,4.18,3.79,51,51,3.3,3.3,52.44,52.44,144,144,68.73,68.72,105.75,105.78,77.47,77.49,14,13.65,1079.57,1079.62,105.38,104.95,24.83,24.67,68.69,68.69,-0.64,-0.67,1.09,1.09,93.65,93.65,737.63,728.41,0,0,67,67,48.79,48.79,1016.06,1016.11,1070.57,1070.89,0.23,0.23,136.66,137.8,9.46,9.46,13.04,13.04,885.74,885.74,1.3,1.29,41,41.35,51.68,51.69,-42.43,-42.43,-56.57,-56.57,104.81,104.81,30934.05,30935.51,25573.17,25600.03,36661,36630,1905.12,1905.21,2.37,2.37,825.55,825.59,1.938E+11,2.023E+11,9682.36,9682.81,7.28,7.24,15.18,15.18
Selucrayse,69.07,69.87,27.17,26.67,72,72,1.46,1.45,28.96,29.03,45.83,45.83,1343.48,1319.38,37.4,36.2,141.75,144,913.57,897.18,-6.07,-6.07,-7.75,-7.75,-5.66,-5.66,4137.92,4063.7,-7.64,-7.64,-8.83,-8.83,-8.49,-8.49,-4.9,-4.9,913.57,897.18,-6.78,-6.78,-8.53,-8.53,1719.66,1688.81,1074.79,1055.51,3116.88,3060.97,-12.49,-12.49,913.57,897.18,16.64,16.64,2619.79,2572.79,1545,1517.29,1074.79,1055.51,1209.13,1187.44,1229.34,1229.34,68.71,69.1,18.02,18.02,40.34,39.98,33.95,34.15,2.46,2.42,52.16,52.16,1,1,53.38,53.38,133,133,68.96,68.96,102.24,102.39,74.59,74.48,19.42,19.98,1545,1517.29,78.62,77.64,-76.83,-77.33,66.78,66.79,8.68,8.6,0.92,0.92,93.73,93.73,588.04,582.47,-8,-8,67,67,76.64,76.55,1074.79,1055.51,1053.42,1052.74,0.32,0.32,271.44,272.25,10.67,10.62,12.47,12.47,792.67,792.67,1.36,1.37,35.58,35.02,51.05,50.79,-52.92,-52.92,-14.14,-14.14,110,110,32740.64,32153.33,26849.5,26447.85,39078,38275,1746.53,1715.2,2.36,2.36,873.26,857.6,23600000000,25600000000,10869.89,10674.91,13.02,13,10.26,10.08
Norvikeland,70.83,71.17,98.41,98.4,70.57,70.57,1.53,1.52,20.06,20.06,12.74,12.74,14813.56,14813.59,34.75,34.25,212.5,212.5,-27.82,-27.82,-21.98,-21.98,-19.87,-19.87,-10.79,-10.79,-18.63,-18.63,-19.02,-19.02,-26.27,-26.27,-21.11,-21.11,-14,-14,-19.34,-19.34,-20.35,-20.35,-25.53,-25.53,-22.67,-22.67,-28.93,-28.93,9135.55,9135.57,-28.61,-28.61,0,0,30.32,30.32,12647.83,12647.86,17325.8,17325.83,6237.29,6237.3,4071.56,4071.57,1406.5,1406.5,65.51,65.62,0.42,0.42,72.66,72.53,111.47,111.52,0.73,0.73,71.86,71.86,2.93,2.93,48.04,48.04,255,255,75.16,75.16,117.8,117.82,91.65,91.65,14.19,14.41,2252.35,2252.36,59.97,59.98,40.29,40.14,93.61,93.61,-232.01,-232.04,0.68,0.68,94.26,94.26,455.68,453.17,32,32,156,156,39.51,39.51,1732.58,1732.58,1394.67,1394.58,0.17,0.17,181.25,181.25,9.86,9.86,11.71,11.71,2969.91,2969.91,0.64,0.64,40.81,40.59,94.74,94.74,-209.53,-209.53,148.79,148.79,39.8,39.8,88747.6,88747.77,70960.24,71023.45,108315,108231,19924.67,19924.71,2.1,2.1,-12.25,-12.25,2.5399E+12,2.5554E+12,5679.85,5679.86,0.34,0.34,151.93,151.93
Tarrsonis,72.67,73.47,44.89,44.67,58.22,58.22,1.34,1.34,24.13,24.13,44.28,44.28,1654.02,1654.16,32,30.8,153,157.5,-4.9,-4.9,4604.78,4605.17,3241.87,3242.15,5292.85,5293.3,-2.28,-2.28,-9.67,-9.67,-4.27,-4.27,-7.94,-7.94,-8.75,-8.75,3506.51,3506.81,-8,-8,833.62,833.7,-3.74,-3.74,-8.6,-8.6,7674.63,7675.29,-10.7,-10.7,3241.87,3242.15,14.59,14.59,1240.51,1240.62,5871.75,5872.26,1157.81,1157.91,661.61,661.66,1039.06,1039.06,74.72,74.85,16.29,16.29,27.99,27.92,40.08,40.26,1.81,1.8,47.8,47.8,6.47,6.47,52.44,52.44,178,178,66.39,66.35,101.97,102.02,86.57,86.57,13.67,14.12,1736.72,1736.87,68.64,67.65,28.67,28.5,50.02,50.03,32.32,32.29,1.56,1.56,93.51,93.51,632.25,623.72,-4,-4,65,65,54.46,54.46,165.4,165.42,1076.53,1075.86,0.38,0.39,209.72,218.28,9.3,9.3,13.32,13.32,1014.6,1014.6,1.27,1.28,41.33,40.88,58.77,58.77,-72.8,-72.8,101,101,103,103,42769.53,42773.2,36669.73,36708.34,49079,49041,1819.42,1819.57,2.53,2.53,330.8,330.83,7.86E+11,8.395E+11,21384.77,21386.6,14.91,14.86,20.97,20.97
Seafoam Island,81.22,81.56,100.1,100.1,81.78,81.78,1.54,1.54,20.17,20.17,65.68,65.68,18833.82,18833.82,19.17,18.67,220.25,220.5,672.64,672.64,-17.66,-17.66,-18.14,-18.14,-9.8,-9.8,-14.39,-14.39,-14,-14,-14.87,-14.87,-22.58,-22.58,-4.47,-4.47,-23.45,-23.45,-30.5,-30.5,-23.96,-23.96,-18.44,-18.44,-32.25,-32.25,9851.88,9851.88,2403.55,2403.55,672.64,672.64,47.59,47.59,16031.17,16031.17,14629.84,14629.84,6838.47,6838.47,10033.49,10033.49,1385.6,1385.6,64.86,64.97,38.16,38.16,8.15,8.15,138.62,138.66,0.63,0.63,72.05,72.05,0.53,0.53,65.81,65.81,473,473,101.39,101.38,130.32,130.34,91.58,91.58,24.5,24.72,14125.36,14125.37,65.38,65.36,-58.86,-59,98.99,98.99,-751.28,-751.3,2.15,2.15,93.38,93.38,251.86,250,15,15,136,136,77.66,77.57,5100.83,5100.83,1604.7,1604.57,0.16,0.16,369.7,370.64,18.68,18.67,11.8,11.8,4197.72,4197.72,0.49,0.49,30.5,30.28,97.19,97.19,-250.64,-250.64,202.64,202.64,143.94,143.94,139888.19,139888.2,111254.36,111353.79,171536,171401,20683.57,20683.57,1.65,1.65,3138.97,3138.97,9.436E+11,9.451E+11,1398.88,1398.88,0.49,0.49,153.33,153.2
Kemoratia,65.78,67.11,73.17,69.83,67.33,67.33,8.31,6.42,33.66,32.99,42,42,365.89,358.93,42.33,40.33,130.5,135,2195.33,2153.57,2634.4,2584.28,3293,3230.35,3658.89,3589.28,1683.09,1651.07,7493.41,7350.85,2927.11,2871.42,5488.33,5383.92,4756.56,4666.06,1463.56,1435.71,1463.56,1435.71,-3.16,-3.16,5488.33,5383.92,2195.33,2153.57,-6.32,-6.32,8766.06,8405.47,8415.45,8255.34,8.19,8.19,640.31,628.12,640.31,628.12,823.25,807.59,365.89,358.93,109.99,109.99,12.03,15.57,12,12,67.5,64.68,25.99,26.38,15.63,14.95,50,50,1,1,50,50,110,110,52.7,53.48,37.76,41.96,68.59,69.23,12.68,11.68,914.72,897.32,55.42,55.28,68.75,63.75,7.68,7.85,110.37,108.92,1.51,1.51,93.52,93.52,349.97,368.7,0,0,64,64,72.1,71.4,548.83,538.39,394.66,416.5,0.49,0.49,156.06,163.45,12.58,12.14,17.21,17.21,596.45,596.45,2.96,2.79,42.32,43.32,56.39,55.49,-28.28,-28.28,72.8,72.8,99.3,99.3,62855.42,61465.8,19779.13,22399.85,164419,143904,548.83,538.39,14.76,14.12,-3.16,-3.16,57800000000,63000000000,58015.55,56671.47,6.42,6.32,26.18,24.07
Austright,40.67,42.67,24.75,20.5,66.67,66.67,1.71,1.55,31.09,31.24,43.68,43.68,519.84,478.31,62.5,61,85.5,87.75,-7.35,-7.35,-6.77,-6.77,178.23,163.99,1366.43,1257.27,-2.37,-2.37,-1.26,-1.26,1247.61,1147.94,1708.04,1571.59,2495.22,2295.89,-2,-2,-4.9,-4.9,1188.2,1093.28,-5.83,-5.83,475.28,437.31,2851.68,2623.87,487.16,448.24,1425.84,1311.94,13.19,13.19,1559.52,1434.93,1188.2,1093.28,1485.25,1366.6,371.31,341.65,496.32,496.32,58.46,64.59,14.64,14.64,39.79,36.87,25.83,26.12,15.92,15.42,50,50,1,1,50.99,50.99,102,102,64.73,65.07,101.15,102.18,71.4,71.22,16.16,17.08,1410.99,1298.27,80.53,79.93,24.75,20.5,52.02,52.39,41.16,40.05,1.65,1.65,93.49,93.49,866.74,893.62,-4,-4,64,64,52.01,51.23,891.15,819.96,697.99,704.65,0.28,0.28,48.54,49.22,9.98,9.94,15.83,15.83,541.99,541.99,1.88,1.86,38.84,37.92,48.59,47.64,-53.39,-53.39,56.12,56.12,105.16,105.16,26583.05,24459.39,20003.41,19409.32,34217,30052,1262.46,1161.61,2.68,2.64,594.1,546.64,29100000000,58500000000,12759.86,11642.67,14.44,14.42,8.9,8.4
Natiateplo,74,74.89,68.17,64.83,75.33,75.33,5.28,4.29,31.4,31.07,44.28,44.28,212.86,206.65,30,28.67,157.5,162,936.59,909.27,5721.73,5554.79,3490.94,3389.09,-3.29,-3.29,6385.86,6199.55,-6.57,-6.57,1958.33,1901.19,1170.74,1136.58,2171.19,2107.85,1362.32,1322.57,-7.62,-7.62,2682.06,2603.81,2213.77,2149.18,1362.32,1322.57,2894.92,2810.46,1634.78,1587.08,6385.86,6199.55,7.42,7.42,1915.76,1859.86,851.45,826.61,0,0,212.86,206.65,105.17,105.17,18.92,23.28,15.51,15.51,65.36,62.26,33.07,33.3,2.63,2.58,51.62,51.62,1,1,51.48,51.48,129,129,56.69,57.24,56.03,60.58,71.01,71.44,17.65,16.43,1064.31,1033.26,45.28,45.56,59.25,54.25,8.98,9.13,102.11,100.78,0.75,0.75,93.97,93.97,264.53,284.54,-8,-8,64,64,70.01,69.15,106.43,103.33,619.55,648.07,1.32,1.3,241.57,252.3,13.57,13.14,17.24,17.24,723.77,723.77,2.02,1.96,37.35,38.57,56.53,55.56,62.37,62.37,14.49,14.49,105.16,105.16,51061.37,49571.58,20767.5,22627.83,109751,97182,1170.74,1136.58,10.58,9.8,-4.47,-4.47,26100000000,29900000000,46465.84,45060.57,12.01,11.95,20.03,18.3
Sperni,49,49,48,48,48,48,2.85,2.85,33.91,33.91,40.78,40.78,170.57,170.57,56.25,56.25,99,99,3752.61,3752.61,3515.51,3515.51,-6.32,-6.32,2660.94,2660.94,-7.07,-7.07,-4,-4,443.49,443.49,4643,4643,4093.75,4093.75,3070.31,3070.31,2729.17,2729.17,1705.73,1705.73,2729.17,2729.17,4776.04,4776.04,2251.56,2251.56,327.5,327.5,4196.1,4196.1,7.94,7.94,255.86,255.86,682.29,682.29,511.72,511.72,170.57,170.57,12.97,12.97,35.15,35.15,10.55,10.55,43.46,43.46,22.69,22.69,20.36,20.36,50,50,1,1,50,50,106,106,55.24,55.24,43.48,43.48,68.36,68.36,7.3,7.3,938.15,938.15,65,65,43,43,9.72,9.72,96.72,96.72,5.29,5.29,92.93,92.93,786.27,786.27,0,0,64,64,67.92,67.92,597.01,597.01,437.06,437.06,0.32,0.32,76.78,76.78,11.52,11.52,18.69,18.69,562.84,562.84,2.66,2.66,47.7,47.7,51.08,51.08,-80.31,-80.31,66.71,66.71,99.76,99.76,44459.85,44459.85,25437.23,25437.23,72369,72369,597.01,597.01,12.37,12.37,-3.16,-3.16,9800000000,10800000000,40147.24,40147.24,7.2,7.2,14.57,14.57
Lord Stalker,76,77,76.89,76.67,11,11,2.73,2.71,29.73,29.73,38.06,38.06,742.07,742.06,27,25.5,164.25,168.75,-4.47,-4.47,2544.25,2544.21,1102.51,1102.49,4240.41,4240.34,6191,6190.9,-9.38,-9.38,4749.26,4749.19,530.05,530.04,2459.44,2459.4,2120.21,2120.17,4240.41,4240.34,4028.39,4028.33,-4.47,-4.47,848.08,848.07,3349.93,3349.87,6972.29,6989.13,5851.77,5851.68,8.72,8.72,-13.04,-13.04,954.09,954.08,636.06,636.05,954.09,954.08,1034.67,1034.67,36.66,36.86,11.33,11.33,29.3,29.22,20.91,21.24,22.41,22.05,51,51,3.3,3.3,52.44,52.44,142,142,55.42,55.38,38.07,37.96,73.33,73.33,23.98,24.37,1908.19,1908.16,24.57,23.9,58.33,58,11.54,11.55,93.48,93.43,21.68,21.68,91.61,91.61,674.34,664.39,0,0,67,67,71.11,70.97,106.01,106.01,612.03,607.9,0.73,0.83,237.67,246.77,13.24,13.21,13.34,13.34,780.83,780.83,2.04,2.05,31.02,30.63,59.17,58.95,-62.85,-62.85,72.46,72.46,92.09,92.09,57369.61,57385.63,33584.53,33689.08,91600,91407,530.05,530.04,12.16,12.21,-15.49,-15.49,5.616E+11,5.844E+11,50772.11,50786.28,6.31,6.21,20.74,20.38
Anglenadst,40,42,76.22,71.78,72,72,7.02,5.11,32.95,32.32,40.78,40.78,98.77,95.83,63,61.5,83.25,87.75,6005.14,5826.55,-6.65,-6.65,869.17,843.32,869.17,843.32,5689.08,5519.89,2892.74,2806.71,1422.27,1379.97,-5.92,-5.92,1422.27,1379.97,5214.99,5059.9,4819.92,4676.57,1264.24,1226.64,-6.16,-6.16,2844.54,2759.94,4029.77,3909.92,6303.3,5824.5,8296.58,8049.83,9.22,9.22,197.54,191.66,691.38,670.82,1777.84,1724.96,987.69,958.31,7.92,7.92,14.25,19.58,10.55,10.55,68.48,64.47,25.05,25.34,17.16,16.71,46.97,46.97,1,1,50,50,100,100,57.41,58.15,71.98,78.32,69.27,69.94,15.71,12.99,2074.14,2012.46,54.79,55.49,65.33,58.67,9.79,10.08,99.26,97.3,0.82,0.82,93.8,93.8,463.16,500.51,-8,-8,64,64,71.8,70.78,592.61,574.99,420.42,459.31,0.35,0.35,71.67,73.32,13.17,12.59,32.68,32.68,441.95,441.95,2.77,2.54,39.29,42.01,57.73,56.4,-17.32,-17.32,37.42,37.42,105.5,105.5,61283.55,59169.6,21240.9,24531.34,149086,125267,592.61,574.99,9.54,8.33,-4.47,-4.47,5900000000,10700000000,55277.76,53193.47,16.02,15.97,16.49,14.47
Astoura,49,51,76.22,71.78,72.67,72.67,11.04,7.45,33.39,32.65,43,43,0,0,56.25,54.75,99,103.5,5391.1,5229.72,4890.69,4744.29,2972.01,2883.05,5321.98,5162.67,3386.71,3285.33,779.64,756.3,3594.06,3486.48,155.51,150.86,1140.42,1106.29,3317.6,3218.29,898.52,871.62,6566.08,6369.52,6082.26,5900.19,-4.9,-4.9,6289.61,6101.33,4766.2,4368.74,11957.17,11599.24,8.19,8.19,86.4,83.81,691.17,670.48,1036.75,1005.71,259.19,251.43,457.39,457.39,9.06,13.42,14.16,14.16,72.37,68.5,30.5,30.76,3.62,3.39,50,50,1,1,50.99,50.99,100,100,56.14,56.93,59.78,65.68,68.84,69.59,16.43,13.7,1123.14,1089.52,53.74,54.44,73.33,66.67,6.53,6.75,117.78,115.81,0.79,0.79,93.84,93.84,358.23,391.17,-8,-8,64,64,73.52,72.64,431.98,419.05,467.12,508.27,0.46,0.45,86.71,88.53,13.25,12.67,15.99,15.99,458.46,458.46,2.5,2.33,38.57,41.3,57.93,56.62,-62.05,-62.05,90.28,90.28,105.16,105.16,69986.02,67636.23,18686.15,22657.57,206258,168838,431.98,419.05,11.3,10.24,-3.16,-3.16,2000000000,5700000000,65436.93,63036.96,13.77,13.71,23.31,20.63
Mount Seraph,78.67,79,32,27,70,70,2.11,1.9,31.85,32,45.83,45.83,-4.47,-4.47,23,22.5,173.25,175.5,-5.48,-5.48,266.68,245.74,866.71,798.67,-7.87,-7.87,1000.05,921.54,595.03,548.32,933.38,860.1,2396.8,2208.62,-7.75,-7.75,1000.05,921.54,2666.81,2457.44,-7.21,-7.21,-8.37,-8.37,666.7,614.36,2166.78,1996.67,3475.95,3064.82,1800.1,1658.77,10.1,10.1,1666.76,1535.9,833.38,767.95,0,0,-3.16,-3.16,2058.6,2058.6,47.29,52.64,18.02,18.02,46.02,43.39,33.14,33.23,2.61,2.59,51.62,51.62,1,1,53.38,53.38,102,102,62.42,62.78,83.24,85.56,70.48,70.3,19.84,21.34,750.04,691.15,54.29,54.46,33,29,28.33,28.81,71.19,70.03,1.06,1.06,93.67,93.67,430.66,454.92,-4,-4,67,67,56.71,55.1,250.01,230.38,759.7,762.02,0.69,0.68,265.63,270.42,9.83,9.79,9.2,9.2,462.49,462.49,1.78,1.78,35.16,33.66,49.62,48.67,59.58,59.58,-47.43,-47.43,103,103,30255.73,27742.1,20321.02,19736.92,42975,37494,1083.39,998.33,3.01,2.95,0,0,16600000000,20800000000,21693.36,19752.37,11.71,11.68,12.4,11.52
Czechmate,70,71,65.89,65.78,70.67,70.67,2.03,2.02,29.46,29.46,44.28,44.28,463.29,463.28,36,34.5,144,148.5,-4.47,-4.47,5781.82,5781.72,4818.18,4818.1,6300.7,6300.59,6004.2,6004.09,-9.38,-9.38,5707.69,5707.59,4632.87,4632.79,518.88,518.87,4447.55,4447.47,-3.16,-3.16,0,0,2594.41,2594.36,-7.07,-7.07,-7.07,-7.07,3917.38,3935.85,10525.88,10525.69,8.37,8.37,833.92,833.9,833.92,833.9,0,0,741.26,741.25,8.94,8.94,49.37,49.48,15.51,15.51,50.9,50.81,30.39,30.66,3.78,3.44,51.62,51.62,2.52,2.52,51.48,51.48,135,135,59.28,59.23,73.02,72.85,73.76,73.76,12.26,12.82,2038.46,2038.43,32.2,31.37,43.83,43.67,9.65,9.65,96.14,96.12,0.86,0.86,93.77,93.77,438.68,429.53,-8,-8,64,64,67.29,67.29,92.66,92.66,688.58,682.56,0.71,0.8,203.42,211.85,12.46,12.45,26.89,26.89,737.63,737.63,1.89,1.9,42.74,42.18,56.56,56.56,-52.44,-52.44,96.18,96.18,104.81,104.81,56398.51,56416.04,38768.13,38826.96,78524,78466,1389.86,1389.84,5.92,6.05,-13.78,-13.78,2.0648E+12,2.1305E+12,50927.86,50943.69,13.29,13.23,16.64,16.64
Alliance Expeditionary Force,57.33,61.33,42.33,37,57.33,57.33,2.5,2.23,32.47,32.45,42,42,530.05,493.19,50,47,112.5,119.25,706.73,657.58,2544.22,2367.29,4593.73,4274.28,1766.82,1643.95,2332.2,2170.02,-4.47,-4.47,-6.32,-6.32,3975.35,3698.89,2826.91,2630.32,0,0,-10.95,-10.95,-8.37,-8.37,3887.01,3616.69,4240.37,3945.49,-8.37,-8.37,1201.44,1117.89,5300.46,4931.86,9.64,9.64,795.07,739.78,795.07,739.78,1060.09,986.37,530.05,493.19,119.98,119.98,39.94,44.87,12,12,45.31,43.04,22.25,22.88,20.9,20.13,50,50,1,1,50,50,110,110,58.04,58.41,66.25,69.67,69.78,69.79,4.31,6.64,1060.09,986.37,88.39,86.92,38.75,34.75,20.8,21.16,79.98,78.91,3.5,3.5,93.16,93.16,705.34,714.11,0,0,64,64,64.9,63.3,706.73,657.58,590.91,586.52,0.3,0.31,126.48,138.24,11.83,11.48,17.16,17.16,620.98,620.98,2.09,2.1,50.69,48.36,50.36,49.47,60,60,53.85,53.85,100.2,100.2,38764.05,36068.31,23769.5,23552.07,59514,52484,706.73,657.58,8.51,7.85,88.34,82.2,1.378E+11,1.844E+11,30701.13,28421.83,7.09,6.95,12.04,11.19
Chocolate Zen,77.33,78.13,27.33,27.17,81.33,81.33,1.16,1.16,27.63,27.62,42,42,1973.76,1975.21,25,23.8,168.75,173.25,888.19,888.85,-4.38,-4.38,888.19,888.85,-4,-4,2812.61,2814.68,-7.04,-7.04,-8,-8,2960.64,2962.82,-4.47,-4.47,394.75,395.04,-10.68,-10.68,2368.51,2370.26,-3.74,-3.74,148.03,148.14,1282.94,1283.89,572.39,572.81,1776.38,1777.69,19.6,19.6,2713.92,2715.92,2467.2,2469.02,1665.36,1666.59,1973.76,1975.21,278.15,278.15,86.02,86.17,12,12,40.42,40.26,39.73,39.92,1.83,1.82,46.97,46.97,2.52,2.52,50,50,120,120,68.31,68.28,108.49,108.52,77.11,77.14,30.83,31.28,1171.92,1172.78,98.22,97.16,-84.67,-84.83,73.3,73.3,-32.13,-32.15,0.71,0.71,94.13,94.13,449.09,441.9,0,0,64,64,75.59,75.59,1603.68,1604.86,888.05,882.44,0.3,0.3,268.48,270.08,9.87,9.87,16.56,16.56,773.18,773.18,1.64,1.65,24.17,23.72,52.73,52.74,20,20,37.42,37.42,107.5,107.5,36001.39,36027.88,33255.01,33309.36,38660,38657,2467.2,2469.02,2.39,2.4,1480.32,1481.41,3.0714E+12,3.473E+12,9612.37,9619.44,9.16,9.09,8.39,8.39
Getting around the WA ban,31.67,33.67,17.67,17.5,6,6,1.24,1.24,29.15,29.13,45.83,45.83,1243.58,1243.62,69.25,67.75,69.75,74.25,1530.55,1530.61,-2.83,-2.83,956.6,956.63,2716.73,2716.83,1492.29,1492.35,-9.8,-9.8,267.85,267.86,2391.49,2391.58,650.49,650.51,-8.94,-8.94,1530.55,1530.61,-9.49,-9.49,-7.75,-7.75,-10.95,-10.95,-6,-6,0,0,2755,2755.1,17.66,17.66,1721.87,1721.94,1434.9,1434.95,1578.38,1578.44,1100.09,1100.13,8.18,8.18,80.55,80.69,15.51,15.51,13.54,13.51,12.09,12.57,29.72,29.43,50,50,2.52,2.52,50,50,134,134,70.11,70.08,94.42,94.5,74.28,74.3,33.15,32.7,2056.68,2056.76,82.15,80.83,-84.33,-84.5,66.57,66.57,-2.16,-2.18,25.44,25.44,91.38,91.38,4597.49,4450.92,-8,-8,64,64,76.09,76.09,1052.26,1052.29,1042.06,1042.46,0.23,0.24,44.48,45.78,9.78,9.77,31.04,31.04,810.89,810.89,1.41,1.41,21.85,22.3,48.73,48.73,-77.46,-77.46,92.2,92.2,111.5,111.5,29558.84,29559.91,26372.57,26398.03,32740,32714,1530.55,1530.61,2.3,2.3,95.66,95.66,38500000000,40300000000,9872.65,9873.01,16.58,16.53,9.86,9.86
New Awesome Prussia,68.06,68.39,94.29,94.24,72.1,72.1,1.31,1.31,20.33,20.33,67.49,67.49,12444.97,12444.97,38.92,38.42,165.5,165.5,-22.41,-22.41,-9.47,-9.47,-9.61,-9.61,-14.53,-14.53,-16.36,-16.36,-13.3,-13.3,-26.87,-26.87,-24.98,-24.98,-17.32,-17.32,-20.05,-20.05,-18.76,-18.76,-15.94,-15.94,-12.73,-12.73,-23.43,-23.43,21424.06,21424.07,-26.57,-26.57,0,0,24.76,24.76,4865.7,4865.7,10760.69,10760.69,842.14,842.14,3087.85,3087.85,1339.46,1339.46,76.2,76.32,33.3,33.3,8.21,8.21,85.83,85.88,0.88,0.88,45.31,45.31,12.07,12.07,51.96,51.96,379,379,80.74,80.74,120.68,120.7,91.47,91.47,17.97,18.18,0,0,152.63,152.63,26.86,26.71,79.52,79.52,-74.08,-74.1,0.53,0.53,95.14,95.14,569.68,566.88,9,9,104,104,48.08,48.08,3368.56,3368.56,1381.84,1381.75,0.14,0.14,125.47,125.47,5.16,5.16,11.99,11.99,2602.41,2602.41,0.65,0.65,37.03,36.82,80.79,80.79,-94.39,-94.39,65.5,65.5,120.99,120.99,78783.2,78783.23,68256.38,68312.4,89571,89506,15064.96,15064.97,1.96,1.95,0,0,7.142E+11,7.161E+11,16150.56,16150.56,0.84,0.84,126.17,126.17
Sperni II,75,75.67,42.67,33.78,36,36,2.51,2.1,33.05,32.93,40.78,40.78,298.2,269.9,28.5,27.5,162,164.25,1848.85,1673.36,-5.61,-5.61,5964.02,5397.95,3339.85,3022.85,1252.44,1133.57,5709.65,5167.73,1371.72,1241.53,1937.71,1753.79,-7.62,-7.62,3638.05,3292.75,2743.45,2483.06,2743.45,2483.06,954.24,863.67,3638.05,3292.75,-2.37,-2.37,2003.91,1813.71,9184.59,8312.84,9.8,9.8,372.75,337.37,745.5,674.74,1341.9,1214.54,298.2,269.9,13.11,13.11,39.79,47.72,10.55,10.55,37.18,34.17,24.39,24.59,18.13,17.85,51.62,51.62,1,1,50,50,100,100,57.77,58.47,62.64,68.21,69.18,69.29,16.71,19.27,969.15,877.17,64.92,66,39,32.33,14.64,15.22,87.49,85.78,8.82,8.82,92.57,92.57,655.93,704.61,0,0,68,68,66.28,64.45,670.95,607.27,489.46,493.7,0.46,0.45,139.26,140.41,9.84,9.77,18.64,18.64,534.71,534.71,2.4,2.39,38.29,35.73,50.26,48.97,62.85,62.85,77.78,77.78,90.47,90.47,45554.67,41230.88,27876.74,27829.13,70060,58316,670.95,607.27,8.97,7.75,74.55,67.47,10800000000,20600000000,38903.68,34963.79,4.46,4.36,13.62,12.18
Formisia,69.89,70.22,96.17,96.16,35.81,35.81,1.54,1.54,19.82,19.81,23.24,23.24,6736.61,6736.62,36.17,35.67,84,84.25,-14.28,-14.28,-11.1,-11.1,-8.93,-8.93,-9.61,-9.61,-16.28,-16.28,-11.56,-11.56,-8.93,-8.93,-12.67,-12.67,-7.94,-7.94,-4.9,-4.9,-17.72,-17.72,-15.43,-15.43,-9.17,-9.17,-24.23,-24.23,13106.49,13106.5,-18.64,-18.64,0,0,30.92,30.92,2464.61,2464.62,13883.99,13884,8297.53,8297.54,5997.23,5997.23,18.38,18.38,64.97,65.08,1.3,1.3,34.42,34.36,69.31,69.37,1.03,1.03,46.97,46.97,14.12,14.12,53.84,53.84,182,182,83.1,83.08,127.74,127.76,91.82,91.82,13.55,13.76,10433.53,10433.54,111.57,111.56,41,40.86,92.92,92.92,-221.52,-221.55,12.15,12.15,92.29,92.29,705.86,702.74,4,4,104,104,44.98,44.98,5422.15,5422.15,1255.33,1255.15,0.14,0.14,152.58,153.19,7.37,7.37,18.03,18.03,1306.96,1306.96,0.81,0.81,41.45,41.24,81.86,81.86,-120.17,-120.17,98.25,98.25,110.31,110.31,91645.53,91645.59,72951.66,73016.85,112291,112203,11583.69,11583.69,1.91,1.91,3368.31,3368.31,7.846E+11,7.877E+11,6506.83,6506.84,23.08,23.06,123.37,123.37
Cricket Fans,61.56,62.22,68.38,68.29,73.71,73.71,1.35,1.35,20.74,20.74,57,57,13840.61,13840.61,46.83,46.33,179.5,179.5,-23.62,-23.62,-16.92,-16.92,-16.61,-16.61,-16.4,-16.4,-21.4,-21.4,-14.81,-14.81,-25.34,-25.34,-23.04,-23.04,-18.38,-18.38,-24.04,-24.04,-27.35,-27.35,-18.71,-18.71,-20.45,-20.45,-24.04,-24.04,-10.8,-10.8,-29.95,-29.95,0,0,36.97,36.97,14973.02,14973.03,7612.34,7612.34,9185.13,9185.13,3648.89,3648.89,2.91,2.91,73.98,74.09,25.46,25.46,28.19,28.13,83.34,83.4,0.9,0.9,51.62,51.62,7.39,7.39,51.96,51.96,400,400,101.24,101.24,133.8,133.81,91.21,91.21,15.07,15.28,6731.57,6731.57,138.52,138.52,29.57,29.43,92.77,92.77,-300.68,-300.7,0.68,0.68,94.3,94.3,591.7,588.84,12,12,120,120,36.11,36.11,3648.89,3648.89,1529.36,1529.28,0.13,0.13,90.47,90.47,8.64,8.64,94.15,94.15,3196.45,3196.45,0.53,0.53,39.93,39.72,72.18,72.18,-149.32,-149.32,70.32,70.32,125.67,125.67,86000.52,86000.53,73347.99,73409.12,99148,99075,9940.07,9940.08,1.65,1.65,2956.86,2956.86,5.038E+11,5.045E+11,6192.04,6192.04,0.96,0.96,140.84,140.84
Progressiya,47,49,59.11,50.22,66,66,3.84,3.02,30.88,30.77,43.68,43.68,0,0,57.75,56.25,96.75,99,1845.36,1705.85,1282.52,1185.57,5140.63,4752.01,1120.39,1035.7,2899.84,2680.62,1145.44,1058.85,2372.6,2193.24,4014.97,3711.44,263.62,243.69,5799.69,5361.25,3492.99,3228.93,197.72,182.77,4481.58,4142.78,5140.63,4752.01,1054.49,974.77,3405.26,2907.19,9358.59,8651.1,9.17,9.17,1153.35,1066.16,741.44,685.39,906.2,837.69,411.91,380.77,12.84,12.84,26.07,33.12,13.62,13.62,54.03,50.3,25.57,25.86,16.35,15.86,52.16,52.16,1,1,50,50,98,98,60.36,61.03,81.16,86.03,71.68,71.83,6.26,7.09,1153.35,1066.16,74.12,74.68,51.33,44.67,9.38,9.61,99.69,97.72,1.65,1.65,93.49,93.49,597.53,639.86,-8,-8,64,64,69.26,67.92,411.91,380.77,613.69,632.01,0.33,0.33,57.46,58.2,11.3,10.7,18.75,18.75,434.43,434.43,2.03,2,48.74,47.91,54.76,53.26,72.11,72.11,50.99,50.99,105.5,105.5,57345.01,52769.21,27864.16,29228.71,106863,88256,1153.35,1066.16,3.75,3.4,-3.16,-3.16,7100000000,8500000000,51954.58,47703.36,12.75,12.72,16.11,14.13
Regulus Corneas,67.33,68,46,45.78,57.33,57.33,1.24,1.24,23.12,23.12,45.83,45.83,2660.14,2660.15,40,39,135,137.25,-7.87,-7.87,300.44,300.44,-8.94,-8.94,-6.57,-6.57,-9.81,-9.81,-8.76,-8.76,-9.7,-9.7,-10.68,-10.68,-11.81,-11.81,1189.24,1189.24,-8.49,-8.49,1489.68,1489.68,2128.12,2128.12,-13.11,-13.11,3267.28,3267.29,-2.41,-2.41,0,0,22,22,3677.26,3677.26,7198.04,7198.05,3364.3,3364.31,2347.19,2347.19,1246.38,1246.38,80.69,80.84,18.02,18.02,23.92,23.84,37.66,37.82,2,1.98,48.6,48.6,6.47,6.47,53.38,53.38,168,168,75.82,75.81,111.5,111.53,90.03,90.04,13.45,13.84,3207.82,3207.83,87.83,86.95,-78.5,-78.67,80.58,80.59,-68.5,-68.53,1.65,1.65,93.49,93.49,770.19,762.59,-8,-8,65,65,78.18,78.18,1564.79,1564.79,1126.05,1125.65,0.26,0.26,170.25,170.89,9.09,9.09,12.39,12.39,981.19,981.19,1.1,1.1,41.55,41.16,60.96,60.96,-70.64,-70.64,31.46,31.46,112.37,112.37,47118.99,47119.06,42078.9,42118.03,52147,52104,3520.78,3520.78,2.08,2.08,1643.03,1643.03,1.652E+11,1.663E+11,9141.08,9141.1,16.4,16.37,17.96,17.96
Argesea,43.33,44.13,97.48,97.48,46.48,46.48,1.46,1.46,17.99,17.99,23.71,23.71,1529.56,1529.56,60.5,59.9,62,62.25,-14.35,-14.35,-16.88,-16.88,-17.15,-17.15,21842.09,21842.09,-13.59,-13.59,-15.31,-15.31,17131.05,17131.05,-35.45,-35.45,-23.69,-23.69,-27.68,-27.68,28493.49,28493.49,-17.2,-17.2,-17.2,-17.2,-27.48,-27.48,-27.32,-27.32,-26.56,-26.56,17131.05,17131.05,36.61,36.61,4534.05,4534.05,1201.8,1201.8,19283.36,19283.36,-17.03,-17.03,3336.17,3336.17,68.5,68.61,0.77,0.77,35.66,35.6,86.2,86.26,0.87,0.87,22.26,22.26,27.93,27.93,40.94,40.94,535,535,107.52,107.51,159.42,159.43,93.36,93.36,11.62,11.47,35452.98,35452.98,3.71,3.71,-63.57,-63.71,94.76,94.76,-338.51,-338.53,0.79,0.79,93.83,93.83,900.66,896.15,4,4,120,120,83.33,83.33,-29.15,-29.15,1515.33,1515.37,0.14,0.14,44.31,44.96,3.3,3.3,5.56,5.56,2699.01,2699.01,0.54,0.54,43.38,43.53,91.87,91.87,-267.91,-267.91,241.89,241.89,114.92,114.92,140666.92,140666.93,115172.92,115272.9,168133,168004,163.88,163.88,1.6,1.6,-28.11,-28.11,8.818E+11,8.83E+11,7314.68,7314.68,59.65,59.64,156.45,156.45
Karbarel Scus,56.33,58.33,3,2.75,38.67,38.67,1.06,1.06,35.68,35.63,44.28,44.28,480.28,480.31,50.75,49.25,112.5,114.75,-5.29,-5.29,307.38,307.4,256.15,256.17,816.47,816.53,1056.61,1056.69,537.91,537.95,-11.14,-11.14,620.36,620.41,-10.86,-10.86,-10.39,-10.39,-12.17,-12.17,-11.27,-11.27,-4.24,-4.24,-2.83,-2.83,-8.83,-8.83,278.56,278.58,256.15,256.17,18.6,18.6,820.47,820.54,600.35,600.39,720.42,720.47,480.28,480.31,9.56,9.56,94.4,94.63,15.51,15.51,17.07,16.88,24.46,24.76,18.02,17.59,48.6,48.6,1,1,51.48,51.48,113,113,69.49,69.49,104.64,104.68,66.94,66.97,21.24,21.32,680.39,680.45,107.13,106.66,-97,-97.25,70.28,70.29,-19.05,-19.09,8.37,8.37,92.61,92.61,1799.42,1736.62,0,0,64,64,74.69,74.69,520.3,520.34,1023.64,1023.41,0.23,0.23,203.75,205.14,9.56,9.55,24.09,24.09,696.64,696.64,1.48,1.48,33.76,33.68,43.12,43.13,-71.06,-71.06,81.55,81.55,107.17,107.17,11786.81,11787.72,11434.96,11450.5,12113,12100,620.36,620.41,2.33,2.33,400.23,400.26,7200000000,7800000000,3500.68,3500.95,10.7,10.67,7.31,7.31
Chiss Admiral Thrawn,70,70.57,58.67,58.44,40,40,1.5,1.5,23.33,23.33,42,42,2820.28,2820.43,36,35.14,144,146.25,-9.27,-9.27,4548.55,4548.78,1804.98,1805.07,5938.39,5938.69,-9.81,-9.81,-8.85,-8.85,-6.78,-6.78,-14.39,-14.39,-6,-6,-7.48,-7.48,-11.66,-11.66,758.09,758.13,-6,-6,-10.3,-10.3,2897,2897.14,106.13,106.14,1804.98,1805.07,14.9,14.9,564.06,564.09,8460.85,8461.28,2820.28,2820.43,1240.92,1240.99,614.76,614.76,66.5,66.63,14.16,14.16,28.51,28.46,33.43,33.57,2.55,2.52,51,51,6.47,6.47,51.48,51.48,185,185,66.13,66.12,103.8,103.84,89.51,89.53,13.11,13.45,2256.23,2256.34,63.87,63.85,39,38.83,66.1,66.11,22.95,22.92,4.64,4.64,93.01,93.01,694.44,688.46,-8,-8,62,62,57.54,57.53,564.06,564.09,1072.45,1072.01,0.38,0.38,197.61,198.29,9.34,9.34,15.29,15.29,1079.18,1079.18,1.29,1.29,41.89,41.55,61.88,61.88,-81.73,-81.73,93.17,93.17,106.51,106.51,41097.27,41099.34,33123.17,33158.92,49808,49766,2256.23,2256.34,2.55,2.55,338.43,338.45,1.4643E+12,1.5292E+12,13931.97,13932.68,13.48,13.46,22.31,22.31
Flemingovia,60.22,60.89,94.76,94.71,65.33,65.33,1.46,1.46,18.58,18.58,66.46,66.46,14800.95,14800.95,47.83,47.33,85.25,85.25,-16.25,-16.25,-17.98,-17.98,-18.22,-18.22,-13.28,-13.28,-19.88,-19.88,-15.15,-15.15,-25.42,-25.42,-22.65,-22.65,-22.32,-22.32,-19.6,-19.6,-22,-22,-19.75,-19.75,-18.28,-18.28,-28.37,-28.37,-5.6,-5.6,-27.72,-27.72,0,0,38.17,38.17,14800.95,14800.95,14943.95,14943.95,10010.3,10010.3,5434.16,5434.16,1730.95,1730.95,68.61,68.73,34.05,34.05,8.32,8.32,89.6,89.65,0.85,0.85,47.8,47.8,15.38,15.38,55.65,55.65,480,480,108.67,108.67,131.26,131.28,92.8,92.8,8.12,8.33,5148.16,5148.16,150.16,150.16,36.29,36.14,95.03,95.03,-354.96,-354.98,0.58,0.58,94.8,94.8,647.92,644.93,-1,-1,100,100,36.74,36.74,4004.12,4004.12,1554.34,1554.26,0.13,0.13,86.76,86.76,6.71,6.71,10.4,10.4,3124.44,3124.44,0.52,0.52,46.88,46.67,83.3,83.3,-190.46,-190.46,119.68,119.68,115.74,115.74,104178.64,104178.65,85371.69,85445.74,124425,124329,14800.95,14800.95,1.59,1.59,3575.11,3575.11,6.24E+11,6.247E+11,5208.93,5208.93,14.53,14.53,139.36,139.36
Lower Pensaland,67.83,68.83,22.5,22.25,32,32,1.62,1.62,30.71,30.7,44.28,44.28,436.14,436.25,39.25,37.75,137.25,141.75,2616.86,2617.52,-6.32,-6.32,1003.13,1003.38,2049.87,2050.39,2529.63,2530.27,1046.74,1047.01,1613.73,1614.14,2725.89,2726.58,-3.87,-3.87,-7.07,-7.07,0,0,1264.81,1265.13,2616.86,2617.52,1090.36,1090.63,3205.65,3206.46,1410.34,1420.51,5233.71,5235.04,12.69,12.69,872.29,872.51,926.8,927.04,872.29,872.51,381.62,381.72,932.65,932.65,61.58,61.76,15.9,15.9,28.25,28.12,31.42,31.68,3.1,3.01,52.16,52.16,2.52,2.52,51.96,51.96,113,113,64.98,64.94,87.79,87.86,71.91,71.92,19.64,20.22,708.73,708.91,81.4,80.09,22.5,22.25,31.36,31.36,58.37,58.34,10.71,10.71,92.4,92.4,935.96,923.4,0,0,67,67,53.03,53.02,436.14,436.25,924.98,918.24,0.29,0.29,165.72,173.33,9.85,9.85,13.81,13.81,663.01,663.01,1.61,1.61,35.36,34.78,49.54,49.54,-65.19,-65.19,80.93,80.93,100.2,100.2,33477.72,33496.01,25899.43,25955.24,42059,42023,1362.95,1363.29,2.65,2.66,272.59,272.66,4.157E+11,4.458E+11,22965.72,22978.26,4.09,3.91,10.87,10.87
Gridlands WA puppet state,70,71,34.44,34.22,68.67,68.67,1.39,1.38,28.76,28.76,45.83,45.83,1087.4,1087.33,36,34.5,144,148.5,405.96,405.93,487.15,487.12,2609.75,2609.58,463.96,463.93,397.84,397.82,-5.14,-5.14,1507.86,1507.76,-4.42,-4.42,1855.82,1855.7,115.99,115.98,-6,-6,-4.56,-4.56,2145.79,2145.65,-8.12,-8.12,3972.62,3972.36,1801.74,1816.12,4523.57,4523.27,14.42,14.42,1812.33,1812.21,1377.37,1377.28,724.93,724.88,1159.89,1159.81,1207.99,1207.99,72.15,72.28,18.02,18.02,36.24,36.13,31.48,31.74,3.08,2.99,51.62,51.62,2.52,2.52,53.38,53.38,138,138,66.73,66.69,98.1,98.17,74.94,74.94,18.31,18.87,2174.79,2174.65,51.54,50.51,-77.17,-77.33,48.22,48.21,34.56,34.54,1.06,1.06,93.67,93.67,619.88,609,-8,-8,67,67,77.14,77.14,797.42,797.37,1059.4,1058.53,0.36,0.37,202.47,210.87,9.74,9.74,12.56,12.56,779.36,779.36,1.34,1.34,36.69,36.13,51.55,51.55,53.39,53.39,40.62,40.62,108.14,108.14,38069.15,38081.17,32039.95,32081.65,44408,44384,1522.35,1522.26,2.5,2.5,-9.49,-9.49,1.481E+11,1.563E+11,19719.82,19726.05,13.99,13.94,13.3,13.3
Gidoraland,78.67,79,26.33,23,70,70,1.79,1.63,34.77,34.85,43.68,43.68,65.28,60.53,23,22.5,173.25,175.5,1514.45,1404.36,-5.86,-5.86,992.23,920.1,282,261.5,1462.23,1355.94,2375.6,2202.91,4804.47,4455.22,-1.58,-1.58,1462.23,1355.94,208.89,193.71,3342.24,3099.28,757.23,702.18,2036.68,1888.62,-7.87,-7.87,146.22,135.59,2106.81,1854.38,7311.15,6779.68,9.49,9.49,456.95,423.73,391.67,363.2,326.39,302.66,261.11,242.13,619.71,619.71,55.9,61.21,15.09,15.09,42.58,40.22,29.52,29.61,5.74,5.49,51,51,1,1,51.48,51.48,105,105,58.82,59.2,71.54,74.48,67.63,67.57,22.11,23.39,1631.95,1513.32,20.6,20.92,26.33,23,18.02,18.4,81.35,80.31,1.06,1.06,93.67,93.67,477.44,498.05,-4,-4,64,64,57.84,55.79,391.67,363.2,502.16,505.34,1.51,1.47,264.66,269.44,9.81,9.78,15.27,15.27,478.59,478.59,2.35,2.34,32.89,31.61,46.86,45.95,31.78,31.78,29.83,29.83,103,103,33196.43,30684,24388.09,23661.79,43631,38658,718.06,665.86,7.02,6.14,-11.83,-11.83,3.881E+11,4.592E+11,27221.07,25038.14,13.58,13.55,8.82,8.32
BPU,67.2,68,53.11,49.56,78,78,2.23,2.15,31.03,30.83,43.68,43.68,542.75,533.35,40.2,39,135,137.25,1230.22,1208.93,-2.19,-2.19,3763.04,3697.89,1157.86,1137.81,1722.31,1692.5,810.5,796.47,2532.81,2488.96,-4.42,-4.42,2677.55,2631.19,4848.53,4764.59,-11.22,-11.22,-2.79,-2.79,3039.38,2986.76,3763.04,3697.89,1085.49,1066.7,5545.03,5402.81,7526.08,7395.78,9.75,9.75,1266.41,1244.48,814.12,800.02,1085.49,1066.7,271.37,266.67,614.76,614.76,44.82,46.53,15.09,15.09,61.67,59.8,31.33,31.54,3.13,3.05,47.8,47.8,1,1,51.48,51.48,121,121,59.5,59.61,85.39,87.43,71.49,71.75,13.53,14.82,1266.41,1244.48,71.12,70.52,46.83,44.17,18.2,18.37,82.58,82.11,0.73,0.73,94.07,94.07,373.67,383.07,0,0,64,64,66.21,65.67,452.29,444.46,696.49,691.47,0.33,0.34,209.34,210.04,11.34,11.11,15.29,15.29,679.4,679.4,1.88,1.89,41.47,40.18,53.27,52.92,53.85,53.85,47.96,47.96,99.3,99.3,46240.12,45393.35,30174.94,30224.59,67322,64959,904.58,888.92,5.15,4.82,90.46,88.89,1.145E+11,1.574E+11,37824.42,37040.97,8.61,8.57,12.82,12.35
Tokevetne,74.17,75.17,53,46.33,79.33,79.33,3.23,2.75,32.12,31.86,43.68,43.68,142.43,134.42,29.75,28.25,159.75,162,5013.37,4731.73,2256.02,2129.28,3019.42,2849.79,2677.6,2527.17,5526.1,5215.65,273.46,258.09,1766.07,1666.86,5299.36,5001.65,3873.97,3656.34,4443.67,4194.03,1880.01,1774.4,4073.36,3844.53,455.76,430.16,4158.82,3925.18,-3.13,-3.13,4153.29,3766.72,9798.86,9248.38,7.81,7.81,925.76,873.76,569.7,537.7,284.85,268.85,284.85,268.85,302.78,302.78,30.93,36.43,14.16,14.16,62.53,58.94,33.2,33.45,2.6,2.55,51,51,1,1,50.5,50.5,109,109,56.57,57.16,61.32,66.29,70.17,70.46,17.72,19.89,569.7,537.7,58.91,59.19,46.75,41.75,6.79,6.96,113.66,112.21,0.71,0.71,94.13,94.13,299.07,319.34,0,0,64,64,68.76,67.76,284.85,268.85,477.82,480.55,0.51,0.5,234.8,239.3,13.28,12.84,16.48,16.48,570.82,570.82,2.45,2.44,37.28,35.11,52.75,51.73,-7.07,-7.07,73.14,73.14,98.83,98.83,58706.17,55254.91,31324.56,32232.03,101288,88487,640.91,604.91,10.74,9.92,-4.47,-4.47,83300000000,1.039E+11,54714.15,51387.06,4.29,4.15,13.2,12.02
Versord,65.6,66.4,53.78,44.89,41.33,41.33,3.32,2.66,31.27,31.3,43.68,43.68,192.57,174.69,42.6,41.4,130.5,132.75,2541.9,2305.93,-3.77,-3.77,5237.86,4751.61,862.71,782.62,-3.46,-3.46,-2.13,-2.13,3928.39,3563.71,2142.9,1943.97,4467.58,4052.84,616.22,559.01,2156.76,1956.55,2195.28,1991.48,1001.36,908.4,4467.58,4052.84,-5.29,-5.29,-1.25,-1.25,11708.15,10621.24,10.49,10.49,1540.55,1397.53,1059.13,960.8,1059.13,960.8,481.42,436.73,624.65,624.65,30.1,37.63,15.09,15.09,43.18,40.12,24.05,24.3,18.6,18.26,52.64,52.64,1,1,51.48,51.48,101,101,58.4,59.12,62.19,67.73,71.17,71.13,7.94,10.56,962.84,873.46,73.74,74.89,47.33,40.67,23.25,23.85,77.26,75.45,7.53,7.53,92.69,92.69,670.92,718.37,0,0,64,64,66.58,64.52,673.99,611.42,480.3,485.38,0.35,0.34,192.91,193.59,12.5,11.91,15.24,15.24,498.69,498.69,2.44,2.42,47.06,44.44,53.85,52.28,68.41,68.41,46.04,46.04,100.2,100.2,45062.52,40879.21,23689.59,24269.91,78712,64500,1540.55,1397.53,7.88,6.34,288.85,262.04,15700000000,30600000000,34562.96,31109.08,2.79,2.74,12.45,10.95
Puppeneppestioia,8,11,2.33,2,3,3,1.05,1.04,37.47,40.31,42,42,169.45,138.48,92,89,18,24.75,580.96,474.8,554.33,453.04,-8.37,-8.37,96.83,79.13,484.13,395.67,3309.03,2704.37,-5.48,-5.48,-8.69,-8.69,-8.94,-8.94,-7.07,-7.07,193.65,158.27,-6.32,-6.32,-10.49,-10.49,-8.94,-8.94,0,0,-11.48,-11.48,580.96,474.8,12.17,12.17,314.68,257.18,314.68,257.18,532.54,435.23,242.06,197.83,141.46,141.46,95.02,96.25,12,12,11.14,11.1,1.04,1.09,37.95,37.45,50,50,1,1,50,50,100,100,64.12,64.12,81.68,81.76,65.79,65.16,46.14,45.25,387.3,316.53,109.33,108.5,-97.67,-98,40.7,40.75,48.31,48.15,28.66,28.66,91.19,91.19,11077.86,10473.76,0,0,64,64,75.36,75.27,290.48,237.4,473.12,478.93,0.2,0.2,16.56,20.93,9.26,9.26,17.06,17.06,538.13,538.13,2.47,2.45,8.86,9.75,41.42,40.99,-67.82,-67.82,33.17,33.17,101.85,101.85,10176.41,8316.89,9906.39,8151.38,10426,8469,290.48,237.4,2.75,2.75,121.03,98.92,12500000000,11900000000,6034.61,4923.6,9.2,9.09,7.53,7.46
2nd Spawn Industhan,3,6,34.67,26.33,76.67,76.67,2.11,1.79,32.15,32.33,42,42,391.63,346.34,97,94,6.75,13.5,3524.63,3117.1,-2.83,-2.83,783.25,692.69,-5.48,-5.48,3133.01,2770.76,-4.04,-4.04,3916.26,3463.45,489.53,432.93,2741.38,2424.41,-7.07,-7.07,-3.16,-3.16,0,0,391.63,346.34,1174.88,1039.03,-9.49,-9.49,-9.24,-9.6,8224.14,7273.24,9.85,9.85,979.06,865.86,979.06,865.86,979.06,865.86,391.63,346.34,125.17,125.17,47.29,55.9,12,12,50.03,45.14,16.5,17.26,26.58,25.94,50,50,1,1,50,50,100,100,60.42,60.99,87.83,92.32,70.13,69.93,29.9,31.12,1272.78,1125.62,106.07,105.7,33,26.33,32.48,33.05,69.45,67.74,0.73,0.73,94.04,94.04,979.28,1053.23,0,0,64,64,58.76,55.39,881.16,779.28,423.86,433.58,0.21,0.21,10.69,14.22,11.38,10.79,17.14,17.14,525.66,525.66,2.74,2.68,25.1,23.88,49.25,47.85,45.28,45.28,-32.4,-32.4,100.62,100.62,28392.87,25109.99,19069.84,18447.31,40329,33003,881.16,779.28,3.71,3.42,195.81,173.17,2200000000,4800000000,19165.19,16798.58,9.02,8.92,8.64,7.97
Morozko the snow demon,67.73,68.53,21.83,21.67,49.33,49.33,1.3,1.3,27.66,27.65,42,42,1861.44,1861.97,39.4,38.2,137.25,139.5,-3.46,-3.46,2808.11,2808.91,744.58,744.79,670.12,670.31,-4.14,-4.14,-6.99,-6.99,1542.34,1542.77,-8.75,-8.75,-4.24,-4.24,-7.87,-7.87,-11.49,-11.49,850.94,851.18,478.66,478.79,-11.49,-11.49,2738.98,2739.75,-13.61,-13.61,2286.91,2287.56,15.68,15.68,1462.56,1462.97,2326.8,2327.46,1529.04,1529.47,930.72,930.98,507.09,507.09,77.05,77.19,13.62,13.62,29.43,29.34,31.6,31.8,3.03,2.96,50,50,3.93,3.93,50.99,50.99,171,171,66.37,66.36,102.31,102.36,77.04,77.07,15.46,15.92,1396.08,1396.47,78.68,77.67,21.83,21.67,67.57,67.57,12.77,12.74,4.04,4.04,93.08,93.08,817.2,807.5,0,0,64,64,49.69,49.69,930.72,930.98,1070.03,1069.45,0.28,0.28,88.82,89.28,9.65,9.65,15.78,15.78,1052.32,1052.32,1.3,1.3,39.54,39.08,50.93,50.93,-40.12,-40.12,54.86,54.86,102.62,102.62,26187.8,26195.19,22822.04,22850.2,29619,29602,1662,1662.47,2.53,2.53,598.32,598.49,1.961E+12,2.0827E+12,8484.85,8487.24,7.87,7.83,13.8,13.8
Cabrinialand,40.73,41.45,97.96,97.95,44,44,2.05,2.05,21.65,21.65,14.13,14.13,4719.4,4721.87,62.45,61.91,41.5,41.75,-6.48,-6.48,-3.1,-3.1,-1.18,-1.18,5395.85,5398.67,-1.91,-1.91,-10.24,-10.24,14213.27,14220.7,-17.15,-17.15,3696.87,3698.8,-9.06,-9.06,-9.59,-9.59,2454.09,2455.37,-9.06,-9.06,-14.18,-14.18,-6.34,-6.34,1693.32,1694.21,14213.27,14220.7,23.47,23.47,-13.04,-13.04,12191.79,12198.16,11405.22,11411.18,4424.44,4426.75,1831.71,1831.71,48.79,48.88,0.38,0.38,46.59,46.51,45.93,46.01,1.52,1.52,58.14,58.14,3.63,3.63,27.72,27.72,293,293,83.58,83.57,117.84,117.86,90.71,90.71,11.9,11.77,13764.92,13772.12,13.41,13.4,38.71,38.57,76.55,76.55,-76.93,-76.95,81.43,81.43,67.37,67.37,915.81,911.8,-14,-14,77,77,47.08,47.08,-16.73,-16.73,1306.74,1306.79,0.15,0.15,104.79,105.79,9.74,9.73,10.02,10.02,2246.97,2246.97,0.74,0.74,43.1,43.23,87.26,87.26,-109.48,-109.48,109.19,109.19,28.37,28.37,93407.83,93456.66,63798.81,63898.58,130771,130722,4621.08,4623.5,1.9,1.9,-10.49,-10.49,5.85705E+14,5.8989E+14,21950.84,21962.31,21.74,21.72,81.49,81.49
Dragonian Kazaman,69.44,70.11,54.67,54.44,57.78,57.78,1.27,1.27,24.33,24.33,43,43,3095.01,3095.33,36.83,35.83,144,146.25,-5.66,-5.66,-5.06,-5.06,2017.49,2017.69,-4.9,-4.9,-5.81,-5.81,-8.29,-8.29,-6.63,-6.63,-9.95,-9.95,-4.24,-4.24,1283.86,1283.99,-11.49,-11.49,825.34,825.42,2200.9,2201.12,-13.11,-13.11,-3.3,-3.3,-8.6,-8.6,2017.49,2017.69,16.55,16.55,3897.42,3897.82,5502.25,5502.8,2636.49,2636.76,2636.49,2636.76,196.95,196.95,78.58,78.72,13,13,30.08,29.99,28.68,28.87,8.45,7.8,50,50,4.48,4.48,50,50,156,156,67.85,67.83,104.59,104.62,85.86,85.88,13.58,13.97,1948.71,1948.91,99.89,99.19,24,23.83,73.74,73.75,-1.24,-1.27,2.09,2.09,93.39,93.39,716.32,708.99,0,0,62,62,49.36,49.36,1260.93,1261.06,1057.91,1057.36,0.27,0.27,71.19,71.6,9.6,9.6,16.83,16.83,929.68,929.68,1.35,1.35,41.42,41.03,59.19,59.2,45.28,45.28,12.25,12.25,104.1,104.1,37736.24,37740.05,33230.42,33265.07,42287,42256,2636.49,2636.76,2.42,2.42,1604.82,1604.98,2.0746E+12,2.2078E+12,9924.63,9925.63,7.2,7.16,9.94,9.94
Numadsh,65.15,65.27,82.43,82.14,39.11,39.11,1.73,1.72,26.96,26.94,44.83,44.83,2148.6,2149.47,43.27,43.09,178.25,178.25,5000.38,5002.41,4125.31,4126.98,2437.68,2438.67,9688.23,9692.16,1586.06,1586.7,-7.27,-7.27,3515.89,3517.32,-3,-3,-6,-6,2265.8,2266.71,-11.05,-11.05,3359.63,3360.99,1093.83,1094.28,-6.4,-6.4,9453.84,9457.67,341.28,341.41,10953.95,10958.39,11.79,11.79,1269.63,1270.14,1269.63,1270.14,1074.3,1074.74,2636.92,2637.99,34.9,34.9,57.97,58.18,16.29,16.29,35.05,34.91,39.91,39.93,1.82,1.82,46.97,46.97,3.93,3.93,51.96,51.96,128,128,61.94,61.95,80.1,80.31,78.57,78.62,13.2,13.36,97.66,97.7,12.24,12.24,32.43,32.14,23.55,23.57,69.16,69.11,8.67,8.67,92.58,92.58,826.12,827.1,1,1,72,72,62.04,62.03,585.98,586.22,1052.04,1051.95,7.97,7.97,59.56,59.56,9.6,9.59,17.77,17.77,835.75,835.75,1.37,1.37,41.8,41.64,65.88,65.9,-125.87,-125.87,141.31,141.31,101.04,101.04,68178.41,68206.08,51073.23,51190.91,88101,87991,3320.56,3321.91,3.12,3.12,195.33,195.41,4.7382E+12,4.9192E+12,52088.3,52109.44,7.6,7.6,22.52,22.52
Jamangland,87.67,88.33,69.33,73.78,74,74,102.81,52.58,110.67,93.57,40.78,40.78,-3.16,-3.16,12.33,11.67,198,200.25,5497.37,5662.01,6084.04,6266.26,4638.41,4777.32,-2.68,-2.68,2061.51,2123.25,-5.57,-5.57,944.86,973.16,-1.22,-1.22,2491,2565.6,4638.41,4777.32,2920.48,3007.94,-1.61,-1.61,2061.51,2123.25,3349.96,3450.29,4896.1,5042.73,329.84,339.72,11080.64,11412.49,5.57,5.57,-5.48,-5.48,214.74,221.17,-5.48,-5.48,0,0,1670.09,1670.09,0.97,1.9,14.16,14.16,88.84,85.03,34.95,35.07,2.3,2.28,51.62,51.62,1,1,52.44,52.44,113,113,39.16,40.3,12.76,14.34,59.25,61.17,35.45,33.45,429.48,442.34,32.75,33.13,97,90.33,5.82,6.01,120.81,119.1,0.77,0.77,93.9,93.9,55.75,71.48,0,0,64,64,75.81,75.17,107.37,110.59,161.3,176.76,3.17,3.1,346.98,353.36,16.59,16.03,10.64,10.64,565.33,565.33,89.64,83.58,19.55,21.55,51.81,53.78,74.23,74.23,-10.49,-10.49,96.68,96.68,50457.29,51968.43,3162.99,5222.7,325202,274620,107.37,110.59,20.46,20.03,-7.07,-7.07,76000000000,2.208E+11,47530.76,48850.32,1.8,1.77,31.1,28.27
The Imperia1 Remnant,62.33,64.17,7,5.33,40,40,1.15,1.12,32.6,32.91,45.83,45.83,479.73,445.44,46.25,44.75,121.5,126,1298.96,1206.12,-4.2,-4.2,-7.21,-7.21,-8.83,-8.83,-8.72,-8.72,1133.63,1052.62,-10.68,-10.68,147.61,137.06,679,630.47,-7.21,-7.21,856.13,794.94,-7.21,-7.21,708.52,657.88,-10.3,-10.3,-9.95,-9.95,-10.18,-10.18,1298.96,1206.12,16.12,16.12,1512.99,1404.86,922.55,856.62,774.95,719.56,479.73,445.44,13.79,13.79,87.19,89.57,15.51,15.51,19.3,18.13,24.43,24.73,18.06,17.63,51,51,1,1,50,50,99,99,68.06,68.12,94.96,95.4,69.64,69.32,20.51,21.57,959.46,890.89,87.36,86.22,-93,-94.67,68.4,68.45,7.92,7.54,7.94,7.94,92.65,92.65,1366.23,1373,-4,-4,64,64,75.28,75.18,664.24,616.77,809.1,803.22,0.29,0.3,76.39,78.1,9.61,9.59,18.39,18.39,559.6,559.6,1.72,1.73,34.49,33.43,44.85,44.52,-14.14,-14.14,-48.99,-48.99,108.14,108.14,15044.27,13969.08,13996.41,13181.44,16052,14717,1033.26,959.41,2.41,2.41,553.53,513.97,1000000000,1700000000,4753.99,4414.23,14.27,14.22,7.71,7.63
Zather,77.6,78,67.81,67.71,61.33,61.33,1.31,1.31,20.7,20.7,43,43,9782.85,9782.85,24.6,24,171,171,-16.97,-16.97,-14.09,-14.09,-16.79,-16.79,-12.92,-12.92,-15.96,-15.96,-12.3,-12.3,-17.32,-17.32,-21.87,-21.87,-19.29,-19.29,-18.38,-18.38,-18.92,-18.92,-16.34,-16.34,-14.76,-14.76,-21.33,-21.33,-4.32,-4.32,-23.99,-23.99,0,0,26.44,26.44,4629.38,4629.39,12839.99,12839.99,5502.85,5502.85,2620.41,2620.41,421.35,421.35,76.32,76.44,14.64,14.64,26.92,26.86,63.98,64.05,1.1,1.1,54.29,54.29,9.59,9.59,51.48,51.48,385,385,80.51,80.52,116.88,116.9,91.24,91.24,17.96,18.21,5764.89,5764.9,76.69,76.7,26.71,26.57,73.38,73.39,-87.88,-87.9,1.06,1.06,93.67,93.67,569.44,565.85,-2,-2,82,82,45.86,45.86,1921.63,1921.63,1331.44,1331.32,0.23,0.23,339.95,339.95,8.22,8.22,16.14,16.14,2485.9,2485.9,0.7,0.7,37.04,36.79,69.54,69.54,-132.65,-132.65,48.13,48.13,106.84,106.84,61055.45,61055.48,52940.76,52984.18,69365,69315,9084.07,9084.08,1.96,1.96,1746.94,1746.94,4.919E+11,4.935E+11,16240.75,16240.76,8.73,8.73,109.18,109.18
Gerfaanlich,68.89,69.22,90.95,90.9,65.33,65.33,2.14,2.14,22.37,22.37,32.72,32.72,7887.65,7887.71,37.67,37.17,185.75,185.75,-6.78,-6.78,841.35,841.36,-7.29,-7.29,-4.65,-4.65,196.31,196.32,-8.85,-8.85,260.42,260.42,-7.04,-7.04,901.45,901.45,1702.73,1702.74,-5.1,-5.1,260.42,260.42,-8.12,-8.12,-8.31,-8.31,-1.71,-1.71,428.69,428.69,260.42,260.42,20.47,20.47,4882.83,4882.87,7637.24,7637.3,5884.43,5884.48,4006.42,4006.45,13.04,13.04,46.73,46.82,1.69,1.69,53.35,53.27,53.97,54.04,1.28,1.28,46.97,46.97,7.39,7.39,47.56,47.56,220,220,71.37,71.37,111.5,111.53,90.36,90.36,8.16,8.37,7762.44,7762.51,53.29,53.3,44.86,44.71,80.64,80.64,-45.82,-45.85,0.7,0.7,94.19,94.19,500.33,497.7,5,5,79,79,49.81,49.81,2128.41,2128.43,1191.2,1191.07,0.23,0.23,100.53,100.53,9.35,9.34,18.67,18.67,1591.58,1591.58,0.93,0.93,46.84,46.63,75.01,75.01,-94.5,-94.5,79.18,79.18,99.3,99.3,57050.46,57050.91,38074.19,38115.04,81478,81404,8889.25,8889.32,2.24,2.24,1252.01,1252.02,1.2357E+12,1.2527E+12,11067.79,11067.88,18.58,18.58,80.06,80.06
Mario Cola 49,55.67,57.67,33.78,27.67,41.33,41.33,2.1,1.84,32.55,32.71,40.78,40.78,368.5,331.67,51.25,49.75,110.25,114.75,58.96,53.07,2683.85,2415.6,3832.38,3449.34,1532.95,1379.73,1532.95,1379.73,3511.64,3160.65,2535.27,2281.87,-7.14,-7.14,3301.74,2971.74,2712.15,2441.07,2417.35,2175.74,-8.25,-8.25,943.36,849.07,1532.95,1379.73,-3.55,-3.55,2188.02,1831.35,6426.61,5784.27,10.34,10.34,442.2,398,810.7,729.67,1105.49,995,589.6,530.67,13.18,13.18,47.72,54.26,10.55,10.55,35.93,33.59,19.96,20.3,23.41,23.06,51.62,51.62,1,1,50,50,100,100,58.87,59.34,69.76,73.51,69.69,69.52,10.86,12.08,1031.8,928.67,76.05,76.24,32.33,27.67,21.63,22.14,76.72,75.34,7.12,7.12,92.73,92.73,887.88,919.23,0,0,68,68,63.12,57.42,737,663.33,570.94,578.25,0.3,0.3,83.1,84.89,10.2,9.98,18.61,18.61,546,546,2.14,2.12,44.14,42.92,49.2,48.03,58.31,58.31,55.68,55.68,91.29,91.29,37907.58,33980.76,25586.05,24569.83,53616,45285,737,663.33,6.93,5.74,147.4,132.67,19900000000,29200000000,29719.55,26471.01,6.14,6.04,11.45,10.46
Objectivist Chimpz,71.93,72.33,93.52,93.48,66.78,66.78,1.53,1.53,21.26,21.26,23.24,23.24,8329.71,8329.73,33.1,32.5,150.75,153,-14.63,-14.63,-9.96,-9.96,-13.19,-13.19,-9.92,-9.92,288.11,288.11,-11.21,-11.21,1019.16,1019.17,-18.85,-18.85,-11.7,-11.7,-13.93,-13.93,-9.17,-9.17,-8.25,-8.25,-10.68,-10.68,-19.9,-19.9,9593.87,9593.89,49.39,49.39,1019.16,1019.17,20.05,20.05,-12.25,-12.25,14821.99,14822.01,7227.25,7227.26,3184.89,3184.9,13.25,13.25,65.29,65.4,1.02,1.02,44.75,44.67,63.98,64.06,1.1,1.1,55.01,55.01,6.08,6.08,49.01,49.01,305,305,74.14,74.13,116.57,116.59,90.91,90.92,12.56,12.81,6492.28,6492.29,23.83,23.82,40.57,40.43,77.01,77.01,-33.44,-33.46,4.59,4.59,93.01,93.01,482.46,479.16,4,4,79,79,52.76,52.76,-7.75,-7.75,1270.16,1269.97,0.29,0.29,67.99,68.39,9.5,9.5,18.58,18.58,2119.47,2119.47,0.79,0.79,42.44,42.19,77.64,77.64,-128.47,-128.47,76.48,76.48,88,88,60193.83,60193.94,48043.84,48086.7,73581,73523,8329.71,8329.73,2.13,2.14,489.98,489.98,1.2575E+12,1.266E+12,13844.58,13844.61,12.97,12.94,82.04,82.04
Arikea,67.73,68.53,48.67,48.44,27.33,27.33,1.43,1.43,26.06,26.05,43.68,43.68,1478.17,1478.42,39.4,38.2,137.25,139.5,4401.65,4402.4,2522.74,2523.17,656.96,657.07,2483.32,2483.74,2956.33,2956.84,-10.32,-10.32,3941.78,3942.45,-9.33,-9.33,2562.15,2562.59,4401.65,4402.4,-9.8,-9.8,-4.56,-4.56,-6,-6,-7.75,-7.75,4467.35,4468.11,1116.84,1117.03,9000.39,9001.93,13.78,13.78,1560.29,1560.55,3120.57,3121.11,1313.93,1314.15,985.44,985.61,468.75,468.75,70.02,70.15,14.64,14.64,27.14,27.08,28.72,28.94,8.33,7.55,51,51,4.48,4.48,50.99,50.99,154,154,65.53,65.52,89.8,89.88,80.76,80.78,17.07,17.52,1888.77,1889.09,53.22,52.4,33.5,33.33,39.78,39.79,46.88,46.85,10.54,10.54,92.42,92.42,864.96,854.98,-4,-4,62,62,55.63,55.62,574.84,574.94,1039.88,1039.14,0.37,0.38,162.05,165.8,9.89,9.89,15.95,15.95,888.41,888.41,1.42,1.42,37.93,37.48,56.67,56.67,-64.65,-64.65,71.97,71.97,104.46,104.46,47123.93,47131.98,39035.49,39081.25,55749,55709,1313.93,1314.15,2.6,2.6,492.72,492.81,1.8175E+12,1.9052E+12,28368.61,28373.45,13.83,13.8,11.73,11.73
SucWAti,78,78.57,78.89,78.78,69,69,1.38,1.38,20.63,20.62,42,42,10122.85,10122.87,24,23.14,171,173.25,-14.76,-14.76,-12.26,-12.26,-14,-14,-7.67,-7.67,-13.2,-13.2,-12.46,-12.46,-15.1,-15.1,-21.35,-21.35,-16.76,-16.76,-13.71,-13.71,-18.38,-18.38,-13.71,-13.71,-12.96,-12.96,-21.77,-21.77,1636.38,1636.38,-18.8,-18.8,0,0,22.29,22.29,3080.87,3080.87,15074.25,15074.28,4181.18,4181.19,2860.81,2860.81,147.13,147.13,72.55,72.69,12,12,31.51,31.44,61.49,61.6,1.14,1.14,52.16,52.16,8.85,8.85,50,50,361,361,74.01,73.99,112.49,112.51,91.28,91.29,19.76,20.1,4731.33,4731.34,74.62,73.91,31.33,31.17,85.4,85.4,-78.37,-78.4,0.74,0.74,94.02,94.02,459.62,454.75,0,0,80,80,47.74,47.74,330.09,330.09,1286.02,1285.77,0.26,0.26,257.02,257.8,8.57,8.57,17.03,17.03,2331.59,2331.59,0.76,0.76,35.24,34.9,72.63,72.63,-124.54,-124.54,75.56,75.56,104.1,104.1,56321.8,56321.91,47541.95,47588.75,65529,65472,8912.51,8912.53,2.14,2.14,1210.34,1210.34,7.489E+11,7.543E+11,8222.98,8223,8.49,8.45,102.9,102.9
Morombe,70.11,70.44,97.48,97.48,58.48,58.48,1.31,1.3,20.99,20.99,42,42,4644.2,4644.2,35.83,35.33,72.25,72.25,5201.5,5201.51,2812.24,2812.24,817.38,817.38,14484.18,14484.2,-5.72,-5.72,-10.35,-10.35,12346.42,12346.43,-19.9,-19.9,3772.52,3772.52,1200.35,1200.35,1200.35,1200.35,3418.13,3418.13,-8.83,-8.83,-16.25,-16.25,14164.09,14164.1,-12.34,-12.34,18365.3,18365.32,25.94,25.94,71.45,71.45,11217.52,11217.54,9931.44,9931.45,4286.95,4286.96,9.32,9.32,76.56,76.68,0.89,0.89,26.55,26.49,65.41,65.47,1.08,1.08,57.27,57.27,9,9,33.52,33.52,232,232,82.2,82.2,128.82,128.84,91.07,91.07,13.49,13.7,11789.12,11789.13,10.4,10.41,26.43,26.29,74.71,74.71,-86.96,-86.98,0.74,0.74,94.02,94.02,681.89,678.83,27,27,94,94,49,49,928.84,928.84,1283.97,1283.86,0.2,0.2,120.37,120.37,8.9,8.9,25.11,25.11,1858.63,1858.63,0.77,0.77,41.51,41.3,87.92,87.92,-212.17,-212.17,216.96,216.96,71.93,71.93,107584.78,107584.89,93438.95,93515.51,122049,121961,4501.3,4501.3,1.92,1.92,357.25,357.25,2.2744E+12,2.2847E+12,27218.95,27218.98,19.61,19.61,109.86,109.86
Comnemnus,51.88,52.61,81.9,81.81,38.22,38.22,1.67,1.67,23.24,23.24,24.2,24.2,1696.22,1696.22,54.09,53.55,141.5,141.75,-11.05,-11.05,-9.47,-9.47,-7.1,-7.1,5094.82,5094.82,-7.56,-7.56,-11.17,-11.17,15296.8,15296.8,5319.96,5319.96,-5.2,-5.2,-9.06,-9.06,3330.75,3330.76,-8.02,-8.02,-3.46,-3.46,-17,-17,-13.02,-13.02,-9.49,-9.49,15296.8,15296.8,26.55,26.55,771.01,771.01,3623.74,3623.74,15574.36,15574.36,3161.13,3161.13,1242.13,1242.13,59.84,59.94,0.69,0.69,37.75,37.67,51.79,51.87,1.34,1.34,46.15,46.15,8.85,8.85,37.41,37.41,94,94,96.47,96.46,137.27,137.29,89.86,89.88,13.19,13.05,15497.26,15497.26,4.67,4.67,29.86,29.71,84.6,84.6,-135.06,-135.08,3.5,3.5,93.16,93.16,964.56,960.45,-34,-34,78,78,46.4,46.4,2544.33,2544.33,1240.14,1240.19,10.37,10.37,65.14,65.93,8.84,8.83,12.41,12.41,958.23,958.23,0.84,0.84,41.81,41.95,72.58,72.59,-135.94,-135.94,126.33,126.33,104.1,104.1,83398.39,83398.41,63541.63,63600.92,106187,106100,4163.44,4163.44,1.71,1.71,1079.41,1079.41,4.311E+11,4.321E+11,12843.35,12843.36,31.77,31.75,48.46,48.46
Fosteles,77.17,77.83,59.11,50.22,79.33,79.33,3.84,3.02,32.46,32.27,43.68,43.68,-3.16,-3.16,25.25,24.25,168.75,171,4656.11,4297.58,-5.45,-5.45,4588.63,4235.29,4993.51,4609,-3.16,-3.16,7926.53,7316.16,1484.56,1370.24,4474.59,4130.03,944.72,871.97,-1.41,-1.41,5668.31,5231.83,-1.61,-1.61,1956.92,1806.23,-4.69,-4.69,4048.79,3737.02,1039.19,959.17,10729.3,9903.11,7.68,7.68,1096.55,1012.11,674.8,622.84,337.4,311.42,337.4,311.42,22.03,22.03,26.07,33.12,14.16,14.16,65.75,61.04,35.78,35.95,2.19,2.17,52.16,52.16,1,1,50.5,50.5,101,101,55.5,56.36,54.49,60.98,69.78,70,18.57,20.23,674.8,622.84,57.21,58.35,51.33,44.67,7.78,7.98,107.72,105.91,0.71,0.71,94.13,94.13,249.57,279.93,0,0,68,68,69.42,68.12,337.4,311.42,545.69,559.42,0.7,0.64,254.51,259.19,9.77,9.71,17.95,17.95,514.42,514.42,2.21,2.17,36.43,34.77,53.35,51.87,-32.4,-32.4,88.6,88.6,87.18,87.18,56086.92,51768.06,27252.85,28674.18,104519,86582,759.15,700.69,12.08,11.02,-4.47,-4.47,27600000000,37700000000,51712.14,47626.62,2.3,2.25,19.91,17.53
Andech,65,65.67,38.89,38.67,70.89,70.89,1.66,1.65,29.51,29.56,45.83,45.83,530.55,523.94,43.5,42.5,128.25,130.5,-5.48,-5.48,4244.42,4191.5,4456.64,4401.08,495.18,489.01,2263.69,2235.47,-9.38,-9.38,-3.61,-3.61,-5.48,-5.48,495.18,489.01,2122.21,2095.75,-3.16,-3.16,990.36,978.02,-7.07,-7.07,-5.48,-5.48,2051.47,2025.89,1617.7,1604.52,4456.64,4401.08,8.31,8.31,1237.96,1222.52,1061.1,1047.88,-3.16,-3.16,88.43,87.32,896.67,896.67,60.35,60.47,17.01,17.01,44.33,44.23,30.2,30.37,4.13,3.81,50,50,2.52,2.52,51.96,51.96,136,136,63.25,63.23,88.36,88.41,73.68,73.6,13.02,13.4,442.13,436.61,81.16,80.3,34.17,34,16.62,16.62,84.16,84.14,0.85,0.85,93.78,93.78,562.5,556.01,-8,-8,67,67,62.48,61.77,0,0,1052.64,1052.07,0.36,0.36,95.42,95.89,9.84,9.84,13.97,13.97,784.13,784.13,1.37,1.37,41.98,41.6,52.1,51.85,68.56,68.56,40,40,103.74,103.74,35873.7,35433.43,27455.58,27148,45497,44896,1061.1,1047.88,2.87,2.87,-7.75,-7.75,2.4458E+12,2.5076E+12,29918.67,29551.48,12.69,12.67,16.42,16.12
Mali i Zi i Ri ne Sardenje,57.33,61.33,57.33,48.44,57.33,57.33,3.61,2.91,32.8,32.63,42,42,312.74,290.5,50,47,112.5,119.25,-4.47,-4.47,3033.59,2817.89,833.98,774.68,2084.94,1936.69,2084.94,1936.69,3262.94,3030.93,3752.9,3486.05,3565.25,3311.75,4586.88,4260.73,-5.48,-5.48,2501.93,2324.03,416.99,387.34,1250.97,1162.02,3752.9,3486.05,-5.48,-5.48,-3.46,-3.46,4586.88,4260.73,9.33,9.33,938.22,871.51,938.22,871.51,1250.97,1162.02,312.74,290.5,119.98,119.98,27.72,34.4,12,12,49.93,46.46,22.35,22.98,20.78,20.01,50,50,1,1,50,50,100,100,56.72,57.4,57.19,62.55,69.43,69.61,0.56,3.78,1250.97,1162.02,62.8,62.24,50,43.33,19.36,19.93,84,82.29,3.24,3.24,93.2,93.2,610.35,640.56,0,0,64,64,68.06,66.73,833.98,774.68,502.16,500.51,0.34,0.34,126.07,137.81,12.1,11.51,17.16,17.16,516.73,516.73,2.35,2.36,54.44,51.22,52.68,51.41,-43.59,-43.59,53.85,53.85,100.2,100.2,43116.64,40050.82,21665.58,22648.97,78171,65833,833.98,774.68,10.54,9.56,104.25,96.83,1.873E+11,2.882E+11,34752.02,32080.71,7.09,6.95,14.83,13.26
GodzillaGuy94,56.67,58.67,32,24.33,66.67,66.67,2,1.7,31.32,31.58,42,42,373.7,331.66,50.5,49,112.5,114.75,-7.21,-7.21,-5.06,-5.06,448.44,397.99,3637.38,3228.13,-3.74,-3.74,1913.36,1698.08,946.71,840.2,2740.49,2432.15,1395.16,1238.19,946.71,840.2,1444.99,1282.41,-3.95,-3.95,3188.93,2830.14,1195.85,1061.3,3338.41,2962.8,2326.83,1903.63,1395.16,1238.19,12.65,12.65,1245.68,1105.52,934.26,829.14,996.54,884.42,373.7,331.66,644.28,644.28,49.93,58.76,14.16,14.16,43.13,38.83,30.78,31.04,3.38,3.25,51,51,1,1,51.48,51.48,109,109,62.96,63.53,96.35,99.02,71.12,70.79,10.09,12.48,1121.11,994.97,67.63,67.42,31,24.33,28.83,29.52,62.76,60.9,1.51,1.51,93.52,93.52,698.79,744.51,-4,-4,64,64,55.18,53.44,685.12,608.04,886.39,889.76,0.33,0.33,184.69,186.02,9.75,9.68,15.15,15.15,591.91,591.91,1.64,1.64,44.91,42.52,50.05,48.61,-86.02,-86.02,91.1,91.1,104.81,104.81,40474.43,35759.18,27989.78,26982.47,56061,45917,996.54,884.42,2.91,2.83,435.99,386.93,1400000000,2400000000,28817.8,25210.22,13.68,13.65,11.72,10.52
BRU MkI,51.39,52.12,90.5,90.46,17,17,1.27,1.26,22.56,22.56,27.34,27.34,2062.58,2062.58,54.45,53.91,65.5,65.75,3905.15,3905.15,-12.26,-12.26,-4.84,-4.84,-6.84,-6.84,-17.92,-17.92,-12.2,-12.2,22495.88,22495.89,-9,-9,-17.58,-17.58,1980.08,1980.08,1430.06,1430.06,-10.52,-10.52,-4.24,-4.24,-15.2,-15.2,-10.71,-10.71,-11.95,-11.95,26401.04,26401.04,32.8,32.8,2062.58,2062.58,5500.22,5500.22,15950.63,15950.63,4262.67,4262.67,3000.39,3000.39,79,79.11,0.85,0.85,22.59,22.54,37.45,37.53,2.02,2.01,40.38,40.38,7.73,7.73,40.94,40.94,113,113,100.64,100.63,138.27,138.29,90.27,90.27,21.73,21.59,16706.91,16706.91,5.92,5.92,23.5,23.38,92.57,92.57,-240.74,-240.76,40.37,40.37,90.52,90.52,1914.79,1892.33,-15,-15,58,58,43.27,43.27,5225.21,5225.21,1214.17,1214.22,0.2,0.2,135.25,136.39,8.58,8.58,6.37,6.37,761.19,761.19,0.89,0.89,33.27,33.41,73.95,73.95,-73.41,-73.41,64.25,64.25,109.7,109.7,103789.08,103789.1,91654.54,91719.1,116015,115942,5431.46,5431.46,1.66,1.66,2131.33,2131.33,5.616E+11,5.628E+11,7680.39,7680.39,35.66,35.65,9.57,9.57
Venice rp,57.33,61.33,42.33,37,57.33,57.33,2.5,2.23,32.49,32.48,42,42,541.96,505.26,50,47,112.5,119.25,4335.69,4042.11,3034.98,2829.48,-3.16,-3.16,722.61,673.69,3468.55,3233.69,-4.9,-4.9,-7.75,-7.75,451.63,421.05,0,0,2890.46,2694.74,-11.83,-11.83,-6.32,-6.32,3251.76,3031.58,361.31,336.84,2529.15,2357.9,3361.12,3002.16,4335.69,4042.11,9.64,9.64,812.94,757.9,812.94,757.9,1083.92,1010.53,541.96,505.26,119.98,119.98,39.94,44.87,12,12,45.31,43.04,23.85,24.46,18.87,18.03,50,50,1,1,50,50,110,110,58.04,58.41,66.25,69.67,69.75,69.76,4.31,6.64,1083.92,1010.53,78.46,77.07,38.75,34.75,21.75,22.18,79.04,77.9,3.5,3.5,93.16,93.16,705.34,714.11,0,0,64,64,64.8,63.15,722.61,673.69,639.6,635.03,0.3,0.31,126.48,138.24,10.77,10.41,17.16,17.16,611.43,611.43,1.98,1.99,50.69,48.36,50.35,49.46,-43.59,-43.59,37.42,37.42,100.2,100.2,37938.21,35237.99,23263.11,23009.88,58246,51276,722.61,673.69,8.51,7.85,90.33,84.21,2.398E+11,3.14E+11,29705.62,27415.16,7.09,6.95,10.69,9.97
Anttiven,61.87,63.47,48.44,39.56,16,16,2.91,2.36,31.15,31.16,37.37,37.37,910.98,828.41,46.6,45.4,121.5,123.75,2429.29,2209.11,3637.86,3308.14,-9.49,-9.49,-8.94,-8.94,1619.52,1472.74,1943.43,1767.28,2591.24,2356.38,1518.3,1380.69,1619.52,1472.74,1214.64,1104.55,-10.49,-10.49,1214.64,1104.55,-7.07,-7.07,-9.49,-9.49,1619.52,1472.74,-7.56,-8.07,5020.53,4565.48,12.57,12.57,506.1,460.23,1518.3,1380.69,2935.39,2669.34,1214.64,1104.55,158.85,158.85,34.4,42.42,6.84,6.84,29.69,27.52,17.26,17.56,25.94,25.68,50,50,1,1,50,50,100,100,59.71,60.4,75.96,81.17,71.33,71.32,15.29,17.91,1619.52,1472.74,55.41,56.39,43.33,36.67,43.46,44.06,53.28,51.46,18.89,18.89,91.8,91.8,951.3,1023.14,0,0,64,64,64.5,58.41,1417.08,1288.64,492.32,496.73,0.3,0.3,68.34,68.74,11.05,10.45,16.98,16.98,549.48,549.48,2.39,2.38,39.71,37.09,52.55,50.99,-34.64,-34.64,-57.45,-57.45,100.62,100.62,38234.95,34769.48,21622.09,22026.44,62848,51921,1417.08,1288.64,4.62,3.72,202.44,184.09,5700000000,16400000000,21602.75,19436.14,7.48,7.44,12.92,11.35
Asfaltum,65,65.33,97.18,97.18,54.48,54.48,1.66,1.66,21.7,21.7,45.34,45.34,1582.57,1582.57,43.5,43,150.25,150.25,1012.84,1012.84,6786.05,6786.06,768.07,768.07,38192.65,38192.68,1843.38,1843.38,-8.99,-8.99,28655.04,28655.06,-10.32,-10.32,-8.49,-8.49,3333.94,3333.95,2489.91,2489.91,2110.09,2110.09,5233.03,5233.03,-19.48,-19.48,10157.98,10157.99,447.68,447.68,30435.95,30435.98,27.73,27.73,1160.55,1160.55,6066.51,6066.52,5961.01,5961.01,2110.09,2110.09,1043.45,1043.45,60.1,60.19,13,13,38.44,38.39,89.1,89.15,0.85,0.85,51.62,51.62,9,9,48.04,48.04,213,213,84.01,84.01,119.04,119.06,90.68,90.68,4.36,4.57,17724.76,17724.78,3.92,3.92,47.5,47.38,72.45,72.46,-99.84,-99.86,14.19,14.19,92.13,92.13,595.33,592.32,-7,-7,91,91,54.01,54.01,105.5,105.5,1278.64,1278.53,10.08,10.08,8.71,8.71,8.91,8.91,13.3,13.3,1660.65,1660.65,0.78,0.78,50.64,50.43,88.95,88.95,-430.48,-430.48,434.31,434.31,100.62,100.62,144222.1,144222.22,110139.76,110229.55,183257,183126,5486.24,5486.24,1.89,1.89,-7.07,-7.07,2.0763E+12,2.0851E+12,39661.08,39661.11,34.1,34.1,114.15,114.15
The Kaverian,13,16,15.5,15.33,1,1,1.2,1.2,30.54,30.54,42,42,1305.87,1306.91,87,84,29.25,36,-5.1,-5.1,835.75,836.42,-9.8,-9.8,116.08,116.17,1207.2,1208.16,-11.06,-11.06,-6.78,-6.78,1233.32,1234.3,-3,-3,986.65,987.44,-13.27,-13.27,-9.8,-9.8,-9.8,-9.8,-10.77,-10.77,-6.78,-6.78,-8.81,-8.81,0,0,12.96,12.96,943.13,943.88,1378.41,1379.51,1596.06,1597.33,943.13,943.88,141.46,141.46,83.26,83.41,12,12,11.92,11.91,1.07,1.13,37.59,37.08,50,50,2.52,2.52,50,50,138,138,63.82,63.76,82.26,82.27,72.15,72.15,41.39,40.45,1160.77,1161.7,107.51,106.56,-86.5,-86.67,66.5,66.51,34.25,34.22,28.66,28.66,91.19,91.19,8173.19,7676.38,0,0,64,64,76.22,76.22,870.58,871.27,752.98,758.75,0.2,0.21,24.63,29.93,9.82,9.82,17.06,17.06,833.37,833.37,1.79,1.79,13.61,14.55,46.43,46.43,-74.83,-74.83,28.28,28.28,101.85,101.85,18226.99,18241.52,16549.38,16577.7,19876,19876,870.58,871.27,2.79,2.79,362.74,363.03,1.7245E+12,1.7866E+12,6106.04,6110.91,9.02,8.92,8.36,8.36
Breat Gritain,57.33,61.33,43.78,42.22,40,40,1.92,1.89,30.41,30.38,43.68,43.68,880.79,872.01,50,47,112.5,119.25,1921.72,1902.56,2690.41,2663.58,1281.15,1268.37,1281.15,1268.37,4291.85,4249.05,-10.2,-10.2,0,0,0,0,4163.74,4122.21,3523.16,3488.02,-5.48,-5.48,3010.7,2980.67,2882.59,2853.84,-9.49,-9.49,320.29,317.09,-7.02,-7,3202.87,3170.93,10.72,10.72,1281.15,1268.37,880.79,872.01,880.79,872.01,400.36,396.37,468.75,468.75,52.07,52.87,14.64,14.64,39.25,38.7,20.63,21.29,22.71,22,50,50,1,1,50.99,50.99,132,132,60.07,60.05,72.68,73.15,72.32,72.37,8.27,9.66,800.72,792.73,88.36,85.74,39.83,38.67,22.27,22.33,75.18,74.98,7.94,7.94,92.65,92.65,813.44,796.31,0,0,64,64,62.49,61.73,560.5,554.91,975.96,962.84,0.28,0.29,127.71,139.53,11.75,11.65,15.95,15.95,756.44,756.44,1.56,1.57,46.73,45.34,51.82,51.62,-24.49,-24.49,50.99,50.99,100.2,100.2,43863.36,43425.88,31024.41,30967.05,59583,58572,960.86,951.28,3.99,4.01,240.22,237.82,3.543E+11,4.143E+11,34081.83,33741.91,6.79,6.65,11,10.8
Dinkome,69.07,69.33,76.44,80.89,75.33,75.33,52.58,24.3,48.83,37.08,38.06,38.06,-6.32,-6.32,37.4,37,141.75,141.75,2535.1,2619.11,-4.86,-4.86,4674.08,4828.99,-7.35,-7.35,4990.97,5156.38,2817.92,2911.31,7367.62,7611.8,-5.59,-5.59,2455.87,2537.27,-6,-6,3723.42,3846.82,4832.53,4992.68,1742.88,1800.64,-6.78,-6.78,-3.82,-3.82,8365.82,8643.07,14576.8,15059.9,6.24,6.24,-8.94,-8.94,198.05,204.62,198.05,204.62,297.08,306.93,901.19,901.19,1.9,4.11,10.55,10.55,88.77,84.71,26.14,26.22,15.37,15.24,51.62,51.62,1,1,51.96,51.96,103,103,50.23,52.03,30.29,35.26,64.29,66.02,25.53,23.44,792.22,818.47,27,28,90.33,83.67,5.54,5.74,122.96,121.15,0.75,0.75,93.97,93.97,152.86,179.45,-8,-8,71,71,75.75,75,99.03,102.31,465.84,504.47,1.93,1.81,98.87,98.87,14.38,13.81,13.95,13.95,514.79,514.79,2.51,2.35,29.47,31.56,53.24,55.37,93.54,93.54,-53.39,-53.39,92.89,92.89,60243.38,62239.94,6054.31,10321.71,318348,250834,99.03,102.31,16.14,15.24,-8.37,-8.37,1900000000,4900000000,56929.99,58692.26,12.02,12.02,35.18,31.62
Bobogoobo,68.06,68.39,32.95,32.76,64.1,64.1,1.38,1.38,20.65,20.65,48.85,48.85,7375.66,7375.66,38.92,38.42,149.5,149.5,-20.98,-20.98,-17.44,-17.44,-17.26,-17.26,-10.1,-10.1,-19.81,-19.81,-14.83,-14.83,-20.4,-20.4,-17.1,-17.1,-19.82,-19.82,-21.91,-21.91,-21.45,-21.45,-17.61,-17.61,-17.89,-17.89,-26.53,-26.53,-2.21,-2.21,-30.46,-30.46,0,0,32.28,32.28,7076.64,7076.65,7375.66,7375.66,4584.87,4584.87,1345.56,1345.56,15.25,15.25,72.24,72.36,2.14,2.14,27.27,27.21,71.87,71.92,1,1,41.19,41.19,13.8,13.8,37.04,37.04,273,273,89.05,89.05,123.91,123.93,91.27,91.27,12.23,12.44,4883.88,4883.88,121.92,121.92,31.71,31.57,86.66,86.66,-201.85,-201.88,0.58,0.58,94.81,94.81,627.23,624.28,6,6,110,110,41.95,41.95,2292.43,2292.43,1350.89,1350.79,0.15,0.15,14.48,14.48,5.32,5.32,18.14,18.14,2231.69,2231.69,0.68,0.68,42.77,42.56,64.43,64.43,-144.86,-144.86,86.38,86.38,125.43,125.43,51928.61,51928.62,43735.18,43772.1,60538,60493,7724.5,7724.51,1.8,1.8,1594.74,1594.74,5.09E+11,5.102E+11,6906.5,6906.51,11.52,11.52,133.27,133.27
Worthless United,39,40,92.62,92.52,16,16,2.08,2.07,27.11,27.09,38.75,38.75,1868.64,1869.6,63.75,63,83.25,83.25,12994.21,13000.89,-1.79,-1.79,-1.67,-1.67,6669.6,6673.02,-2.7,-2.7,-8.58,-8.58,4369.73,4371.98,-1.73,-1.73,229.99,230.1,-2,-2,-10.2,-10.2,1195.93,1196.54,-2,-2,-7.42,-7.42,2460.85,2462.12,7949.64,7943.86,17363.95,17372.87,10.34,10.34,-10.49,-10.49,2587.34,2588.67,2443.6,2444.86,4312.24,4314.45,13.04,13.04,48.03,48.22,3.55,3.55,29.33,29.25,17.24,17.42,25.96,25.8,51.62,51.62,3.93,3.93,46.16,46.16,120,120,58.68,58.7,63.85,64.09,78.23,78.28,17.3,17.14,143.74,143.82,85.94,85.35,45.86,45.57,28.45,28.47,73.15,73.1,18.23,18.23,91.84,91.84,1351.82,1333.27,-2,-2,67,67,68.61,68.61,574.97,575.26,642.14,644.05,0.27,0.27,65.23,65.23,9.92,9.91,18.67,18.67,771.28,771.28,1.97,1.97,37.7,37.86,67.24,67.25,-83.01,-83.01,82.16,82.16,99.76,99.76,52574.98,52592.14,35610.49,35696.87,74137,74027,1293.67,1294.34,7.33,7.3,574.97,575.26,8.3588E+12,8.571E+12,37591.11,37603.38,3.91,3.91,18.27,18.27
Bruderheim,65.44,65.56,77.83,74.5,42.22,42.22,7.47,6.58,28.42,28.27,32.72,32.72,217.88,213.9,42.83,42.67,178.5,178.5,6362.01,6246.01,836.65,821.39,-2,-2,366.03,359.36,4357.54,4278.09,3207.15,3148.67,6274.86,6160.45,5229.05,5133.71,65.36,64.17,1568.71,1540.11,4618.99,4534.77,2039.33,2002.15,-2,-2,4836.87,4748.68,5272.62,5176.49,-2.64,-2.64,12636.86,12406.46,10.15,10.15,-5.48,-5.48,1634.08,1604.28,4030.72,3957.23,871.51,855.62,468.75,468.75,13.39,15.19,1.34,1.34,52.66,50.22,27.91,27.94,11.47,11.37,53.9,53.9,4.98,4.98,46.16,46.16,105,105,61.61,61.85,99.38,101.68,75.55,75.84,9.24,7.63,3377.09,3315.52,48.28,48.6,57.75,52.75,16,16.28,91.89,91.06,9.89,9.89,92.47,92.47,581.54,620.57,-2,-2,64,64,70.77,70,762.57,748.67,671.11,694.67,0.27,0.26,205.06,205.06,9.86,9.81,15.95,15.95,564.76,564.76,1.92,1.88,45.76,47.37,60.9,59.89,-49.93,-49.93,46.94,46.94,85.53,85.53,56255.82,55230.12,18821.91,19852.62,140561,130677,217.88,213.9,3.21,3.14,-3.16,-3.16,2.946E+11,6.156E+11,47254.89,46227.61,12.35,12.35,19.95,18.22
Empire of Ice Reloaded,73.56,73.78,61.33,61.11,71.56,71.56,1.63,1.63,25.16,25.15,43.68,43.68,3226.79,3226.94,30.67,30.33,157.5,157.5,-11.75,-11.75,-7.9,-7.9,139.83,139.83,-4.1,-4.1,5001.53,5001.76,-5.59,-5.59,-10.1,-10.1,-6,-6,-7.94,-7.94,-10.39,-10.39,645.36,645.39,1559.62,1559.69,1720.96,1721.03,645.36,645.39,-4.32,-4.32,-13.02,-13.03,139.83,139.83,13.56,13.56,2151.2,2151.29,5109.09,5109.32,2285.65,2285.75,1478.95,1479.01,26.8,26.8,61.21,61.33,14.16,14.16,54.25,54.15,38.81,38.86,1.9,1.9,51,51,4.21,4.21,50.5,50.5,163,163,65.35,65.36,103.62,103.66,83.25,83.27,14.02,14.18,2285.65,2285.75,65.61,65.37,45,44.83,68.28,68.29,33.68,33.66,0.81,0.81,93.81,93.81,386.3,385.22,-4,-4,68,68,56.09,56.08,941.15,941.19,1075.19,1075.05,0.4,0.41,199.77,199.77,9.86,9.86,17.87,17.87,1051.01,1051.01,1.28,1.28,40.98,40.82,60.82,60.83,-42.19,-42.19,43.7,43.7,103.37,103.37,35720.61,35722.23,27545.75,27576.62,45004,44964,4436.84,4437.04,2.62,2.62,134.45,134.46,5.531E+11,5.658E+11,11323.43,11323.95,13.05,13.05,24.15,24.15
New Antifascist Order,82.75,83.25,20,19.8,70,70,1.26,1.26,27.83,27.82,47.2,47.2,1124.09,1124.69,17.25,16.75,186.75,189,674.45,674.81,-6.32,-6.32,0,0,3372.26,3374.07,989.2,989.73,1798.54,1799.51,-6.24,-6.24,-12.55,-12.55,1079.12,1079.7,-10,-10,2023.36,2024.44,-5.1,-5.1,1124.09,1124.69,-4.47,-4.47,2135.77,2136.91,161.87,161.96,674.45,674.81,16.34,16.34,2248.17,2249.38,2585.4,2586.79,505.84,506.11,899.27,899.75,9.32,9.32,79.42,79.59,17.69,17.69,35.4,35.26,41.08,41.16,1.75,1.74,51.62,51.62,3.3,3.3,51.48,51.48,126,126,65.65,65.64,97.11,97.19,76.71,76.73,26.13,26.36,843.07,843.52,83.2,82.75,-80,-80.2,65.32,65.33,9.85,9.82,0.98,0.98,93.7,93.7,481.65,479.48,0,0,64,64,76.4,76.4,955.47,955.99,870.57,867.99,0.36,0.36,300.49,305.58,9.71,9.7,25.11,25.11,756.92,756.92,1.66,1.66,28.87,28.64,50.91,50.92,-98.99,-98.99,98.99,98.99,105.16,105.16,28365.22,28380.46,25119.45,25161.18,31627,31613,2023.36,2024.44,2.59,2.59,786.86,787.28,1.5998E+12,1.7081E+12,9842.73,9848.02,3.95,3.89,8.42,8.42
Darksight1,58.44,59.78,37.33,37.11,66.22,66.22,1.47,1.47,29.02,29,43.68,43.68,759.36,759.42,49.17,48.17,114.75,117,-8.72,-8.72,4155.22,4155.54,552.81,552.86,595.34,595.38,-3.53,-3.53,9428.22,9428.95,-5.48,-5.48,-11.49,-11.49,106.31,106.32,1336.47,1336.58,425.24,425.27,-4.56,-4.56,2247.71,2247.88,-10.77,-10.77,1670.59,1670.72,886.42,892.56,552.81,552.86,11.66,11.66,1214.98,1215.07,1594.66,1594.78,835.3,835.36,455.62,455.65,624.65,624.65,68.05,68.18,15.09,15.09,43.41,43.31,28.98,29.16,7.42,6.82,52.16,52.16,2.52,2.52,51.48,51.48,128,128,63.29,63.27,95.88,95.93,74.5,74.52,8.56,8.95,987.17,987.25,76.12,75.28,35,34.83,30.31,30.31,62.63,62.61,1.47,1.47,93.54,93.54,658.75,651.72,-4,-4,68,68,56.08,56.08,531.55,531.59,1044.12,1043.5,0.33,0.33,187.36,188.03,9.41,9.41,15.24,15.24,760.05,760.05,1.4,1.4,46.44,46.05,52.33,52.34,-35.64,-35.64,46.69,46.69,96,96,38571.97,38581.04,31471.66,31511.05,46245,46214,1366.85,1366.96,2.86,2.86,227.81,227.83,6.375E+11,6.603E+11,26884.66,26890.99,12.43,12.41,19.61,19.61
Vertana,45.33,47.33,64.22,55.56,10,10,4.48,3.46,33.77,33.36,40.78,40.78,0,0,59,57.5,92.25,96.75,881.1,818.41,-5.66,-5.66,3964.94,3682.86,2114.63,1964.19,-3.74,-3.74,7176.54,6665.98,1497.87,1391.3,2202.74,2046.03,660.82,613.81,881.1,818.41,2202.74,2046.03,4846.04,4501.27,-4.47,-4.47,-3.16,-3.16,1585.98,1473.14,511.04,474.68,6343.9,5892.58,8,8,110.14,102.3,660.82,613.81,1872.33,1739.13,550.69,511.51,7.9,7.9,22.34,28.89,10.55,10.55,28.71,27,12,12.48,29.78,29.49,50,50,1,1,50,50,106,106,56.93,57.68,48.19,53.51,68.48,68.87,18.68,16.85,1541.92,1432.22,60,60.74,55.33,48.67,11.86,12.47,94.73,92.92,23.9,23.9,91.47,91.47,1053.23,1233.47,-8,-8,64,64,70.23,69.05,550.69,511.51,471.72,506.97,0.39,0.38,75.06,76.76,9.93,9.87,32.78,32.78,567.93,567.93,2.48,2.34,36.32,38.15,53.81,52.38,40.62,40.62,53.39,53.39,105.16,105.16,46499.92,43191.76,20743.75,22204.72,92861,76849,550.69,511.51,10.25,9.11,-5.48,-5.48,95400000000,1.159E+11,40966.43,37792.79,13.93,13.88,20.03,17.65
The Problem,57.33,61.33,37.33,37.11,52,52,1.65,1.65,30.27,30.29,42,42,1115.67,1116.16,50,47,112.5,119.25,4388.32,4390.24,-5.8,-5.8,-7.21,-7.21,-2.83,-2.83,3495.78,3497.31,-9.21,-9.21,4016.43,4018.18,-4.06,-4.06,1190.05,1190.57,3644.54,3646.13,-12.33,-12.33,-6.48,-6.48,4388.32,4390.24,-10.58,-10.58,-6.24,-6.24,-7.61,-7.56,8404.75,8408.42,10.25,10.25,743.78,744.11,1301.62,1302.19,1115.67,1116.16,836.76,837.12,119.98,119.98,60.47,60.59,12,12,36.87,36.78,22.02,22.65,21.17,20.41,50,50,2.52,2.52,50,50,131,131,59.78,59.71,78.61,78.31,72.52,72.5,7.53,8.58,1115.67,1116.16,62.93,60.55,33,32.83,30.9,30.91,67.44,67.41,3.76,3.76,93.12,93.12,793.21,767.14,0,0,64,64,57.07,57.07,743.78,744.11,781.35,769.66,0.3,0.31,127.41,139.22,10.86,10.85,17.16,17.16,766.5,766.5,1.76,1.77,47.47,46.42,50.78,50.77,-52.92,-52.92,14.14,14.14,99.76,99.76,32462.4,32476.58,24871.69,24909.48,41131,41110,929.73,930.13,4.49,4.63,0,0,4.7069E+12,4.8215E+12,22431.52,22441.32,7.09,6.95,9.54,9.54
Sleha,56.33,57,74.33,74.33,4,4,1.79,1.79,26.22,26.22,39.43,39.43,1904.78,1904.78,50.75,50.25,112.5,112.5,1523.82,1523.82,4368.29,4368.29,5587.34,5587.34,-2.9,-2.9,2539.7,2539.7,-7.59,-7.59,8634.98,8634.98,-11.09,-11.09,1269.85,1269.85,-8,-8,-11.58,-11.58,3216.96,3216.96,4486.81,4486.81,-10.2,-10.2,-6.93,-6.93,355.56,355.56,15746.15,15746.15,12.69,12.69,0,0,3174.63,3174.63,3386.27,3386.27,1904.78,1904.78,7.94,7.94,55.78,55.78,8.98,8.98,18.3,18.3,14.71,14.85,27.97,27.87,50,50,3.93,3.93,50,50,154,154,65.56,65.56,94.61,94.61,80.34,80.34,16.62,16.46,2857.16,2857.16,48.27,47.96,48.5,48.5,34.91,34.91,56.5,56.5,24.66,24.66,91.43,91.43,1211.91,1193.69,-8,-8,62,62,67.25,67.25,740.75,740.75,1049.85,1050.07,0.33,0.33,40.01,40.01,9.94,9.94,32.57,32.57,919.92,919.92,1.38,1.38,38.38,38.54,62.08,62.08,77.27,77.27,25.1,25.1,104.81,104.81,55657.56,55657.56,40843.23,40843.23,73225,73225,1375.67,1375.67,2.6,2.6,-5.48,-5.48,2.424E+11,2.429E+11,36233.07,36233.07,14.81,14.81,17.75,17.75
Nike Employees,54.67,58.67,48.44,39.56,50.67,50.67,2.91,2.36,32.51,32.49,42,42,299.33,271.79,52,49,108,114.75,1995.52,1811.91,-5.72,-5.72,1596.41,1449.53,1995.52,1811.91,-3.16,-3.16,-7.62,-7.62,-7.75,-7.75,-3.54,-3.54,2793.72,2536.68,4789.24,4348.59,4390.14,3986.21,5188.34,4710.97,-4.47,-4.47,-4.47,-4.47,2793.72,2536.68,0,0,3591.93,3261.44,9.49,9.49,897.98,815.36,897.98,815.36,1197.31,1087.15,598.65,543.57,119.98,119.98,34.4,42.42,12,12,42.74,39.49,22.72,23.34,20.33,19.54,50,50,1,1,50,50,100,100,57.69,58.39,63.2,68.83,69.73,69.76,5.11,7,1197.31,1087.15,83.27,82.8,43.33,36.67,22.1,22.71,79.92,78.11,4.34,4.34,93.04,93.04,726.64,759.56,0,0,64,64,66.63,64.59,798.21,724.76,520.09,529.21,0.3,0.3,118.41,129.8,11.46,10.86,17.16,17.16,475.19,475.19,2.29,2.26,49.89,48,51.45,49.91,-30,-30,53.85,53.85,100.2,100.2,38848.71,35274.31,21969.17,22346.24,63857,52675,798.21,724.76,9.1,7.89,99.78,90.6,5.47E+11,1.0542E+12,30263.15,27267.04,7.17,7.04,10.11,9.01
USS Concord,64.89,66.22,48.44,39.56,57.33,57.33,2.91,2.36,32.7,32.65,42,42,291.78,265.05,43.67,41.67,128.25,132.75,-6.32,-6.32,-7.68,-7.68,0,0,5057.52,4594.12,389.04,353.39,-8.19,-8.19,1167.12,1060.18,5135.33,4664.8,3501.36,3180.55,4668.48,4240.73,-5.48,-5.48,-8.37,-8.37,3890.4,3533.94,3890.4,3533.94,778.08,706.79,-5.4,-6.06,1167.12,1060.18,9.49,9.49,875.34,795.14,875.34,795.14,1167.12,1060.18,583.56,530.09,119.98,119.98,34.4,42.42,12,12,47.86,44.14,25.02,25.42,17.2,16.58,50,50,1,1,50,50,100,100,57.28,58.02,61.12,67.02,69.53,69.58,4.89,7.78,1167.12,1060.18,63.9,64.3,43.33,36.67,20.94,21.54,81,79.18,3.5,3.5,93.16,93.16,613.07,651.72,0,0,64,64,66.56,64.49,778.08,706.79,478.68,481.64,0.35,0.35,151.88,159.17,12.33,11.74,17.16,17.16,507.08,507.08,2.45,2.44,50.11,47.22,51.39,49.85,-83.07,-83.07,83.07,83.07,100.2,100.2,39954.44,36293.58,22594.47,22991.95,65674,54197,778.08,706.79,9.74,8.55,97.26,88.35,94600000000,1.729E+11,31603.96,28490.46,6.78,6.69,11.06,9.78
Naughty Puppy,64.89,66.22,48.44,39.56,57.33,57.33,2.91,2.36,32.58,32.51,42,42,246.29,223.97,43.67,41.67,128.25,132.75,3940.61,3583.57,2684.54,2441.3,1313.54,1194.52,2298.69,2090.41,3283.84,2986.3,4441.39,4038.98,2955.45,2687.67,-5.15,-5.15,3283.84,2986.3,-8.37,-8.37,2955.45,2687.67,-7.75,-7.75,2627.07,2389.04,-7.75,-7.75,-8.37,-8.37,4297.78,3681.42,8209.6,7465.76,9.49,9.49,738.86,671.92,738.86,671.92,985.15,895.89,492.58,447.95,119.98,119.98,34.4,42.42,12,12,47.86,44.14,23.77,24.18,18.98,18.43,50,50,1,1,50,50,100,100,57.28,58.02,61.12,67.02,69.66,69.73,4.89,7.78,985.15,895.89,60.98,61.36,43.33,36.67,14.04,14.75,89.19,87.23,3.5,3.5,93.16,93.16,613.07,651.72,0,0,64,64,67.15,65.31,656.77,597.26,562.22,565.44,0.36,0.36,151.88,159.17,10.4,9.98,17.16,17.16,511.39,511.39,2.16,2.15,50.11,47.22,51.43,49.9,-43.59,-43.59,62.45,62.45,100.2,100.2,47184.71,42682.55,26683.23,27039.36,77559,63738,656.77,597.26,9.74,8.55,82.1,74.66,29200000000,54400000000,40578.85,36365.54,6.78,6.69,12.09,10.64
Homia Godart,64.89,66.22,48.44,39.56,57.33,57.33,2.91,2.36,32.7,32.66,42,42,303.3,275.57,43.67,41.67,128.25,132.75,0,0,5295.65,4811.45,-6.32,-6.32,1213.21,1102.28,2426.42,2204.56,-2.67,-2.67,0,0,-4.25,-4.25,1617.61,1469.71,5257.23,4776.55,-7.75,-7.75,-8.37,-8.37,5257.23,4776.55,-5.48,-5.48,2426.42,2204.56,727.92,661.37,0,0,9.49,9.49,909.91,826.71,909.91,826.71,1213.21,1102.28,606.6,551.14,119.98,119.98,34.4,42.42,12,12,47.86,44.14,24.98,25.38,17.26,16.65,50,50,1,1,50,50,100,100,57.28,58.02,61.12,67.02,69.53,69.58,4.89,7.78,1213.21,1102.28,63.9,64.3,43.33,36.67,22.6,23.21,79.49,77.68,3.5,3.5,93.16,93.16,613.07,651.72,0,0,64,64,66.44,64.32,808.81,734.85,526.55,529.67,0.34,0.34,151.88,159.17,11.19,10.59,17.16,17.16,506.78,506.78,2.27,2.26,50.11,47.22,51.39,49.84,-62.45,-62.45,43.59,43.59,100.2,100.2,38480.92,34962.47,21761.18,22148.7,63252,52210,808.81,734.85,9.74,8.55,101.1,91.86,35200000000,64800000000,29784.23,26851.18,6.78,6.69,11.57,10.21
Halyan Blurgland,64.89,66.22,48.44,39.56,57.33,57.33,2.91,2.36,32.66,32.64,42,42,327.64,297.81,43.67,41.67,128.25,132.75,2621.14,2382.51,1850.09,1681.66,1747.43,1588.34,-6.32,-6.32,-8.37,-8.37,-7.93,-7.93,3058,2779.6,-2.74,-2.74,2621.14,2382.51,-5.48,-5.48,1747.43,1588.34,2184.28,1985.43,-7.07,-7.07,873.71,794.17,3931.71,3573.77,2184.28,1985.43,7426.57,6750.46,9.49,9.49,982.93,893.44,982.93,893.44,1310.57,1191.26,655.29,595.63,119.98,119.98,34.4,42.42,12,12,47.86,44.14,25.36,25.75,16.68,16.04,50,50,1,1,50,50,100,100,57.28,58.02,61.12,67.02,69.57,69.6,4.89,7.78,1310.57,1191.26,62.92,63.31,43.33,36.67,26.08,26.69,76.8,74.99,3.5,3.5,93.16,93.16,613.07,651.72,0,0,64,64,66.23,64,873.71,794.17,490.46,493.46,0.36,0.35,151.88,159.17,11.22,10.62,17.16,17.16,514.64,514.64,2.4,2.39,50.11,47.22,51.4,49.85,60,60,-40,-40,100.2,100.2,35706.5,32455.8,20192.23,20560.73,58692,48466,873.71,794.17,9.74,8.55,109.21,99.27,38900000000,69400000000,26387.1,23790.1,6.78,6.69,11.58,10.21
Suttonia,61.33,62.93,53.78,44.89,66.67,66.67,3.32,2.66,30.72,30.78,45.34,45.34,179.3,162.4,47,45.8,119.25,123.75,-3.74,-3.74,588.83,533.33,-4.9,-4.9,-6.78,-6.78,502.05,454.72,3846.39,3483.84,3442.6,3118.11,962.49,871.77,2653.67,2403.54,-4.9,-4.9,4159.81,3767.71,5845.24,5294.29,3801.2,3442.91,4518.41,4092.52,279.71,253.35,-2.46,-3.69,3442.6,3118.11,10.15,10.15,1434.42,1299.21,1165.46,1055.61,1075.81,974.41,627.56,568.41,26.8,26.8,30.1,37.63,15.51,15.51,52.94,49.04,26.52,26.75,14.69,14.25,51,51,1,1,50.5,50.5,99,99,59.82,60.48,79.08,84.18,71.89,71.82,5.47,8.09,1344.76,1218.01,52.14,53.03,47.33,40.67,18.23,18.84,83.5,81.69,1.65,1.65,93.49,93.49,536.76,579.29,-4,-4,64,64,67.18,65.36,627.56,568.41,663.73,667.88,0.42,0.41,187.35,188.68,9.99,9.93,17.87,17.87,503.39,503.39,1.93,1.93,49.53,46.91,53.79,52.21,17.32,17.32,-38.73,-38.73,103.37,103.37,48346.27,43789.28,25415.86,25997.61,84448,69092,1075.81,974.41,4.41,3.67,89.65,81.2,18700000000,27900000000,39547.25,35556.89,13.33,13.28,14.59,12.8
Northern Rocky Stas Ering,64.89,66.22,48.44,39.56,57.33,57.33,2.91,2.36,32.61,32.54,42,42,254.35,230.75,43.67,41.67,128.25,132.75,-4.47,-4.47,3810.1,3456.68,1695.64,1538.35,1695.64,1538.35,678.25,615.34,4308.61,3908.96,-6.32,-6.32,3550.66,3221.31,-5.48,-5.48,-8.37,-8.37,4408.65,3999.72,4069.53,3692.05,-5.48,-5.48,2713.02,2461.36,4069.53,3692.05,-2.45,-2.45,1695.64,1538.35,9.49,9.49,763.04,692.26,763.04,692.26,1017.38,923.01,508.69,461.51,119.98,119.98,34.4,42.42,12,12,47.86,44.14,26.58,26.96,14.57,13.81,50,50,1,1,50,50,100,100,57.28,58.02,61.12,67.02,69.63,69.7,4.89,7.78,1017.38,923.01,74.26,74.69,43.33,36.67,15.32,15.93,87.41,85.6,3.5,3.5,93.16,93.16,613.07,651.72,0,0,64,64,67.03,65.16,678.25,615.34,589.75,593.06,0.34,0.34,151.88,159.17,9.81,9.74,17.16,17.16,514.64,514.64,2.09,2.08,50.11,47.22,51.42,49.89,-20,-20,53.85,53.85,100.2,100.2,45710.97,41470.92,25849.82,26271.79,75137,61929,678.25,615.34,9.74,8.55,84.78,76.92,29400000000,55500000000,38717.19,34877.05,6.78,6.69,15.06,13.21
Western Condia Gle,64.89,66.22,48.44,39.56,57.33,57.33,2.91,2.36,32.63,32.61,42,42,329.6,299.6,43.67,41.67,128.25,132.75,-8.37,-8.37,3816.73,3469.39,2636.77,2396.81,4394.62,3994.69,2636.77,2396.81,1406.28,1278.3,-4.47,-4.47,0,0,-6.32,-6.32,-8.37,-8.37,-8.37,-8.37,-6.32,-6.32,3955.16,3595.22,-6.32,-6.32,-3.16,-3.16,2900.45,2636.5,2636.77,2396.81,9.49,9.49,988.79,898.81,988.79,898.81,1318.39,1198.41,659.19,599.2,119.98,119.98,34.4,42.42,12,12,47.86,44.14,24.22,24.62,18.36,17.79,50,50,1,1,50,50,100,100,57.28,58.02,61.12,67.02,69.6,69.63,4.89,7.78,1318.39,1198.41,73.29,73.71,43.33,36.67,26.36,26.97,76.61,74.8,3.5,3.5,93.16,93.16,613.07,651.72,0,0,64,64,66.21,63.98,878.92,798.94,515.3,518.38,0.34,0.34,151.88,159.17,10.48,9.99,17.16,17.16,536.34,536.34,2.31,2.3,50.11,47.22,51.41,49.86,-48.99,-48.99,73.48,73.48,100.2,100.2,35501.98,32271.1,20076.57,20443.72,58356,48191,878.92,798.94,9.74,8.55,109.87,99.87,39700000000,71500000000,26129.45,23557.9,6.78,6.69,11.92,10.5
Tones0606,64.89,66.22,48.44,39.56,57.33,57.33,2.91,2.36,32.67,32.6,42,42,267.13,242.49,43.67,41.67,128.25,132.75,4630.33,4203.24,2854.78,2591.46,1068.54,969.98,-8.37,-8.37,3205.61,2909.94,4290.18,3894.47,-8.37,-8.37,-7.05,-7.05,-3.16,-3.16,1068.54,969.98,1424.72,1293.31,2137.07,1939.96,4274.15,3879.92,3561.79,3233.26,1780.9,1616.63,2350.78,2133.95,5698.86,5173.22,9.49,9.49,801.4,727.48,801.4,727.48,1068.54,969.98,534.27,484.99,119.98,119.98,34.4,42.42,12,12,47.86,44.14,24.38,24.78,18.15,17.57,50,50,1,1,50,50,100,100,57.28,58.02,61.12,67.02,69.57,69.63,4.89,7.78,1068.54,969.98,75.33,75.77,43.33,36.67,17.3,17.9,84.91,83.1,3.5,3.5,93.16,93.16,613.07,651.72,0,0,64,64,66.85,64.91,712.36,646.65,492.09,495.1,0.34,0.34,151.88,159.17,10.28,9.97,17.16,17.16,501.41,501.41,2.39,2.38,50.11,47.22,51.4,49.86,67.82,67.82,-55.68,-55.68,100.2,100.2,43553.57,39536.36,24629.8,25046.25,71591,59040,712.36,646.65,9.74,8.55,89.04,80.83,31100000000,60300000000,36018.81,32459.35,6.78,6.69,11.7,10.32
Godus Rhy,64.89,66.22,48.44,39.56,57.33,57.33,2.91,2.36,32.6,32.53,42,42,248.94,225.79,43.67,41.67,128.25,132.75,-7.75,-7.75,4001.26,3629.27,2987.25,2709.53,2655.33,2408.48,4314.92,3913.77,4369.68,3963.45,3651.08,3311.65,1696.09,1538.41,331.92,301.06,4314.92,3913.77,-3.16,-3.16,2655.33,2408.48,-5.48,-5.48,-3.16,-3.16,2323.42,2107.42,1128.52,1023.6,6638.33,6021.19,9.49,9.49,746.81,677.38,746.81,677.38,995.75,903.18,497.88,451.59,119.98,119.98,34.4,42.42,12,12,47.86,44.14,25.71,26.1,16.11,15.45,50,50,1,1,50,50,100,100,57.28,58.02,61.12,67.02,69.64,69.71,4.89,7.78,995.75,903.18,62.68,63.07,43.33,36.67,14.47,15.07,88.59,86.78,3.5,3.5,93.16,93.16,613.07,651.72,0,0,64,64,67.11,65.27,663.83,602.12,537.35,540.5,0.36,0.36,151.88,159.17,10.16,9.95,17.16,17.16,504.26,504.26,2.23,2.22,50.11,47.22,51.42,49.89,10,10,66.33,66.33,100.2,100.2,46690.72,42350.03,26403.88,26828.71,76747,63241,663.83,602.12,9.74,8.55,82.98,75.26,27100000000,51400000000,39920.57,35955.18,6.78,6.69,13,11.42
North Deauss Ameationrond,61.33,62.93,53.78,44.89,66.67,66.67,3.32,2.66,30.65,30.73,45.34,45.34,199.85,181.11,47,45.8,119.25,123.75,-7.35,-7.35,-6.79,-6.79,639.52,579.55,-6,-6,4556.59,4129.32,-5.51,-5.51,4636.53,4201.77,-5.32,-5.32,319.76,289.78,3437.43,3115.1,5036.23,4563.99,3717.22,3368.66,-4.9,-4.9,-2,-2,2478.15,2245.77,-6.96,-7.49,5276.05,4781.32,10.15,10.15,1598.8,1448.88,1299.03,1177.22,1199.1,1086.66,699.48,633.89,26.8,26.8,30.1,37.63,15.51,15.51,52.94,49.04,27.76,27.98,11.92,11.23,51,51,1,1,50.5,50.5,99,99,59.82,60.48,79.08,84.18,71.99,71.89,5.47,8.09,1498.88,1358.33,53.03,53.92,47.33,40.67,23.07,23.67,78.25,76.44,1.65,1.65,93.49,93.49,536.76,579.29,-4,-4,64,64,66.8,64.84,699.48,633.89,631.82,635.86,0.42,0.41,187.35,188.68,11.74,11.15,17.87,17.87,480.58,480.58,2,1.99,49.53,46.91,53.82,52.23,42.43,42.43,-31.62,-31.62,103.37,103.37,43385.93,39317.66,22808.19,23342.82,75784,62037,1199.1,1086.66,4.41,3.67,99.93,90.56,16200000000,27100000000,33363.78,29999.37,13.33,13.28,10.43,9.27
United Estland,64.89,66.22,48.44,39.56,57.33,57.33,2.91,2.36,32.71,32.67,42,42,308.63,281.17,43.67,41.67,128.25,132.75,1234.5,1124.68,-4.66,-4.66,0,0,3703.51,3374.05,-4.47,-4.47,-5.94,-5.94,823,749.79,3559.49,3242.84,-7.75,-7.75,5349.52,4873.63,2469.01,2249.37,4526.52,4123.84,-3.16,-3.16,0,0,-3.16,-3.16,4032.71,3496.89,2057.51,1874.47,9.49,9.49,925.88,843.51,925.88,843.51,1234.5,1124.68,617.25,562.34,119.98,119.98,34.4,42.42,12,12,47.86,44.14,24.12,24.52,18.51,17.94,50,50,1,1,50,50,100,100,57.28,58.02,61.12,67.02,69.52,69.56,4.89,7.78,1234.5,1124.68,64.89,65.29,43.33,36.67,23.36,24.08,78.85,76.94,3.5,3.5,93.16,93.16,613.07,651.72,0,0,64,64,66.39,64.24,823,749.79,479.35,482.32,0.35,0.35,151.88,159.17,10.35,9.97,17.16,17.16,484.17,484.17,2.45,2.43,50.11,47.22,51.38,49.84,-70,-70,70,70,100.2,100.2,37837.55,34294.51,21397.35,21725.54,62195,51212,823,749.79,9.74,8.55,102.88,93.72,33600000000,63300000000,28983.56,26029.53,6.78,6.69,11.51,10.16
Ikkashire,64.13,64.93,76.22,71.78,72.67,72.67,11.04,7.45,35.06,34.1,40.78,40.78,0,0,44.8,43.6,126,128.25,4849.76,4693.71,492.67,476.82,2925.25,2831.12,2463.37,2384.1,6158.43,5960.26,781.74,756.58,6158.43,5960.26,1039.23,1005.79,2039.98,1974.34,5619.56,5438.74,615.84,596.03,5889,5699.5,6389.37,6183.77,-2,-2,1231.69,1192.05,-2.42,-2.42,13933.44,13485.09,8.25,8.25,96.23,93.13,577.35,558.77,1443.38,1396.94,481.13,465.65,23.5,23.5,9.06,13.42,11.33,11.33,76.2,72.1,28.5,28.72,9.12,8.32,47.8,47.8,1,1,50.5,50.5,99,99,55.2,56.08,55.32,62.32,67.4,68.19,16.08,14.25,1924.51,1862.58,33.23,33.96,73.33,66.67,7.91,8.12,109.57,107.76,0.82,0.82,93.8,93.8,290.4,321.9,-8,-8,64,64,73.14,72.24,481.13,465.65,422.17,457.21,1.15,0.95,202.5,203.19,13.96,13.38,17.93,17.93,451.47,451.47,2.75,2.55,38.92,40.75,57.45,56.16,12.25,12.25,60.42,60.42,105.16,105.16,62903.33,60879.22,16795.08,20394.03,185385,151971,481.13,465.65,12.41,11.37,-5.48,-5.48,11600000000,19800000000,57933.96,55948,15.13,15.11,20.03,17.65
Gren Youguan,64.89,66.22,48.44,39.56,57.33,57.33,2.91,2.36,32.68,32.61,42,42,265.1,240.63,43.67,41.67,128.25,132.75,4241.61,3850.05,4162.08,3777.86,0,0,1060.4,962.51,-5.48,-5.48,4356.49,3954.32,706.94,641.67,3729.08,3384.84,706.94,641.67,4595.08,4170.89,1413.87,1283.35,-4.47,-4.47,3181.21,2887.54,2474.27,2245.86,2827.74,2566.7,-3.16,-3.16,4948.55,4491.72,9.49,9.49,795.3,721.88,795.3,721.88,1060.4,962.51,530.2,481.26,119.98,119.98,34.4,42.42,12,12,47.86,44.14,25.46,25.85,16.52,15.88,50,50,1,1,50,50,100,100,57.28,58.02,61.12,67.02,69.56,69.62,4.89,7.78,1060.4,962.51,64.89,65.29,43.33,36.67,16.99,17.59,85.29,83.47,3.5,3.5,93.16,93.16,613.07,651.72,0,0,64,64,66.88,64.95,706.94,641.67,465.98,468.91,0.35,0.35,151.88,159.17,9.97,9.9,17.16,17.16,479.45,479.45,2.51,2.49,50.11,47.22,51.39,49.86,-43.59,-43.59,43.59,43.59,100.2,100.2,43883.01,39831.97,24816.1,25233.52,72132,59481,706.94,641.67,9.74,8.55,88.37,80.21,28500000000,56900000000,36422.9,32821.54,6.78,6.69,15.59,13.68
AntidoteNPO,88,88.67,73.78,78.22,97,97,52.58,24.3,68,45.31,42,42,-4.47,-4.47,12,11.33,198,200.25,5375.04,5556.57,390.91,404.11,1465.92,1515.43,977.28,1010.28,977.28,1010.28,0,0,6352.32,6566.85,4998.78,5167.61,5375.04,5556.57,-3.16,-3.16,2443.2,2525.71,-7.75,-7.75,6352.32,6566.85,2931.84,3030.85,2443.2,2525.71,-4.24,-4.24,13193.27,13638.84,5.39,5.39,488.64,505.14,488.64,505.14,122.16,126.29,122.16,126.29,95.92,95.92,1.9,4.11,12,12,105.98,101.02,37.63,37.74,2,1.99,50,50,1,1,50,50,100,100,40.51,42.56,19.72,23.33,62.82,64.62,42.28,40.28,855.12,884,23.33,24.08,90.33,83.67,6.6,6.8,115.63,113.82,1.16,1.16,93.63,93.63,16.51,25.51,0,0,64,64,74.95,74.17,366.48,378.86,94.05,109.46,3.37,3.21,295.8,300.85,16.54,15.98,17.29,17.29,464.36,464.36,116.55,110.06,12.72,14.72,54.02,56.18,18.71,18.71,33.91,33.91,97.83,97.83,47046.23,48635.1,4728.03,8065.52,248609,196005,366.48,378.86,19.96,19.18,-6.32,-6.32,13600000000,16100000000,43941.18,45327.91,3.74,3.68,27.6,24.58
Pat Pat Pat,44,48,76.22,71.78,53.33,53.33,11.04,7.45,33.43,32.84,42,42,221.42,214.18,60,57,90,96.75,-4.47,-4.47,3956.85,3827.38,5757.03,5568.66,3542.79,3426.87,442.85,428.36,-5.65,-5.65,442.85,428.36,-6.43,-6.43,-5.48,-5.48,3985.63,3855.23,1328.54,1285.08,7085.57,6853.73,885.7,856.72,5757.03,5568.66,6642.72,6425.38,-1.67,-1.67,6199.87,5997.02,8.77,8.77,885.7,856.72,885.7,856.72,1217.83,1177.99,553.56,535.45,114.92,114.92,9.06,13.42,12,12,61.3,58.12,23.57,24.18,19.25,18.42,50,50,1,1,50,50,100,100,53.06,54.05,36.19,41.38,68.8,69.39,12.66,9.44,1217.83,1177.99,79.51,79.05,73.33,66.67,10.99,11.59,98.17,96.36,4.34,4.34,93.04,93.04,529.16,557.3,0,0,64,64,72.3,71.33,774.98,749.63,378.47,418.71,0.33,0.33,90.71,100.7,12.84,12.26,17.19,17.19,494.49,494.49,3.11,2.78,42.34,45.56,57.7,56.33,46.37,46.37,65.95,65.95,99.76,99.76,54764.82,52972.94,14622.12,17745.49,161399,132235,774.98,749.63,14.48,13.6,0,0,16000000000,19500000000,48740.69,46828.08,7.37,7.24,19.35,17.03
Lahab,64.89,66.22,48.44,39.56,57.33,57.33,2.91,2.36,32.7,32.65,42,42,290.08,263.5,43.67,41.67,128.25,132.75,3094.24,2810.65,3531.3,3207.66,3094.24,2810.65,3867.8,3513.32,-5.48,-5.48,-5.11,-5.11,3094.24,2810.65,3968.36,3604.66,-8.37,-8.37,773.56,702.66,773.56,702.66,-5.48,-5.48,3867.8,3513.32,0,0,2707.46,2459.32,-3.16,-3.16,9282.71,8431.96,9.49,9.49,870.25,790.5,870.25,790.5,1160.34,1054,580.17,527,119.98,119.98,34.4,42.42,12,12,47.86,44.14,25.91,26.29,15.78,15.11,50,50,1,1,50,50,100,100,57.28,58.02,61.12,67.02,69.53,69.59,4.89,7.78,1160.34,1054,64.89,65.29,43.33,36.67,20.69,21.3,81.23,79.42,3.5,3.5,93.16,93.16,613.07,651.72,0,0,64,64,66.58,64.52,773.56,702.66,481.1,484.07,0.36,0.36,151.88,159.17,10.17,9.95,17.16,17.16,508.85,508.85,2.44,2.43,50.11,47.22,51.39,49.85,-37.42,-37.42,73.48,73.48,100.2,100.2,40182.53,36499.86,22723.45,23122.63,66049,54505,773.56,702.66,9.74,8.55,96.69,87.83,31200000000,60200000000,31864.74,28725.39,6.78,6.69,13.34,11.71
Jackniandreufflielph,64.89,66.22,48.44,39.56,57.33,57.33,2.91,2.36,32.71,32.66,42,42,283.58,258.49,43.67,41.67,128.25,132.75,378.11,344.65,-7.18,-7.18,1890.53,1723.25,4159.16,3791.14,2646.74,2412.55,3232.8,2946.75,-5.48,-5.48,3667.62,3343.1,-3.16,-3.16,4537.27,4135.79,2646.74,2412.55,1512.42,1378.6,0,0,-8.37,-8.37,378.11,344.65,4570.41,3904.07,2268.63,2067.9,9.49,9.49,850.74,775.46,850.74,775.46,1134.32,1033.95,567.16,516.97,119.98,119.98,34.4,42.42,12,12,47.86,44.14,24.59,24.98,17.85,17.26,50,50,1,1,50,50,100,100,57.28,58.02,61.12,67.02,69.52,69.58,4.89,7.78,1134.32,1033.95,73.38,73.8,43.33,36.67,19.75,20.5,82.18,80.22,3.5,3.5,93.16,93.16,613.07,651.72,0,0,64,64,66.65,64.61,756.21,689.3,485.43,488.42,0.34,0.34,151.88,159.17,10.45,9.98,17.16,17.16,486.53,486.53,2.42,2.41,50.11,47.22,51.38,49.85,-58.31,-58.31,76.81,76.81,100.2,100.2,41076.5,37179.97,23229,23553.48,67519,55521,756.21,689.3,9.74,8.55,94.53,86.16,29500000000,59200000000,32984.43,29558.08,6.78,6.69,11.64,10.27
New Asdanst,64.89,66.22,48.44,39.56,57.33,57.33,2.91,2.36,32.71,32.67,42,42,295.25,269.26,43.67,41.67,128.25,132.75,0,0,-5.59,-5.59,1968.3,1795.04,3149.28,2872.07,1574.64,1436.03,-5.81,-5.81,-8.37,-8.37,1082.57,987.27,787.32,718.02,3542.94,3231.07,3936.6,3590.08,-5.48,-5.48,2755.62,2513.06,-8.37,-8.37,3149.28,2872.07,5939.41,5143.75,1968.3,1795.04,9.49,9.49,885.74,807.77,885.74,807.77,1180.98,1077.02,590.49,538.51,119.98,119.98,34.4,42.42,12,12,47.86,44.14,25.95,26.33,15.72,15.04,50,50,1,1,50,50,100,100,57.28,58.02,61.12,67.02,69.52,69.56,4.89,7.78,1180.98,1077.02,76.95,77.39,43.33,36.67,21.44,22.21,80.52,78.56,3.5,3.5,93.16,93.16,613.07,651.72,0,0,64,64,66.52,64.42,787.32,718.02,428.33,431.13,0.34,0.34,151.88,159.17,12.28,11.7,17.16,17.16,488.89,488.89,2.71,2.7,50.11,47.22,51.38,49.84,-43.59,-43.59,66.33,66.33,100.2,100.2,39498.93,35749.2,22336.87,22647.09,64926,53384,787.32,718.02,9.74,8.55,98.42,89.75,32400000000,62900000000,31046.16,27812.88,6.78,6.69,10.29,9.15
Elputojack,45,47,22.33,20,68.67,68.67,1.62,1.52,31.76,32,43.68,43.68,363.64,340.11,59.25,57.75,92.25,96.75,1163.64,1088.35,523.64,489.76,2375.77,2222.06,-10.1,-10.1,2084.86,1949.97,8425.03,7879.92,-10.3,-10.3,-3,-3,581.82,544.18,436.37,408.13,-8.49,-8.49,-6.4,-6.4,1406.07,1315.1,-3.46,-3.46,-8.49,-8.49,-12.26,-12.36,3539.42,3310.41,13.27,13.27,1212.13,1133.7,909.1,850.28,787.88,736.91,545.46,510.17,1588.44,1588.44,61.7,65.73,15.09,15.09,39.11,37.43,23.85,24.15,18.88,18.46,51,51,1,1,51.48,51.48,103,103,64.75,64.94,97.88,98.5,70.57,70.3,16.9,17.18,1090.92,1020.33,100.33,99.46,22.33,20,41.45,41.68,46.67,45.98,1.26,1.26,93.59,93.59,829.97,837.89,-4,-4,64,64,51.98,51.4,666.67,623.54,691.3,696.71,0.28,0.28,154.71,157.15,9.65,9.62,10.96,10.96,534.8,534.8,1.89,1.88,38.1,37.82,47.8,47.04,95.92,95.92,-65.57,-65.57,104.81,104.81,30039.72,28096.11,23264.59,22504.84,37705,34237,969.7,906.96,2.68,2.66,424.25,396.8,20000000000,33500000000,17603.28,16380.03,13.91,13.86,10.64,10.09
Disguisedlark,70,71.33,76.22,71.78,67.33,67.33,11.04,7.45,34.92,34.03,42,42,0,0,36,34,144,148.5,4878.71,4718.74,3618.01,3499.38,4139.52,4003.78,4878.71,4718.74,3030.72,2931.34,-6.35,-6.35,5987.51,5791.19,2726.91,2637.49,-5.29,-5.29,813.12,786.46,4139.52,4003.78,3030.72,2931.34,3769.92,3646.3,-4.24,-4.24,5617.91,5433.7,6105.78,5905.58,15005.74,14513.71,7.42,7.42,554.4,536.22,554.4,536.22,739.2,714.96,462,446.85,105.17,105.17,9.06,13.42,12,12,70.05,66.33,30.74,31.09,3.4,3.23,50,50,1,1,50,50,100,100,50.23,51.98,30.63,35.47,67.51,68.25,16.33,14.78,831.6,804.33,43.2,43.52,73.33,66.67,6.46,6.66,117.38,115.57,1.51,1.51,93.52,93.52,285.93,312.51,0,0,64,64,73.13,72.23,462,446.85,329.47,358,1.04,0.97,180.21,188.15,13.34,12.76,17.24,17.24,461.92,461.92,3.8,3.35,38.67,40.22,57.01,55.7,-35.36,-35.36,82.76,82.76,98.83,98.83,65622.03,63470.32,17520.97,21262.03,193397,158439,462,446.85,16.14,15.28,-4.47,-4.47,20000000000,23200000000,61356.6,59217.81,5.95,5.85,19.91,17.53
Lottieland,52.67,54.67,53.78,44.89,76.67,76.67,3.32,2.66,30.69,30.72,43.68,43.68,186.74,169.71,53.5,52,105.75,108,298.79,271.53,-5.06,-5.06,2838.46,2579.52,1419.23,1289.76,1419.23,1289.76,9229.85,8387.85,-7.48,-7.48,-6.24,-6.24,-5.66,-5.66,-7.87,-7.87,3286.64,2986.81,470.59,427.66,2539.67,2307.99,4780.56,4344.46,1359.47,1235.45,4938.78,4220.11,3137.24,2851.05,10.44,10.44,1493.93,1357.64,1027.07,933.38,1307.19,1187.94,466.85,424.26,468.75,468.75,30.1,37.63,14.64,14.64,61.08,56.46,28,28.28,11.16,9.86,51.62,51.62,1,1,50.99,50.99,102,102,59.76,60.45,86.75,92.19,71.94,71.9,10.62,12.34,933.7,848.53,98.78,99.62,47.33,40.67,21.58,22.33,79.1,77.13,0.74,0.74,94,94,473.85,511.62,0,0,68,68,66.79,64.81,653.59,593.97,639.89,651.98,0.27,0.27,55.21,55.93,9.88,9.82,15.95,15.95,548.88,548.88,1.98,1.96,44.38,42.66,53.47,51.91,36.06,36.06,50,50,89.65,89.65,46418.76,41916.07,24402.56,24885.49,81081,66136,1120.44,1018.23,4.53,3.69,280.11,254.56,16000000000,25200000000,36392.3,32568.78,5.53,5.47,15.71,13.78
9Pluto,56.33,58.33,70.22,65.78,72,72,4.66,3.59,29.55,29.35,44.28,44.28,90.37,87.24,50.75,49.25,112.5,114.75,5349.96,5164.87,347.02,335.02,2096.61,2024.07,-3.74,-3.74,4410.1,4257.53,6312.59,6094.2,2602.68,2512.64,1265.19,1221.42,-1.73,-1.73,2819.57,2722.03,2458.09,2373.05,5603,5409.16,2096.61,2024.07,1373.64,1326.12,-6,-6,-7.35,-7.87,10049.25,9701.58,10.86,10.86,2078.53,2006.62,1174.82,1134.18,1174.82,1134.18,903.71,872.44,25.09,25.09,21.45,27.88,14.64,14.64,63.04,58.9,27.85,28.13,11.65,10.66,51,51,1,1,50.5,50.5,107,107,61.32,61.96,89.87,94.12,73.62,73.93,8.62,6.62,1355.56,1308.67,66.33,66.19,56.33,49.67,15.75,16.35,87.33,85.52,0.86,0.86,93.77,93.77,440.4,476.84,-8,-8,64,64,68.79,67.38,542.23,523.47,830.97,877.12,0.35,0.35,184.13,185.45,9.93,9.86,17.9,17.9,559.39,559.39,1.7,1.65,46.38,48.38,58.44,56.99,50.99,50.99,17.32,17.32,106.84,106.84,61702.03,59567.38,26911.5,30030.65,125467,107704,1445.94,1395.91,3.3,3.12,271.11,261.73,7400000000,19700000000,52014.81,49857.9,13.41,13.38,18.56,16.32
Far Raatheistan,64.89,66.22,48.44,39.56,57.33,57.33,2.91,2.36,32.71,32.65,42,42,280.99,255.19,43.67,41.67,128.25,132.75,4870.41,4423.33,2193.56,1992.2,1873.24,1701.28,374.65,340.26,-3.16,-3.16,1335.62,1213.01,3371.83,3062.31,4761.77,4324.66,1498.59,1361.02,1123.94,1020.77,4495.77,4083.07,-6.32,-6.32,2997.18,2722.05,374.65,340.26,1123.94,1020.77,-4.24,-4.24,10115.48,9186.92,9.49,9.49,842.96,765.58,842.96,765.58,1123.94,1020.77,561.97,510.38,119.98,119.98,34.4,42.42,12,12,47.86,44.14,24.06,24.47,18.58,18.02,50,50,1,1,50,50,100,100,57.28,58.02,61.12,67.02,69.53,69.58,4.89,7.78,1123.94,1020.77,61.7,62.09,43.33,36.67,19.36,19.97,82.58,80.77,3.5,3.5,93.16,93.16,613.07,651.72,0,0,64,64,66.68,64.67,749.29,680.51,439.58,442.42,0.36,0.36,151.88,159.17,11.24,10.65,17.16,17.16,487.01,487.01,2.65,2.63,50.11,47.22,51.38,49.85,40,40,30,30,100.2,100.2,41447.23,37642.55,23438.65,23846.52,68128,56212,749.29,680.51,9.74,8.55,93.66,85.06,29700000000,57900000000,33406.47,30114.04,6.78,6.69,13.65,11.98
KOBKK,61.33,62.93,24.33,21.67,66.67,66.67,1.7,1.59,31.62,31.8,43.68,43.68,378.04,355.77,47,45.8,119.25,123.75,2217.84,2087.16,2321.42,2184.64,-3.46,-3.46,-6.16,-6.16,2671.49,2514.08,-6.3,-6.3,-5.1,-5.1,1416.9,1333.41,1159.32,1091.01,453.65,426.92,705.68,664.1,982.9,924.99,1965.81,1849.98,-1.18,-1.18,2041.42,1921.13,443.57,417.43,2217.84,2087.16,12.57,12.57,1260.13,1185.89,945.1,889.41,693.07,652.24,567.06,533.65,644.28,644.28,58.76,62.95,15.09,15.09,39.51,37.68,28.35,28.57,9.64,8.86,51,51,1,1,51.48,51.48,102,102,62.77,62.99,91.56,92.78,70.75,70.53,13.14,14.42,1134.12,1067.3,69.97,69.4,24.33,21.67,35.4,35.64,56.52,55.77,1.81,1.81,93.45,93.45,726.64,739.72,-4,-4,64,64,52.97,52.3,693.07,652.24,737.03,735.23,0.34,0.35,188,189.34,9.97,9.94,15.15,15.15,523.54,523.54,1.82,1.82,41.86,40.58,48.45,47.71,20,20,-31.62,-31.62,104.81,104.81,31750.6,29879.8,23957.75,23388.5,40770,37155,1008.11,948.71,2.95,2.91,441.05,415.06,44000000000,60100000000,20510.89,19242.59,13.6,13.54,8.73,8.36
Inner Waldnianacyopia,57.6,59.2,27.33,23.67,76.67,76.67,1.84,1.67,31.14,31.33,45.34,45.34,323.42,300.58,49.8,48.6,114.75,117,3363.56,3126.03,1289.79,1198.71,2173.37,2019.89,983.19,913.76,1552.41,1442.78,2058.24,1912.89,-6.24,-6.24,509.71,473.71,1293.68,1202.32,1293.68,1202.32,3363.56,3126.03,-7.07,-7.07,3363.56,3126.03,258.74,240.46,1862.89,1731.34,-8.89,-9.13,5536.93,5145.92,11.96,11.96,1487.73,1382.67,905.57,841.62,970.26,901.74,517.47,480.93,13.18,13.18,54.49,59.98,15.09,15.09,45.89,43.12,31.11,31.32,3.22,3.14,47.8,47.8,1,1,50,50,96,96,62.69,63.02,101.46,102.53,71.34,71.1,16.2,17.82,905.57,841.62,104.79,104.62,27.33,23.67,30.42,30.75,62.48,61.47,0.74,0.74,94,94,597.94,617.97,0,0,66,66,53.87,52.89,646.84,601.16,619.87,619.99,0.26,0.27,83.9,84.35,9.97,9.93,18.61,18.61,498.93,498.93,2.02,2.02,38.8,37.18,49.39,48.42,36.74,36.74,53.39,53.39,107.17,107.17,34427.28,31996.07,24949.79,24408.28,45789,40695,970.26,901.74,2.96,2.9,776.21,721.39,34300000000,52700000000,23961.39,22141.28,8.93,8.89,11.78,10.95
Sax Hum Tomiastan,80.89,81.78,76.44,80.44,49.33,49.33,32.62,17.12,39.65,35.77,42,42,0,0,19.67,18.33,182.25,184.5,4754.93,4909.53,-5.77,-5.77,-6.32,-6.32,3328.45,3436.67,4754.93,4909.53,480.25,495.86,4754.93,4909.53,4916.6,5076.45,-3.16,-3.16,4754.93,4909.53,-3.16,-3.16,5705.92,5891.43,3803.95,3927.62,0,0,0,0,1616.68,1669.24,9509.86,9819.06,7.42,7.42,713.24,736.43,713.24,736.43,1188.73,1227.38,356.62,368.21,105.17,105.17,3.07,5.84,12,12,65,62.06,26.89,27.14,13.97,13.44,50,50,1,1,50,50,100,100,44.52,46.71,18.88,22.51,65.24,66.87,24.75,22.97,1069.86,1104.64,27.38,27.97,86.33,79.67,8.83,9.03,106.51,104.7,5.29,5.29,92.93,92.93,216.48,243.1,0,0,64,64,74.16,73.33,594.37,613.69,208.7,232.68,2.08,1.97,258.31,263.03,14.9,14.33,17.24,17.24,469.53,469.53,70.3,58.07,30.25,32.03,56.03,58.13,-75.83,-75.83,61.24,61.24,98.83,98.83,50335.7,51972.27,6928.46,10687.5,226004,182997,594.37,613.69,18.44,17.6,-4.47,-4.47,14200000000,17300000000,45906.16,47294.76,4.93,4.86,23.59,20.88
Publemostlawicstana,64.89,66.22,48.44,39.56,57.33,57.33,2.91,2.36,32.7,32.65,42,42,289.93,263.36,43.67,41.67,128.25,132.75,3092.6,2809.17,-3,-3,2319.45,2106.88,3865.75,3511.46,386.57,351.15,1662.27,1509.93,773.15,702.29,3556.49,3230.54,4638.9,4213.75,1546.3,1404.58,386.57,351.15,1546.3,1404.58,-7.75,-7.75,3092.6,2809.17,1932.87,1755.73,-1.67,-1.67,6185.2,5618.33,9.49,9.49,869.79,790.08,869.79,790.08,1159.72,1053.44,579.86,526.72,119.98,119.98,34.4,42.42,12,12,47.86,44.14,25.44,25.83,16.55,15.91,50,50,1,1,50,50,100,100,57.28,58.02,61.12,67.02,69.53,69.59,4.89,7.78,1159.72,1053.44,69.46,69.87,43.33,36.67,20.67,21.27,81.26,79.44,3.5,3.5,93.16,93.16,613.07,651.72,0,0,64,64,66.58,64.52,773.15,702.29,458.72,461.61,0.35,0.35,151.88,159.17,11.89,11.3,17.16,17.16,507.08,507.08,2.54,2.53,50.11,47.22,51.39,49.85,-48.99,-48.99,73.48,73.48,100.2,100.2,40203.79,36519.18,22735.48,23134.87,66084,54534,773.15,702.29,9.74,8.55,96.64,87.79,31200000000,59400000000,31881.61,28740.59,6.78,6.69,12.35,10.86
Milorez Llystan,64.89,66.22,48.44,39.56,57.33,57.33,2.91,2.36,32.68,32.64,42,42,300.12,272.66,43.67,41.67,128.25,132.75,800.32,727.1,-8.1,-8.1,-3.16,-3.16,3601.45,3271.95,2400.97,2181.3,-2,-2,2000.81,1817.75,500.2,454.44,2400.97,2181.3,-5.48,-5.48,-6.32,-6.32,2400.97,2181.3,4801.93,4362.6,3201.29,2908.4,3601.45,3271.95,1360.55,1236.07,2801.13,2544.85,9.49,9.49,900.36,817.99,900.36,817.99,1200.48,1090.65,600.24,545.33,119.98,119.98,34.4,42.42,12,12,47.86,44.14,26.27,26.66,15.14,14.42,50,50,1,1,50,50,100,100,57.28,58.02,61.12,67.02,69.55,69.6,4.89,7.78,1200.48,1090.65,61.22,61.6,43.33,36.67,22.14,22.75,79.89,78.07,3.5,3.5,93.16,93.16,613.07,651.72,0,0,64,64,66.47,64.37,800.32,727.1,472.11,475.05,0.35,0.35,151.88,159.17,12.16,11.57,17.16,17.16,524.7,524.7,2.48,2.47,50.11,47.22,51.39,49.85,-73.48,-73.48,70,70,100.2,100.2,38875.64,35318.91,21984.4,22374.5,63901,52742,800.32,727.1,9.74,8.55,100.04,90.89,32700000000,60900000000,30284.13,27301.52,6.78,6.69,10.1,9
Southville,78.33,78.67,43.11,35.11,76.67,76.67,2.56,2.15,32.57,32.61,43.68,43.68,-3.16,-3.16,23.5,23,173.25,173.25,-9.7,-9.7,2512.52,2284,727.34,661.19,-9.27,-9.27,2000.2,1818.28,-5.12,-5.12,2818.46,2562.12,-9.24,-9.24,-6,-6,272.75,247.95,1181.93,1074.44,-5.59,-5.59,1181.93,1074.44,1636.52,1487.68,5091.41,4628.34,-7.73,-8.18,3545.8,3223.31,8.19,8.19,1477.42,1343.04,909.18,826.49,340.94,309.93,227.3,206.62,609.8,609.8,39,46.42,15.09,15.09,55.52,51.2,34.99,35.07,2.29,2.28,51,51,1,1,51.48,51.48,101,101,58.11,58.79,68.65,74.09,69.67,69.62,20.95,23.11,1250.12,1136.42,39.16,40.24,39.33,33.33,22.59,23.12,81.74,80.14,0.74,0.74,94,94,329.23,362.92,-4,-4,64,64,65.36,63.02,454.59,413.24,415.32,421.13,1.42,1.33,263.98,263.98,10.84,10.3,15.31,15.31,493.75,493.75,2.8,2.76,34.05,31.89,51.03,49.68,66.71,66.71,-60.42,-60.42,102.24,102.24,30765.3,27967.14,18622.44,18598.38,47754,40064,1022.83,929.8,8.39,7.11,0,0,28800000000,49100000000,23812.34,21506.73,12.3,12.3,10.1,9.14
Rischionlan Islands,64.89,66.22,48.44,39.56,57.33,57.33,2.91,2.36,32.69,32.66,42,42,312.46,283.94,43.67,41.67,128.25,132.75,833.24,757.18,-4.36,-4.36,0,0,-7.75,-7.75,1666.48,1514.35,4284.93,3893.77,4166.2,3785.88,1329.02,1207.69,-4.47,-4.47,3749.58,3407.29,-4.47,-4.47,-4.47,-4.47,2916.34,2650.11,-8.37,-8.37,2916.34,2650.11,-4.24,-4.24,4999.43,4543.05,9.49,9.49,937.39,851.82,937.39,851.82,1249.86,1135.76,624.93,567.88,119.98,119.98,34.4,42.42,12,12,47.86,44.14,24.87,25.26,17.44,16.83,50,50,1,1,50,50,100,100,57.28,58.02,61.12,67.02,69.54,69.58,4.89,7.78,1249.86,1135.76,57.19,57.56,43.33,36.67,23.92,24.52,78.4,76.59,3.5,3.5,93.16,93.16,613.07,651.72,0,0,64,64,66.36,64.19,833.24,757.18,540.79,543.95,0.36,0.36,151.88,159.17,9.92,9.86,17.16,17.16,506.78,506.78,2.22,2.21,50.11,47.22,51.39,49.84,50.99,50.99,-50.99,-50.99,100.2,100.2,37385.35,33972.56,21141.63,21521.59,61452,50731,833.24,757.18,9.74,8.55,104.15,94.65,31500000000,58500000000,28450.25,25649.28,6.78,6.69,11.89,10.48
Adant Blan,64.89,66.22,48.44,39.56,57.33,57.33,2.91,2.36,32.7,32.64,42,42,281.15,255.34,43.67,41.67,128.25,132.75,-6.32,-6.32,4873.28,4425.93,374.87,340.46,-4.47,-4.47,1124.6,1021.37,3748.68,3404.56,374.87,340.46,-7.07,-7.07,2249.21,2042.74,2998.94,2723.65,2624.07,2383.19,2998.94,2723.65,374.87,340.46,1124.6,1021.37,4873.28,4425.93,0,0,749.74,680.91,9.49,9.49,843.45,766.03,843.45,766.03,1124.6,1021.37,562.3,510.68,119.98,119.98,34.4,42.42,12,12,47.86,44.14,26.31,26.7,15.07,14.35,50,50,1,1,50,50,100,100,57.28,58.02,61.12,67.02,69.53,69.59,4.89,7.78,1124.6,1021.37,66.65,67.05,43.33,36.67,19.39,19.99,82.56,80.74,3.5,3.5,93.16,93.16,613.07,651.72,0,0,64,64,66.67,64.66,749.74,680.91,532.65,535.78,0.35,0.34,151.88,159.17,10.03,9.94,17.16,17.16,500,500,2.25,2.24,50.11,47.22,51.39,49.85,33.17,33.17,-24.49,-24.49,100.2,100.2,41422.87,37620.42,23424.87,23832.51,68088,56179,749.74,680.91,9.74,8.55,93.72,85.11,27000000000,53100000000,33386.83,30096.34,6.78,6.69,12.7,11.17
Toka Hod,64.89,66.22,48.44,39.56,57.33,57.33,2.91,2.36,32.65,32.58,42,42,259.57,236.27,43.67,41.67,128.25,132.75,-8.37,-8.37,4147.97,3775.53,1384.39,1260.09,4499.26,4095.28,346.1,315.02,-7.1,-7.1,3114.87,2835.19,-8.38,-8.38,0,0,1730.49,1575.11,4499.26,4095.28,-7.07,-7.07,3114.87,2835.19,1730.49,1575.11,-7.07,-7.07,5913.99,5143.56,4499.26,4095.28,9.49,9.49,778.72,708.8,778.72,708.8,1038.29,945.06,519.15,472.53,119.98,119.98,34.4,42.42,12,12,47.86,44.14,24.43,24.83,18.08,17.49,50,50,1,1,50,50,100,100,57.28,58.02,61.12,67.02,69.59,69.66,4.89,7.78,1038.29,945.06,60.98,61.36,43.33,36.67,16.14,16.86,86.35,84.38,3.5,3.5,93.16,93.16,613.07,651.72,0,0,64,64,66.95,65.04,692.19,630.04,567.49,570.73,0.36,0.36,151.88,159.17,10.22,9.96,17.16,17.16,498.93,498.93,2.15,2.14,50.11,47.22,51.4,49.87,-70,-70,83.07,83.07,100.2,100.2,44803.2,40540.95,25336.47,25682.66,73645,60540,692.19,630.04,9.74,8.55,86.52,78.76,25300000000,50700000000,37589.89,33689.53,6.78,6.69,10.95,9.69
Tejuguasu,80.44,81.33,76.22,71.78,80.67,80.67,11.04,7.45,35.57,34.61,42,42,0,0,20.33,19,180,182.25,3244.62,3138.35,3469.72,3356.07,3244.62,3138.35,6489.24,6276.7,-3.16,-3.16,5542.22,5360.69,405.58,392.29,608.37,588.44,1622.31,1569.17,5272.51,5099.82,811.16,784.59,-6.32,-6.32,0,0,4055.78,3922.94,6489.24,6276.7,7219.28,6982.82,6894.82,6668.99,7.07,7.07,608.37,588.44,608.37,588.44,506.97,490.37,304.18,294.22,105.17,105.17,9.06,13.42,12,12,82.83,78.31,37.13,37.34,2.05,2.02,50,50,1,1,50,50,100,100,48.89,51.01,31.49,36.58,67.02,67.76,28.19,26.42,912.55,882.66,42.99,43.77,73.33,66.67,7.07,7.28,113.28,111.47,0.7,0.7,94.2,94.2,121.77,141.93,0,0,64,64,72.97,72.06,506.97,490.37,252.01,278.55,1.56,1.49,254.31,259,11.71,11.12,17.24,17.24,458.74,458.74,33.04,7.3,26.81,28.58,56.84,55.54,-65.19,-65.19,90.83,90.83,98.83,98.83,59806.48,57847.6,15968.23,19378.47,176258,144403,506.97,490.37,16.72,15.84,-4.47,-4.47,15100000000,18100000000,55560.22,53624.73,5,4.93,23.65,20.94
Dastanlavia,64.89,66.22,48.44,39.56,57.33,57.33,2.91,2.36,32.64,32.57,42,42,262.37,238.13,43.67,41.67,128.25,132.75,4198,3810.02,0,0,1749.17,1587.51,4198,3810.02,3848.17,3492.52,2006.29,1820.87,3848.17,3492.52,3319.92,3013.09,4547.83,4127.53,-7.07,-7.07,1049.5,952.51,2099,1905.01,1399.33,1270.01,0,0,-8.37,-8.37,1749.17,1587.51,9795.33,8890.06,9.49,9.49,787.12,714.38,787.12,714.38,1049.5,952.51,524.75,476.25,119.98,119.98,34.4,42.42,12,12,47.86,44.14,24.28,24.68,18.29,17.71,50,50,1,1,50,50,100,100,57.28,58.02,61.12,67.02,69.59,69.66,4.89,7.78,1049.5,952.51,59.78,60.16,43.33,36.67,16.57,17.17,85.8,83.99,3.5,3.5,93.16,93.16,613.07,651.72,0,0,64,64,66.91,65,699.67,635,476.93,479.89,0.36,0.36,151.88,159.17,12.54,11.96,17.16,17.16,515.16,515.16,2.46,2.44,50.11,47.22,51.41,49.87,-62.45,-62.45,80,80,100.2,100.2,44332.62,40235.44,25070.35,25489.12,72871,60084,699.67,635,9.74,8.55,87.46,79.38,18500000000,37000000000,36973.4,33314.95,6.78,6.69,11.58,10.22
Even More Pressure,62.67,64.67,48.44,39.56,57.33,57.33,2.91,2.36,32.62,32.57,42,42,284.73,258.54,46,44,121.5,126,-6.32,-6.32,3999.53,3631.69,4555.71,4136.71,-7.75,-7.75,3037.14,2757.81,4405.75,4000.55,4555.71,4136.71,0,0,4176.06,3791.99,-5.48,-5.48,-7.75,-7.75,4555.71,4136.71,379.64,344.73,-7.07,-7.07,-5.48,-5.48,-3.46,-3.46,9111.41,8273.42,9.49,9.49,854.19,775.63,854.19,775.63,1138.93,1034.18,569.46,517.09,119.98,119.98,34.4,42.42,12,12,46.46,42.87,22.6,23.02,20.47,19.96,50,50,1,1,50,50,100,100,57.37,58.11,62.38,68.3,69.61,69.67,4.11,7,1138.93,1034.18,65.87,66.27,43.33,36.67,19.94,20.54,81.98,80.17,3.24,3.24,93.2,93.2,632.25,671.49,0,0,64,64,66.71,64.71,759.28,689.45,504.53,507.54,0.35,0.35,140.69,147.71,11.44,10.85,17.16,17.16,529.45,529.45,2.35,2.33,50.89,48,51.41,49.88,92.74,92.74,-50.99,-50.99,100.2,100.2,40864.69,37106.31,23109.22,23506.82,67171,55411,759.28,689.45,9.6,8.41,94.91,86.18,12600000000,26400000000,32732.61,29499.52,6.91,6.82,12.81,11.26
Monspisia,76.5,77.5,68.67,64.22,76.67,76.67,5.88,4.48,31.57,31.19,45.34,45.34,117.27,113.94,26.25,24.75,166.5,171,1782.58,1731.84,896.45,870.93,-7.87,-7.87,-7.35,-7.35,2908.41,2825.64,-4.32,-4.32,2720.77,2643.34,2824.91,2744.51,5066.27,4922.08,-6.48,-6.48,1313.48,1276.09,4831.72,4694.2,-5.66,-5.66,-4.69,-4.69,-7.48,-7.48,-4.47,-4.47,4503.35,4375.18,9.7,9.7,1759.12,1709.05,1407.3,1367.24,938.2,911.5,586.37,569.68,763.57,763.57,17.01,22.34,17.01,17.01,67.18,63.07,32.51,32.77,2.76,2.7,51.62,51.62,1,1,52.44,52.44,103,103,56.08,56.81,58.54,64.04,70.81,71.28,20.51,18.79,1055.47,1025.43,48.59,49.12,62,55.33,21.37,21.94,83.56,81.85,0.73,0.73,94.04,94.04,220.95,246.97,0,0,64,64,69.62,68.54,703.65,683.62,467.46,500.04,0.62,0.59,294.79,298.15,13.11,12.53,14.6,14.6,507.74,507.74,2.5,2.36,34.49,36.21,56.46,55.29,-33.91,-33.91,-44.16,-44.16,99.76,99.76,46263,44946.32,17722.64,20050.68,104209,89758,1290.02,1253.31,11.38,10.41,234.55,227.87,6100000000,11000000000,36362.72,35103.08,3.29,3.17,15.5,13.85
Yomon,76.22,77.56,76.22,71.78,80.67,80.67,11.04,7.45,35.56,34.7,42,42,0,0,26.67,24.67,166.5,171,6253.06,6048.43,5262.19,5089.99,1924.02,1861.06,-5.48,-5.48,1924.02,1861.06,-6.47,-6.47,2886.03,2791.58,7157.35,6923.13,4810.05,4652.64,-4.47,-4.47,-3.16,-3.16,0,0,6253.06,6048.43,-3.16,-3.16,481,465.26,-2,-2,11063.11,10701.07,7.07,7.07,721.51,697.9,721.51,697.9,601.26,581.58,360.75,348.95,105.17,105.17,9.06,13.42,12,12,80.15,75.8,31.71,32.06,2.99,2.88,50,50,1,1,50,50,100,100,49.34,51.33,32.88,37.94,67.03,67.69,26.08,24.53,1082.26,1046.84,40.81,41.12,73.33,66.67,8.79,8.99,104.76,102.95,0.69,0.69,94.23,94.23,145.88,165.04,0,0,64,64,72.68,71.75,601.26,581.58,274.58,300.5,1.31,1.29,224.9,233.76,14.22,13.64,17.24,17.24,494.95,494.95,9.31,4.58,28.92,30.47,56.85,55.51,57.01,57.01,-35.36,-35.36,98.83,98.83,50428.56,48778.29,13464.34,16340.32,148620,121764,601.26,581.58,16.52,15.67,-4.47,-4.47,5200000000,6500000000,45990.85,44388.24,5.39,5.27,22.5,19.89
East America Republic,77.17,77.5,64,55.11,25,25,4.36,3.44,34.61,34.14,39.43,39.43,227.88,213.53,25.25,24.75,168.75,171,1367.3,1281.18,-5.39,-5.39,5651.51,5295.55,1367.3,1281.18,-4.47,-4.47,-7.57,-7.57,0,0,-8.26,-8.26,5924.97,5551.79,-6.32,-6.32,4101.9,3843.55,5013.44,4697.67,2734.6,2562.37,2278.84,2135.3,2552.3,2391.54,-4.47,-4.47,7018.81,6576.74,8.12,8.12,227.88,213.53,911.53,854.12,1367.3,1281.18,227.88,213.53,7.94,7.94,22.94,29.06,8.98,8.98,38.8,36.43,23.36,23.46,19.53,19.39,47.8,47.8,1,1,50,50,98,98,52.36,53.44,29.62,34.22,67.76,68.15,18.8,17.85,1025.48,960.89,53.56,54.87,55,48.33,13.93,14.5,92.14,90.43,13.35,13.35,92.19,92.19,572.31,621.93,0,0,66,66,69.75,68.69,797.59,747.36,334.12,358.56,1.18,1.05,115.08,116.13,12.75,12.16,32.57,32.57,506.47,506.47,3.71,3.34,36.2,37.15,53.12,51.92,65.95,65.95,43.01,43.01,104.1,104.1,44309.68,41518.86,20060.6,21413.54,87443,73677,797.59,747.36,15.01,14.15,341.83,320.3,4900000000,8000000000,38150.63,35498.62,7.38,7.34,15.88,14.19
Anonymous Endorsing Agent,76,77,42.89,42.67,50.22,50.22,1.35,1.34,26.17,26.21,42,42,2383.34,2357.56,27,25.5,164.25,168.75,2905.41,2873.98,-8.76,-8.76,-10.49,-10.49,-3.1,-3.1,-8.38,-8.38,-9.72,-9.72,-10.77,-10.77,-7.04,-7.04,1361.91,1347.18,2451.44,2424.92,-5.1,-5.1,-7.48,-7.48,-5.1,-5.1,-12.49,-12.49,4948.27,4894.74,-4.18,-4.18,2905.41,2873.98,13.15,13.15,1248.42,1234.91,3972.24,3929.27,2042.87,2020.77,1475.4,1459.44,119.98,119.98,74.31,74.44,12,12,31.05,30.97,33.94,34.19,2.46,2.41,52.16,52.16,4.48,4.48,50,50,157,157,63.91,63.87,99.91,99.94,80.48,80.36,16.83,17.38,2042.87,2020.77,67.41,66.21,29.17,29,63.26,63.27,35.67,35.64,3.33,3.33,93.18,93.18,636.39,625.36,0,0,62,62,53.81,53.57,907.94,898.12,1020.01,1018.6,0.33,0.33,211.58,220.17,9.7,9.69,17.16,17.16,936.29,936.29,1.49,1.5,38.17,37.62,56.02,55.76,-81.98,-81.98,34.93,34.93,101.04,101.04,31301.24,30962.63,26759.19,26495.38,36011,35591,2269.85,2245.3,2.78,2.78,340.48,336.79,4.1206E+12,4.2549E+12,11487.56,11363.28,4.62,4.43,11.21,11.01
Menorah,66,66.8,46,45.78,67.33,67.33,1.64,1.64,27.88,27.87,45.34,45.34,681.13,681.34,42,40.8,130.5,135,2860.75,2861.62,4250.26,4251.55,5585.27,5586.97,2574.67,2575.46,3882.45,3883.62,-8.85,-8.85,1839.05,1839.61,-5.2,-5.2,374.62,374.74,817.36,817.6,-11.22,-11.22,-5.66,-5.66,5244.71,5246.3,817.36,817.6,177.09,177.15,373.26,373.37,10285.08,10288.19,10.44,10.44,1532.54,1533.01,1702.83,1703.34,766.27,766.5,510.85,511,439.84,439.84,60.84,60.96,15.9,15.9,42.32,42.22,32.68,32.89,2.72,2.67,52.16,52.16,3.3,3.3,50.99,50.99,136,136,64.25,64.21,95.79,95.86,76.6,76.62,12.01,12.46,1021.7,1022.01,76.11,75.07,33.5,33.33,22.76,22.76,74.14,74.11,1.26,1.26,93.59,93.59,598.21,589.91,-4,-4,64,64,58.31,58.3,170.28,170.33,1025.03,1023.94,0.36,0.37,80.66,81.54,9.95,9.94,16.07,16.07,796.88,796.88,1.47,1.48,42.99,42.54,55.27,55.28,51.19,51.19,74.7,74.7,102.24,102.24,43771.52,43784.79,33645.27,33691.78,55303,55268,2043.39,2044.01,2.73,2.74,0,0,7.403E+11,7.836E+11,33791.61,33801.86,12.14,12.08,12.53,12.53
Jeruselem,67.56,67.89,94.24,94.19,45.56,45.56,1.31,1.31,19.06,19.06,38.06,38.06,17362.65,17362.65,39.67,39.17,149.25,149.25,-18.97,-18.97,-15.49,-15.49,-14,-14,-12.25,-12.25,-16.76,-16.76,-13.56,-13.56,-19.18,-19.18,-26.97,-26.97,-20.57,-20.57,-19.49,-19.49,-25.3,-25.3,-20.42,-20.42,-18.44,-18.44,-25.34,-25.34,-8.57,-8.57,-27.14,-27.14,0,0,29.87,29.87,10999.38,10999.38,14635.53,14635.54,9090.39,9090.39,2545.31,2545.31,1074.08,1074.08,76.32,76.44,18.02,18.02,25.62,25.56,87.72,87.77,0.86,0.86,52.64,52.64,13.8,13.8,58.65,58.65,539,539,91.3,91.3,123.02,123.04,92.39,92.39,14.92,15.14,9817.62,9817.63,111.32,111.32,26.71,26.57,81.32,81.33,-160.25,-160.27,0.67,0.67,94.31,94.31,800.52,797.19,1,1,123,123,42.61,42.61,-10.49,-10.49,1534.75,1534.67,0.14,0.14,91.27,91.27,7.15,7.15,13.16,13.16,3567.24,3567.24,0.53,0.53,40.08,39.86,82.41,82.41,-144.91,-144.91,105.83,105.83,91.29,91.29,81086.31,81086.32,70309.38,70367.02,92122,92055,13090.17,13090.17,1.77,1.77,-4.47,-4.47,7.388E+11,7.4E+11,15163.14,15163.14,19.53,19.53,150.45,150.45
West Aclar,70.4,71.2,68.67,68.56,45.33,45.33,1.83,1.82,27.07,27.06,41.43,41.43,1191.1,1191.08,35.4,34.2,146.25,148.5,1667.54,1667.52,-6.2,-6.2,4129.15,4129.09,2699.83,2699.79,3335.09,3335.03,-7.43,-7.43,6511.36,6511.25,-4.58,-4.58,238.22,238.22,4843.82,4843.74,-12.17,-12.17,-7.75,-7.75,4446.78,4446.71,1667.54,1667.52,134.2,134.2,4184.4,4192.28,12308.05,12307.85,11.18,11.18,99.26,99.26,2382.2,2382.17,1588.14,1588.11,893.33,893.31,910.2,910.2,54.72,54.84,14.16,14.16,44.12,44.04,26.5,26.73,14.73,14.28,46.97,46.97,3.93,3.93,51.96,51.96,149,149,62.33,62.32,90.25,90.29,78.33,78.35,8.34,8.8,1885.91,1885.88,58.36,57.49,50,49.83,24.46,24.47,71.87,71.84,5.63,5.63,92.89,92.89,565.63,557.56,0,0,65,65,67.93,67.93,297.78,297.77,1055.19,1054.54,0.33,0.34,113.5,114.01,9.88,9.88,13.91,13.91,853.27,853.27,1.36,1.36,46.66,46.2,59.12,59.13,30.82,30.82,65.19,65.19,98.83,98.83,54825.3,54832.34,39823.35,39873.93,72774,72711,893.33,893.31,3.03,3.03,99.26,99.26,8.937E+11,9.127E+11,41393.1,41398.42,9.5,9.47,16.7,16.7
Tingus Pingus is him,56.67,58.67,27.83,27.67,60,60,1.45,1.45,30.44,30.42,43.68,43.68,1131.84,1132.27,50.5,49,112.5,114.75,-2.83,-2.83,-4.73,-4.73,2450.1,2451.03,2929.47,2930.59,2077.26,2078.05,-8.2,-8.2,3408.83,3410.14,1065.26,1065.67,532.63,532.83,2982.73,2983.87,-6.93,-6.93,612.52,612.76,2450.1,2451.03,-6.16,-6.16,-6.48,-6.48,-8.69,-8.69,5858.93,5861.17,13.42,13.42,732.37,732.65,1065.26,1065.67,1065.26,1065.67,798.95,799.25,644.28,644.28,68.97,69.1,15.09,15.09,35.86,35.76,27.62,27.9,12.31,11.51,51,51,2.52,2.52,51.48,51.48,139,139,64.03,64.02,98.25,98.32,72.29,72.31,9.45,9.68,1997.36,1998.13,47.28,46.32,25.83,25.67,41.98,41.99,45.01,44.98,2.55,2.55,93.31,93.31,808.75,796.31,-4,-4,64,64,52.52,52.52,732.37,732.65,1024.05,1023.55,0.33,0.34,186.7,188.03,9.91,9.91,15.15,15.15,815.94,815.94,1.48,1.48,45.55,45.32,50.28,50.29,-47.96,-47.96,83.07,83.07,104.46,104.46,33784.73,33797.64,27761.75,27800.38,40253,40232,1597.89,1598.5,2.76,2.76,-10,-10,9.217E+11,9.564E+11,19595.15,19602.63,14.71,14.69,10.33,10.33
Te Punga,76.13,76.93,76.67,73.67,77.33,77.33,5.37,4.49,31.6,31.16,39.43,39.43,86.65,85,26.8,25.6,166.5,168.75,6308.34,6187.73,2578.79,2529.49,1802.38,1767.92,1802.38,1767.92,2495.61,2447.89,-8.34,-8.34,540.71,530.38,2686.24,2634.89,4367.31,4283.82,3535.44,3467.85,6654.95,6527.72,6689.61,6561.72,3535.44,3467.85,3188.83,3127.87,5961.72,5847.75,4616.87,4528.6,8651.43,8486.03,6.4,6.4,-7.75,-7.75,1039.84,1019.96,86.65,85,866.53,849.96,8.99,8.99,18.61,22.26,11.33,11.33,72.74,69.63,34.28,34.48,2.4,2.37,51.62,51.62,2.52,2.52,51.48,51.48,115,115,47.94,49.2,28.36,31.49,70.77,71.32,19.98,18.88,433.26,424.98,39.93,40.16,60,55.5,5.12,5.25,124.05,122.9,0.73,0.73,94.04,94.04,228.6,245.33,0,0,64,64,72.17,71.61,259.96,254.99,339.14,358.28,1.32,1.3,282.33,283.15,12.99,12.6,26.67,26.67,561.78,561.78,3.62,3.34,35.02,36.12,57.78,57.08,-12.25,-12.25,52.44,52.44,94.38,94.38,70077.98,68738.24,28240.38,30607.32,151722,137476,259.96,254.99,17.11,16.59,-9.49,-9.49,1.495E+11,1.778E+11,66504,65163.85,2.54,2.49,16.24,15.08
The King of Boats in Paper Crowned,73.67,74.67,25.5,25.33,26.67,26.67,1.32,1.32,28,27.99,42,42,2439.88,2441.29,30.5,29,157.5,159.75,-8.83,-8.83,-8.85,-8.85,-10.86,-10.86,-5.9,-5.9,779.31,779.77,5320.74,5323.82,-9.9,-9.9,-4.58,-4.58,-8.12,-8.12,-11.31,-11.31,-13.34,-13.34,-2.83,-2.83,-8.25,-8.25,-11.31,-11.31,-8.37,-8.37,12.15,12.15,0,0,13.78,13.78,903.66,904.18,2530.24,2531.71,2259.14,2260.45,1174.75,1175.44,135.9,135.9,75.67,75.81,12,12,22.47,22.39,27.63,27.91,12.28,11.48,52.16,52.16,3.93,3.93,50,50,168,168,64.77,64.76,97.91,97.99,76.37,76.38,24.3,24.85,1897.68,1898.78,66.37,65.22,21.5,21.33,73.31,73.32,27.57,27.54,10.38,10.38,92.43,92.43,901.84,888.7,0,0,64,64,51.26,51.26,994.02,994.6,1044.62,1043.77,0.3,0.31,199.58,203.73,9.48,9.47,17.09,17.09,1058.54,1058.54,1.4,1.4,30.7,30.15,51.59,51.6,-76.88,-76.88,3.16,3.16,100.62,100.62,23281.69,23295.18,20096.38,20127.34,26557,26549,2078.41,2079.62,2.67,2.68,180.73,180.84,3.406E+12,3.5395E+12,6216.21,6219.81,5.51,5.45,14.28,14.28
Penguindon,51,53,71.33,71.22,64,64,1.78,1.78,26.4,26.39,41.43,41.43,1771.88,1771.91,54.75,53.25,103.5,105.75,4836.19,4836.28,300.18,300.18,2001.18,2001.22,2684.92,2684.97,-7.9,-7.9,-9.67,-9.67,3251.92,3251.98,-8.83,-8.83,166.77,166.77,-6.63,-6.63,250.15,250.15,1834.42,1834.45,4836.19,4836.28,1500.89,1500.92,4044.06,4044.13,392.23,392.24,10089.3,10089.49,12.96,12.96,416.91,416.92,2814.16,2814.22,2084.57,2084.6,1563.42,1563.45,923.69,923.69,56.13,56.25,14.16,14.16,45.16,45.08,29.28,29.55,6.44,5.64,50,50,3.93,3.93,51.96,51.96,161,161,66.13,66.12,103.8,103.84,79.9,79.92,4.44,4,2084.57,2084.6,69.98,68.79,48,47.83,37.46,37.47,53.09,53.06,1.51,1.51,93.52,93.52,624.68,613.75,-8,-8,65,65,66.33,66.33,625.37,625.38,1095.62,1096.01,0.29,0.3,39.7,40.31,9.75,9.75,13.85,13.85,951.62,951.62,1.2,1.2,50.56,51,61.02,61.03,-44.94,-44.94,66.48,66.48,106.18,106.18,53481.94,53482.96,39379.74,39424.83,70156,70088,1250.74,1250.76,2.55,2.55,416.91,416.92,2.27E+11,2.336E+11,33426.22,33426.85,14.32,14.3,22.43,22.43
The Wille-Harlians,51.67,53.67,46.67,44.33,72,72,2.59,2.49,29.18,29.17,43.68,43.68,446.69,437.93,54.25,52.75,103.5,108,-7.35,-7.35,257.3,252.25,-6.63,-6.63,-6.78,-6.78,1858.24,1821.79,2630.13,2578.54,-2.28,-2.28,1608.09,1576.55,107.21,105.1,-2,-2,4145.31,4064,-5.83,-5.83,4502.66,4414.35,-8.6,-8.6,4717.08,4624.56,2567.1,2479.97,0,0,10.86,10.86,1429.42,1401.38,1518.76,1488.97,1250.74,1226.21,714.71,700.69,994.99,994.99,38.6,40.24,13.62,13.62,49.76,48.68,29.43,29.71,5.98,5.23,50,50,2.52,2.52,50,50,110,110,61.16,61.25,94.75,95.73,74.22,74.24,11,11.08,804.05,788.28,87.54,86.41,40,38.25,26.16,26.31,72.1,71.68,0.79,0.79,93.84,93.84,588.18,590.18,0,0,64,64,64.25,63.83,625.37,613.1,743.26,746.47,0.26,0.27,54.29,55.74,9.83,9.82,13.52,13.52,602.94,602.94,1.81,1.8,44,43.92,53.23,53.02,-26.46,-26.46,-38.73,-38.73,100.2,100.2,41683.1,40828.75,25092.81,25137.1,65002,62469,1072.06,1051.04,3.35,3.32,89.34,87.59,1.2321E+12,1.5511E+12,30762.13,30090.79,6.82,6.73,12.26,12.03
Roilandax,72.5,73.5,74.22,74.11,7,7,2.04,2.03,28.77,28.77,38.75,38.75,1281.62,1281.72,32.25,30.75,153,157.5,2703.06,2703.27,2684.42,2684.63,-8.72,-8.72,-5.02,-5.02,7643.14,7643.73,-9.84,-9.84,6431.42,6431.92,-10.68,-10.68,2516.64,2516.84,-1.41,-1.41,-11.05,-11.05,4613.85,4614.2,4567.24,4567.59,-8.49,-8.49,3728.36,3728.65,-7.13,-7.1,9134.49,9135.18,8.6,8.6,-8.94,-8.94,1631.16,1631.28,815.58,815.64,1048.6,1048.68,8.96,8.96,49.04,49.15,10.55,10.55,23.01,22.97,22.49,22.81,20.61,20.22,48.6,48.6,3.3,3.3,51.48,51.48,147,147,56.85,56.8,46.22,46.02,74.92,74.92,22.8,23.25,2330.23,2330.4,19.94,19.35,56.33,56.17,15.7,15.71,86.86,86.83,22.41,22.41,91.57,91.57,774,761.83,-4,-4,62,62,69.99,69.99,233.02,233.04,725.66,720.33,1.33,1.4,217.18,225.89,12.13,12.12,26.78,26.78,857.56,857.56,1.83,1.84,32.2,31.75,60.21,60.21,-59.5,-59.5,-16.12,-16.12,98.34,98.34,50798.93,50802.81,34792.63,34837.41,70949,70880,932.09,932.16,10.36,10.43,-10.49,-10.49,8.241E+11,8.458E+11,42823.5,42826.77,14.48,14.42,14.61,14.61
Xanthe the Divine,16,19,67.33,65.11,1,1,2.67,2.54,30.5,30.27,39.43,39.43,1153.82,1137.78,84,81,36,42.75,2181.78,2151.44,-2.53,-2.53,2853.09,2813.42,-6.93,-6.93,1879.69,1853.55,15574.53,15357.96,-8.37,-8.37,4300.62,4240.82,-6.93,-6.93,1342.63,1323.96,-9.38,-9.38,-9.49,-9.49,-7.62,-7.62,2181.78,2151.44,-9.95,-9.95,-9.87,-9.92,5034.87,4964.86,11.96,11.96,104.89,103.43,1153.82,1137.78,2517.44,2482.43,1258.72,1241.21,941.61,941.61,37.43,39.39,12,12,20.74,19.81,1.07,1.13,37.6,37.1,50,50,1,1,51.96,51.96,121,121,61.1,61.19,70.67,72.61,72.21,72.53,30.26,28.15,1258.72,1241.21,109.56,108.79,56,52.67,31.8,31.98,64.38,63.82,32.07,32.07,90.99,90.99,2731.16,2755.32,0,0,67,67,67.77,67.13,1048.93,1034.35,673.26,695.29,0.21,0.22,29.49,35.27,9.83,9.8,13.77,13.77,701.65,701.65,1.92,1.88,24.74,26.85,56.04,55.48,72.8,72.8,-43.59,-43.59,98.83,98.83,50194.31,49496.33,29717.03,30124.63,79385,76474,1048.93,1034.35,3.38,3.34,209.79,206.87,1.203E+11,2.373E+11,34232.52,33657.5,8.44,8.32,28.21,26.86
Second Leopard Guard,11.67,13.67,51.11,47.33,15,15,2.1,2.02,31,30.92,38.75,38.75,1056.14,1015.74,88.33,86.33,27,31.5,2457.93,2363.91,2027.79,1950.23,1305.78,1255.83,-3.1,-3.1,-9.27,-9.27,13764.41,13237.89,5530.35,5318.8,-8.92,-8.92,-7.35,-7.35,1305.78,1255.83,-13.64,-13.64,-4.56,-4.56,-9.27,-9.27,-9.8,-9.8,-4.47,-4.47,-10.06,-10.12,9294.05,8938.53,11.66,11.66,96.01,92.34,1056.14,1015.74,2496.34,2400.85,768.1,738.72,485.41,485.41,47.72,49.59,9.76,9.76,30.12,29.23,1.58,1.7,34.66,34.31,46.97,46.97,1,1,50.99,50.99,120,120,62.39,62.48,84.33,86.03,71.52,71.63,26.58,26.86,2304.31,2216.17,72.35,70.93,45.33,42.5,32.74,32.9,62.98,62.51,20.26,20.26,91.71,91.71,2804.15,2866.21,-8,-8,64,64,65.83,64.95,960.13,923.4,631.34,633.58,0.24,0.24,22.42,25.73,9.62,9.59,15.87,15.87,707.6,707.6,2,1.99,28.42,28.14,53.06,52.43,38.47,38.47,14.83,14.83,105.16,105.16,42675.83,41043.38,28804.42,28281.13,60360,57026,960.13,923.4,3.02,3,0,0,3.037E+11,4.117E+11,28720.83,27540.11,16.85,16.81,22.91,21.74
Nuutste,70,71,67.11,66.78,68.67,68.67,2.11,2.09,28.08,28.05,46.76,46.76,584.08,584.17,36,34.5,144,148.5,3551.21,3551.73,-5.93,-5.93,-7.35,-7.35,1700.84,1701.09,3551.21,3551.73,-6.13,-6.13,3270.85,3271.33,1518.61,1518.83,2429.78,2430.13,6822.06,6823.07,-8,-8,2009.24,2009.53,-6.63,-6.63,-9.7,-9.7,3644.66,3645.2,2348.46,2362.83,6822.06,6823.07,8.6,8.6,1985.87,1986.17,1752.24,1752.5,233.63,233.67,934.53,934.67,8.34,8.34,47.5,47.83,16.66,16.66,48.96,48.69,32.61,32.87,2.73,2.67,51,51,2.52,2.52,50.5,50.5,129,129,61.46,61.43,83.95,84.1,76.21,76.26,10.64,11.31,1168.16,1168.33,51.22,50.21,45.67,45.17,18.03,18.05,84,83.92,1.06,1.06,93.67,93.67,446.76,439.83,-8,-8,64,64,66.32,66.32,116.82,116.83,807.37,800.82,0.47,0.49,200.3,208.67,11.79,11.75,30.1,30.1,735.92,735.92,1.73,1.73,44.36,43.69,58.39,58.41,-75.3,-75.3,54.5,54.5,104.81,104.81,45378.85,45399.55,30553.59,30680.46,64319,64144,1752.24,1752.5,3.25,3.26,-5.48,-5.48,3.259E+11,3.504E+11,37210.65,37182.23,12.57,12.52,15.03,15.03
Machinatia,45.67,47.67,72,71.89,65.33,65.33,1.8,1.8,26.49,26.48,40.11,40.11,1859.6,1859.65,58.75,57.25,94.5,96.75,-7.35,-7.35,-4.38,-4.38,1952.58,1952.64,4277.08,4277.2,4370.06,4370.19,-7.59,-7.59,8926.08,8926.34,-10.75,-10.75,1627.15,1627.2,278.94,278.95,278.94,278.95,2975.36,2975.45,-3.74,-3.74,-7.35,-7.35,3579.73,3579.83,-10.95,-10.95,10878.66,10878.97,12.37,12.37,232.45,232.46,3021.85,3021.94,1975.82,1975.88,1627.15,1627.2,919.19,919.19,55.42,55.54,13,13,47.17,47.09,27.39,27.67,12.87,12.16,47.8,47.8,3.93,3.93,51.96,51.96,153,153,65.41,65.4,102.88,102.93,79.68,79.7,6.1,5.66,2208.27,2208.34,61.35,60.25,49,48.83,39.61,39.62,54.28,54.25,1.26,1.26,93.59,93.59,632.94,621.93,-8,-8,67,67,66.8,66.8,581.12,581.14,1067.54,1067.99,0.3,0.3,37.28,37.87,10.81,10.8,13.87,13.87,903.32,903.32,1.31,1.31,48.9,49.34,60.83,60.84,-58.74,-58.74,74.5,74.5,104.1,104.1,48651.77,48653.19,35581.15,35622.53,64197,64136,1278.47,1278.51,2.61,2.61,813.57,813.6,2.15E+11,2.227E+11,29385.67,29386.53,15.4,15.37,20.92,20.92
Cynfin,75.9,76.48,74.89,74.78,66.33,66.33,1.38,1.38,19.82,19.82,45.83,45.83,11924.05,11924.05,27.14,26.29,164.25,166.5,-24.04,-24.04,-15.7,-15.7,-16.97,-16.97,-14.24,-14.24,-18.53,-18.53,-14.25,-14.25,-20.25,-20.25,-23.84,-23.84,-20.02,-20.02,-21.4,-21.4,-24.66,-24.66,-17.55,-17.55,-18.38,-18.38,-24.98,-24.98,-8.22,-8.22,-26.64,-26.64,0,0,33.15,33.15,12801.89,12801.89,14118.65,14118.66,6656.98,6656.98,3438.22,3438.22,246.94,246.94,72.55,72.69,15.51,15.51,28.58,28.51,82.44,82.54,0.9,0.9,48.6,48.6,8.85,8.85,50,50,434,434,92.45,92.44,122.97,122.99,91.82,91.82,17.36,17.71,7681.13,7681.14,106.2,106.19,-68.67,-68.83,88.38,88.39,-214.84,-214.86,0.78,0.78,93.85,93.85,511.44,506.31,0,0,109,109,77.89,77.89,1975.15,1975.15,1472.79,1472.59,0.18,0.18,246.58,247.34,8.39,8.39,16.66,16.66,3148.72,3148.72,0.57,0.57,37.64,37.29,74.43,74.43,-142.34,-142.34,76.55,76.55,110,110,80395.86,80395.88,67863.18,67929.85,93539,93458,10534.13,10534.13,1.76,1.76,2560.38,2560.38,6.092E+11,6.106E+11,9325.92,9325.92,16.41,16.38,135.54,135.54
Frawley,76.5,76.83,99.32,99.31,72,72,1.66,1.66,22.93,22.93,11.6,11.6,821.27,821.28,26.25,25.75,200.5,200.75,9329.63,9329.74,9355.91,9356.02,4467.71,4467.76,17967.2,17967.42,8628.81,8628.91,-9.25,-9.25,7573.21,7573.3,10019.5,10019.62,1379.73,1379.75,7358.58,7358.67,6044.55,6044.62,4441.43,4441.48,4511.51,4511.56,3302.6,3302.64,12763.63,12763.79,2774.16,2779.12,21370.54,21370.8,20.45,20.45,-26.83,-26.83,7336.68,7336.77,3504.09,3504.13,3777.84,3777.89,9.84,9.84,60.1,60.19,0.29,0.29,97.56,97.41,83.7,83.76,0.89,0.89,56.66,56.66,1,1,35.59,35.59,138,138,64.21,64.19,119.79,119.81,90.11,90.11,15.08,15.29,766.52,766.53,6.22,6.22,47.5,47.38,9.66,9.66,105.2,105.19,0.63,0.63,94.52,94.52,338.76,336.49,-14,-14,78,78,71.88,71.88,711.77,711.78,1035.61,1035.2,0.68,0.68,225.25,225.98,14.89,14.88,22.94,22.94,1384.32,1384.32,1.43,1.44,39.92,39.71,89.56,89.56,-247.3,-247.3,275.4,275.4,18.72,18.72,142559.59,142566.22,108870.13,108963.86,181144,181024,5967.9,5967.97,2.74,2.74,-6.32,-6.32,1.76304E+13,1.78195E+13,128731.31,128737.3,0.57,0.57,71.81,71.81
Haven and Sanctuary WA Puppet,76.67,77.67,68.56,68.44,62.67,62.67,1.45,1.45,21.55,21.55,42,42,6653.37,6653.69,26,24.5,166.5,171,0,0,-6.93,-6.93,-8.12,-8.12,-7.35,-7.35,-2.79,-2.79,-11.31,-11.31,-13.04,-13.04,-13.42,-13.42,-9.49,-9.49,-5.48,-5.48,-18.17,-18.17,-3.16,-3.16,-12.25,-12.25,-18.17,-18.17,-7.07,-7.07,-14.11,-14.11,0,0,17.15,17.15,1493.61,1493.69,13442.52,13443.17,2444.09,2444.21,2444.09,2444.21,105.17,105.17,68.97,69.1,12,12,31.13,31.07,43.63,43.85,1.62,1.61,50,50,7.73,7.73,50,50,256,256,66.91,66.87,105.16,105.2,90.76,90.76,14.69,15.25,2579.88,2580,79.59,78.28,35.83,35.67,54.9,54.91,13.98,13.95,0.98,0.98,93.7,93.7,502.97,493.16,0,0,66,66,54,54,678.92,678.95,1152.82,1152.24,0.3,0.31,215.18,223.84,9.12,9.12,17.24,17.24,1564.86,1564.86,1.03,1.03,40.31,39.75,66.45,66.45,-69.64,-69.64,39.37,39.37,101.04,101.04,39920.21,39922.13,32803.42,32838.1,47563,47523,6110.24,6110.53,2.49,2.49,407.35,407.37,1.0054E+12,1.0542E+12,18004.01,18004.88,7.06,6.97,35.13,35.13
C123po,67.44,68.11,54.44,54.22,60.89,60.89,1.39,1.38,22.85,22.84,42,42,3126.37,3126.56,39.83,38.83,137.25,139.5,-11.66,-11.66,-9.21,-9.21,112.95,112.96,4179.24,4179.51,-7.21,-7.21,-8.63,-8.63,-11.66,-11.66,-15.15,-15.15,847.14,847.2,2985.17,2985.36,-6.78,-6.78,-6,-6,1774.97,1775.08,-14,-14,5736.38,5736.74,-15.2,-15.2,112.95,112.96,16.43,16.43,2017.01,2017.14,8673.14,8673.69,1916.16,1916.28,1512.76,1512.85,12.97,12.97,72.15,72.28,12,12,30.69,30.62,40.21,40.36,1.8,1.79,50,50,6.85,6.85,50,50,201,201,67.17,67.16,104.6,104.63,90.15,90.15,10.72,11.11,2218.71,2218.85,76.77,75.93,31.83,31.67,68.52,68.52,6.39,6.36,1.3,1.3,93.58,93.58,654.53,647.52,-4,-4,62,62,52.34,52.34,705.95,706,1093.21,1092.76,0.32,0.33,87.02,87.47,9.3,9.3,18.69,18.69,1191.99,1191.99,1.21,1.21,44.28,43.89,62.25,62.25,-89.94,-89.94,90.72,90.72,104.81,104.81,42865.49,42868.18,36076.68,36114.49,50004,49963,3328.07,3328.28,2.47,2.47,504.25,504.28,1.0442E+12,1.0966E+12,13502.63,13503.48,14.11,14.08,17.2,17.2
Davenham,72.67,73,62.67,53.78,70,70,5.37,4.14,33.64,33.29,43.68,43.68,-5.48,-5.48,32,31.5,153,155.25,-7.35,-7.35,-5.37,-5.37,266.18,248.79,6831.88,6385.69,-6.16,-6.16,510.62,477.27,975.98,912.24,1197.8,1119.57,3726.48,3483.1,4702.47,4395.35,-3.74,-3.74,496.86,464.41,6033.35,5639.31,-2,-2,4081.39,3814.83,1277.65,1194.21,1242.16,1161.03,7,7,1219.98,1140.3,665.44,621.98,443.63,414.66,-5.48,-5.48,439.84,439.84,18.61,24.17,14.64,14.64,62,58.15,32.5,32.58,2.76,2.74,50,50,1,1,50.99,50.99,100,100,55.29,56.1,47.92,53.99,68.6,68.94,14.54,12.48,998.16,932.97,41.29,42.42,60,53.33,9.29,9.48,100.72,99.01,0.98,0.98,93.7,93.7,316.41,353.57,-4,-4,64,64,70.57,69.59,221.81,207.33,424.35,459.31,1.38,1.3,107.99,109,11.81,11.22,16.07,16.07,455.2,455.2,2.74,2.54,40.46,42.52,53.6,52.38,-89.16,-89.16,90.83,90.83,101.45,101.45,44734.2,41812.6,18027.21,19484.81,96852,80613,776.35,725.65,12.31,11.35,-4.47,-4.47,2400000000,3000000000,40573.92,37840.4,12.76,12.73,16.53,14.78
The Voidian Steel Guard,40.44,43.11,25.33,25.17,57.33,57.33,1.24,1.23,29.16,29.16,43.68,43.68,1815.64,1815.82,62.67,60.67,85.5,90,924.32,924.42,1505.33,1505.48,1122.39,1122.51,-6.78,-6.78,-5.66,-5.66,-10.99,-10.99,2442.86,2443.1,-12.31,-12.31,-4.9,-4.9,-11.92,-11.92,-3.46,-3.46,-4.69,-4.69,-7.87,-7.87,-13.11,-13.11,240.32,240.35,295.78,295.81,4489.57,4490.02,14.87,14.87,1320.46,1320.59,1733.11,1733.28,2393.34,2393.58,1237.93,1238.06,13.4,13.4,80.84,80.98,13.62,13.62,29.49,29.4,25.25,25.64,16.85,16.22,50,50,2.52,2.52,50,50,144,144,68.26,68.22,106.26,106.29,74.25,74.26,14.31,13.69,3301.16,3301.49,58.26,56.8,21.33,21.17,69.57,69.57,17.18,17.15,2.35,2.35,93.34,93.34,993.07,974.13,-4,-4,62,62,50.26,50.26,1072.88,1072.98,1049.46,1050.05,0.26,0.26,83.52,89.87,9.86,9.85,18.53,18.53,895.17,895.17,1.38,1.38,40.69,41.31,50.72,50.72,48.99,48.99,-26.46,-26.46,106.18,106.18,24769.89,24772.38,22140.92,22163.68,27390,27370,1980.69,1980.89,2.4,2.4,-8.37,-8.37,1.635E+11,1.755E+11,7530.05,7530.8,16.17,16.13,8.77,8.77
Sparkling Nacortuine,74.83,75.83,70.33,70.22,64.67,64.67,1.66,1.66,26.82,26.81,45.34,45.34,1566.99,1567.43,28.75,27.25,162,164.25,3671.24,3672.26,3330.98,3331.91,4566.66,4567.94,2005.75,2006.31,1468.5,1468.91,-9.12,-9.12,3671.24,3672.26,-11.87,-11.87,5820.26,5821.88,5909.8,5911.45,-8.83,-8.83,850.65,850.89,3223.53,3224.43,-6.93,-6.93,-5.8,-5.8,15.04,15.05,11909.14,11912.46,11.27,11.27,2126.63,2127.23,2350.49,2351.14,1231.21,1231.55,1566.99,1567.43,20.69,20.69,60.1,60.22,15.51,15.51,42.61,42.53,33.31,33.56,2.58,2.53,47.8,47.8,3.3,3.3,50.5,50.5,151,151,62.5,62.48,94.64,94.68,78.9,78.91,12.06,12.62,1902.78,1903.31,65.96,64.81,42.5,42.33,30.43,30.44,64.85,64.82,1.51,1.51,93.52,93.52,460.21,450.83,0,0,64,64,62.2,62.2,335.78,335.88,1016.44,1015.11,0.35,0.36,232.99,237.48,11.45,11.43,17.98,17.98,900.87,900.87,1.5,1.51,42.94,42.38,60.99,61,34.79,34.79,62.37,62.37,99.3,99.3,50628.9,50643.01,38664.36,38717.13,64332,64289,2350.49,2351.14,3,3,-3.16,-3.16,1.8947E+12,1.9615E+12,35237.71,35247.54,8.53,8.5,14.11,14.11
Naknia6,52.33,52.33,42.67,42.67,41.33,41.33,2.51,2.51,32.26,32.26,43,43,419.17,419.17,53.75,53.75,105.75,105.75,-8,-8,1596.86,1596.86,871.87,871.87,871.87,871.87,-2,-2,-4.37,-4.37,3152.15,3152.15,-7.12,-7.12,-4.9,-4.9,3889.88,3889.88,1877.88,1877.88,6237.23,6237.23,2548.54,2548.54,1207.21,1207.21,2883.88,2883.88,-5.2,-5.2,4024.02,4024.02,10.3,10.3,503,503,1089.84,1089.84,1257.51,1257.51,419.17,419.17,13.18,13.18,39.79,39.79,13,13,38.44,38.44,21.43,21.43,21.84,21.84,50,50,1,1,50,50,100,100,58.43,58.43,65.71,65.71,70,70,9.48,9.48,1173.67,1173.67,70.06,70.06,39,39,22.18,22.18,77.29,77.29,7.12,7.12,92.73,92.73,847.45,847.45,0,0,64,64,65.32,65.32,838.34,838.34,589.55,589.55,0.3,0.3,81.16,81.16,9.89,9.89,18.61,18.61,510.67,510.67,2.09,2.09,45.52,45.52,50.64,50.64,-22.36,-22.36,42.43,42.43,101.04,101.04,40561.43,40561.43,24821.18,24821.18,62381,62381,838.34,838.34,7.82,7.82,167.67,167.67,2100000000,2500000000,31556.8,31556.8,7.49,7.49,10.02,10.02
2nd Flame Infantry,60.33,62.33,36,27.33,66.67,66.67,2.17,1.84,31.27,31.6,43.68,43.68,448.98,397.42,47.75,46.25,119.25,121.5,2155.12,1907.64,1934.22,1712.1,-6.32,-6.32,0,0,-4.47,-4.47,4006.73,3546.61,-7.35,-7.35,448.98,397.42,1724.1,1526.11,1077.56,953.82,-3.16,-3.16,502.86,445.12,359.19,317.94,-3.16,-3.16,466.94,413.32,-9.08,-9.47,2155.12,1907.64,11.83,11.83,1706.14,1510.21,1257.15,1112.79,1526.54,1351.24,448.98,397.42,152.93,152.93,45.99,54.49,15.09,15.09,44.45,40.31,27.11,27.39,13.5,12.86,48.6,48.6,1,1,51.48,51.48,101,101,62,62.58,94.17,97.68,71.18,70.77,9.66,12.38,2155.12,1907.64,62.75,62.55,34,27.33,41.08,41.65,56.33,54.62,1.51,1.51,93.52,93.52,649.62,693.72,-4,-4,64,64,55.45,53.65,897.97,794.85,715.65,716.66,0.34,0.35,225.21,226.68,9.8,9.74,17.01,17.01,522.27,522.27,1.85,1.85,45.34,42.62,50.67,49.2,-54.31,-54.31,30.82,30.82,104.46,104.46,31597.65,27969.12,20907.9,20269.5,45460,37199,1346.95,1192.27,3.11,2.98,359.19,317.94,1200000000,2800000000,18611.02,16306,15.19,15.16,12.02,10.78
Millopoli,78.61,78.94,97.04,97.03,81.44,81.44,1.54,1.54,21.28,21.28,71.22,71.22,14076.45,14076.66,23.08,22.58,169.25,169.5,-27.6,-27.6,2006.36,2006.38,-16.98,-16.98,-12.77,-12.77,-25.31,-25.31,-8.29,-8.29,-44.41,-44.41,-25.57,-25.57,-13.47,-13.47,-26.5,-26.5,-36.36,-36.36,-24.77,-24.77,-18.49,-18.49,-6.45,-6.45,53635.59,53636.37,1123.56,1123.58,0,0,33.05,33.05,8359.82,8359.94,9404.79,9404.93,-39.62,-39.62,-19.75,-19.75,15.25,15.25,64.86,64.97,50.93,50.93,7.13,7.14,165.05,165.09,0.57,0.57,66.74,66.74,8.06,8.06,81.05,81.05,487,487,39.16,39.1,6.77,6.77,90.9,90.9,23.25,23.47,-30.82,-30.82,159.37,159.36,41.14,41,91.33,91.33,-241.64,-241.66,0.71,0.71,94.15,94.15,275.48,273.53,124,124,181,181,43.22,43.13,-27.2,-27.2,1476.61,1476.46,0.17,0.17,363.4,364.33,8.46,8.46,18.14,18.14,3950.06,3950.06,0.57,0.57,31.75,31.53,94.75,94.52,-247.08,-247.08,204.88,204.88,146.38,146.38,123889.91,123891.71,98530.78,98620.27,151918,151801,23850.06,23850.41,20.47,20.49,-28.28,-28.28,6.8808E+12,7.0255E+12,10778.42,10778.58,0.31,0.31,179.61,179.5
Fluorietkasteel,70.83,71.83,38.22,38,44,44,1.3,1.29,27.53,27.53,43.68,43.68,1332.62,1332.73,34.75,33.25,148.5,150.75,-4.24,-4.24,-3.79,-3.79,5832.19,5832.65,2822.03,2822.25,4452.53,4452.88,-6.57,-6.57,4013.55,4013.87,-7.65,-7.65,2132.2,2132.37,-5.29,-5.29,-8.83,-8.83,-9.33,-9.33,376.27,376.3,-6.16,-6.16,635.9,635.95,-6.95,-6.95,9845.73,9846.52,14.66,14.66,1646.18,1646.31,2194.91,2195.08,2038.13,2038.29,1175.84,1175.94,639.39,639.39,77.19,77.33,15.09,15.09,28.62,28.55,28.12,28.4,10.71,9.48,52.16,52.16,3.3,3.3,51.48,51.48,145,145,67.54,67.53,103.33,103.37,77.31,77.33,17.03,17.59,1881.35,1881.5,65.03,63.89,25.67,25.5,52.01,52.02,30.14,30.11,4.96,4.96,92.97,92.97,775.53,763.35,-4,-4,66,66,51.58,51.58,783.9,783.96,1061.63,1060.89,0.38,0.39,204.57,208.77,9.94,9.93,15.18,15.18,865.16,865.16,1.33,1.33,37.97,37.41,53.56,53.56,59.58,59.58,75.83,75.83,98.83,98.83,39112.65,39115.76,34118.17,34153.31,44200,44166,1646.18,1646.31,2.44,2.44,627.12,627.17,2.533E+11,2.685E+11,18774.07,18775.57,13.03,13.01,9.84,9.84
Alvarin,37,39,68.11,67.78,65.33,65.33,2.18,2.16,29.11,29.11,37.37,37.37,1146.28,1138.47,65.25,63.75,78.75,83.25,5502.13,5464.64,-4,-4,-7.07,-7.07,9078.51,9016.66,-6.63,-6.63,-8,-8,-5.29,-5.29,3438.83,3415.4,641.91,637.54,-7.07,-7.07,-9.49,-9.49,-7.07,-7.07,458.51,455.39,-13.04,-13.04,3943.19,3916.33,2799.51,2794.09,5502.13,5464.64,9.59,9.59,-5.48,-5.48,1490.16,1480.01,1490.16,1480.01,1490.16,1480.01,7.92,7.92,45.88,46.21,6.84,6.84,52.52,52.24,25.99,26.28,15.64,15.13,52.16,52.16,2.52,2.52,50,50,130,130,60.72,60.7,87.96,88.09,74.34,74.34,8.94,8.61,1719.41,1707.7,63.39,62.21,47.17,46.67,21.76,21.78,78.87,78.79,1.65,1.65,93.49,93.49,703.88,695.17,-8,-8,64,64,67.93,67.73,687.77,683.08,889.57,891.86,0.29,0.29,47.25,48.59,9.97,9.96,32.68,32.68,767.89,767.89,1.64,1.64,46.06,46.39,57.56,57.33,-114.46,-114.46,102.96,102.96,103.74,103.74,47779.4,47467.53,31575.61,31487.58,68815,68145,1146.28,1138.47,3.54,3.55,-7.75,-7.75,4.246E+11,4.668E+11,37363.49,37119.61,13.06,13.01,18.57,18.23
Enfieldco,69.73,70.53,1.75,1.5,76,76,1.04,1.03,36.26,36.21,47.2,47.2,389.06,389.07,36.4,35.2,144,146.25,367.84,367.85,441.41,441.42,396.13,396.15,-6.16,-6.16,-7.75,-7.75,22.64,22.64,59.42,59.42,371.38,371.39,-10.86,-10.86,-6.16,-6.16,-14.07,-14.07,488.09,488.11,-9.38,-9.38,-2.83,-2.83,-9.59,-9.59,161.28,161.29,823.39,823.42,18.84,18.84,901.91,901.94,548.22,548.24,565.91,565.92,389.06,389.07,74.94,74.94,96.48,96.72,17.01,17.01,22.67,22.35,33.41,33.62,2.55,2.52,48.6,48.6,1,1,50.5,50.5,109,109,71.05,71.04,109.17,109.2,66.54,66.57,28.93,29.41,459.8,459.81,107.19,106.81,-98.25,-98.5,73.83,73.84,-27.14,-27.18,0.75,0.75,93.97,93.97,708.84,700.53,0,0,66,66,74.48,74.48,424.43,424.44,1019.4,1018.36,0.25,0.25,215.21,215.93,9.5,9.5,17.42,17.42,684.7,684.7,1.49,1.5,26.07,25.59,42.93,42.94,54.77,54.77,-14.14,-14.14,112.37,112.37,8883.31,8883.57,8717.58,8728.88,9035,9025,601.28,601.29,2.25,2.25,512.85,512.87,3700000000,3900000000,2327.43,2327.5,9.38,9.35,9.26,9.26
Scheinen,52.33,54.33,30.67,26.5,41.33,41.33,1.95,1.79,32.36,32.32,40.78,40.78,403.08,377.83,53.75,52.25,105.75,108,2096.03,1964.71,2192.77,2055.39,-7.87,-7.87,3654.62,3425.65,-5.66,-5.66,2493.74,2337.5,3278.41,3073.01,1948.23,1826.17,2902.2,2720.37,-7.21,-7.21,-1.41,-1.41,1128.63,1057.92,752.42,705.28,2096.03,1964.71,-6.78,-6.78,2496.81,2249.7,5374.44,5037.72,11.62,11.62,470.26,440.8,806.17,755.66,1074.89,1007.54,604.62,566.74,490.88,490.88,51.28,55.78,12,12,35.74,33.91,21.83,22.15,21.39,21.02,50,50,1,1,50.99,50.99,108,108,59.88,60.19,75.31,78.07,69.9,69.94,12.51,13.18,940.53,881.6,64.6,64.38,30,26.5,27.48,27.84,66.93,65.97,7.53,7.53,92.69,92.69,935.96,956.22,0,0,64,64,56.67,55.41,738.99,692.69,580.41,586.9,0.29,0.29,81.08,81.95,9.94,9.9,15.85,15.85,600.08,600.08,2.11,2.1,42.49,41.82,49.05,48.4,-103.2,-103.2,86.89,86.89,101.45,101.45,36742.74,34350.05,25774.76,25207.12,50268,45192,738.99,692.69,4.3,3.88,335.9,314.86,75200000000,1.029E+11,26638.49,24800.73,7.49,7.45,11.84,11.21
Natioli,64.53,65.07,76.22,71.78,67.33,67.33,11.04,7.45,34.85,33.93,40.78,40.78,-3.16,-3.16,44.2,43.4,126,128.25,3849.17,3735.2,1678.8,1629.09,2245.35,2178.87,-4,-4,2726.5,2645.77,4956.21,4809.46,1603.82,1556.33,-2.24,-2.24,2125.06,2062.14,1042.48,1011.62,3047.26,2957.04,6415.29,6225.34,5052.04,4902.45,5853.95,5680.62,-1.67,-1.67,7868.57,7328.21,7698.34,7470.41,8.12,8.12,0,0,501.19,486.35,701.67,680.9,200.48,194.54,1435.67,1435.67,9.06,13.42,12,12,70.93,67.15,25.55,25.7,16.38,16.12,50,50,1,1,50.99,50.99,100,100,55.44,56.31,48.76,54.96,67.57,68.34,13.6,11.65,1202.87,1167.25,46.23,47.37,73.33,66.67,8.24,8.47,107.77,105.81,1.51,1.51,93.52,93.52,333.43,369.65,-8,-8,64,64,73.14,72.24,400.96,389.08,383.04,416.88,0.75,0.67,80.35,80.79,13.31,12.73,11.59,11.59,461.74,461.74,3.07,2.79,41.4,43.35,57.4,56.1,56.57,56.57,-20,-20,104.81,104.81,60382.5,58287.27,16122.03,19525.75,177955,145501,400.96,389.08,12.14,11.09,-4.47,-4.47,16500000000,28200000000,55431.13,53332.86,13.36,13.33,23.78,21.06
Foreveria,19.5,21,40.44,32.89,69.33,69.33,2.42,2.05,32.64,32.62,38.75,38.75,342.35,309.47,80.5,79,45,47.25,-7.07,-7.07,-4,-4,2327.99,2104.4,2464.93,2228.19,1917.17,1733.04,6496.12,5872.2,4792.92,4332.59,3851.45,3481.54,1985.64,1794.93,-5.48,-5.48,0,0,-6.32,-6.32,0,0,-3.16,-3.16,1917.17,1733.04,2261.67,1837.11,7120.91,6436.99,9.38,9.38,0,0,855.88,773.68,1027.05,928.41,770.29,696.31,13.11,13.11,41.4,48.82,8.23,8.23,51.63,47.73,19.14,19.48,24.22,23.89,51.62,51.62,1,1,50,50,102,102,59.42,60.01,79.35,84.05,69.6,69.61,19.29,20.68,1454.99,1315.25,65.82,66.38,37.33,31.67,19.3,19.94,81.79,80.11,1.16,1.16,93.63,93.63,880.53,921.73,-4,-4,68,68,66.07,64.14,770.29,696.31,536.98,547.07,0.27,0.27,23.03,23.5,9.96,9.9,18.64,18.64,563.66,563.66,2.23,2.2,35.71,34.32,49.7,48.38,-21.21,-21.21,62.05,62.05,92.89,92.89,37943.24,34091.68,23722.39,23293.15,57300,47714,770.29,696.31,5.46,4.06,-5.48,-5.48,21900000000,41200000000,30620.19,27307.43,14.01,13.98,15.38,13.75
Secret Agent 99,32.12,32.85,96.83,96.73,15.2,15.2,4.1,3.88,32.73,32.19,20.6,20.6,-12.65,-12.65,68.91,68.36,42,42,6771.92,6773.59,4740.34,4741.51,2934.5,2935.22,4232.45,4233.49,6433.32,6434.91,-8.94,-8.94,14221.03,14224.53,6560.3,6561.91,1692.98,1693.4,7900.57,7902.52,8182.74,8184.75,6348.68,6350.24,3950.29,3951.26,2821.63,2822.33,3132.01,3132.78,3396.64,3349.09,23927.45,23933.34,13.19,13.19,-21.68,-21.68,-13.04,-13.04,6560.3,6561.91,1622.44,1622.84,687.84,687.84,24.39,25.75,0.75,0.75,45.64,44.73,4.69,5.04,32.62,32.52,54.66,54.66,0.62,0.62,43.04,43.04,36,36,69.02,69.13,115.61,116.04,69.5,70.08,27.49,26.36,3809.21,3810.14,13.02,13.09,76.86,74,8.21,8.27,108.89,108.38,20.12,20.12,91.71,91.71,848.43,870.76,-11,-11,56,56,74.03,73.69,0,0,178.47,186.09,0.28,0.28,21.93,21.93,19.95,19.73,14.95,14.95,6.61,6.61,82.9,79.85,27.51,28.64,65.59,65.12,-36.21,-36.21,90.17,90.17,67.4,67.4,107850.7,107828.84,50514.29,52036.8,207079,202066,-16.43,-16.43,2.35,2.35,-7.07,-7.07,1.3419E+12,1.4854E+12,99006.94,98879.05,19.07,19.07,7.78,7.54
Misty Woods,73.33,75.33,54.4,50,19,19,2.05,1.96,33.82,33.53,40.78,40.78,1023.19,991.06,31,28,155.25,162,-3.46,-3.46,-3.1,-3.1,-3.95,-3.95,763.98,739.99,-3.06,-3.06,-2.19,-2.19,-2.9,-2.9,-4.9,-4.9,2387.44,2312.46,-3.46,-3.46,545.7,528.56,3069.56,2973.17,1909.95,1849.97,1596.17,1546.05,-7.87,-7.87,-2.96,-2.96,0,0,8.83,8.83,682.13,660.7,1193.72,1156.23,682.13,660.7,1193.72,1156.23,158.85,158.85,48.73,50.94,11.33,11.33,31.54,30.47,19.92,20.59,23.45,22.76,53.09,53.09,2,2,50.5,50.5,102,102,53.59,53.73,29.74,31.22,68.44,68.71,18.4,20.5,1023.19,991.06,55.95,54.14,45.8,42.5,43.39,43.57,72.47,71.92,15.69,15.69,92.02,92.02,749.31,752.01,0,0,62,62,66.44,65.65,1023.19,991.06,305.69,298.14,0.62,0.72,212.29,227.47,10.57,10.28,16.98,16.98,533.66,533.66,4.4,4.67,36.6,34.5,52.02,51.44,-42.31,-42.31,31.78,31.78,101.04,101.04,25920.76,25106.74,17693.17,17549.74,36309,34454,852.66,825.88,14.03,13.9,1023.19,991.06,1.13018E+13,1.62081E+13,14671.15,14160.2,1.52,1.49,10.23,9.72
Cupcake Tinkerbell,77.33,79.33,46.67,37.78,57.33,57.33,2.76,2.28,30.86,30.9,40.78,40.78,632.44,579.01,25,22,168.75,175.5,-8.94,-8.94,-6.93,-6.93,-7.21,-7.21,4192.14,3838.03,-9.27,-9.27,-4.9,-4.9,-5.1,-5.1,4517.4,4135.81,0,0,3252.52,2977.78,3613.92,3308.65,3252.52,2977.78,2168.35,1985.19,0,0,3035.69,2779.27,-4.1,-4.1,0,0,10.2,10.2,813.13,744.45,1535.91,1406.18,1084.17,992.59,361.39,330.86,119.98,119.98,36.28,43.88,10.55,10.55,46.3,42.63,32.73,33.24,2.7,2.59,50,50,2.52,2.52,50,50,114,114,57.33,57.99,61.3,66.67,71.71,71.66,11.56,14.78,1084.17,992.59,50.8,50.31,42,35.33,22.74,23.31,77.45,75.74,3.24,3.24,93.2,93.2,479.84,506.67,0,0,68,68,66.04,64.09,722.78,661.73,739.57,737.35,0.51,0.52,239.53,255.64,9.79,9.72,17.16,17.16,675.04,675.04,1.81,1.82,43.44,40.22,52.69,51.34,-96.95,-96.95,82.46,82.46,100.2,100.2,41162.51,37685.52,23960.27,24311.22,66038,55410,1084.17,992.59,9.66,8.61,90.35,82.72,6.5017E+12,1.25269E+13,31818.62,28904.79,5.9,5.74,18.67,16.72
Incarnation of Evil,70,72,52.89,44,57.33,57.33,3.23,2.59,32.99,32.92,42,42,313.89,288.1,36,33,144,150.75,837.04,768.26,-7.76,-7.76,-7.75,-7.75,-5.66,-5.66,502.22,460.95,-8.39,-8.39,-4.47,-4.47,5009.67,4598.01,837.04,768.26,2929.63,2688.89,2511.11,2304.77,-7.75,-7.75,2929.63,2688.89,4185.19,3841.28,-3.74,-3.74,4737.63,4116.5,837.04,768.26,9.43,9.43,941.67,864.29,941.67,864.29,1150.93,1056.35,313.89,288.1,119.98,119.98,30.97,38.6,12,12,48.21,44.68,26.7,27.27,14.33,13.14,50,50,1,1,50,50,98,98,56.71,57.45,57.84,63.59,69.24,69.31,6.33,9.56,1150.93,1056.35,57.91,57.51,46.67,40,21.91,22.65,80.82,78.89,3,3,93.23,93.23,526.63,554.71,0,0,64,64,67.27,65.47,837.04,768.26,504.96,505.02,0.4,0.41,185.67,199.87,11.25,10.66,17.16,17.16,498.93,498.93,2.34,2.34,48.67,45.44,52.68,51.15,-46.9,-46.9,-28.28,-28.28,100.2,100.2,40018.78,36498.46,21369.9,21971.71,69001,56917,1255.56,1152.38,10.55,9.48,104.63,96.03,3.1133E+12,5.935E+12,31254.67,28249.81,6.29,6.14,11.44,10.1
Lorom Ipsim,76.89,78.22,58.44,58.22,77.33,77.33,1.57,1.57,23.32,23.32,42,42,3253.02,3254.98,25.67,23.67,168.75,173.25,-11.4,-11.4,4752.24,4755.1,0,0,0,0,-2.79,-2.79,-11.49,-11.49,-10.95,-10.95,-15.73,-15.73,1414.36,1415.21,-5.48,-5.48,-10,-10,-8.37,-8.37,2262.97,2264.33,-11.83,-11.83,2206.4,2207.72,-8.12,-8.09,0,0,12.77,12.77,848.61,849.12,9193.31,9198.85,848.61,849.12,990.05,990.64,95.92,95.92,63.58,63.7,12,12,45.96,45.87,41.71,42.01,1.71,1.7,50,50,6.08,6.08,50,50,178,178,61.8,61.76,98.72,98.66,89.55,89.56,19.33,20.05,1697.23,1698.25,72.55,70.91,42.83,42.67,65.65,65.66,39.9,39.87,0.68,0.68,94.26,94.26,315.43,304.8,0,0,64,64,63.3,63.3,424.31,424.56,1038.93,1037.62,0.35,0.37,222,230.8,9.65,9.65,17.29,17.29,1082.14,1082.14,1.42,1.43,35.67,34.95,62.39,62.39,-51.48,-51.48,51.48,51.48,98.83,98.83,33689.96,33710.23,26510.59,26554.49,41700,41686,3818.76,3821.06,3.16,3.17,-4.47,-4.47,8.4712E+12,8.8326E+12,11555.66,11562.61,5.9,5.79,19.09,19.09
Yinyangsanhe Hebenhehua,72.33,72.67,60.33,53.67,75.33,75.33,4.29,3.56,32.68,32.32,42,42,0,0,32.5,32,153,153,2896.23,2751.01,1188.98,1129.36,1371.9,1303.11,-1.55,-1.55,4725.43,4488.49,-7.85,-7.85,3277.31,3112.98,2191.23,2081.35,2400.82,2280.44,1752.98,1665.08,-4.9,-4.9,1752.98,1665.08,2896.23,2751.01,2134.06,2027.06,5792.46,5502.01,1707.25,1621.65,7545.44,7167.1,6.71,6.71,1047.98,995.43,571.62,542.96,381.08,361.97,-3.16,-3.16,7.86,7.86,23.28,28.09,12,12,63.5,60.28,33.69,33.77,2.5,2.49,50,50,1,1,50,50,116,116,57.04,57.64,61.17,66.23,69.55,69.94,15.12,14.12,1047.98,995.43,38.13,38.97,54.25,49.25,7.77,7.91,107.1,105.77,0.75,0.75,93.97,93.97,306.24,332.72,-8,-8,64,64,70.1,69.26,190.54,180.99,644.02,673.22,1.24,1.21,143.53,143.53,12.22,11.78,33.08,33.08,643.84,643.84,1.97,1.92,39.88,40.88,53.7,52.72,37.01,37.01,20.74,20.74,104.46,104.46,50447.74,47918.2,23027.76,24257.1,98900,86350,666.89,633.46,10.09,9.19,-6.32,-6.32,1.651E+11,1.79E+11,46512.81,44132.66,12.94,12.94,16.02,14.6
Arehwa,65.67,66.67,53.33,44.44,66.67,66.67,3.25,2.64,30.29,30.34,45.34,45.34,0,0,42.5,41,130.5,132.75,-6.48,-6.48,-3.1,-3.1,5151.55,4767.82,-7.87,-7.87,-5.1,-5.1,8871.29,8210.49,-8.49,-8.49,-4.9,-4.9,1880.72,1740.63,-8.49,-8.49,1144.79,1059.52,3761.45,3481.27,-9.06,-9.06,-3.46,-3.46,3679.68,3405.59,1695.39,1292.87,5151.55,4767.82,10.2,10.2,2248.69,2081.19,1226.56,1135.2,1022.13,946,0,0,457.39,457.39,30.79,37.82,15.9,15.9,51.09,47.33,28.6,28.88,8.75,7.77,51.62,51.62,1,1,50.99,50.99,102,102,60.52,61.13,80.78,85.31,72.5,72.43,7.05,9.77,1226.56,1135.2,82.29,82.54,47,40.33,25.37,26.12,75.97,74.11,1.51,1.51,93.52,93.52,505.43,544.42,-4,-4,68,68,66.08,64.14,511.07,473,685.36,687.37,0.4,0.4,113.15,114.18,9.93,9.87,15.99,15.99,548.67,548.67,1.9,1.89,47.95,45.23,53.69,52.34,93.01,93.01,-48.48,-48.48,96.68,96.68,40821.8,37504.86,21731.01,22328.76,70568,59037,1533.2,1418.99,3.65,3.36,408.85,378.4,1700000000,2500000000,30453.06,27716.09,12.54,12.51,17.63,15.78
Airstrikers33,57.33,57.33,57.33,57.33,57.33,57.33,3.61,3.61,32.81,32.81,42,42,320.26,320.26,50,50,112.5,112.5,427.02,427.02,2201.26,2201.26,2562.09,2562.09,2135.08,2135.08,5551.2,5551.2,1906.62,1906.62,854.03,854.03,-6.07,-6.07,1281.05,1281.05,2989.11,2989.11,-4.47,-4.47,-4.47,-4.47,3843.14,3843.14,-7.75,-7.75,1708.06,1708.06,-2,-2,3843.14,3843.14,9.33,9.33,960.78,960.78,960.78,960.78,1281.05,1281.05,320.26,320.26,119.98,119.98,27.72,27.72,12,12,49.93,49.93,23.42,23.42,19.44,19.44,50,50,1,1,50,50,100,100,56.72,56.72,57.19,57.19,69.42,69.42,0.56,0.56,1281.05,1281.05,72.98,72.98,50,50,20.36,20.36,83.04,83.04,3.24,3.24,93.2,93.2,610.35,610.35,0,0,64,64,68,68,854.03,854.03,574.77,574.77,0.33,0.33,126.07,126.07,11.45,11.45,17.16,17.16,510.28,510.28,2.13,2.13,54.44,54.44,52.68,52.68,10,10,53.85,53.85,100.2,100.2,42107.98,42107.98,21158.74,21158.74,76342,76342,854.03,854.03,10.54,10.54,106.75,106.75,2000000000,2200000000,33517.96,33517.96,7.09,7.09,11.63,11.63
Clam Chowder,95,96,79.5,76.17,58.67,58.67,15.58,11.01,37.11,35.94,42,42,0,0,5,4,213.75,216,1389.05,1362.94,1243.2,1219.83,-5.48,-5.48,3241.11,3180.19,-6.32,-6.32,5581.65,5476.75,4167.14,4088.82,4338.45,4256.91,-4.47,-4.47,4167.14,4088.82,1389.05,1362.94,3704.12,3634.51,-3.16,-3.16,-4.47,-4.47,2315.08,2271.57,8889.9,8722.81,5556.18,5451.76,7.14,7.14,694.52,681.47,694.52,681.47,1041.78,1022.2,0,0,105.17,105.17,6.42,9.08,12,12,64.39,62.01,31.9,32.08,2.93,2.88,50,50,1,1,50,50,100,100,46.02,47.59,22.08,25.2,66,66.76,25.28,23.94,1041.78,1022.2,22.94,23.3,78.25,73.25,8.16,8.31,108.23,106.9,3,3,93.23,93.23,155.65,172.53,0,0,64,64,73.39,72.76,578.77,567.89,251.07,270.56,3.28,3.2,357.36,363.84,11.31,10.87,17.24,17.24,470.95,470.95,34.49,11.98,29.72,31.06,57.62,56.76,-72.46,-72.46,61.24,61.24,98.83,98.83,54422.83,53399.97,11845.77,14279.84,184582,157204,578.77,567.89,17.87,17.25,-4.47,-4.47,82800000000,87800000000,49960.16,48967.77,3.72,3.66,26.56,24.43
Betelgeuse XII,72,72.33,74.19,74,74.57,74.57,1.53,1.52,19.91,19.92,48.04,48.04,14831.72,14732.52,33,32.5,208.75,209,-25.96,-25.96,-17.53,-17.53,-18.6,-18.6,-17.22,-17.22,-17.22,-17.22,-12.71,-12.71,-31.87,-31.87,-25.89,-25.89,-22.32,-22.32,-25.57,-25.57,-21.07,-21.07,-20.3,-20.3,-20.83,-20.83,-21.4,-21.4,-5.6,-5.6,-24.31,-24.31,0,0,30.74,30.74,11518.25,11441.22,15305.08,15202.71,6942.51,6896.08,1656.74,1645.65,32.69,32.69,65.51,65.73,19.27,19.27,35.12,35,94.21,94.26,0.82,0.82,60.56,60.56,9.3,9.3,52.91,52.91,434,434,82.16,82.15,132.04,132.07,91.76,91.74,16.7,16.96,2603.44,2586.03,143.27,143.27,40.29,40,77.78,77.78,-134.42,-134.47,0.51,0.51,95.25,95.25,402.81,401.39,6,6,108,108,42.52,42.44,1735.63,1724.02,1412.37,1412.22,0.13,0.13,112.31,112.82,8.3,8.3,17.79,17.79,3240.62,3240.62,0.62,0.62,38.3,38.04,75.58,75.35,-143.23,-143.23,68.69,68.69,106.51,106.51,74553.08,74054.45,59610.67,59317.24,90991,90241,15226.18,15124.35,1.92,1.92,1183.38,1175.47,9.242E+11,9.231E+11,16550.78,16440.09,0.44,0.44,136.64,136.5
The Eras Tour International Tour,80.67,81.11,79.33,78.67,86,86,20.53,13.82,39.4,36.61,42,42,119.9,119.91,20,19.33,180,182.25,4316.52,4316.85,-2.83,-2.83,2877.68,2877.9,3836.91,3837.2,-2.83,-2.83,0,0,5755.36,5755.8,3309.33,3309.59,1438.84,1438.95,3836.91,3837.2,3836.91,3837.2,-4.47,-4.47,5755.36,5755.8,2877.68,2877.9,-5.48,-5.48,3069.52,3069.76,12949.56,12950.56,7,7,719.42,719.48,599.52,599.56,599.52,599.56,359.71,359.74,105.17,105.17,4.87,7.24,12,12,89.54,86.19,34.31,34.42,2.39,2.38,50,50,1,1,50,50,104,104,45.02,46.6,25.96,29.42,65.28,66.31,33.19,31.75,1079.13,1079.21,31.25,31.85,82,77,8.29,8.44,108.05,106.71,0.73,0.73,94.04,94.04,73.35,86.09,0,0,64,64,73.68,73.07,599.52,599.56,189.17,206.35,2.05,1.96,252.53,257.2,14.01,13.58,17.24,17.24,525.42,525.42,78.6,71.34,21.81,23.25,57.15,57.28,-35.36,-35.36,65.19,65.19,98.83,98.83,51870.16,51874.17,9548.24,12129.78,196052,167651,599.52,599.56,18.25,17.64,-4.47,-4.47,6.554E+11,6.81E+11,47564.94,47516.74,5,4.93,23.89,21.91
Jameslandia 1,2.33,4.33,69.33,64.89,4,4,5.62,4.3,29.79,29.57,42,42,727.3,706.06,97.67,95.67,6.75,11.25,-6.93,-6.93,-6.2,-6.2,1527.33,1482.73,1527.33,1482.73,-5.48,-5.48,16225.02,15751.22,4800.2,4660.02,-5.34,-5.34,2036.45,1976.98,-8.83,-8.83,-6.93,-6.93,-9.38,-9.38,1163.68,1129.7,3709.24,3600.92,72.73,70.61,-7.38,-7.84,6327.53,6142.75,12.65,12.65,1727.34,1676.9,1272.78,1235.61,2454.65,2382.96,1000.04,970.84,7.98,7.98,17.8,23.25,12,12,23.54,22.09,1.04,1.07,37.92,37.59,46.97,46.97,1,1,50,50,110,110,61.35,61.92,74.69,78.4,73.24,73.59,35.51,32.62,2272.82,2206.45,86.87,86.15,61,54.33,25.94,26.51,71.02,69.31,27.84,27.84,91.24,91.24,3166.63,3567.34,-8,-8,64,64,68.72,67.5,909.13,882.58,590.85,634.24,0.23,0.23,10.23,12.48,9.64,9.58,32.27,32.27,632.52,632.52,2.09,1.99,19.49,22.38,57.5,56.28,-27.39,-27.39,53.39,53.39,107.17,107.17,59557.7,57818.5,23408.25,26368.3,131499,113433,1363.69,1323.87,3.29,3.13,363.65,353.03,12000000000,17700000000,44132.25,42496.59,17.14,17.09,27.52,24.92
James Forsyte,71.87,72.13,69.56,67.33,69.33,69.33,2.04,1.95,27.71,27.64,44.28,44.28,0,0,33.2,32.8,150.75,153,3218.08,3148.72,3836.03,3753.35,1149.32,1124.54,5363.47,5247.87,1379.18,1349.45,-1.55,-1.55,689.59,674.73,5986.4,5857.37,-6.71,-6.71,536.35,524.79,1302.56,1274.48,-2.79,-2.79,2451.87,2399.03,6282.93,6147.51,6129.68,5997.57,-4.18,-4.18,5056.99,4947.99,11.7,11.7,2394.41,2342.8,1915.53,1874.24,1340.87,1311.97,957.76,937.12,130.47,130.47,49.04,51.28,15.51,15.51,52.56,50.88,36.25,36.31,2.14,2.13,51.62,51.62,2.52,2.52,51.48,51.48,107,107,63.73,63.86,99.82,101.53,76.95,77.1,12.3,11.32,1723.97,1686.82,59.68,59.6,55.33,52,24.99,25.18,70.78,70.22,0.86,0.86,93.77,93.77,357.92,376.43,-8,-8,62,62,68.05,67.23,574.66,562.27,662.44,676.52,0.43,0.43,236.52,237.27,11.05,10.76,17.11,17.11,533.06,533.06,1.94,1.91,42.7,43.68,59.72,58.88,-82.46,-82.46,91.1,91.1,107.5,107.5,57346.64,56110.62,39277.22,39361.18,80094,76765,1723.97,1686.82,2.8,2.78,478.88,468.56,2.094E+11,2.62E+11,43009.98,41970.74,12.84,12.81,18.23,16.94
Tinell,73.5,73.83,25.5,21.75,76,76,1.44,1.33,29.93,30.12,44.83,44.83,1096.43,1009.26,30.75,30.25,157.5,157.5,-10.39,-10.39,-6.2,-6.2,2031.29,1869.79,369.32,339.96,1680.43,1546.83,2659.14,2447.73,784.82,722.42,923.31,849.91,1177.22,1083.63,738.65,679.92,3277.76,3017.16,2793.02,2570.96,507.82,467.45,2354.45,2167.26,-4.18,-4.18,1089.51,1002.89,2816.1,2592.21,14.66,14.66,1962.04,1806.05,1038.73,956.14,577.07,531.19,865.61,796.79,1207.99,1207.99,69.23,75.47,17.36,17.36,39.31,36.1,32.67,32.76,2.72,2.7,51.62,51.62,1,1,53.38,53.38,155,155,66.8,67.13,98.68,99.83,73.03,72.75,25.52,26.93,1038.73,956.14,68.79,69,-82.5,-86.25,44.52,44.86,36.37,35.35,0.76,0.76,93.94,93.94,533.58,558.6,-8,-8,67,67,76.26,75.88,634.78,584.31,1051.4,1051.78,0.39,0.39,229.4,229.4,9.83,9.79,12.56,12.56,915.58,915.58,1.37,1.37,29.48,28.07,49.64,48.66,50.5,50.5,43.01,43.01,108.45,108.45,35478.74,32658.04,29212.59,28149.28,42196,37300,1096.43,1009.26,2.5,2.47,461.66,424.95,2.874E+11,3.485E+11,19690.7,17994.58,12.76,12.76,14.56,13.51
Flitswarm Alpha,77.56,78,57.33,48.44,52,52,3.61,2.91,30.14,30.11,44.28,44.28,465.09,432.77,24.67,24,171,171,-3.16,-3.16,1339.46,1246.39,-5.48,-5.48,4018.38,3739.17,1190.63,1107.9,-4.9,-4.9,3125.41,2908.24,-4.74,-4.74,2455.68,2285.05,1116.22,1038.66,4092.79,3808.41,4130,3843.04,0,0,2604.5,2423.54,3943.96,3669.93,3263.48,2773.6,3125.41,2908.24,10.77,10.77,2232.43,2077.32,1302.25,1211.77,558.11,519.33,186.04,173.11,9.08,9.08,27.72,34.4,15.51,15.51,46.98,43.75,32.28,32.39,2.82,2.79,51.62,51.62,1,1,51.48,51.48,119,119,59.46,60.12,66.76,71.7,72.72,72.76,10.33,12.77,1488.29,1384.88,38.32,39.36,50,43.33,22.2,22.91,78.13,76.27,4.34,4.34,93.04,93.04,449.09,491.95,-8,-8,64,64,66.57,64.82,651.13,605.88,714.53,720.56,1.23,1.18,273.84,273.84,11.57,10.98,26.22,26.22,656.41,656.41,1.85,1.84,44.67,42.23,54.88,53.55,-89.16,-89.16,80.31,80.31,107.17,107.17,48247,44631.54,24243.52,25239.4,87472,73362,1581.31,1471.43,5.34,3.94,372.07,346.22,1.684E+11,2.056E+11,37536.16,34410.92,12.41,12.41,15.53,13.88
Fabulous Samurai,57.33,57.33,57.33,57.33,57.33,57.33,3.61,3.61,32.79,32.79,42,42,324.91,324.91,50,50,112.5,112.5,2599.26,2599.26,0,0,-6.32,-6.32,3465.69,3465.69,0,0,1825.98,1825.98,-7.75,-7.75,3383.38,3383.38,5631.74,5631.74,-7.07,-7.07,-4.47,-4.47,-7.07,-7.07,866.42,866.42,4765.32,4765.32,-7.75,-7.75,2079.41,2079.41,2599.26,2599.26,9.33,9.33,974.72,974.72,974.72,974.72,1299.63,1299.63,324.91,324.91,119.98,119.98,27.72,27.72,12,12,49.93,49.93,22.59,22.59,20.49,20.49,50,50,1,1,50,50,100,100,56.72,56.72,57.19,57.19,69.44,69.44,0.56,0.56,1299.63,1299.63,72.45,72.45,50,50,20.97,20.97,82.48,82.48,3.24,3.24,93.2,93.2,610.35,610.35,0,0,64,64,67.97,67.97,866.42,866.42,582.19,582.19,0.32,0.32,126.07,126.07,11.21,11.21,17.16,17.16,523.25,523.25,2.11,2.11,54.44,54.44,52.69,52.69,-80,-80,66.33,66.33,100.2,100.2,41508.08,41508.08,20857.29,20857.29,75254,75254,866.42,866.42,10.54,10.54,108.3,108.3,9900000000,11100000000,32791.38,32791.38,7.09,7.09,14,14
Cosmo Kramerica,50.55,50.79,100.03,100.03,57.07,57.07,1.42,1.38,22.4,22.36,15.98,15.98,1888.16,1888.26,55.09,54.91,61.25,61.5,11328.96,11329.57,2265.79,2265.91,-5.29,-5.29,440.57,440.59,-4.84,-4.84,-10.77,-10.77,20203.32,20204.39,-15.49,-15.49,-4.74,-4.74,-13.42,-13.42,21713.85,21715,5727.42,5727.73,-5.48,-5.48,-15.46,-15.46,4216.89,4217.12,-9.98,-9.98,31532.28,31533.96,20.74,20.74,-16.12,-16.12,6215.2,6215.53,7316.62,7317.01,5664.48,5664.78,239.44,239.44,70.55,72.55,0.49,0.49,43.86,42.35,57.18,57.2,1.22,1.22,49.36,49.36,7.03,7.03,31.88,31.88,188,188,76.72,76.79,121.1,121.39,90.34,90.36,7.89,8.66,8103.36,8103.79,5.66,5.67,33.83,31.33,57.78,57.91,-5.48,-5.9,6.06,6.06,92.84,92.84,797.46,819.17,-8,-8,74,74,53.41,52.94,-17.61,-17.61,1167.2,1167.03,1.19,1.19,10.83,11.14,9.3,9.28,16.68,16.68,1541.83,1541.83,0.99,0.99,47.11,46.34,87.93,87.94,-119.75,-119.75,112.47,112.47,60.89,60.89,99726.35,99731.66,82939.9,84184.77,117563,116036,4641.73,4641.98,2.06,2.05,-16.73,-16.73,3.51E+12,4.0163E+12,42084.52,41987.03,21,20.98,49.66,48.38
State Peace and Development Council,68.57,68.76,73.67,72,61.33,61.33,1.44,1.4,21.06,21.07,46.76,46.76,8679.58,8561.6,38.14,37.86,139.5,141.75,-14.97,-14.97,-6.57,-6.57,-7.67,-7.67,-9.3,-9.3,-11.96,-11.96,-11.38,-11.38,-16.12,-16.12,-20.01,-20.01,-3,-3,-14.63,-14.63,-17.44,-17.44,-9.95,-9.95,-7.35,-7.35,-20.1,-20.1,-4.08,-4.08,-15.12,-15.12,0,0,21.1,21.1,4225.59,4168.15,13247.78,13067.71,2626.72,2591.01,2512.51,2478.36,1052.22,1052.22,69.23,71.21,18.02,18.02,29.77,28.83,51.17,51.21,1.35,1.35,52.64,52.64,8.06,8.06,52.44,52.44,330,330,75.67,75.74,106.17,106.65,91.03,91.02,10.4,11.33,2740.92,2703.66,111.7,111.75,35.5,33,67.61,67.65,-28.4,-28.82,1.16,1.16,93.63,93.63,607.45,625.56,-8,-8,77,77,49.3,48.87,571.03,563.26,1271.13,1270.89,0.22,0.22,191.54,192.22,9.02,9,13.26,13.26,2066.26,2066.26,0.79,0.79,44.6,43.67,69.94,69.27,-74.97,-74.97,51.77,51.77,108.14,108.14,50821.24,50130.44,41845.35,41900.07,60443,58837,9136.4,9012.21,2.09,2.08,799.44,788.57,3.398E+11,3.571E+11,16466.08,16192.13,12.76,12.73,91.41,88.81
Flitswarm Othala,97,97,66.67,66.67,97,97,102.81,102.81,101.69,101.69,42,42,-4.47,-4.47,3,3,218.25,218.25,-6.32,-6.32,-8.54,-8.54,-7.75,-7.75,5674.7,5674.7,4642.93,4642.93,-8.3,-8.3,-8.37,-8.37,773.82,773.82,6190.58,6190.58,-3.16,-3.16,4127.05,4127.05,1547.64,1547.64,515.88,515.88,5674.7,5674.7,-4.47,-4.47,-5.29,-5.29,0,0,5.29,5.29,515.88,515.88,515.88,515.88,128.97,128.97,-4.47,-4.47,95.92,95.92,0.97,0.97,12,12,107.14,107.14,38.78,38.78,1.9,1.9,50,50,1,1,50,50,100,100,38.58,38.58,16.97,16.97,60.62,60.62,47.51,47.51,902.79,902.79,25.26,25.26,97,97,7.04,7.04,114.29,114.29,1.06,1.06,93.67,93.67,2.2,2.2,0,0,64,64,75.53,75.53,386.91,386.91,115.84,115.84,3.91,3.91,371.37,371.37,17.02,17.02,17.29,17.29,472.83,472.83,107.46,107.46,7.49,7.49,51.07,51.07,-93.01,-93.01,75.17,75.17,97.83,97.83,40826.85,40826.85,2559.3,2559.3,263133,263133,386.91,386.91,20.69,20.69,-6.32,-6.32,30000000000,30700000000,37968.97,37968.97,3.19,3.19,23.67,23.67
Ugg Lands,69.67,69.8,72,70.57,65.22,65.22,1.34,1.31,20.44,20.44,44.28,44.28,13658.58,13563.45,36.5,36.3,144,144,-26.23,-26.23,-13.51,-13.51,-16.73,-16.73,-12.68,-12.68,-17.74,-17.74,-13.54,-13.54,-18.55,-18.55,-24.62,-24.62,-20.15,-20.15,-21.17,-21.17,-24.25,-24.25,-17.61,-17.61,-17.26,-17.26,-24.96,-24.96,-9.07,-9.07,-25.2,-25.2,0,0,28.88,28.88,6171.04,6128.07,12588.93,12501.25,7158.41,7108.56,2550.7,2532.93,74.94,74.94,74.44,76.2,15.9,15.9,29.71,28.77,82.41,82.43,0.9,0.9,53.51,53.51,9.3,9.3,51.96,51.96,481,481,87.59,87.65,118.81,119.11,91.4,91.4,14.49,15.27,7322.97,7271.97,101.1,101.24,29,26.86,78,78.04,-132.72,-133.08,5.01,5.01,92.96,92.96,615.79,631.77,-2,-2,108,108,43.43,43.23,905.09,898.78,1478.75,1478.65,0.18,0.18,165.67,165.67,8.27,8.25,17.42,17.42,3349.3,3349.3,0.57,0.57,40.51,39.73,73.23,72.79,-156.13,-156.13,95.06,95.06,106.84,106.84,68622.01,68144.09,58721.33,59038.84,78880,77475,10943.32,10867.1,1.83,1.83,1645.61,1634.15,7.785E+11,7.985E+11,15096.84,14991.7,17.43,17.43,137.53,137.23
Sleha,59.67,60.33,77,75.33,9,9,1.79,1.74,26.1,26.05,39.43,39.43,3451.98,3409.46,48.25,47.75,117,119.25,-9.9,-9.9,4382.9,4328.92,4365.08,4311.32,-3.29,-3.29,3652.42,3607.43,-7.69,-7.69,7126.67,7038.89,-14.18,-14.18,1247.17,1231.81,-12.96,-12.96,-11.75,-11.75,3207,3167.5,4543.25,4487.29,-11.31,-11.31,-7.42,-7.42,374.15,369.54,11491.75,11350.21,13.19,13.19,0,0,3340.63,3299.48,3563.33,3519.45,2227.08,2199.65,7.94,7.94,55.78,57.56,8.98,8.98,23.47,22.83,15.34,15.47,27.5,27.4,50,50,3.93,3.93,50,50,199,199,65.21,65.3,94.08,95.4,80.65,80.78,15.28,16.28,3006.56,2969.53,47.74,47.56,48.5,46,40.58,40.72,49.6,49.19,21.68,21.68,91.61,91.61,987.02,1023.67,-8,-8,62,62,65.62,64.71,779.48,769.88,1094.7,1094.25,0.34,0.34,42.36,43,9.97,9.95,32.57,32.57,1212.07,1212.07,1.21,1.21,39.72,38.72,62.79,62.16,67.75,67.75,17.61,17.61,104.81,104.81,54314.13,53645.15,39857.38,40033.69,71458,69552,1224.9,1209.81,2.63,2.62,-5.48,-5.48,3.891E+11,7.001E+11,32262.59,31811.57,14.76,14.74,22.08,20.94
Babel Reborn,80.67,83,80.67,76.22,83,83,17.35,11.04,36.84,35.65,42,42,316.04,308.19,20,17,180,186.75,5899.5,5752.82,3539.7,3451.69,-4.47,-4.47,-6.32,-6.32,1095.62,1068.38,2022.69,1972.39,6742.29,6574.65,4740.67,4622.8,2949.75,2876.41,-7.07,-7.07,2528.36,2465.49,2528.36,2465.49,842.79,821.83,2528.36,2465.49,3792.54,3698.24,674.23,657.46,12641.79,12327.46,7.75,7.75,632.09,616.37,632.09,616.37,948.13,924.56,0,0,105.17,105.17,5.76,9.06,12,12,86.32,81.94,34.97,35.46,2.3,2.23,46.97,46.97,1,1,50,50,110,110,46.98,48.78,30.22,34.55,66.16,66.96,31.53,30.31,1580.22,1540.93,23.67,23.36,80,73.33,7.83,8.02,110.4,108.69,0.71,0.71,94.13,94.13,88.13,99.84,0,0,64,64,73.47,72.72,526.74,513.64,357.68,383.11,1.97,2.02,267.64,284.65,12.03,11.44,17.24,17.24,596.64,596.64,3.35,3.07,23.47,24.69,57.89,56.83,27.39,27.39,-41.83,-41.83,98.83,98.83,60533.11,59027.99,12347.55,15760.38,214268,173964,526.74,513.64,17.5,16.77,-4.47,-4.47,9.74E+11,1.0162E+12,55811.53,54305.75,8.51,8.4,27.45,24.85
Etruriia,60.33,62.33,26.75,23,66,66,1.8,1.63,32.25,32.31,43,43,1171.01,1086.29,47.75,46.25,119.25,121.5,-11.14,-11.14,811.9,753.16,-2,-2,-7.75,-7.75,-5.83,-5.83,4413.4,4094.11,2706.33,2510.54,-11.42,-11.42,-2.45,-2.45,156.13,144.84,2498.15,2317.42,1899.63,1762.21,2237.93,2076.02,-8.6,-8.6,1275.1,1182.85,1812.78,1576.63,2706.33,2510.54,11.36,11.36,390.34,362.1,845.73,784.54,1105.95,1025.94,650.56,603.5,32.69,32.69,55.6,61.21,13.62,13.62,41.01,38.49,25.75,26.04,16.04,15.55,51,51,1,1,50.5,50.5,144,144,61.99,62.34,94.07,96.5,70.01,69.95,11.73,13.48,1236.06,1146.64,52.76,52.24,26.75,23,28.04,28.47,66.52,65.4,1.81,1.81,93.45,93.45,720.73,740.77,-8,-8,64,64,54.57,53.47,650.56,603.5,1034.46,1034.44,0.37,0.37,190.51,191.86,9.51,9.47,17.79,17.79,870.35,870.35,1.44,1.44,43.27,41.52,47.98,47.07,47.96,47.96,-50,-50,106.84,106.84,33146.35,30643.36,24282.59,23630.46,43673,38607,520.45,482.8,3.11,3.03,130.11,120.7,8.854E+11,1.1253E+12,23865.37,21910.01,13.69,13.66,14.28,13.25
Harthion,59,61,42.67,33.78,45.33,45.33,2.51,2.1,32.64,32.56,40.78,40.78,630.75,573.32,48.75,47.25,117,119.25,3784.49,3439.94,3406.05,3095.95,-4.47,-4.47,3406.05,3095.95,3027.6,2751.95,6559.79,5962.57,-6.78,-6.78,-6.71,-6.71,3469.12,3153.28,-5.48,-5.48,0,0,-4.47,-4.47,1892.25,1719.97,1576.87,1433.31,409.99,372.66,4170.81,3581.82,3784.49,3439.94,10.82,10.82,473.06,429.99,867.28,788.32,1498.03,1361.64,394.22,358.33,13.18,13.18,39.79,47.72,10.55,10.55,40.54,37.21,23.45,23.75,19.41,19,46.97,46.97,1,1,50,50,108,108,58.12,58.8,68.06,73.69,69.6,69.68,7.66,10.38,1576.87,1433.31,68.48,69.2,39,32.33,22.18,22.87,76.24,74.38,5.98,5.98,92.85,92.85,772.48,820.5,0,0,64,64,64.92,62.09,788.44,716.65,535.23,538.31,0.31,0.3,85.48,86.38,10.45,9.98,18.61,18.61,618.61,618.61,2.24,2.23,47.34,44.62,50.87,49.56,-84.26,-84.26,78.1,78.1,101.04,101.04,43135.33,38998.9,26396.25,26322.64,66339,55159,788.44,716.65,8.39,7.08,157.69,143.33,25900000000,53500000000,33559.29,30068.15,10.04,10.01,12.9,11.55
Nikolia,64.22,64.33,98.09,98.03,77.24,77.24,1.53,1.5,19.74,19.72,38.75,38.75,12859.08,12859.26,44.67,44.5,158,158,-22.09,-22.09,-12.26,-12.26,-14,-14,-12.92,-12.92,-17.14,-17.14,-13.83,-13.83,-18.92,-18.92,-25.51,-25.51,-14.7,-14.7,-24.04,-24.04,-23.83,-23.83,-16.97,-16.97,-16.06,-16.06,-23.22,-23.22,4052.25,4052.31,-9.65,-9.65,0,0,27.75,27.75,4544.19,4544.25,14502.72,14502.93,6091.14,6091.23,7251.36,7251.46,1698.53,1698.53,65.25,66.69,15.09,15.09,42.8,41.84,67.69,67.71,1.05,1.05,56.34,56.34,12.67,12.67,54.76,54.76,459,459,74.62,74.69,117.42,117.73,91.88,91.89,14.01,14.69,7251.36,7251.46,99.19,99.33,40.62,38.75,90.53,90.54,-140.95,-141.26,4.48,4.48,93.03,93.03,452.71,464.76,8,8,105,105,46.51,46.28,2320.44,2320.47,1369.23,1369.15,0.19,0.19,48.49,48.49,7.64,7.63,10.52,10.52,2848,2848,0.66,0.66,40.99,40.31,89.66,89.67,-131.23,-131.23,66.48,66.48,104.81,104.81,79501.99,79503.1,63433.49,64176.01,97211,96224,10635.33,10635.48,2.12,2.12,1740.33,1740.35,9.234E+11,9.812E+11,7552.69,7552.79,13.73,13.73,135.44,135.13
Velocis,29,31,7,5.33,15,15,1.15,1.12,33.41,33.73,41.43,41.43,759.39,703.2,71.25,69.75,65.25,69.75,257.03,238.01,-8.85,-8.85,-11.31,-11.31,257.03,238.01,1542.15,1428.04,5423.47,5022.17,-8.12,-8.12,-4.58,-4.58,-11.31,-11.31,-12.96,-12.96,-6.16,-6.16,-3.22,-3.22,-2.83,-2.83,257.03,238.01,-10.86,-10.86,289.74,268.3,257.03,238.01,18.79,18.79,730.19,676.16,905.43,838.43,1168.3,1081.85,613.36,567.97,864.95,864.95,87.19,89.57,14.64,14.64,14.39,13.82,12.79,13.25,29.29,28.99,51.62,51.62,1,1,52.44,52.44,115,115,68.82,68.88,102.08,102.33,68.82,68.52,33.75,33.8,847.01,784.34,105.65,105.2,-93,-94.67,69.27,69.31,-17.89,-18.26,19.57,19.57,91.75,91.75,4786.34,4805.58,0,0,64,64,75.36,75.26,817.81,757.3,874.05,877.05,0.21,0.21,144.79,147.14,9.3,9.28,14.12,14.12,699.32,699.32,1.65,1.65,21.25,21.2,44.46,44.14,-94.34,-94.34,50,50,105.84,105.84,18827.33,17434.23,17515.98,16451.21,20088,18368,817.81,757.3,2.37,2.36,525.73,486.83,9200000000,10500000000,5779.99,5352.31,9,8.93,8.39,8.28
Caffeinneburg,60.44,60.67,83,81.24,32.19,32.19,1.34,1.31,20.38,20.38,40.78,40.78,11110.24,10975.67,47.67,47.5,193.25,193.25,-31.62,-31.62,-22.27,-22.27,-21.45,-21.45,-22.32,-22.32,-21.39,-21.39,-17.78,-17.78,-28.21,-28.21,-28.98,-28.98,-27,-27,-28.98,-28.98,-23.02,-23.02,-20.52,-20.52,-23.45,-23.45,-33.97,-33.97,-23.77,-23.77,-35.02,-35.04,0,0,22.05,22.05,1273.05,1257.63,11341.71,11204.33,6018.05,5945.15,-8.37,-8.37,3.19,3.19,74.44,76.2,0.82,0.82,23.55,22.73,72.35,72.37,1,1,61.07,61.07,11.08,11.08,32.53,32.53,598,598,87.13,87.19,108.23,108.65,91.44,91.44,15,15.77,21063.17,20808.04,5.51,5.51,29,26.86,27.33,27.45,49.28,48.93,6.3,6.3,92.82,92.82,953.92,974.13,4,4,109,109,53.31,52.85,-18.44,-18.44,1545.72,1545.63,7.9,7.9,105,105,5.67,5.66,90.7,90.7,3927.82,3927.82,0.52,0.52,40,39.23,75.9,75.45,-32.52,-32.52,-180.31,-180.31,78.21,78.21,56245.61,55564.33,48130.57,48139.96,64653,63173,5439.39,5373.51,1.83,1.83,-16.12,-16.12,9.188E+11,9.577E+11,40890.56,40339.71,16.75,16.75,142.79,142.51
Atom Heart Father,70.67,72.67,55.56,51.11,54.67,54.67,2.11,2.01,32.29,32.1,42,42,652.74,630.07,35,32,146.25,153,5134.92,4956.54,939.95,907.3,783.29,756.08,348.13,336.04,-6.16,-6.16,2645.79,2553.88,-3.46,-3.46,-4.06,-4.06,-9.06,-9.06,-12.33,-12.33,5134.92,4956.54,2959.11,2856.31,-8.49,-8.49,2959.11,2856.31,783.29,756.08,-5.67,-5.76,5918.22,5712.63,9.22,9.22,870.33,840.09,870.33,840.09,1305.49,1260.14,326.37,315.03,119.98,119.98,47.5,49.7,12,12,48.23,46.54,25.09,25.68,17.1,16.16,50,50,1,1,50,50,110,110,58.15,58.26,65.17,67.29,69.97,70.19,6.64,8.75,1305.49,1260.14,64.25,62.31,48.67,45.33,22.1,22.29,79.23,78.67,3.76,3.76,93.12,93.12,519.1,521.6,0,0,64,64,67.16,66.46,870.33,840.09,723.53,711.42,0.38,0.4,191.22,205.63,9.76,9.73,17.16,17.16,613.87,613.87,1.84,1.85,48.36,46.25,52.64,52.05,10,10,28.28,28.28,99.76,99.76,40613.77,39202.9,27345.26,27045.45,57565,54412,870.33,840.09,8.32,8.14,0,0,3.8193E+12,5.6666E+12,31638.13,30460.66,6.4,6.26,14.5,13.71
Wauka Mountain,56.53,57.33,69.47,67.87,63.78,63.78,12.8,11.2,31.96,31.53,34.02,34.02,1636.99,1625.3,50.6,50,176.5,176.5,-14.35,-14.35,-6.69,-6.69,2976.34,2955.08,-5.66,-5.66,-2.28,-2.28,-4.29,-4.29,4178.78,4148.94,2529.89,2511.82,-6,-6,-8.12,-8.12,2023.91,2009.46,-9.64,-9.64,2023.91,2009.46,5833.62,5791.96,-3.02,-3.02,-3.46,-3.46,7155.11,7104.02,10.63,10.63,446.45,443.26,1041.72,1034.28,3273.97,3250.59,-8.94,-8.94,569.59,569.59,7.82,8.93,3.55,3.55,73.54,71.38,26.16,26.28,15.34,15.13,47.8,47.8,4.21,4.21,49.5,49.5,132,132,55.96,56.22,59.78,62.74,70.34,70.85,12.49,10.96,3273.97,3250.59,51.81,52.34,80.8,76.8,40.54,40.77,70.81,70.14,2.59,2.59,93.3,93.3,358.54,380.06,-3,-3,67,67,72.52,72.01,1934.62,1920.8,616.33,637.53,0.35,0.34,121.53,121.53,11.46,11.11,15.5,15.5,774.79,774.79,2.03,1.98,42.51,44.04,56.45,56.17,43.31,43.31,-15,-15,99.3,99.3,36382.74,36122.92,8905.63,9560.89,113952,107120,1785.8,1773.05,11.52,11.2,595.27,591.02,3.201E+11,4.137E+11,21647.73,21384.77,9.87,9.87,35,32.94
Octurnia,67.33,69.33,57.33,48.44,61.33,61.33,3.61,2.91,32.86,32.7,42,42,687.41,639.64,40,37,135,141.75,0,0,3299.57,3070.28,5041.01,4690.71,-7.75,-7.75,-7.35,-7.35,-2,-2,0,0,-2.74,-2.74,5499.29,5117.14,-10.49,-10.49,-3.16,-3.16,3666.19,3411.43,-5.48,-5.48,2749.64,2558.57,1374.82,1279.28,-2.83,-2.83,5041.01,4690.71,9.49,9.49,1031.12,959.46,1031.12,959.46,1374.82,1279.28,343.71,319.82,119.98,119.98,27.72,34.4,12,12,51.46,47.86,25.24,25.82,16.87,15.92,50,50,1,1,50,50,110,110,56.19,56.89,55.42,60.61,69.36,69.53,4.89,8.11,1374.82,1279.28,69.82,69.22,50,43.33,24.4,24.97,79.31,77.6,2.55,2.55,93.31,93.31,509.14,536.76,0,0,64,64,67.57,66.13,916.55,852.86,592.88,591.01,0.39,0.39,167.87,181.39,11.16,10.57,17.16,17.16,623.71,623.71,2.08,2.09,50.11,46.89,52.66,51.39,90,90,-50.99,-50.99,100.2,100.2,39274.08,36544.89,19734.74,20666.35,71204,60070,916.55,852.86,11.24,10.31,114.57,106.61,63000000000,1.236E+11,29691.2,27408.67,6.64,6.5,15.05,13.45
Fivers,64,64,80.67,80.67,67.33,67.33,17.35,17.35,35.28,35.28,42,42,120.61,120.61,45,45,123.75,123.75,-4.47,-4.47,-3.46,-3.46,3859.55,3859.55,1929.77,1929.77,964.89,964.89,-4,-4,5306.88,5306.88,-6.12,-6.12,1447.33,1447.33,6754.21,6754.21,7236.65,7236.65,-4.47,-4.47,5306.88,5306.88,-6.32,-6.32,0,0,9262.91,9262.91,9166.42,9166.42,7.81,7.81,844.28,844.28,844.28,844.28,1085.5,1085.5,120.61,120.61,109.99,109.99,5.76,5.76,12,12,71.36,71.36,24.98,24.98,17.27,17.27,50,50,1,1,50,50,100,100,49.99,49.99,30.44,30.44,67.23,67.23,15.54,15.54,1206.11,1206.11,51.07,51.07,80,80,9.41,9.41,103.17,103.17,1.38,1.38,93.56,93.56,299.07,299.07,0,0,64,64,73.27,73.27,723.67,723.67,251.4,251.4,0.53,0.53,146.04,146.04,14.99,14.99,17.21,17.21,450.82,450.82,33.98,33.98,39.46,39.46,58.38,58.38,41.23,41.23,47.96,47.96,99.3,99.3,52803.42,52803.42,10770.85,10770.85,186907,186907,723.67,723.67,16.18,16.18,-3.16,-3.16,3.009E+11,3.016E+11,47839.9,47839.9,6.56,6.56,19.57,19.57
Ausaland,48,50,40,34.67,72.67,72.67,2.37,2.11,30.53,30.54,42,42,1096.6,1027.03,57,55.5,96.75,101.25,-2.83,-2.83,3579.29,3352.22,350.91,328.65,3976.99,3724.68,1930.01,1807.57,6176.04,5784.22,2690.32,2519.64,-2.45,-2.45,1637.59,1533.69,350.91,328.65,350.91,328.65,2222.44,2081.44,2105.47,1971.89,2397.89,2245.77,1900.77,1780.18,561.46,525.84,3041.23,2848.29,11.49,11.49,1169.7,1095.5,804.17,753.15,1242.81,1163.96,511.75,479.28,468.75,468.75,42.22,47.29,13.62,13.62,53.57,50.69,27.99,28.27,11.2,9.89,50,50,1,1,50.99,50.99,153,153,63.16,63.48,100.44,101.94,72.16,72.14,13.24,14.07,1242.81,1163.96,64.71,64.12,37,33,24.2,24.56,72.12,71.05,0.86,0.86,93.77,93.77,626.74,647.52,-8,-8,64,64,58.63,56.13,511.75,479.28,1017.57,1019.17,0.31,0.31,77.93,79.66,9.94,9.9,15.95,15.95,910,910,1.5,1.49,41.76,40.93,51.1,50.21,-82.46,-82.46,86.02,86.02,106.18,106.18,43156.24,40418.3,27267.87,27146.62,64590,57409,731.07,684.68,2.88,2.83,219.32,205.41,3.025E+11,4.008E+11,32712.43,30475.4,14.14,14.09,20.65,19.22
Virtual World,14.33,16.33,10.75,8.5,7,7,1.24,1.19,31.89,32.27,39.43,39.43,913.11,826.09,85.67,83.67,33.75,38.25,791.36,715.94,-4.73,-4.73,-11.31,-11.31,-4.9,-4.9,-4.9,-4.9,6215.55,5623.17,-8.37,-8.37,228.28,206.52,-12.73,-12.73,-5.29,-5.29,30.44,27.54,-10.86,-10.86,791.36,715.94,1339.23,1211.59,-8.66,-8.66,-14.39,-14.39,791.36,715.94,18.25,18.25,951.16,860.51,1065.3,963.77,1521.85,1376.81,989.2,894.93,8.28,8.28,80.48,84.13,8.98,8.98,13.79,13.25,3.26,4.38,33.08,32.71,51,51,1,1,50,50,103,103,69.47,69.59,97.32,98.09,70.42,69.99,39.96,40.04,1407.71,1273.55,96.41,94.97,-89.25,-91.5,68.58,68.64,-9.59,-10.16,27.02,27.02,91.28,91.28,7382.29,7423.72,-8,-8,64,64,75.65,75.46,1065.3,963.77,721.69,727.17,0.21,0.21,27.43,31.09,9.2,9.18,30.42,30.42,635.2,635.2,1.84,1.83,15.04,14.96,46,45.41,-81.85,-81.85,17.32,17.32,110.91,110.91,22704.83,20540.9,20247.97,18752.51,25159,22290,1065.3,963.77,2.33,2.32,608.74,550.72,22600000000,25000000000,7129.32,6449.84,16.15,16.1,11.39,10.99
Great Linwa,19,20.5,81,77.67,4,4,10.42,7.82,33.07,32.48,38.75,38.75,1002.97,984.35,81,79.5,42.75,47.25,-3.46,-3.46,-8.1,-8.1,1404.16,1378.09,3811.3,3740.54,5917.54,5807.69,7060.93,6929.85,-2.9,-2.9,-5.61,-5.61,1705.06,1673.4,401.19,393.74,-3.46,-3.46,-5,-5,-1.41,-1.41,4914.57,4823.33,521.55,511.86,866.57,850.48,1404.16,1378.09,11.18,11.18,125.37,123.04,1253.72,1230.44,3385.04,3322.19,1755.2,1722.62,8.51,8.51,9.6,12.79,8.98,8.98,26.47,25.53,1.68,1.79,34.37,34.1,47.8,47.8,1,1,50.5,50.5,109,109,57.36,57.89,53.56,57.85,69.15,69.76,33.79,31.62,3134.29,3076.1,67.16,67.39,72.5,67.5,28.93,29.38,75.02,73.69,27.84,27.84,91.24,91.24,1460,1616.49,-8,-8,64,64,71.53,70.8,1253.72,1230.44,347.8,374.43,0.28,0.28,104.15,106.15,13.43,12.99,29.15,29.15,620.83,620.83,3.49,3.15,21.21,23.38,60.05,59.14,-55.68,-55.68,67.08,67.08,105.16,105.16,50699.31,49758.08,13999.06,16214.7,145883,126812,1253.72,1230.44,9.62,8.78,-4.47,-4.47,29400000000,37400000000,36047.21,35129.21,16.44,16.39,22.21,20.34
Supercoolnationcountry,77.11,77.56,32.67,26.5,77.33,77.33,2.04,1.79,30.03,30.28,47.2,47.2,581.91,526.41,25.33,24.67,168.75,171,3775.92,3415.81,1737.96,1572.21,3517.3,3181.85,1448.3,1310.17,724.15,655.09,5627.67,5090.96,651.73,589.58,-1.73,-1.73,1241.4,1123.01,413.8,374.34,-5.83,-5.83,651.73,589.58,155.17,140.38,2741.42,2479.97,-3.13,-3.13,268.97,243.32,7944.95,7187.24,14.63,14.63,2456.93,2222.62,1163.81,1052.82,646.56,584.9,646.56,584.9,1207.99,1207.99,48.93,55.78,18.96,18.96,46.54,43.08,34.1,34.21,2.43,2.41,49.36,49.36,1,1,53.38,53.38,112,112,66.3,66.7,99.12,100.85,72.88,72.52,23.33,25.22,1163.81,1052.82,78.62,78.86,-68.5,-73.5,42.79,43.24,40.72,39.39,0.73,0.73,94.07,94.07,383.07,411.51,-8,-8,69,69,77.96,77.53,711.22,643.39,955.24,957.32,0.45,0.45,267,272.61,9.83,9.78,12.56,12.56,619.59,619.59,1.58,1.58,31.67,29.78,50.93,49.7,54.31,54.31,62.05,62.05,108.45,108.45,40050.62,36230.97,27397.81,26587.4,55996,47667,1357.78,1228.29,2.53,2.5,1034.5,935.84,20400000000,23000000000,22908.95,20579.19,13.76,13.73,19.57,17.87
Kidani,64.13,64.93,36,29.33,74,74,2.17,1.9,31.41,31.52,43.68,43.68,472.83,426.33,44.8,43.6,126,128.25,270.19,243.62,3828.61,3452.08,2107.49,1900.23,324.23,292.34,2972.1,2679.8,3458.44,3118.32,1513.07,1364.26,-2.74,-2.74,2701.91,2436.19,0,0,1621.15,1461.71,-7.48,-7.48,3242.29,2923.42,2972.1,2679.8,3593.54,3240.13,1737.19,1427.48,3890.75,3508.11,12.08,12.08,1350.95,1218.09,878.12,791.76,810.57,730.86,540.38,487.24,490.88,490.88,45.99,52.64,14.64,14.64,48.63,45.19,29.42,29.63,6.03,5.42,51.62,51.62,1,1,50.99,50.99,109,109,59.76,60.25,84.25,88.67,71,70.87,14.31,16.38,675.48,609.05,83.21,83.8,34,29,26.42,26.96,67.59,66.15,0.77,0.77,93.9,93.9,537.78,567.2,0,0,68,68,56.07,54.36,743.03,669.95,602.81,605.47,0.31,0.31,88.68,89.14,10.72,10.27,15.85,15.85,596.83,596.83,2.06,2.05,40.69,38.62,49.65,48.5,53.85,53.85,31.62,31.62,92.89,92.89,42095.61,37816.79,27854.31,26904.48,60563,51110,945.67,852.67,4.54,3.83,472.83,426.33,1.583E+11,2.508E+11,30982.37,27606.26,4.95,4.88,12.64,11.52
El Alacran,66,66.8,36,29.33,70.67,70.67,2.17,1.9,31.46,31.64,43.68,43.68,557.45,502.93,42,40.8,130.5,135,-1.41,-1.41,2217.06,2000.22,-4.69,-4.69,764.5,689.73,-1.1,-1.1,407.73,367.86,445.96,402.34,1513.08,1365.09,-8.83,-8.83,-10.1,-10.1,-4.69,-4.69,2197.94,1982.97,-7.87,-7.87,4395.89,3965.95,1433.44,1293.24,4281.05,3707.15,445.96,402.34,12.25,12.25,1592.71,1436.94,1035.26,934.01,955.63,862.16,637.08,574.77,644.28,644.28,45.99,52.64,15.09,15.09,46.76,43.47,28.33,28.55,9.72,8.94,51,51,1,1,51.48,51.48,108,108,60.61,61.07,86.63,90.5,70.94,70.72,13.59,15.66,1114.9,1005.86,61.29,61.36,34,29,36.56,37.15,57.29,55.85,0.92,0.92,93.73,93.73,554.71,584.59,-4,-4,64,64,55.03,53.59,875.99,790.32,641.8,643.23,0.41,0.41,193.65,195.01,9.81,9.76,15.15,15.15,582.64,582.64,1.98,1.97,41.41,39.34,50.03,48.85,-53.85,-53.85,42.43,42.43,104.81,104.81,35667.04,32023.44,23600.58,22782.84,51315,43280,1114.9,1005.86,3.6,3.39,557.45,502.93,1.142E+11,1.953E+11,22612.9,20110.72,13.11,13.05,11.81,10.78
Dewi Rahl,67.33,69.33,61.33,54.67,64.67,64.67,4.03,3.36,33.27,32.94,42,42,388.6,369.76,40,37,135,141.75,1165.81,1109.29,-7.12,-7.12,-5.48,-5.48,-4.47,-4.47,3963.75,3771.59,2487.06,2366.49,1165.81,1109.29,3835.51,3649.57,1165.81,1109.29,1165.81,1109.29,3108.82,2958.11,2331.62,2218.58,1554.41,1479.06,6606.24,6285.99,1165.81,1109.29,5595.88,5179.53,2331.62,2218.58,9.43,9.43,874.36,831.97,777.21,739.53,1165.81,1109.29,582.9,554.65,119.98,119.98,24.8,29.75,12,12,54.61,51.86,25.86,26.44,15.86,14.84,50,50,1,1,50,50,104,104,55.56,56.12,52.59,57.44,68.96,69.28,6.89,7.56,1165.81,1109.29,55.28,54.39,53,48,15.38,15.89,88.81,87.4,1.97,1.97,93.42,93.42,465.52,479.84,0,0,64,64,68.82,67.84,777.21,739.53,485.96,497.86,0.41,0.42,167.7,181.21,11.57,11.13,17.16,17.16,547.34,547.34,2.42,2.37,48.11,47.44,53.19,52.19,-30,-30,-24.49,-24.49,100.2,100.2,49476.87,46933.27,23384.59,24517.38,94302,82410,777.21,739.53,12,11.32,97.15,92.44,82000000000,96300000000,41857.44,39470.88,6.64,6.5,13.58,12.37
Sapphic Magical Girls,67.33,69.33,56.33,49.67,61.33,61.33,3.56,3,33.03,32.76,42,42,645.24,612.99,40,37,135,141.75,-3.16,-3.16,6710.49,6375.1,-7.75,-7.75,-6.32,-6.32,602.22,572.12,-4,-4,-6.32,-6.32,-3.87,-3.87,2150.8,2043.3,-10.95,-10.95,4301.59,4086.6,-3.16,-3.16,-6.32,-6.32,6022.23,5721.24,1290.48,1225.98,6410.52,5881.71,0,0,9.54,9.54,967.86,919.49,860.32,817.32,1290.48,1225.98,645.24,612.99,119.98,119.98,28.09,33.35,12,12,51.06,48.36,25.25,25.84,16.84,15.89,50,50,1,1,50,50,110,110,56.23,56.77,55.98,60.29,69.2,69.47,5.14,7.81,1290.48,1225.98,60.54,59.61,49.25,44.25,21.89,22.45,81.11,79.67,2.55,2.55,93.31,93.31,514.73,529.79,0,0,64,64,67.69,66.53,860.32,817.32,547.53,544.98,0.38,0.39,167.87,181.39,11.66,11.22,17.16,17.16,616.96,616.96,2.2,2.21,49.86,47.19,52.61,51.59,-37.42,-37.42,-40,-40,100.2,100.2,41834.15,39534.87,21177.24,21980.21,75386,65916,860.32,817.32,11.18,10.47,107.54,102.17,62400000000,92100000000,32672.47,30639.53,6.64,6.5,14.91,13.58
Fubolina,56.67,58.67,23,17.33,73.33,73.33,1.63,1.44,30.82,31.18,43,43,557.29,493.21,50.5,49,112.5,114.75,-4.9,-4.9,389.09,344.35,2877.66,2546.76,-4,-4,3120.85,2761.98,4543.67,4021.19,1499.63,1327.18,3191.77,2824.75,-7.14,-7.14,1337.51,1183.7,-4.9,-4.9,1641.48,1452.73,729.55,645.66,-7.35,-7.35,-5.39,-5.39,1037.58,918.27,4377.29,3873.94,15.84,15.84,1570.56,1389.96,1013.26,896.75,1063.92,941.58,759.95,672.56,1100.21,1100.21,61.21,69.36,15.51,15.51,40.84,36.57,29.2,29.47,6.69,5.87,51,51,1,1,52.44,52.44,108,108,67.53,67.95,104.65,105.28,71.76,71.3,16.13,18.19,1114.59,986.42,85.51,85.1,-77,-82.67,47.65,48.13,28.42,26.98,0.77,0.77,93.87,93.87,681.48,717.79,-4,-4,67,67,77.16,76.71,810.61,717.4,1006.61,1007.1,0.3,0.3,183.95,185.27,9.77,9.71,13.04,13.04,613.17,613.17,1.53,1.53,38.87,36.81,48.81,47.55,81.55,81.55,21.21,21.21,106.51,106.51,35638.63,31540.53,27482.53,25996.09,44901,37479,1063.92,941.58,2.44,2.42,709.28,627.72,200000000,400000000,18674.64,16369.53,14.03,14,13.36,12.17
SEUSociology,76.89,78.22,26,20,79.33,79.33,1.76,1.52,32.07,32.44,43.68,43.68,346.37,306.02,25.67,23.67,168.75,173.25,-5.83,-5.83,2158.34,1906.93,3602.23,3182.64,831.28,734.46,-1.55,-1.55,2734.23,2415.75,3509.87,3101.03,-3.24,-3.24,3140.41,2774.61,-5.83,-5.83,-3.74,-3.74,3163.5,2795.01,2678.58,2366.58,-3.74,-3.74,1524.02,1346.5,1418.04,1118.22,7112.1,6283.67,12.85,12.85,1154.56,1020.08,865.92,765.06,635.01,561.04,230.91,204.02,1588.44,1588.44,56.84,65.73,15.09,15.09,45.61,40.9,34.88,35.21,2.31,2.26,51,51,1,1,51.48,51.48,103,103,62.81,63.32,99.94,102.13,70.22,69.81,26.02,28.68,808.19,714.05,67.2,66.52,26,20,31.9,32.56,57.83,56.1,0.7,0.7,94.17,94.17,401.55,428.39,0,0,64,64,53.28,51.94,635.01,561.04,563.31,562.14,0.38,0.39,265.99,277.23,9.93,9.87,10.96,10.96,539.11,539.11,2.16,2.16,28.98,26.32,48.34,46.87,72.11,72.11,50.99,50.99,101.85,101.85,35578.74,31299.85,26374.29,25071.02,46398,38141,923.65,816.06,2.94,2.86,404.1,357.03,1600000000,4000000000,24229.12,21096.1,5.49,5.37,9.86,8.94
Kinia Dic,44,46,65.33,57.78,72,72,4.73,3.7,31.03,30.75,45.34,45.34,176.63,168.46,60,58.5,90,94.5,565.22,539.08,542.96,517.85,3391.31,3234.47,1554.35,1482.47,5934.79,5660.32,-5.99,-5.99,2684.78,2560.62,4053.32,3865.86,5510.87,5256.01,3038.05,2897.55,565.22,539.08,6605.98,6300.48,1271.74,1212.93,5864.13,5592.94,1130.44,1078.16,1582.61,1509.42,6641.31,6334.17,10.15,10.15,1413.04,1347.7,1148.1,1095,971.47,926.54,176.63,168.46,624.65,624.65,21.16,27.05,16.29,16.29,60.61,56.7,26.58,26.87,14.57,14.01,51,51,1,1,51.48,51.48,101,101,58.37,59.01,72.05,77.54,71.49,71.86,11.91,9.19,706.52,673.85,91.98,92.71,57,50.33,13.22,13.79,91.8,90.09,0.82,0.82,93.8,93.8,501.74,540.58,0,0,64,64,69.26,68.13,618.21,589.62,488.49,528.32,0.28,0.28,147.5,149.87,15.2,14.63,15.24,15.24,494.68,494.68,2.41,2.26,43.09,45.81,55.66,54.45,42.43,42.43,54.77,54.77,100.2,100.2,57843.33,55168.26,25036.66,27355.4,118340,101117,1059.78,1010.77,7.94,6.6,264.95,252.69,700000000,1500000000,50208.01,47555.04,6.29,6.19,13.11,11.73
Integlandia,49.33,51.33,66.67,60.44,74,74,6.16,4.66,31.83,31.45,43,43,-4.47,-4.47,56,54.5,99,103.5,352.39,337.02,3317.76,3173.06,1621,1550.3,4933.47,4718.31,4440.13,4246.48,-5.66,-5.66,2748.65,2628.77,1349.66,1290.8,4158.21,3976.86,3876.3,3707.25,1761.96,1685.11,3453.43,3302.82,5285.87,5055.33,2819.13,2696.18,458.11,438.13,5804.31,5315.26,4722.04,4516.1,9.7,9.7,1057.17,1011.07,616.68,589.79,880.98,842.56,-4.47,-4.47,1819.66,1819.66,16.23,21.45,15.09,15.09,67.45,63.38,26.45,26.74,14.81,14.26,50,50,1,1,51.96,51.96,101,101,60.41,61.01,83.52,88.07,70.5,70.95,13.56,10.83,792.88,758.3,68.37,68.71,63,56.33,9.98,10.58,97.97,96.12,0.77,0.77,93.9,93.9,410.4,445.6,-4,-4,67,67,70.82,69.85,264.29,252.77,616.29,659.88,0.34,0.34,57.84,59.33,14.85,14.28,10.06,10.06,445.73,445.73,2.03,1.94,41.44,44.17,55.04,53.86,-71.41,-71.41,86.02,86.02,101.85,101.85,59679.62,56840.91,22268.51,24791.31,137202,115582,704.78,674.04,3.71,3.41,88.1,84.26,300000000,500000000,53711.65,50815.77,13.41,13.36,19.72,17.68
Snacktanian Republic,47.33,49.33,62.67,53.78,76.67,76.67,4.19,3.32,30.84,30.69,43.68,43.68,192.77,180.31,57.5,56,96.75,99,3778.31,3534.14,-4.2,-4.2,7556.63,7068.27,-6.48,-6.48,5320.48,4976.64,6742.36,6306.63,3238.56,3029.26,3698.12,3459.13,693.98,649.13,-3.46,-3.46,693.98,649.13,-1.61,-1.61,-7.87,-7.87,1079.52,1009.75,400.96,375.05,-2.97,-3.27,14573.5,13631.67,10.3,10.3,1542.17,1442.5,1060.24,991.72,1349.4,1262.19,192.77,180.31,468.75,468.75,23.86,30.1,14.64,14.64,63.5,59.17,26.26,26.54,15.17,14.64,51.62,51.62,1,1,50.99,50.99,102,102,59.19,59.84,82.58,88.06,71.73,71.93,12.4,11.45,963.86,901.57,95.82,96.61,54,47.33,18.67,19.24,83.75,82.04,0.73,0.73,94.04,94.04,454.92,491.95,0,0,68,68,68.35,67.07,674.7,631.1,690.31,723.34,0.28,0.28,52.36,53.07,10.56,10,15.95,15.95,545.65,545.65,1.89,1.84,42.6,43.55,54.74,53.47,106.3,106.3,-38.73,-38.73,89.65,89.65,51377.37,48057.04,23771.62,25263.82,99627,83943,1156.63,1081.88,6.16,4.37,289.16,270.47,700000000,1400000000,41769.8,38830.09,5.75,5.7,17.05,15.25
Yap City,49.33,51.33,68,63.11,70.67,70.67,6.16,4.66,32.76,32.19,42,42,-3.16,-3.16,56,54.5,99,103.5,1807.31,1754.11,2602.53,2525.92,5060.48,4911.51,6072.58,5893.82,1156.68,1122.63,-2,-2,2168.78,2104.93,903.66,877.06,-5.48,-5.48,361.46,350.82,2891.7,2806.58,1482,1438.37,4337.56,4209.87,3614.63,3508.22,5277.36,5122.01,2429.03,2357.53,9036.57,8770.56,8.12,8.12,1174.75,1140.17,722.93,701.64,903.66,877.06,-3.16,-3.16,609.8,609.8,16.23,21.45,14.16,14.16,65.1,61.2,30.08,30.34,4.37,3.86,51,51,1,1,51.48,51.48,109,109,55.85,56.59,55.28,60.87,69.47,70.09,11.9,9.18,451.83,438.53,82.73,83.44,63,56.33,8.06,8.25,107.6,105.89,0.92,0.92,93.73,93.73,444.44,481.05,0,0,64,64,71.07,70.14,361.46,350.82,605.04,650.3,0.32,0.32,158.26,160.72,10.57,10,15.31,15.31,561.2,561.2,2.05,1.96,43.1,45.82,55.63,54.5,-45.28,-45.28,95.13,95.13,98.83,98.83,59214.86,57471.72,22095.1,25066.44,136133,116865,813.29,789.35,11.66,10.71,0,0,1100000000,1600000000,54418.46,52701.57,5.55,5.43,17.33,15.51
Mjolnirville,43.67,45.67,73.33,68.89,66,66,7.52,5.53,30.54,30.15,45.34,45.34,-3.16,-3.16,60.25,58.75,90,94.5,6466.45,6300.17,-3.79,-3.79,963.09,938.32,8117.45,7908.72,165.1,160.86,1082.79,1054.94,5434.57,5294.82,2418.73,2356.53,309.56,301.6,3026.85,2949.01,6466.45,6300.17,963.09,938.32,3026.85,2949.01,6466.45,6300.17,357.72,348.52,4580.14,4227.78,12864.1,12533.31,10.05,10.05,1805.79,1759.35,945.89,921.57,1203.86,1172.9,429.95,418.89,7.89,7.89,13.3,18.07,15.09,15.09,61.19,57.76,26.54,26.82,14.66,14.1,46.97,46.97,1,1,50,50,98,98,59.68,60.29,77.67,82.56,72.15,72.71,12.33,9.61,1633.81,1591.8,55.96,56.54,67,60.33,9.43,9.64,101.22,99.37,1.65,1.65,93.49,93.49,496.22,534.85,-8,-8,64,64,71.19,70.27,343.96,335.12,523.58,564.15,0.35,0.34,54.68,56.13,12.09,11.5,32.88,32.88,418.49,418.49,2.28,2.16,42.67,45.39,58.69,57.55,-106.3,-106.3,112.69,112.69,106.18,106.18,66622.94,64675.19,22207.65,25634.11,166932,141861,1203.86,1172.9,4.68,3.8,85.99,83.78,300000000,600000000,60360.38,58466.37,15.79,15.74,20.58,18.48
Spicy Dortios,68.67,69.67,64.67,56.44,79.33,79.33,4.93,3.84,32.07,31.78,43.68,43.68,-3.16,-3.16,38,36.5,139.5,144,544.46,510,5491.21,5143.62,5989.05,5609.95,2177.84,2039.98,4968.19,4653.71,752.37,704.75,4151.5,3888.72,5333.66,4996.04,884.75,828.74,204.17,191.25,5648.77,5291.2,3062.58,2868.72,3947.33,3697.47,1565.32,1466.24,3130.64,2932.47,-3.58,-3.58,10685.02,10008.66,9,9,1105.93,1035.93,680.57,637.49,595.5,557.81,-3.16,-3.16,1435.67,1435.67,20.29,26.07,14.64,14.64,68.08,63.66,33.44,33.69,2.55,2.5,50,50,1,1,50.99,50.99,100,100,57.66,58.33,68.79,74.52,70.22,70.56,16.56,14.83,595.5,557.81,69.16,69.8,58,51.33,8.87,9.06,103.1,101.39,0.7,0.7,94.17,94.17,282.23,311.54,0,0,64,64,70.2,69.19,340.29,318.75,448.17,479.83,0.4,0.39,87.94,89.77,13.07,12.49,11.59,11.59,457.06,457.06,2.6,2.45,38.44,40.17,54.77,53.55,70.36,70.36,62.05,62.05,98.83,98.83,60151.89,56344.3,25437.36,27377.91,125363,104998,765.65,717.18,9.15,8.01,0,0,1300000000,1600000000,54798.37,51216.97,5.7,5.59,16.95,15.16
Bluest of the blue,72.67,73,68,72.44,77.33,77.33,102.81,52.58,71.24,50.59,43,43,0,0,32,31.5,153,155.25,240.45,247.59,4135.73,4258.62,641.2,660.25,2564.79,2641.01,3767.04,3878.98,5514.31,5678.17,-2.28,-2.28,6812.73,7015.18,2324.34,2393.41,-8.6,-8.6,2244.19,2310.88,3847.19,3961.51,5850.93,6024.8,4648.69,4786.83,-5.29,-5.29,230.83,237.69,881.65,907.85,5.29,5.29,-4.47,-4.47,500.94,515.82,400.75,412.66,-3.16,-3.16,12.64,12.64,0.97,1.9,13,13,90.73,86.83,30.78,30.87,3.38,3.34,50,50,1,1,50,50,108,108,45.34,46.52,22.97,25.54,62.6,64.13,30.54,28.48,1102.06,1134.81,31.04,31.49,97,90.33,5.05,5.24,125.05,123.34,0.73,0.73,94.07,94.07,97.66,118.76,-8,-8,64,64,76.1,75.47,200.37,206.33,245.98,265.75,2.43,2.34,143.66,144.83,14.98,14.41,18.84,18.84,592.91,592.91,42.94,16.06,24.46,26.52,52.62,54.46,-51.96,-51.96,59.16,59.16,104.1,104.1,53273.96,54857.02,3339.56,5512.99,343355,289884,200.37,206.33,18.13,17.67,-7.75,-7.75,5100000000,12500000000,50556.99,52004.46,12.94,12.91,42.94,39.47
Wabacha,60,60.22,96.88,96.82,64.67,64.67,1.34,1.31,19.52,19.5,50.37,50.37,12375.46,12375.49,48,47.83,21,21.25,-23.96,-23.96,-15.85,-15.85,-14.35,-14.35,-11.06,-11.06,-19.15,-19.15,-13.33,-13.33,-20.45,-20.45,-25.01,-25.01,-16.25,-16.25,-20.1,-20.1,-19.85,-19.85,-17.89,-17.89,-13.93,-13.93,-24.25,-24.25,-12.98,-12.98,-30.72,-30.72,0,0,24.96,24.96,1767.92,1767.93,15469.33,15469.37,8176.64,8176.66,5082.78,5082.79,543.93,543.93,74.85,76.4,19.85,19.85,24.91,24.18,59.17,59.19,1.18,1.18,42.83,42.83,14.65,14.65,50.99,50.99,371,371,81.51,81.55,126.92,127.18,92.03,92.05,10.65,11.33,8066.15,8066.17,108.7,108.74,28.5,26.62,66.97,67.01,-46.06,-46.38,0.53,0.53,95.13,95.13,725.16,740.39,1,1,112,112,55.52,54.86,1767.92,1767.93,1373.54,1373.4,0.18,0.18,95.86,96.33,5.15,5.14,15.62,15.62,2363.33,2363.33,0.66,0.66,44.35,43.67,86.12,85.68,-100.82,-100.82,46.48,46.48,106.84,106.84,68838.5,68838.68,59077.82,59720.12,78925,78172,11933.48,11933.51,1.94,1.94,110.5,110.5,3.672E+11,3.767E+11,22716.7,22716.76,21.1,21.08,134.58,134.28
Zhonghua-Diguo,48.67,50.67,64.22,61.11,45.33,45.33,1.91,1.85,26.9,26.92,43,43,2801.8,2719.87,56.5,55,99,101.25,-13.19,-13.19,2291.25,2224.25,-5.29,-5.29,-6,-6,5645.1,5480.03,-9.47,-9.47,2656.52,2578.84,-7.45,-7.45,871.67,846.18,-8,-8,-12.41,-12.41,-10.72,-10.72,1494.29,1450.6,-13.34,-13.34,4607.4,4472.67,1680.03,1582.55,2656.52,2578.84,13.93,13.93,1764.1,1712.51,2490.49,2417.66,1349.01,1309.57,1660.32,1611.77,1199.43,1199.43,52.41,54.14,16.29,16.29,40.94,39.75,24.35,24.65,18.19,17.76,52.16,52.16,3.3,3.3,53.38,53.38,184,184,64.7,64.79,87.88,89.2,78.7,78.67,8.64,8.97,1660.32,1611.77,70.53,69.52,41.33,38.83,46.07,46.24,43.35,42.9,6.35,6.35,92.81,92.81,822.86,832.34,-8,-8,67,67,54.93,54.08,933.93,906.62,1100.54,1100.75,0.3,0.3,178.09,179.4,10.32,10.09,12.6,12.6,1110.68,1110.68,1.19,1.19,46.36,46.03,58.13,57.46,-24.49,-24.49,-28.28,-28.28,106.51,106.51,49372.86,47880.78,35044.08,34580.56,66863,63873,1660.32,1611.77,2.68,2.67,622.62,604.42,6.159E+11,9.516E+11,26611.97,25759.86,12.91,12.88,23.31,22.13
The Baltic Confederation,25.33,27.33,63.56,60.22,54.67,54.67,2.26,2.18,28.89,28.81,43,43,2629.91,2575.51,74.67,72.67,58.5,63,-3.16,-3.16,5259.82,5151.02,6311.79,6181.22,4996.83,4893.46,5259.82,5151.02,-7.21,-7.21,-3.46,-3.46,-9.49,-9.49,1928.6,1888.71,-8.94,-8.94,-9.49,-9.49,613.65,600.95,1314.96,1287.75,-12.65,-12.65,-3.45,-3.45,-7.99,-8.05,6311.79,6181.22,11.36,11.36,657.48,643.88,1424.54,1395.07,1643.69,1609.69,1095.8,1073.13,468.75,468.75,44.29,45.88,14.16,14.16,47.93,46.68,17.06,17.56,26.11,25.68,47.8,47.8,2.52,2.52,50.99,50.99,175,175,61.63,61.71,87.55,89.12,74.72,74.86,9.88,10.05,1643.69,1609.69,103.53,102.73,48.67,46.17,31.96,32.1,65.28,64.87,3.76,3.76,93.12,93.12,859.48,864.32,-8,-8,66,66,65.32,64.68,767.06,751.19,1063.41,1063.79,0.26,0.26,52.12,57.14,11.75,11.53,15.95,15.95,1073.42,1073.42,1.32,1.32,45.12,44.95,55.44,55.05,33.91,33.91,77.78,77.78,105.5,105.5,46220.7,45264.55,29970.63,29913.64,67662,65193,547.9,536.56,3.2,3.18,876.64,858.5,8.248E+11,1.3499E+12,31430.07,30734.63,15.46,15.41,24.72,23.89
Greece-Cyprus,19.25,20.75,56.67,54,28,28,2.39,2.32,30.34,30.21,40.78,40.78,2448.45,2411.19,80.75,79.25,45,47.25,-4.47,-4.47,904.04,890.28,4520.22,4451.42,5198.25,5119.14,-2.45,-2.45,-9.17,-9.17,0,0,-6.12,-6.12,2260.11,2225.71,-10.95,-10.95,-8.94,-8.94,-6,-6,5273.59,5193.33,-5.83,-5.83,5876.28,5786.85,5100.7,4989.69,4520.22,4451.42,10.63,10.63,282.51,278.21,753.37,741.9,1035.88,1020.12,659.2,649.17,468.75,468.75,41.91,43.15,12,12,40.38,39.58,16.32,16.71,26.72,26.41,51,51,1,1,50.99,50.99,180,180,60.18,60.26,67.65,68.94,72.43,72.61,18.28,18.44,1600.91,1576.55,93.74,92.69,49.5,47.5,22.04,22.16,78.24,77.89,13.35,13.35,92.19,92.19,1407.27,1428.16,-8,-8,64,64,66.42,65.91,659.2,649.17,1054.12,1054.5,0.26,0.26,27.78,28.3,11.21,11.03,15.95,15.95,1114.46,1114.46,1.36,1.36,36.72,36.56,53.79,53.41,-36.74,-36.74,85.73,85.73,105.84,105.84,47986.25,47222.58,30200.3,30189.56,72060,69971,470.86,463.69,3.89,3.82,94.17,92.74,8.525E+11,1.1731E+12,37429.28,36739.17,14.37,14.35,23.49,22.7
Great Carpathia,66.53,66.8,68,64.67,42.67,42.67,5.62,4.54,32.34,31.84,43.68,43.68,0,0,41.2,40.8,132.75,135,-1.41,-1.41,2348.29,2296.29,7175.34,7016.45,-3.46,-3.46,-6.16,-6.16,5539.69,5417.02,228.31,223.25,1426.91,1395.32,1997.68,1953.44,-7.21,-7.21,2772.29,2710.9,3995.36,3906.89,3587.67,3508.22,4403.05,4305.55,5299.96,5182.6,3131.06,3061.72,7403.64,7239.7,8.06,8.06,1324.99,1295.65,713.46,697.66,713.46,697.66,407.69,398.66,12.77,12.77,17.8,22.04,13.62,13.62,48.29,46.18,24.85,24.93,17.46,17.34,51.62,51.62,1,1,50,50,104,104,56.19,56.79,46.93,51.13,69.92,70.48,10.81,9.27,1324.99,1295.65,58.74,59.81,61,56,9.42,9.57,100.45,99.12,6.73,6.73,92.77,92.77,540.84,576.65,-8,-8,68,68,70.65,69.85,407.69,398.66,495.69,524.12,0.73,0.67,82.68,83.13,11.25,10.8,18.78,18.78,574.57,574.57,2.38,2.28,44.19,45.73,55.4,54.48,94.6,94.6,-12.25,-12.25,98.83,98.83,52525.91,51362.8,20644.51,22742.73,115973,103188,917.3,896.99,11.23,10.44,-4.47,-4.47,91000000000,97500000000,47588.47,46431.97,12.6,12.57,25.89,23.8
Draumheim,24,26,50.67,41.78,8,8,3.04,2.49,31.95,31.85,40.78,40.78,814.18,749.96,76,74,54,58.5,-9.17,-9.17,-7.69,-7.69,1872.61,1724.9,4396.57,4049.77,-7.21,-7.21,-3.1,-3.1,-1.67,-1.67,2849.63,2624.85,325.67,299.98,-12,-12,-9.7,-9.7,-5.48,-5.48,-8,-8,846.75,779.96,3460.27,3187.32,304.83,280.78,1872.61,1724.9,11.36,11.36,610.64,562.47,1119.5,1031.19,1831.91,1687.4,508.86,468.72,485.41,485.41,32.94,40.19,12,12,23.77,21.87,11.32,11.99,30.17,29.78,51,51,1,1,50.99,50.99,109,109,59.06,59.69,59.21,63.82,70.36,70.47,24.92,26.48,1730.13,1593.66,82.52,82.8,45,38.33,33.05,33.62,67.3,65.58,25.44,25.44,91.38,91.38,2454.83,2779.64,-4,-4,64,64,65.86,63.82,1017.73,937.45,612.86,623.71,0.28,0.28,46.16,50.9,9.89,9.82,15.87,15.87,642.96,642.96,2.04,2.01,30.08,28.52,52.61,51.32,-62.45,-62.45,78.74,78.74,104.1,104.1,39511.68,36394.95,21819.88,22392.25,66249,55717,1017.73,937.45,6.49,4.67,407.09,374.98,12600000000,27200000000,26433.31,24166.25,14.27,14.22,14.18,12.67
United Arab Caliphate,14.75,16.25,50.67,41.78,5,5,3.04,2.49,32,31.92,41.43,41.43,581.97,536.86,85.25,83.75,33.75,38.25,-7.35,-7.35,-1.79,-1.79,4345.35,4008.56,869.07,801.71,2638.25,2433.77,-4.65,-4.65,3026.23,2791.68,2230.87,2057.97,1319.12,1216.88,-8.6,-8.6,2948.63,2720.1,1707.1,1574.79,-9.17,-9.17,-2,-2,-3.55,-3.55,3081.02,2591.69,7371.57,6800.24,11.53,11.53,387.98,357.91,872.95,805.29,2327.87,2147.44,290.98,268.43,932.65,932.65,32.94,40.19,14.16,14.16,20.86,19,1.28,1.32,36.01,35.75,46.97,46.97,1,1,51.96,51.96,109,109,61.53,62.09,74.65,78.24,70.3,70.39,29,30.73,1939.89,1789.54,92.18,91.89,45,38.33,32.28,33.04,65.64,63.79,27.02,27.02,91.28,91.28,3383.53,3854.61,-4,-4,67,67,65.97,63.97,775.96,715.81,637.26,645.5,0.24,0.24,18.89,19.74,11.69,11.09,13.81,13.81,616.11,616.11,1.98,1.97,26,24.27,52.26,50.96,62.29,62.29,41.47,41.47,103.37,103.37,41295.26,37844.12,22804.84,23283.86,69239,57935,775.96,715.81,3.23,3.08,387.98,357.91,900000000,2400000000,27956.89,25355.56,16.47,16.42,15.52,13.87
Zanji-bar,76.67,77.11,65.33,57.78,62.67,62.67,5.14,3.98,32.27,31.88,43.68,43.68,-3.16,-3.16,26,25.33,166.5,168.75,-5.83,-5.83,1992.02,1904.94,6110.03,5842.94,5300.26,5068.58,-6.48,-6.48,-6.3,-6.3,4490.5,4294.21,3027.04,2894.72,-2.45,-2.45,2797.36,2675.08,-5.83,-5.83,1472.3,1407.94,5005.81,4786.99,5373.88,5138.97,3386.28,3238.26,2124.36,1774.55,10600.53,10137.15,8.94,8.94,1196.24,1143.95,736.15,703.97,1196.24,1143.95,-3.16,-3.16,451.62,451.62,19.44,25.11,14.64,14.64,56,52.55,32.76,32.87,2.7,2.67,52.16,52.16,1,1,50.99,50.99,100,100,59.1,59.75,72.62,77.86,69.99,70.44,12.89,10.89,1104.22,1055.95,46.26,47.36,59,52.33,9.78,10,98.54,96.68,2.35,2.35,93.34,93.34,346.38,384.14,-8,-8,64,64,70.32,69.31,368.07,351.98,540.86,577.93,1.26,1.21,233.63,238.87,11.49,10.9,16.02,16.02,482.94,482.94,2.22,2.12,42.11,44.11,55.24,54.05,15.81,15.81,89.72,89.72,105.16,105.16,55470.05,52788.36,22905.54,25124.81,117808,100044,1196.24,1143.95,6.4,4.56,0,0,600000000,1800000000,50033.98,47509.52,11.68,11.65,19.15,17.16
Tatarica,83.67,83.83,96.81,96.74,79.73,79.73,1.57,1.53,20.36,20.34,42,42,14467.62,14467.67,16.33,16.17,221,221,-16.61,-16.61,-11.52,-11.52,-14.39,-14.39,-7.59,-7.59,-15.13,-15.13,-12.59,-12.59,-21.35,-21.35,-23.65,-23.65,-15.49,-15.49,-22.27,-22.27,-22.49,-22.49,-9.94,-9.94,-11.66,-11.66,-20.12,-20.12,20640.23,20640.3,-9.93,-9.93,0,0,27.07,27.07,8875.84,8875.87,11982.38,11982.43,7366.95,7366.97,2751.51,2751.52,501.72,501.72,63.88,65.51,18.34,18.34,42.75,41.7,96.23,96.24,0.81,0.81,62.05,62.05,8.22,8.22,56.53,56.53,479,479,85.5,85.56,122.78,123.05,91.45,91.47,24.04,24.81,6479.36,6479.39,73.27,73.44,42.43,40.29,88.13,88.17,-145.3,-145.66,0.92,0.92,93.73,93.73,246.39,256.72,7,7,120,120,44.18,43.98,-11.83,-11.83,1480.66,1480.56,0.22,0.22,134.53,134.53,8.79,8.78,15.8,15.8,3366.92,3366.92,0.57,0.57,30.96,30.19,88.2,87.77,-156.46,-156.46,118.83,118.83,65.19,65.19,85700.14,85700.43,67609.91,68523.8,105837,104596,13136.24,13136.29,1.86,1.86,-7.75,-7.75,8.737E+11,8.995E+11,10198.32,10112.65,0.76,0.76,144.95,144.67
Rio del Norte,81.33,81.78,69.33,73.78,72,72,102.81,52.58,109.04,88.67,37.37,37.37,-3.16,-3.16,19,18.33,182.25,184.5,4403.75,4534.35,7643.65,7870.34,865.02,890.68,110.09,113.36,1494.13,1538.44,1384.03,1425.08,4167.83,4291.44,3047.24,3137.61,-6.48,-6.48,-11.31,-11.31,5190.13,5344.06,880.75,906.87,2830.98,2914.94,5583.32,5748.91,3066.9,3157.85,5284.5,5441.22,9436.6,9716.47,4.36,4.36,-8.94,-8.94,196.6,202.43,-4.47,-4.47,0,0,740.11,740.11,0.97,1.9,10.55,10.55,89.42,85.59,32.63,32.74,2.73,2.7,51.62,51.62,1,1,52.44,52.44,121,121,36.16,37.25,10.25,11.46,59.58,61.48,32.23,30.23,786.38,809.71,13.74,13.93,97,90.33,4.7,4.76,129.97,128.26,0.82,0.82,93.8,93.8,82.06,100.94,-4,-4,64,64,76.31,75.69,98.3,101.21,176.6,192.86,4.84,4.78,303.71,309.69,15.04,14.47,14.71,14.71,643.38,643.38,83.65,77.08,22.77,24.77,51.92,53.89,26.65,26.65,19.75,19.75,98.34,98.34,55145.93,56781.42,3456.91,5706.39,355420,300053,98.3,101.21,21.61,21.19,-9.49,-9.49,3000000000,6900000000,52554.07,54055.92,11.49,11.46,40.56,37.21
Hello JRS3,56.33,58.33,69.33,64.89,80.67,80.67,6.16,4.66,29.98,29.68,44.28,44.28,399.88,389.46,50.75,49.25,112.5,114.75,4318.74,4206.18,1823.47,1775.94,719.79,701.03,3438.99,3349.37,4958.55,4829.32,511.85,498.51,1279.63,1246.28,2899.15,2823.59,-1.41,-1.41,-7.87,-7.87,2319.32,2258.88,879.74,856.81,-3.46,-3.46,4718.62,4595.64,2559.25,2492.55,2866.15,2507.14,6318.15,6153.49,10.95,10.95,2299.33,2239.4,1299.62,1265.75,1299.62,1265.75,499.85,486.83,463.1,463.1,16.23,21.45,15.09,15.09,71.91,67.52,32.41,32.67,2.79,2.72,50,50,1,1,50.99,50.99,118,118,58.92,59.57,81.84,87.47,72.95,73.41,15.18,12.96,699.8,681.56,84.92,85.72,63,56.33,21.02,21.72,81.23,79.38,0.69,0.69,94.23,94.23,314.94,345.87,0,0,64,64,69.18,68.02,599.82,584.19,637.07,679.22,0.3,0.29,57.54,58.27,12.96,12.38,15.97,15.97,660.45,660.45,1.98,1.91,39.82,42.04,57.77,56.59,-66.33,-66.33,72.8,72.8,101.04,101.04,54183.13,52486.7,20217.59,22892.21,124565,106728,1599.53,1557.84,6.82,4.89,499.85,486.83,4800000000,10800000000,42804.67,41097.09,6.32,6.27,17.9,16.02
Water ph3,54,56,75.33,70.89,72,72,9.95,7.02,36.78,35.47,40.78,40.78,378.27,368.12,52.5,51,108,110.25,2950.52,2871.32,3086.69,3003.84,3328.79,3239.44,4841.87,4711.91,1286.12,1251.6,2299.89,2238.16,4614.91,4491.04,-3,-3,5598.41,5448.14,-11.92,-11.92,4463.6,4343.79,1588.74,1546.09,2572.24,2503.2,2572.24,2503.2,4085.33,3975.67,2299.89,2238.16,10894.21,10601.79,9.06,9.06,-7.75,-7.75,283.7,276.09,1229.38,1196.38,472.84,460.15,463.1,463.1,10.05,14.25,12,12,72.41,68.48,28.21,28.48,10.25,9.17,50,50,1,1,50.99,50.99,112,112,51.96,53.11,38.83,44.23,66.2,67.09,14.43,11.71,1985.92,1932.62,39.67,40.2,72,65.33,8.97,9.16,104.11,102.4,0.82,0.82,93.8,93.8,349.45,381.99,0,0,64,64,72.77,71.98,567.41,552.18,406.8,445.31,0.41,0.4,56.31,57.04,13.69,13.11,15.97,15.97,607.01,607.01,2.86,2.61,40.57,43.29,56.26,55.22,-47.96,-47.96,81.85,81.85,99.3,99.3,62437.44,60761.53,17706.14,21059.97,176247,147816,567.41,552.18,15.29,14.44,-12.65,-12.65,17500000000,20000000000,56818.07,55171.47,8.36,8.32,21.85,19.64
Outdoors NC3,67,68,62.67,53.78,72,72,4.19,3.32,31.37,31.21,42,42,492.12,460.14,40.5,39,135,137.25,3385.79,3165.75,6425.12,6007.57,1417.31,1325.2,1732.26,1619.69,3700.75,3460.24,4157.43,3887.25,-5.83,-5.83,295.27,276.08,1811,1693.31,-5.83,-5.83,2204.7,2061.42,1299.2,1214.77,4566.88,4270.08,-6.63,-6.63,4409.4,4122.84,604.72,565.42,4803.1,4490.95,9.8,9.8,1574.79,1472.44,1082.66,1012.3,1082.66,1012.3,393.7,368.11,26.8,26.8,23.86,30.1,13,13,60.83,56.71,31.88,32.14,2.94,2.86,51,51,1,1,50.5,50.5,117,117,57.19,57.91,65.08,71.03,71.05,71.25,10.75,10.8,1082.66,1012.3,70.68,71.41,54,47.33,16.98,17.55,86.55,84.84,0.82,0.82,93.8,93.8,387.38,421.6,0,0,64,64,68.28,66.99,688.97,644.19,553.83,576.97,0.36,0.36,199.31,200.68,12.03,11.44,17.87,17.87,662.39,662.39,2.18,2.12,44.25,44.2,54.85,53.58,-34.64,-34.64,54.77,54.77,100.2,100.2,50419.11,47142.45,23328.25,24783.01,97769,82345,1181.09,1104.33,9.87,8.75,98.42,92.03,16100000000,21100000000,41847.86,38892.52,5.77,5.72,17.85,15.98
Tiger woods BS3,65.83,66.83,80.67,76.22,73.33,73.33,17.35,11.04,36.9,35.58,38.75,38.75,309.16,301.52,42.25,40.75,130.5,135,329.77,321.62,3363.67,3280.5,3132.83,3055.37,2803.06,2733.75,989.31,964.85,7782.6,7590.18,6925.2,6753.97,6080.16,5929.82,3627.48,3537.79,-6.48,-6.48,1154.2,1125.66,-3.95,-3.95,1566.41,1527.68,741.99,723.64,-1.18,-1.18,8442.15,8233.41,10387.8,10130.95,7.42,7.42,-6.32,-6.32,618.32,603.03,927.48,904.55,0,0,457.39,457.39,5.76,9.06,9.76,9.76,79.9,75.89,27.32,27.61,13.03,12.34,51.62,51.62,1,1,50.99,50.99,112,112,47.43,49.27,27.73,31.99,66.13,67.01,19.46,17.74,824.43,804.04,38.2,38.66,80,73.33,7.19,7.38,113.6,111.88,0.77,0.77,93.87,93.87,235.88,262.75,0,0,68,68,73.95,73.22,515.27,502.53,438,470.44,0.8,0.75,101.38,103.35,12.19,11.61,15.99,15.99,632.59,632.59,2.66,2.49,35.54,37.26,57.88,56.84,12.25,12.25,60.42,60.42,83.07,83.07,61856.86,60327.42,12617.57,16107.32,218954,177793,515.27,502.53,17.32,16.55,-7.07,-7.07,15800000000,19000000000,57403.16,55863.19,4.15,3.93,35.46,32.38
Tickletom JJL,52.33,54.33,33.33,25.33,44,44,2.06,1.74,32.29,32.3,40.78,40.78,601.31,538.04,53.75,52.25,105.75,108,1870.74,1673.9,-2.83,-2.83,5558.76,4973.86,855.19,765.21,-6.16,-6.16,7935.93,7100.91,-7.48,-7.48,4342.78,3885.83,267.25,239.13,-5.48,-5.48,1870.74,1673.9,-8.37,-8.37,-6.32,-6.32,534.5,478.26,486.39,435.21,2263.97,1851.19,7429.49,6647.76,11.18,11.18,467.68,418.47,801.74,717.38,1068.99,956.51,534.5,478.26,8,8,48.6,57.32,10.55,10.55,36.62,33.15,18.96,19.3,24.4,24.06,51.62,51.62,1,1,50,50,112,112,60.24,60.86,77.75,82.4,69.97,69.96,11.16,12.89,1269.43,1135.86,83.63,84.34,32,25.33,23.17,23.86,73.21,71.35,6.35,6.35,92.81,92.81,896.08,947.75,-4,-4,68,68,61.1,55.68,734.93,657.6,784.76,795.8,0.34,0.33,81.64,82.52,9.55,9.48,32.17,32.17,647.66,647.66,1.75,1.74,43.84,42.11,48.75,47.41,91.92,91.92,44.16,44.16,97.83,97.83,39094.74,34806.63,26646.66,25917.38,54831,45215,734.93,657.6,3.84,3.47,200.44,179.35,25900000000,53600000000,30024.76,26487.85,13.47,13.45,18.74,16.78
Masulls Mamion,78.83,79.17,66,59.11,76,76,5.37,4.14,33.92,33.39,42,42,0,0,22.75,22.25,175.5,175.5,-4.9,-4.9,314.94,300.45,-7.35,-7.35,979.8,934.72,4024.19,3839.03,3219.35,3071.22,3324.33,3171.37,-5.74,-5.74,2012.09,1919.51,-10.68,-10.68,5511.39,5257.8,5511.39,5257.8,-3.74,-3.74,-3.74,-3.74,4899.01,4673.6,6158.76,5875.38,3324.33,3171.37,6.08,6.08,1202.88,1147.54,656.12,625.93,109.35,104.32,-3.16,-3.16,12.64,12.64,18.61,24.17,12,12,67.67,63.41,34.87,34.95,2.31,2.3,50,50,1,1,50,50,116,116,51.66,52.91,33.77,38.91,68.35,68.84,20.62,18.57,656.12,625.93,34.59,35.66,60,53.33,7.79,7.98,106.9,105.18,0.74,0.74,94,94,218.51,249.57,0,0,64,64,70.63,69.65,218.71,208.64,377.2,410.91,1.37,1.28,156.51,156.51,12.38,11.79,18.84,18.84,650.89,650.89,3.12,2.83,34.38,36.43,54.41,53.24,-66.11,-66.11,40.87,40.87,97.83,97.83,47559.78,45371.48,19165.88,21143.26,102969,87474,765.47,730.25,15.48,14.6,-6.32,-6.32,16500000000,20600000000,43850.12,41741.76,4.32,4.32,16.02,14.32
Flower and bob SO7,78.5,78.83,68,72.44,74,74,102.81,52.58,103.38,77.52,40.78,40.78,0,0,23.25,22.75,173.25,175.5,3442.29,3542.12,6848.34,7046.96,-7.35,-7.35,1539.97,1584.63,3261.12,3355.7,-3.1,-3.1,4529.33,4660.69,-3.24,-3.24,3442.29,3542.12,-9.17,-9.17,-3.74,-3.74,-3.74,-3.74,-4.9,-4.9,271.76,279.64,6884.58,7084.25,6377.29,6562.25,7971.62,8202.81,4.24,4.24,-4.47,-4.47,339.7,349.55,113.23,116.52,-3.16,-3.16,12.64,12.64,0.97,1.9,10.55,10.55,88.84,85.03,34.35,34.44,2.39,2.37,50,50,1,1,50,50,116,116,36.25,37.35,11.17,12.54,60.46,62.19,31.79,29.73,679.4,699.1,22.71,23.07,97,90.33,5.05,5.24,123.18,121.46,0.77,0.77,93.9,93.9,85.83,105.68,0,0,64,64,75.91,75.28,226.47,233.03,203.62,221.46,2.76,2.67,155.15,156.37,16.19,15.63,18.84,18.84,654.56,654.56,72.54,64.28,23.21,25.27,51.9,53.81,-68.56,-68.56,44.72,44.72,97.28,97.28,47277.12,48648.26,2963.64,4889.03,304705,257075,226.47,233.03,21.57,21.15,-7.75,-7.75,13200000000,14800000000,44913.26,46118.55,4.43,4.32,33.03,30.08
Rengatango EL8,68.17,69.17,62.67,53.78,48,48,4.19,3.32,31.51,31.34,43.68,43.68,462.96,432.85,38.75,37.25,139.5,141.75,962.96,900.32,1155.56,1080.38,-3.74,-3.74,-2.9,-2.9,6444.44,6025.21,948.15,886.47,-9.38,-9.38,6759.26,6319.55,222.22,207.77,-5.83,-5.83,4296.29,4016.81,-7.94,-7.94,5407.41,5055.64,-2,-2,5629.63,5263.41,2844.44,2659.4,962.96,900.32,10.2,10.2,1481.48,1385.11,1018.52,952.26,1018.52,952.26,185.19,173.14,624.65,624.65,23.86,30.1,15.09,15.09,47.55,44.48,28.35,28.63,9.63,8.65,51,51,1,1,51.48,51.48,111,111,56.86,57.59,54.57,60.11,70.87,71.09,8,8.05,740.74,692.55,74.76,75.51,54,47.33,16.38,16.95,86.8,85.09,5.29,5.29,92.93,92.93,545.06,585.52,0,0,64,64,68.29,67.01,648.15,605.98,620.35,644.99,0.38,0.37,202.07,203.46,11.95,11.37,15.24,15.24,602.75,602.75,2.02,1.97,47,46.95,54.79,53.53,-32.86,-32.86,19.49,19.49,100.2,100.2,53588.87,50102.77,24794.85,26339.27,103916,87516,1111.11,1038.83,10.35,9.27,277.78,259.71,16500000000,21200000000,44800.3,41635.4,5.05,4.98,15.22,13.6
Donpollo KP8,81.33,81.78,50.67,41.78,76.67,76.67,4.36,3.44,33.36,33.21,45.34,45.34,-7.07,-7.07,19,18.33,182.25,184.5,-2,-2,184.35,169.92,-6.63,-6.63,-4,-4,3610.28,3327.53,245.81,226.56,2918.95,2690.35,1941.1,1789.08,-8.12,-8.12,5607.46,5168.3,-6.63,-6.63,4493.65,4141.72,614.52,566.39,2918.95,2690.35,4685.68,4318.71,3906.54,3342.17,2918.95,2690.35,7.81,7.81,1632.31,1504.47,672.13,619.49,-3.16,-3.16,-7.07,-7.07,1543.26,1543.26,22.94,29.06,16.29,16.29,62.86,58.65,36.14,36.25,2.15,2.14,51,51,1,1,51.48,51.48,101,101,57.79,58.48,62.28,67.83,68.87,69.01,20.52,19.63,672.13,619.49,35.09,36.02,55,48.33,10.54,11.22,96.4,94.54,0.73,0.73,94.04,94.04,219.73,250,-4,-4,64,64,69.24,68.1,0,0,399.26,424.53,1.72,1.63,299.99,305.93,12.02,11.43,11.14,11.14,428.51,428.51,2.92,2.74,34.48,35.37,51.96,50.67,-45.83,-45.83,-10,-10,101.85,101.85,41823.7,38289.76,18935.11,19748.12,82537,67947,960.18,884.98,8.95,7.72,-3.16,-3.16,12600000000,14800000000,37432.21,34001.31,11.81,11.78,13.84,12.38
Slay Nations SW8,56.33,58.33,18,13.33,74,74,1.45,1.32,31.13,31.53,43.68,43.68,801.92,708.82,50.75,49.25,112.5,114.75,-1.41,-1.41,-7.04,-7.04,2125.08,1878.37,801.92,708.82,2485.95,2197.33,1539.68,1360.93,1684.03,1488.52,200.48,177.2,-6.48,-6.48,-11.05,-11.05,-8.49,-8.49,-1.61,-1.61,-8.49,-8.49,2165.18,1913.81,2285.47,2020.13,202.08,178.62,3809.11,3366.88,15.75,15.75,1353.24,1196.13,1102.64,974.62,1253,1107.53,551.32,487.31,528.29,528.29,68.84,75.81,14.64,14.64,37.14,33.44,30.36,30.63,3.83,3.46,51.62,51.62,1,1,50.99,50.99,114,114,66.02,66.37,106.22,106.69,71.36,70.86,18.19,19.75,952.28,841.72,98.95,98.4,-82,-86.67,55.52,55.92,21.29,20.11,0.77,0.77,93.9,93.9,718.52,746.75,0,0,68,68,76.49,76.11,902.16,797.42,1014.42,1014.93,0.25,0.25,57.83,58.57,9.75,9.7,15.69,15.69,691.85,691.85,1.51,1.51,36.81,35.25,47.17,46.12,48.48,48.48,54.31,54.31,97.83,97.83,28293.26,25008.5,23225.81,21607.67,33740,28502,1152.76,1018.93,2.56,2.53,701.68,620.22,9300000000,17600000000,12590.5,11028.75,6.88,6.84,8.47,8.03
SKIBIDI LS7,63.33,64.67,62.67,53.78,75.33,75.33,4.19,3.32,30.93,30.83,43.68,43.68,577.02,539.83,45.5,44,123.75,126,5816.4,5441.44,-4.38,-4.38,6278.02,5873.3,-1.55,-1.55,2308.09,2159.3,-3.69,-3.69,4708.51,4404.98,2654.31,2483.2,-2.45,-2.45,-4.9,-4.9,-6.63,-6.63,840.15,785.99,-2,-2,-6.63,-6.63,960.17,898.27,709.05,663.34,16802.93,15719.73,10.54,10.54,1846.48,1727.44,1269.45,1187.62,1384.86,1295.58,230.81,215.93,624.65,624.65,23.86,30.1,15.09,15.09,62.52,58.27,29.55,29.82,5.66,4.95,51,51,1,1,51.48,51.48,111,111,59.24,59.89,80.35,85.74,71.61,71.76,10.75,10.8,1615.67,1511.51,60.08,60.75,54,47.33,28.65,29.22,73.77,72.06,0.75,0.75,93.97,93.97,387.38,421.6,-4,-4,64,64,67.6,66.17,807.83,755.76,595.44,618.38,0.46,0.45,192.03,193.38,12.25,11.66,15.24,15.24,610.02,610.02,2.08,2.02,44.25,44.2,55.03,53.75,78.23,78.23,26.08,26.08,103.37,103.37,42901.01,40135.4,19849.72,21099.37,83191,70106,1384.86,1295.58,6.03,4.29,346.21,323.9,5100000000,11100000000,30631.32,28415.86,13.19,13.16,15.16,13.55
Pushing Powder down Thi Musket JS7,81.78,82.33,68,72.44,78.67,78.67,102.81,52.58,105.6,80.54,40.78,40.78,0,0,18.33,17.67,184.5,186.75,4002.62,4123.6,-1.79,-1.79,-7.35,-7.35,5437.53,5601.87,6041.7,6224.31,5195.86,5352.9,2643.24,2723.13,-5.74,-5.74,-9,-9,-10.2,-10.2,-3.74,-3.74,2756.52,2839.84,2492.2,2567.53,5135.44,5290.66,2718.76,2800.94,7129.2,7344.68,6645.87,6846.74,5.66,5.66,-4.47,-4.47,283.2,291.76,472.01,486.27,-3.16,-3.16,19.47,19.47,0.97,1.9,11.33,11.33,94.09,90.03,35.65,35.75,2.21,2.19,47.8,47.8,1,1,50.5,50.5,109,109,39.42,40.56,16.11,18.08,60.16,61.99,35.76,33.76,1510.42,1556.08,13.92,14.12,97,90.33,4.95,5.05,126.9,125.19,0.71,0.71,94.13,94.13,53.32,68.72,-4,-4,64,64,76.06,75.43,188.8,194.51,208.46,226.28,4.46,4.4,305.86,311.86,13.72,13.15,18.01,18.01,597.28,597.28,70.41,61.77,19.24,21.24,51.8,53.75,-101,-101,86.6,86.6,101.04,101.04,56572.93,58282.84,3546.36,5857.28,364617,307988,188.8,194.51,20.37,19.93,-7.75,-7.75,5000000000,13600000000,53744.28,55310.41,14.13,14.11,30.79,27.98
Herkimer united is going to fall down,35.67,37.67,7,5.33,18,18,1.15,1.12,34.43,34.75,39.43,39.43,824.34,763.93,66.25,64.75,76.5,81,-5.29,-5.29,943.56,874.41,-6.16,-6.16,811.66,752.18,-5.29,-5.29,-4.38,-4.38,1521.86,1410.34,824.34,763.93,-8.83,-8.83,-15.1,-15.1,405.83,376.09,-6.03,-6.03,-6.93,-6.93,786.3,728.68,-6.63,-6.63,-9.8,-9.8,1521.86,1410.34,17.64,17.64,538.99,499.5,792.64,734.55,1268.22,1175.28,729.23,675.79,9.61,9.61,87.19,89.57,11.33,11.33,15.33,14.63,14.2,14.63,28.33,28.03,51.62,51.62,1,1,51.48,51.48,115,115,67.27,67.34,102.65,102.88,67.9,67.64,31.08,31.13,1331.63,1234.05,63.18,62.21,-93,-94.67,68.43,68.47,-6.57,-6.94,17.58,17.58,91.89,91.89,3935.47,3951.81,0,0,64,64,75.35,75.25,887.75,822.7,916.6,919.66,0.22,0.23,151.23,153.64,9.51,9.49,23.86,23.86,701.32,701.32,1.61,1.61,23.92,23.87,43.91,43.6,-79.37,-79.37,66.33,66.33,105.84,105.84,17406.32,16130.77,16193.94,15221.24,18572,16994,887.75,822.7,2.46,2.46,0,0,3500000000,4900000000,5500.4,5081.19,10.28,10.22,7.95,7.86
Test 7,66.67,68,46.67,37.78,22,22,2.59,2.15,34.32,34.01,38.75,38.75,389.78,356.66,41,39,132.75,137.25,4677.38,4279.88,623.65,570.65,259.85,237.77,2910.37,2663.04,4573.43,4184.77,1663.07,1521.73,4677.38,4279.88,649.64,594.43,3118.25,2853.25,-4.47,-4.47,5976.65,5468.73,1818.98,1664.4,1818.98,1664.4,3118.25,2853.25,181.9,166.44,6413.15,5701.7,9614.61,8797.53,9.54,9.54,-9.49,-9.49,324.82,297.21,974.45,891.64,584.67,534.98,13.04,13.04,38.6,46.42,8.23,8.23,31.86,29.37,17.62,18.1,25.63,25.19,50,50,1,1,50,50,112,112,55.15,55.94,42.3,47.78,68,68.27,16.26,19.15,1559.13,1426.63,25.22,25.36,40,33.33,8.62,8.83,103.12,101.27,15.09,15.09,92.06,92.06,869.17,915.08,0,0,64,64,68.31,67.02,519.71,475.54,502.58,504.96,0.47,0.46,163.56,172.4,10.75,10.16,18.67,18.67,590.72,590.72,2.35,2.34,38.74,35.85,49.91,48.67,-72.8,-72.8,76.16,76.16,97.83,97.83,57175.67,52150.28,34419.19,34680.37,89162,74708,519.71,475.54,12.47,11.55,-14.14,-14.14,8200000000,14400000000,52258.57,47561.06,8.32,8.25,10.34,9.34
Democratic Gunia Darhod EB7,87.67,88.33,62.67,53.78,80.67,80.67,5.37,4.14,34.87,34.39,42,42,-5.48,-5.48,12.33,11.67,198,200.25,4331.31,4048.68,5444.76,5089.47,4704.7,4397.71,3883.25,3629.85,5526.16,5165.56,-4.2,-4.2,3957.93,3699.66,-5.74,-5.74,5078.09,4746.73,4331.31,4048.68,-6.63,-6.63,2501.71,2338.46,-3.74,-3.74,-3.74,-3.74,2688.4,2512.98,215.07,201.04,12993.94,12146.05,6.4,6.4,1026.82,959.82,560.08,523.54,0,0,-5.48,-5.48,599.84,599.84,18.61,24.17,14.16,14.16,71.36,66.83,37.58,37.69,2,1.99,51,51,1,1,51.48,51.48,109,109,52.18,53.29,36.64,41.86,67.55,67.94,26.43,24.43,466.74,436.28,38.67,39.66,60,53.33,6.92,7.11,112.09,110.38,0.69,0.69,94.23,94.23,141.93,166.45,0,0,64,64,70.96,70.02,186.69,174.51,318.27,348.07,1.9,1.81,343.4,349.75,14.38,13.81,15.36,15.36,549.35,549.35,4.05,3.48,28.57,30.57,53.25,52.05,23.45,23.45,75.83,75.83,97.83,97.83,53166.14,49696.89,21425.16,23158.92,115107,95813,653.43,610.79,15.14,14.29,-4.47,-4.47,2000000000,2500000000,49497.68,46168.41,2.54,2.49,14.62,13.06
Redd6,65.5,66.5,13,9.67,41.33,41.33,1.3,1.22,32.79,33.33,41.43,41.43,707.28,623.71,42.75,41.25,130.5,132.75,-1.41,-1.41,1991.7,1756.36,-1.41,-1.41,2187.86,1929.33,603.55,532.23,-2.97,-2.97,-1.18,-1.18,-4.9,-4.9,1471.14,1297.31,-9.06,-9.06,-6.48,-6.48,237.65,209.57,1659.75,1463.63,1848.36,1629.95,-6.78,-6.78,301.77,266.11,0,0,15.52,15.52,1037.35,914.77,990.19,873.19,1037.35,914.77,707.28,623.71,589.82,589.82,76.91,82.26,13.62,13.62,25.21,22.93,25.71,26,16.12,15.63,51.62,51.62,1,1,51.48,51.48,109,109,64.29,64.55,95.72,96.65,69.44,68.9,19.37,20.98,1131.65,997.93,80.71,79.95,-87,-90.33,61.48,61.77,17.95,17.1,7.12,7.12,92.73,92.73,997.4,1050.51,0,0,64,64,76.1,75.81,943.04,831.61,734.65,731.85,0.27,0.28,233.87,235.36,9.91,9.87,15.41,15.41,641.51,641.51,1.82,1.82,35.63,34.02,45.76,44.91,-84.26,-84.26,83.67,83.67,104.81,104.81,22193.53,19571.06,19322.72,17656.14,25123,21464,943.04,831.61,2.73,2.7,565.82,498.96,4800000000,6700000000,8544.51,7476.14,7.26,7.21,7.75,7.52
Flitswarm Laguz,97,97,19,19,97,97,1.49,1.49,32.81,32.81,45.34,45.34,131.75,131.75,3,3,218.25,218.25,3214.6,3214.6,-8.93,-8.93,-8.83,-8.83,52.7,52.7,-4.9,-4.9,-6.58,-6.58,-6.93,-6.93,-8.46,-8.46,316.19,316.19,1370.16,1370.16,1633.65,1633.65,869.52,869.52,-7.62,-7.62,1897.14,1897.14,2687.61,2687.61,723.01,723.01,3214.6,3214.6,10.25,10.25,1580.95,1580.95,922.22,922.22,197.62,197.62,131.75,131.75,9.08,9.08,67.28,67.28,16.29,16.29,44.21,44.21,42.02,42.02,1.7,1.7,51.62,51.62,1,1,51.48,51.48,103,103,61.19,61.19,96.61,96.61,69.41,69.41,42.19,42.19,724.6,724.6,52.37,52.37,-81,-81,31.22,31.22,65.81,65.81,1.06,1.06,93.67,93.67,205.32,205.32,0,0,64,64,76.92,76.92,461.11,461.11,447.49,447.49,0.74,0.74,405.99,405.99,9.78,9.78,26.22,26.22,484.08,484.08,2.6,2.6,12.81,12.81,46.6,46.6,-69.64,-69.64,30.82,30.82,101.45,101.45,23262.61,23262.61,18864.7,18864.7,28041,28041,1119.84,1119.84,3.34,3.34,263.49,263.49,2.432E+11,2.478E+11,16004.68,16004.68,2.39,2.39,7.24,7.24
Cidade D,5.5,7,75.33,70.89,74.67,74.67,9.95,7.02,32.98,32.33,38.06,38.06,517.18,504.65,94.5,93,13.5,15.75,3392.71,3310.49,3078.26,3003.67,645.44,629.8,2565.22,2503.06,4137.45,4037.19,-5.22,-5.22,4716.69,4602.39,620.62,605.58,2523.84,2462.68,-12.96,-12.96,-7.62,-7.62,2896.21,2826.03,-7.62,-7.62,82.75,80.74,-2.37,-2.37,5360.84,4936.22,8754.83,8542.69,9.8,9.8,-4.47,-4.47,827.49,807.44,930.93,908.37,620.62,605.58,928.17,928.17,10.05,14.25,10.55,10.55,76.82,72.61,16.95,17.32,26.21,25.89,50,50,1,1,51.96,51.96,111,111,58.37,59.05,70.9,76.5,69.25,69.93,29.77,27.05,1448.11,1413.02,75.48,76.24,72,65.33,13.89,14.57,93.24,91.38,0.76,0.76,93.94,93.94,622.62,665.81,-8,-8,67,67,72.34,71.51,724.05,706.51,691.61,740.04,0.25,0.25,13.98,14.34,12.93,12.34,13.83,13.83,625.85,625.85,1.89,1.81,25.23,27.95,57.4,56.29,-51.67,-51.67,58.74,58.74,104.1,104.1,56896.86,55223.41,16134.93,19140.45,160608,134343,724.05,706.51,7.93,6.53,-3.16,-3.16,500000000,700000000,48988.2,47160.79,14.83,14.81,27.01,24.43
Flitswarm Mannaz,97,97,19,19,97,97,1.49,1.49,32.91,32.91,45.34,45.34,123.61,123.61,3,3,218.25,218.25,-5.29,-5.29,2502.94,2502.94,791.13,791.13,296.67,296.67,3856.77,3856.77,1970.91,1970.91,1780.05,1780.05,259.1,259.1,-6.93,-6.93,791.13,791.13,2768.96,2768.96,-7.55,-7.55,-8.25,-8.25,1285.59,1285.59,-6.16,-6.16,431.16,431.16,2571.18,2571.18,10.25,10.25,1483.37,1483.37,865.3,865.3,185.42,185.42,123.61,123.61,9.08,9.08,67.28,67.28,16.29,16.29,44.21,44.21,40.16,40.16,1.81,1.81,51.62,51.62,1,1,51.48,51.48,103,103,61.19,61.19,96.61,96.61,69.32,69.32,42.19,42.19,679.88,679.88,49.8,49.8,-81,-81,28.1,28.1,68.16,68.16,1.06,1.06,93.67,93.67,205.32,205.32,0,0,64,64,76.94,76.94,432.65,432.65,402.73,402.73,0.96,0.96,405.99,405.99,9.85,9.85,26.22,26.22,493.47,493.47,2.89,2.89,12.81,12.81,46.57,46.57,12.25,12.25,38.08,38.08,101.45,101.45,24734.83,24734.83,20058.6,20058.6,29816,29816,1050.72,1050.72,3.34,3.34,247.23,247.23,2.382E+11,2.421E+11,17784.34,17784.34,2.39,2.39,7.74,7.74
Metternau,41.78,44.44,67.33,64,70.67,70.67,5.37,4.36,31.5,31.06,42,42,229.27,224.52,61.67,59.67,87.75,92.25,3851.78,3771.9,3521.63,3448.6,489.12,478.97,4707.73,4610.1,4585.45,4490.36,293.47,287.38,3851.78,3771.9,4814.73,4714.88,855.95,838.2,489.12,478.97,2017.6,1975.76,4585.45,4490.36,3851.78,3771.9,5380.27,5268.69,-3.13,-3.13,5279.19,5008.06,8192.68,8022.78,10.1,10.1,1222.79,1197.43,764.24,748.39,611.39,598.71,382.12,374.2,468.75,468.75,18.61,22.94,13.62,13.62,63.36,60.41,26.17,26.56,15.32,14.61,50,50,1,1,50.99,50.99,112,112,56.69,57.24,58.83,63.5,70.89,71.45,12.8,10.47,764.24,748.39,55.94,55.8,60,55,8.59,8.75,105.33,103.89,0.92,0.92,93.73,93.73,506.67,529.16,-4,-4,64,64,70.36,69.53,534.97,523.88,667.9,706.6,0.4,0.4,88.38,94.91,11.19,10.75,15.95,15.95,605.56,605.56,1.93,1.86,42.2,44.53,56.13,55.2,-87.75,-87.75,92.2,92.2,103.37,103.37,68928.34,67337.27,27777.09,30486.03,149233,132887,917.09,898.07,10.58,9.8,229.27,224.52,1.037E+11,1.565E+11,63000.5,61411.59,13.63,13.58,19.5,17.8
AlfrosAlijos,53.33,55.33,67.33,64,69.33,69.33,5.37,4.36,34.13,33.41,40.78,40.78,294.78,288.38,53,51.5,105.75,110.25,-2,-2,282.99,276.84,1808,1768.73,2358.26,2307.04,1100.52,1076.62,6432.54,6292.83,2358.26,2307.04,4104.94,4015.79,707.48,692.11,-2,-2,3773.21,3691.26,5502.6,5383.09,-7.35,-7.35,1414.95,1384.22,-6.4,-6.4,4527.85,4400.9,4166.26,4075.77,9.06,9.06,294.78,288.38,589.56,576.76,1080.87,1057.39,393.04,384.51,468.75,468.75,18.61,22.94,12,12,63.06,60.13,25.3,25.59,16.78,16.31,52.16,52.16,1,1,50.99,50.99,105,105,56.36,56.92,58.41,63.06,68.17,68.82,9.25,7.08,1080.87,1057.39,53.95,54.15,60,55,11.62,12.08,95.19,93.84,1.06,1.06,93.67,93.67,458.44,483.46,-8,-8,64,64,70.54,69.74,687.83,672.89,542.21,575.83,0.47,0.47,82.06,83.84,9.97,9.92,15.95,15.95,546.78,546.78,2.22,2.12,45.75,47.92,54.79,53.9,-35.36,-35.36,59.58,59.58,105.84,105.84,53622.85,52429.6,21609.21,23736.79,116096,103467,884.35,865.14,11.02,10.26,98.26,96.13,87600000000,1.246E+11,47402.6,46085.62,12.36,12.3,22.18,20.31
Tchecas,88.33,89,52,43.11,83,83,3.14,2.56,35.33,34.89,40.78,40.78,341.42,315.47,11.67,11,200.25,200.25,1980.22,1829.75,4424.77,4088.53,-7.21,-7.21,2321.64,2145.22,-3.74,-3.74,-2.19,-2.19,3482.46,3217.83,-5.61,-5.61,-7.87,-7.87,-9.06,-9.06,2663.06,2460.69,4404.29,4069.61,955.97,883.33,-5.66,-5.66,4028.73,3722.59,6410,5683.15,5462.68,5047.57,7.94,7.94,170.71,157.74,597.48,552.08,341.42,315.47,85.35,78.87,619.71,619.71,31.86,39,13,13,63.84,58.85,37.61,37.72,2,1.99,51,51,1,1,51.48,51.48,113,113,53.81,54.76,47.12,53.35,67.19,67.53,25.67,28.11,768.19,709.82,29.32,30.21,46,39.33,9.19,9.42,99.61,97.75,0.71,0.71,94.13,94.13,185.38,213.26,0,0,64,64,68.46,67.19,512.13,473.21,507.1,514.39,1.73,1.64,350.83,350.83,9.79,9.72,15.27,15.27,605.15,605.15,2.34,2.31,29.33,26.89,50.81,49.59,-79.37,-79.37,60.83,60.83,99.3,99.3,48080.01,44186.67,26073.24,26746.49,81846,68587,512.13,473.21,13.83,12.89,0,0,72400000000,1.054E+11,43656.65,40033.12,3.23,3.23,13.65,12.21
Tcheka,83.75,84.25,66.83,63,85,85,5.28,4.29,34.45,33.74,43.68,43.68,0,0,16.25,15.75,189,191.25,1849.91,1808.52,-5.93,-5.93,-4.9,-4.9,5388.85,5268.29,4986.7,4875.14,6750.55,6599.52,1689.04,1651.26,3317.76,3243.54,241.29,235.89,-8,-8,1045.6,1022.21,3096.58,3027.3,643.45,629.05,1849.91,1808.52,-3.13,-3.13,5662.32,5535.64,3538.95,3459.77,6.08,6.08,1105.92,1081.18,502.69,491.45,0,0,0,0,599.84,599.84,18.92,23.28,15.09,15.09,72.46,68.97,36.59,36.67,2.1,2.09,51,51,1,1,51.48,51.48,111,111,52.45,53.3,39.2,43.66,67.89,68.51,26.54,25.04,301.61,294.87,39.79,40.59,59.25,54.25,7,7.15,111.13,109.8,0.73,0.73,94.07,94.07,140.62,158.75,0,0,64,64,70.78,69.99,201.08,196.58,419.66,446.27,1.56,1.49,301.38,306.48,10.23,9.98,15.36,15.36,592.71,592.71,2.77,2.61,28.46,29.96,54.7,53.79,-91.92,-91.92,85.15,85.15,97.83,97.83,52499.51,51324.96,21352.41,23428.18,112842,100619,703.77,688.02,14.95,14.28,-4.47,-4.47,57400000000,64300000000,48824.54,47629.56,2.41,2.36,17.28,15.75
Bozzaland,57.33,61.33,56.33,49.67,57.33,57.33,3.56,3,32.76,32.49,42,42,605.09,573.05,50,47,112.5,119.25,1613.58,1528.14,-2.83,-2.83,403.39,382.03,4033.95,3820.34,-3.74,-3.74,-3.46,-3.46,4033.95,3820.34,1512.73,1432.63,2823.76,2674.24,-6.32,-6.32,1613.58,1528.14,2823.76,2674.24,5244.13,4966.44,403.39,382.03,806.79,764.07,-4.9,-4.9,6050.92,5730.51,9.54,9.54,907.64,859.58,806.79,764.07,1210.18,1146.1,605.09,573.05,119.98,119.98,28.09,33.35,12,12,49.54,46.94,23.44,24.06,19.41,18.59,50,50,1,1,50,50,110,110,56.77,57.28,57.8,62.24,69.47,69.75,0.81,3.47,1210.18,1146.1,61.21,60.27,49.25,44.25,19.14,19.58,83.76,82.43,3.24,3.24,93.2,93.2,616.47,632.94,0,0,64,64,67.86,66.74,806.79,764.07,711.2,708.34,0.34,0.34,126.48,138.24,10.27,9.98,17.16,17.16,612.17,612.17,1.85,1.86,54.19,51.53,52.7,51.68,-70,-70,73.48,73.48,100.2,100.2,44575.14,42214.78,22564.78,23470.16,80325,70384,806.79,764.07,10.47,9.73,100.85,95.51,44000000000,61100000000,36061.29,33940.68,7.09,6.95,13.79,12.56
Norvialolia,71.47,72.27,57.67,51,73.33,73.33,3.69,3.1,32.52,32.3,37.37,37.37,1107.61,1040.59,33.8,32.6,150.75,153,886.09,832.47,-2.83,-2.83,3455.74,3246.63,974.7,915.72,4696.26,4412.09,3544.35,3329.88,-3.74,-3.74,-8.22,-8.22,-11.49,-11.49,-3.16,-3.16,3101.31,2913.65,1550.65,1456.82,-7.75,-7.75,886.09,832.47,3810.18,3579.62,992.42,932.37,4341.83,4079.1,11.62,11.62,332.28,312.18,1329.13,1248.71,1661.41,1560.88,886.09,832.47,791.5,791.5,27.09,32.26,10.55,10.55,62.13,58.77,30.49,30.7,3.63,3.42,51.62,51.62,1,1,52.44,52.44,117,117,57.96,58.5,74.38,79.41,69.73,69.96,12.4,14.3,2104.46,1977.12,45.49,45.92,50.25,45.25,35.76,36.21,64,62.66,0.77,0.77,93.87,93.87,355.95,379.96,-4,-4,68,68,67.14,65.89,1329.13,1248.71,645.62,650.48,0.8,0.75,274.8,275.61,10.43,10,14.47,14.47,651.17,651.17,1.97,1.96,42.6,40.7,53.01,51.97,48.99,48.99,38.73,38.73,95,95,41951.81,39413.3,20819.37,21520.44,76840,66711,1329.13,1248.71,8.66,7.68,221.52,208.12,29200000000,37400000000,26933.06,25145.68,12.93,12.91,15.47,14.09
Duchannes,80.22,81.56,54.67,45.78,74,74,3.36,2.73,31.91,31.82,44.28,44.28,311.91,288.56,20.67,18.67,180,184.5,-7.35,-7.35,299.44,277.02,324.39,300.1,3909.3,3616.64,-6.78,-6.78,5057.13,4678.55,1663.53,1539,-7.94,-7.94,-7.35,-7.35,-9.17,-9.17,1913.06,1769.85,1048.02,969.57,-5.83,-5.83,-7.35,-7.35,4616.3,4270.72,-7.85,-8.28,1987.92,1839.1,9.8,9.8,1455.59,1346.62,935.74,865.69,935.74,865.69,0,0,1052.22,1052.22,29.75,36.66,16.29,16.29,57.41,53.16,35.78,36.11,2.19,2.15,51,51,1,1,52.44,52.44,110,110,59.03,59.66,76.34,81.59,70.4,70.51,17.68,20.57,727.79,673.31,58.55,58.78,48,41.33,22.85,23.42,79.37,77.65,0.77,0.77,93.9,93.9,285.93,312.51,0,0,67,67,66.74,65.06,519.85,480.94,792.57,793.29,0.51,0.5,293.67,305.48,9.73,9.66,13.26,13.26,608.17,608.17,1.74,1.74,37.32,34.43,53.13,51.84,-70.78,-70.78,73.48,73.48,99.3,99.3,41654.82,38536.48,21759.98,22559.5,73142,61530,1039.71,961.87,6.56,4.73,311.91,288.56,11300000000,15800000000,32115.86,29518.94,3.38,3.25,17.35,15.52
MNIPD,52.33,54.33,68,63.11,78.67,78.67,5.62,4.3,31.46,31.02,43,43,284.09,276.65,53.75,52.25,105.75,108,1136.36,1106.61,-2.83,-2.83,1363.63,1327.94,-5.48,-5.48,-3.74,-3.74,7674.22,7473.34,2954.54,2877.2,3787.87,3688.72,2651.51,2582.1,-4.47,-4.47,-7.07,-7.07,0,0,5681.8,5533.07,-6.32,-6.32,2613.63,2545.21,5544.87,5130.45,5454.53,5311.75,9.85,9.85,1325.75,1291.05,852.27,829.96,946.97,922.18,0,0,919.19,919.19,17.8,23.25,15.09,15.09,69.98,65.61,28.49,28.76,9.16,8.16,50,50,1,1,51.96,51.96,111,111,58.48,59.15,75.63,81.34,70.94,71.5,14.49,11.77,662.88,645.53,79.14,79.91,61,54.33,13.47,14.14,92.19,90.33,0.71,0.71,94.13,94.13,363.45,396.62,0,0,67,67,69.91,68.85,473.48,461.09,814.67,866.99,0.3,0.29,81.2,82.08,9.89,9.82,13.87,13.87,606.23,606.23,1.72,1.66,40.51,43.23,55.84,54.69,52.92,52.92,-31.62,-31.62,99.3,99.3,56381.82,54636.72,22160.02,24917.24,124487,107191,946.97,922.18,7.72,6.26,284.09,276.65,2400000000,7300000000,48770.28,46932.94,6.47,6.42,25.88,23.39
Dachschaden,29.67,31.67,65.33,57.78,30.67,30.67,4.73,3.7,32.59,32.13,43.68,43.68,434.81,414.67,70.75,69.25,67.5,69.75,3687.16,3516.44,1085.28,1035.03,5078.54,4843.4,1600.09,1526,904.4,862.52,-2.37,-2.37,3895.87,3715.49,6348.18,6054.25,2852.33,2720.27,1947.93,1857.74,5426.39,5175.14,452.2,431.26,5426.39,5175.14,1252.24,1194.26,-4.9,-4.9,-1.26,-1.26,12661.58,12075.33,10.15,10.15,695.69,663.48,608.73,580.54,1217.46,1161.09,347.85,331.74,26.8,26.8,21.16,27.05,14.16,14.16,41.26,38.79,13.34,13.79,28.93,28.63,51,51,1,1,50.5,50.5,111,111,58.65,59.32,61.95,67.03,69.64,70.16,16.5,13.77,2434.92,2322.18,53.67,54.3,57,50.33,12.55,13.12,92.83,91.12,10.71,10.71,92.4,92.4,915.91,968.14,-8,-8,64,64,69.79,68.72,608.73,580.54,600.41,645.39,0.31,0.31,135.83,136.97,11.58,10.99,17.87,17.87,588.11,588.11,2.06,1.97,38.5,41.23,54.71,53.55,66.33,66.33,53.85,53.85,106.18,106.18,58751.11,56030.85,25429.58,27783.12,120197,102698,1043.54,995.22,7.38,5.8,-12.25,-12.25,1500000000,3100000000,51348.47,48690.81,15.05,15.02,20.47,18.37
CHROMAKOPIA ON CHROME,73.47,73.73,79.33,78.67,42.67,42.67,20.53,13.82,38.8,36.3,43,43,0,0,30.8,30.4,157.5,157.5,1661.06,1662.84,2178.16,2180.49,-2,-2,4838.74,4843.92,7366.44,7374.32,-1.26,-1.26,7005.34,7012.84,4139.65,4144.08,108.33,108.45,1299.96,1301.35,4188.76,4193.24,7835.87,7844.25,4188.76,4193.24,4910.96,4916.21,3322.12,3325.67,1617.73,1619.46,8666.4,8675.67,6.56,6.56,0,0,541.65,542.23,451.37,451.86,361.1,361.49,119.98,119.98,4.87,7.24,14.64,14.64,57.1,55.12,27.51,27.59,12.57,12.38,51.62,51.62,1,1,51.48,51.48,105,105,46.76,48.39,19.25,22.19,65.36,66.51,21.29,19.76,1173.57,1174.83,19.38,19.94,82,77,4.98,5.09,126.79,125.46,6.73,6.73,92.77,92.77,327.04,355.02,-8,-8,64,64,74.62,74.05,361.1,361.49,320.07,344.11,2.99,2.85,280.63,280.63,14.58,14.15,17.16,17.16,524.56,524.56,4.01,3.54,33.71,35.24,57.55,57.71,-85.44,-85.44,84.26,84.26,104.81,104.81,68746.94,68820.5,12654.91,16092.36,259840,222420,361.1,361.49,17.58,16.93,-6.32,-6.32,45900000000,96700000000,65309.59,65310.66,12.29,12.29,25.13,23.08
Flitswarm Ehwaz,97,97,19,19,97,97,1.49,1.49,32.97,32.97,45.34,45.34,117.01,117.01,3,3,218.25,218.25,1918.98,1918.98,2626.66,2626.66,-6.93,-6.93,1216.91,1216.91,3182.69,3182.69,63.65,63.65,196.58,196.58,994.12,994.12,982.89,982.89,1216.91,1216.91,-4.24,-4.24,-4.84,-4.84,-4.24,-4.24,1918.98,1918.98,2855.06,2855.06,1110.19,1110.19,2115.56,2115.56,10.25,10.25,1404.13,1404.13,819.08,819.08,175.52,175.52,117.01,117.01,9.08,9.08,67.28,67.28,16.29,16.29,44.21,44.21,42.75,42.75,1.66,1.66,51.62,51.62,1,1,51.48,51.48,103,103,61.19,61.19,96.61,96.61,69.26,69.26,42.19,42.19,643.56,643.56,50.11,50.11,-81,-81,25.56,25.56,70.44,70.44,1.06,1.06,93.67,93.67,205.32,205.32,0,0,64,64,76.95,76.95,409.54,409.54,411.13,411.13,0.79,0.79,405.99,405.99,9.99,9.99,26.22,26.22,502.1,502.1,2.83,2.83,12.81,12.81,46.55,46.55,-76.49,-76.49,58.74,58.74,101.45,101.45,26081.33,26081.33,21150.53,21150.53,31439,31439,994.59,994.59,3.34,3.34,234.02,234.02,2.231E+11,2.269E+11,19404.51,19404.51,2.39,2.39,7.7,7.7
LolIllVoteYeah1,27.67,30.22,36,27.33,37.33,37.33,2.17,1.84,31.53,31.78,40.78,40.78,754.37,670.76,72.33,70.33,63,67.5,-7.75,-7.75,2715.75,2414.74,1131.56,1006.14,1433.31,1274.44,-7.07,-7.07,3017.5,2683.04,3168.37,2817.19,1414.45,1257.68,-9.49,-9.49,-4.47,-4.47,-10,-10,-5.48,-5.48,-3.16,-3.16,1131.56,1006.14,0,0,-10.93,-11.25,4299.94,3823.33,12,12,848.67,754.61,1320.16,1173.83,1980.23,1760.75,754.37,670.76,13.4,13.4,45.99,54.49,10.55,10.55,35.39,32.22,16.24,16.76,26.79,26.37,50,50,1,1,50,50,106,106,60.94,61.52,83.01,87.19,70.86,70.55,18.37,19.93,1603.05,1425.37,92.09,91.37,34,27.33,45.53,46.1,53.23,51.52,8.37,8.37,92.61,92.61,1410.73,1616.49,0,0,64,64,56.29,54.21,1225.86,1089.99,566.72,576.08,0.23,0.24,55.65,60.84,9.79,9.72,18.53,18.53,616.96,616.96,2.15,2.12,36.63,35.07,50.41,48.98,-35.36,-35.36,52.44,52.44,102.24,102.24,30231.56,26880.72,20003.97,19480.72,43494,35752,1225.86,1089.99,3.44,3.23,471.48,419.23,1800000000,5000000000,16476.2,14488.71,8.61,8.53,12.47,11.16
YeahIllVote2,52.33,54.33,42.67,33.78,41.33,41.33,2.51,2.1,32.55,32.48,40.78,40.78,408.38,371.17,53.75,52.25,105.75,108,-8.37,-8.37,1568.19,1425.29,-5.48,-5.48,2548.31,2316.09,0,0,3659.12,3325.67,3071.05,2791.19,4083.84,3711.69,-7.75,-7.75,2286.95,2078.54,-7.07,-7.07,3920.48,3563.22,1306.83,1187.74,-8.37,-8.37,4443.22,4038.32,3960.37,3382.71,3071.05,2791.19,10.2,10.2,490.06,445.4,898.44,816.57,1225.15,1113.51,408.38,371.17,13.18,13.18,39.79,47.72,10.55,10.55,39.12,35.93,24.51,24.81,17.95,17.51,50,50,1,1,50,50,106,106,58.22,58.89,64.49,69.91,69.69,69.76,9.49,11.21,1143.47,1039.27,62.99,63.68,39,32.33,20.49,21.18,79.35,77.49,7.12,7.12,92.73,92.73,847.45,897.72,0,0,64,64,65.51,63.24,816.77,742.34,526.68,536.8,0.3,0.3,81.08,81.95,9.88,9.81,18.61,18.61,593.97,593.97,2.27,2.24,45.51,43.79,50.9,49.59,-78.1,-78.1,67.82,67.82,101.04,101.04,41629.69,37619.31,25474.88,25391.47,64024,53208,816.77,742.34,8.21,6.87,163.35,148.47,2100000000,4700000000,33095.6,29644.01,7.49,7.45,14.01,12.52
Jonewestia,73.72,73.83,39.05,36.19,51.81,51.81,1.3,1.27,25.21,25.26,34.02,34.02,2228.5,2156.03,30.42,30.25,91.5,91.5,-8.6,-8.6,-7.16,-7.16,-10.58,-10.58,9407.68,9101.74,-3.3,-3.3,-3.69,-3.69,-3.13,-3.13,-6.93,-6.93,1165.67,1127.77,-6.63,-6.63,2262.78,2189.19,-7.2,-7.2,1234.24,1194.11,-12.92,-12.92,5718.66,5532.69,-6.45,-6.52,0,0,16.06,16.06,1714.23,1658.48,5228.39,5058.37,1799.94,1741.41,857.11,829.24,262.3,262.3,76.68,78.46,1.3,1.3,32.75,31.63,46.57,46.6,1.5,1.5,57.85,57.85,4.98,4.98,44.79,44.79,134,134,60.63,60.74,65.54,67.14,83.12,82.96,16.27,17.04,3685.59,3565.73,21.52,21.68,-73.71,-75.86,63.13,63.25,13.01,12.65,23.5,23.5,91.5,91.5,679.54,696.62,1,1,65,65,74.16,73.95,771.4,746.32,771.38,770.27,1.17,1.16,314.94,314.94,9.52,9.5,16.61,16.61,979.51,979.51,1.77,1.77,38.73,37.96,57.85,57.35,-173.91,-173.91,151.13,151.13,101.04,101.04,43186.19,41781.78,37538.53,36763.22,48957,46854,2314.21,2238.95,3.58,3.53,514.27,497.54,1.9462E+14,2.03027E+14,15935.7,15333.91,1.06,1.06,14.66,14.12
Ivernia,67.56,67.67,96.05,95.88,75.24,75.24,1.48,1.45,20.55,20.52,49.24,49.24,9557.42,9557.47,39.67,39.5,157.25,157.25,-20.69,-20.69,-10.51,-10.51,-9.9,-9.9,2195.76,2195.77,-13.2,-13.2,-10.16,-10.16,-12.49,-12.49,-20.09,-20.09,-12,-12,-18.65,-18.65,-19.7,-19.7,-13.34,-13.34,-7.62,-7.62,-16.58,-16.58,1822.28,1822.29,-18.54,-18.54,0,0,20.4,20.4,1592.9,1592.91,12743.23,12743.29,6984.27,6984.3,4288.59,4288.61,1095.87,1095.87,67.66,69.13,21.25,21.25,35.02,34.22,54.93,54.95,1.26,1.26,48.6,48.6,11.58,11.58,54.76,54.76,368,368,75.07,75.14,122.94,123.21,91.33,91.35,15.61,16.29,5513.9,5513.92,116.4,116.44,37.5,35.62,77.3,77.34,-33.81,-34.12,0.61,0.61,94.61,94.61,460.63,472.78,4,4,74,74,61.09,57.74,735.19,735.19,1283.61,1283.51,0.17,0.17,19.65,19.65,7.9,7.88,13.06,13.06,2124.25,2124.25,0.77,0.77,39.39,38.71,78.67,78.23,-134.31,-134.31,108.49,108.49,98.83,98.83,61441,61441.29,49978.12,50551.51,73862,73123,7841.99,7842.02,2.1,2.1,735.19,735.19,3.322E+11,3.439E+11,13947.11,13947.17,0.69,0.69,101.42,99.8
Cobiyasha,78,78.44,23,17.33,77.33,77.33,1.63,1.44,31,31.37,45.83,45.83,461.78,408.82,24,23.33,171,173.25,1354.56,1199.19,-1.79,-1.79,160.08,141.72,1559.8,1380.89,4063.68,3597.58,2495.67,2209.42,2339.69,2071.34,-5.74,-5.74,-9,-9,-10.68,-10.68,2175.51,1925.98,1744.51,1544.42,2791.21,2471.07,533.61,472.41,160.08,141.72,-4.73,-4.73,3854.34,3412.25,14.56,14.56,1744.51,1544.42,923.56,817.63,718.33,635.94,513.09,454.24,1207.99,1207.99,61.21,69.36,18.02,18.02,41.36,37.03,34.66,34.77,2.34,2.32,48.6,48.6,1,1,53.38,53.38,114,114,66.76,67.18,103,103.75,71.53,71.06,26.61,28.72,1231.42,1090.18,48.04,48.27,-77,-82.67,39.77,40.25,42.5,41.06,0.73,0.73,94.07,94.07,430.66,465.52,-8,-8,67,67,77.22,76.78,564.4,499.66,1001.39,1001.96,0.5,0.49,272.25,277.9,9.76,9.71,12.56,12.56,624.14,624.14,1.54,1.54,28.39,26.28,48.48,47.21,-66.78,-66.78,69.64,69.64,108.45,108.45,35198.03,31160.88,27142.76,25683.18,44346,37028,1077.49,953.9,2.5,2.47,410.47,363.39,3700000000,6900000000,21189.22,18603.04,14.61,14.59,10.43,9.58
Kobiyasha,87.67,88.33,62.67,53.78,74,74,5.37,4.14,35.05,34.58,43.68,43.68,-5.48,-5.48,12.33,11.67,198,200.25,320.51,300.48,4888.15,4582.76,5048,4732.62,2724.32,2554.11,2483.94,2328.75,4007.55,3757.18,-7.48,-7.48,1402.22,1314.62,-3.46,-3.46,-6.48,-6.48,3926.23,3680.93,-3.95,-3.95,-5.66,-5.66,320.51,300.48,6009.53,5634.08,8828.18,8002.44,5368.51,5033.11,6.4,6.4,1101.75,1032.91,600.95,563.41,-4.47,-4.47,-5.48,-5.48,744.82,744.82,18.61,24.17,15.9,15.9,65.2,61.12,36.19,36.3,2.14,2.13,51.62,51.62,1,1,52.44,52.44,105,105,51.92,53.08,32.23,37.07,67.41,67.78,23.07,21.07,500.79,469.51,51.98,53.16,60,53.33,7.58,7.8,108.35,106.5,0.77,0.77,93.9,93.9,183.89,211.66,0,0,68,68,70.74,69.77,200.32,187.8,372.55,404.9,1.71,1.62,346.48,352.86,11.44,10.85,14.68,14.68,523.05,523.05,3.17,2.88,31.93,33.93,52.79,51.58,50.5,50.5,61.24,61.24,85.53,85.53,49549.54,46179.69,19967.73,21519.89,107277,89032,701.11,657.31,15.31,14.46,-4.47,-4.47,1700000000,2100000000,45783.78,42577.67,1.92,1.88,20.14,18.07
Flitswarm Berkanan,90,90,6,6,78,78,1.12,1.12,34.46,34.46,45.83,45.83,357.89,357.89,10,10,202.5,202.5,1336.13,1336.13,-2.53,-2.53,978.24,978.24,1216.84,1216.84,262.45,262.45,-3.35,-3.35,-6.03,-6.03,924.56,924.56,501.05,501.05,1455.43,1455.43,-6.93,-6.93,143.16,143.16,262.45,262.45,-6.16,-6.16,-8.25,-8.25,-3.58,-3.58,2314.37,2314.37,15.2,15.2,1192.98,1192.98,715.79,715.79,447.37,447.37,357.89,357.89,8.1,8.1,88.97,88.97,15.51,15.51,27.46,27.46,37.99,37.99,1.97,1.97,50,50,1,1,50,50,100,100,66.32,66.32,104.25,104.25,67.88,67.88,37.27,37.27,566.66,566.66,79.22,79.22,-94,-94,53.76,53.76,23.6,23.6,0.72,0.72,94.1,94.1,444.44,444.44,0,0,64,64,75.32,75.32,507.01,507.01,708.86,708.86,0.4,0.4,326.76,326.76,9.64,9.64,31.56,31.56,544.91,544.91,1.86,1.86,17.73,17.73,43.87,43.87,-48.48,-48.48,80.31,80.31,105.16,105.16,16231.63,16231.63,15262.58,15262.58,17155,17155,805.26,805.26,2.53,2.53,417.54,417.54,1.995E+11,2.028E+11,7499.01,7499.01,6.32,6.32,7.22,7.22
Hulvin,66.94,67.06,94.33,93.62,65.9,65.9,1.34,1.31,18.57,18.55,67.99,67.99,17813.99,17814,40.58,40.42,69,69,-25.65,-25.65,-19.35,-19.35,-21.21,-21.21,-16.21,-16.21,-22.97,-22.97,-15.21,-15.21,-27.06,-27.06,-29.97,-29.97,-23.81,-23.81,-27.71,-27.71,-28.43,-28.43,-20.35,-20.35,-21.86,-21.86,-28.44,-28.44,-10.1,-10.1,-34.74,-34.74,0,0,34.9,34.9,15013.53,15013.55,13146.57,13146.58,12213.08,12213.09,3500.56,3500.57,1082.81,1082.81,74.44,76.2,35.15,35.15,8.39,8.43,97.92,97.93,0.8,0.8,52.16,52.16,16.08,16.08,55.65,55.65,624,624,108.82,108.87,134.03,134.26,92.82,92.83,13.61,14.38,6145.44,6145.44,146.89,146.92,29,26.86,85.79,85.83,-204.83,-205.19,1.89,1.89,93.44,93.44,641.05,657.64,10,10,123,123,40.18,40.02,2411.5,2411.5,1657.89,1657.81,0.12,0.12,83.83,83.83,6.36,6.34,13.12,13.12,3995.09,3995.09,0.46,0.46,41.39,40.62,83.49,83.05,-202.67,-202.67,107.52,107.52,113.24,113.24,94748.62,94748.71,81078.42,82088.61,108912,107722,14624.58,14624.6,1.58,1.58,1244.65,1244.65,5.059E+11,5.131E+11,13454.3,13454.32,0.74,0.74,157.26,157.01
WaffwlWolf,87.33,88,72.33,75.67,98,98,63.79,37.01,80.81,58.52,42,42,114.4,116.77,12.67,12,198,198,2745.7,2802.39,549.14,560.48,0,0,4118.55,4203.59,-7.35,-7.35,8429.3,8603.34,0,0,572.02,583.83,5033.78,5137.72,0,0,-7.07,-7.07,3203.32,3269.46,-7.07,-7.07,6406.63,6538.92,-8.37,-8.37,8786.24,8967.66,2745.7,2802.39,5.29,5.29,457.62,467.07,343.21,350.3,114.4,116.77,114.4,116.77,95.92,95.92,1.57,2.7,12,12,104.65,101.07,37.15,37.26,2.04,2.03,50,50,1,1,50,50,110,110,39.38,40.64,18.58,20.94,61.98,63.5,43.12,41.67,800.83,817.36,29.23,29.65,92.5,87.5,6,6.14,118.97,117.64,1.16,1.16,93.63,93.63,13.33,19.05,0,0,64,64,75.2,74.65,343.21,350.3,160.48,174.43,3.05,2.97,296.62,296.62,13.31,12.88,17.29,17.29,595.69,595.69,89.96,84.5,11.88,13.33,53.29,54.91,-68.19,-68.19,68.19,68.19,97.83,97.83,49546.14,50569.17,4363.02,6415.49,278307,237409,343.21,350.3,20.38,19.91,-6.32,-6.32,80000000000,84200000000,46573.37,47484.45,3.74,3.74,34.81,32.26
Stvoopvaffell,87.33,88,72.5,75.83,98,98,63.01,36.45,72.76,52.22,42,42,108.13,110.36,12.67,12,198,198,1730.07,1765.79,-2.83,-2.83,5190.22,5297.38,2162.59,2207.24,5449.73,5562.25,-4.9,-4.9,-8.37,-8.37,3243.89,3310.86,-5.48,-5.48,1297.56,1324.35,2595.11,2648.69,5622.74,5738.83,432.52,441.45,5190.22,5297.38,5622.74,5738.83,7612.32,7769.49,6920.29,7063.18,5.48,5.48,432.52,441.45,432.52,441.45,108.13,110.36,108.13,110.36,95.92,95.92,1.59,2.74,12,12,104.47,100.89,39.43,39.53,1.86,1.85,50,50,1,1,50,50,110,110,39.41,40.68,18.64,21.04,62.5,64,43.03,41.59,756.91,772.53,39.44,39.95,92.25,87.25,5.74,5.88,120.75,119.42,1.16,1.16,93.63,93.63,13.63,19.41,0,0,64,64,75.26,74.71,324.39,331.09,129.22,141.62,2.98,2.9,296.62,296.62,16.09,15.67,17.29,17.29,585.13,585.13,102.13,97.27,11.97,13.41,53.47,55.08,57.88,57.88,51.48,51.48,97.83,97.83,52421.23,53503.56,4655.32,6854.31,293348,249870,324.39,331.09,20.37,19.89,-6.32,-6.32,29900000000,32500000000,49433.22,50346.85,3.74,3.74,26.31,24.2
Herzegovinagaddadavida,45.93,46.81,46.33,41.07,79.87,79.87,8.09,7.29,27.83,27.92,47.2,47.2,2298.91,2165.4,58.56,57.89,128.5,128.75,-9.38,-9.38,735.65,692.93,2860.87,2694.72,858.26,808.42,1101.43,1037.47,1798.26,1693.82,-6.03,-6.03,-4.58,-4.58,459.78,433.08,-8.25,-8.25,613.04,577.44,613.04,577.44,613.04,577.44,970.65,914.28,-4.8,-4.8,411.97,388.04,2860.87,2694.72,11.53,11.53,3065.22,2887.2,2554.35,2406,510.87,481.2,638.59,601.5,60.39,60.39,12.36,13.72,16.66,16.66,54.81,52.15,28.81,28.93,8.02,7.59,47.8,47.8,4.98,4.98,50,50,115,115,52.81,53.11,78.44,81.81,76.7,76.53,15.74,16.83,-3.16,-3.16,123.52,123.64,41.75,37.8,51,51.22,59.62,58.96,0.86,0.86,93.77,93.77,516.64,541.52,2,2,66,66,60.79,56.53,894.02,842.1,429.86,429.87,0.18,0.18,99.54,102.96,7.17,7.14,17.53,17.53,664.01,664.01,2.7,2.7,39.26,38.17,54.28,53.34,56.78,56.78,17.31,17.31,103.74,103.74,30168.06,28416,9643.27,9641.65,78000,70252,1660.33,1563.9,14.68,14.44,894.02,842.1,7.0542E+12,9.2498E+12,14782.35,13867.01,7.37,7.33,16.68,15.48
Synful 70s,78.83,79.17,65.33,60,76,76,6.16,4.93,34.35,33.75,43.68,43.68,0,0,22.75,22.25,175.5,175.5,-7.87,-7.87,-5.06,-5.06,6616.49,6358.18,1804.5,1734.05,2406,2312.07,9660.83,9283.67,5037.56,4840.89,4605.23,4425.44,300.75,289.01,-5.66,-5.66,-3.46,-3.46,-1.61,-1.61,3684.18,3540.35,5187.93,4985.39,4135.31,3973.86,-4.1,-4.1,11654.05,11199.07,6.48,6.48,1033.83,993.47,563.91,541.89,93.98,90.32,-5.48,-5.48,439.84,439.84,16.23,20.29,14.64,14.64,68.64,65.53,34.01,34.1,2.44,2.43,51.62,51.62,1,1,50.99,50.99,112,112,51.83,52.8,33.87,38.13,67.98,68.51,21.6,20.1,469.92,451.58,46.31,47.24,63,58,6.83,6.98,113.01,111.68,0.74,0.74,94,94,204.14,225.87,0,0,68,68,71.31,70.57,187.97,180.63,453.55,482.14,1.45,1.38,156.87,156.87,10.04,9.95,16.07,16.07,626.28,626.28,2.57,2.44,33.4,34.9,53.64,52.71,77.78,77.78,52.44,52.44,85.53,85.53,54468.78,52342.28,20324.17,22134.79,125222,109087,657.89,632.21,15.38,14.68,-4.47,-4.47,19800000000,22600000000,50764.91,48678.32,2.34,2.34,24.81,22.78
Sydland123,67.33,69.33,61.33,54.67,61.33,61.33,4.03,3.36,32.8,32.48,42,42,512.37,486.7,40,37,135,141.75,4098.96,3893.61,2869.27,2725.53,3074.22,2920.21,3757.38,3569.15,4645.48,4412.76,6011.8,5710.63,4440.54,4218.08,3842.77,3650.26,2049.48,1946.81,-10,-10,-4.47,-4.47,-5.48,-5.48,683.16,648.94,683.16,648.94,2049.48,1946.81,-4.47,-4.47,11613.71,11031.91,9.49,9.49,768.55,730.05,768.55,730.05,1024.74,973.4,256.18,243.35,119.98,119.98,24.8,29.75,12,12,53.04,50.39,27.05,27.62,13.63,12.31,50,50,1,1,50,50,110,110,55.8,56.35,52.66,57.08,69.43,69.76,5.89,6.56,1024.74,973.4,54.85,53.97,53,48,10.47,10.91,95.92,94.58,2.55,2.55,93.31,93.31,487.09,501.74,0,0,64,64,69.11,68.16,683.16,648.94,680.83,694.46,0.44,0.45,167.87,181.39,9.97,9.92,17.16,17.16,619.15,619.15,1.9,1.88,49.11,48.44,53.35,52.35,-37.42,-37.42,76.81,76.81,100.2,100.2,56275.25,53456.08,26597.76,27924.82,107260,93864,683.16,648.94,11.72,11.04,85.39,81.12,21300000000,24900000000,50366.35,47629.37,6.64,6.5,17.75,16.18
JawaNation,67,68,26,20,78.67,78.67,1.76,1.52,32.51,32.81,40.78,40.78,811.32,717.46,40.5,39,135,137.25,-8.6,-8.6,1168.3,1033.14,973.58,860.95,-7.35,-7.35,2542.14,2248.04,-2.37,-2.37,2433.96,2152.38,-4.24,-4.24,2325.79,2056.72,-8,-8,1784.91,1578.41,-4.12,-4.12,-8.6,-8.6,3407.55,3013.34,-8.6,-8.6,241.71,153.06,3407.55,3013.34,12.49,12.49,676.1,597.88,1014.15,896.83,1216.98,1076.19,608.49,538.1,42.28,42.28,56.84,65.73,11.33,11.33,46.41,41.6,29.94,30.2,4.67,4.11,51,51,1,1,50.5,50.5,111,111,61.4,61.96,100.96,103.19,69.73,69.42,20.76,23.26,1216.98,1076.19,66.58,66.31,26,20,38.52,39.12,53.17,51.51,0.71,0.71,94.13,94.13,512.86,546.98,0,0,64,64,53.46,52.1,946.54,837.04,716.8,718.71,0.31,0.31,199.44,200.82,9.96,9.9,17.69,17.69,638.34,638.34,1.85,1.84,34.24,31.74,48.02,46.58,61.64,61.64,-44.72,-44.72,102.62,102.62,30693.27,27081.76,22752.73,21692.35,40027,33001,946.54,837.04,3.27,3.12,405.66,358.73,44300000000,75100000000,18876.36,16492.79,6.91,6.87,8.47,7.84
Pinkaliciouss,88.33,89,61.33,52.44,83,83,6.16,4.66,34.94,34.4,44.83,44.83,-4.47,-4.47,11.67,11,200.25,200.25,-4.47,-4.47,0,0,6810.73,6364.6,-6.32,-6.32,3677.79,3436.88,6713.68,6273.9,-5.1,-5.1,2979.69,2784.51,4767.51,4455.22,-11.4,-11.4,4086.44,3818.76,2894.56,2704.95,5108.05,4773.45,-5.48,-5.48,-2.65,-2.65,7034.86,6332.19,6810.73,6364.6,7,7,1106.74,1034.25,340.54,318.23,-4.47,-4.47,-7.07,-7.07,1030.28,1030.28,16.23,21.45,16.66,16.66,72.98,68.52,34.55,34.66,2.36,2.34,48.6,48.6,1,1,52.44,52.44,110,110,54.21,55.13,44.33,50.35,67.49,67.93,28.64,26.64,170.27,159.11,67.4,68.83,63,56.33,6.7,6.91,114.48,112.62,0.71,0.71,94.13,94.13,116.97,139.33,0,0,69,69,71.25,70.33,0,0,498.44,536.92,1.49,1.4,349.46,349.46,12.05,11.47,13.36,13.36,586.68,586.68,2.37,2.24,26.36,28.36,52.34,51.15,108.4,108.4,-41.83,-41.83,103.74,103.74,56417.76,52480.29,21051.4,22889.41,129703,106715,425.67,397.79,13.44,12.49,510.8,477.34,16800000000,18900000000,52637.77,48859.15,4.67,4.67,30.22,27.44
TasteySnozzberries,68.83,69.83,57.33,48.44,78.67,78.67,3.61,2.91,29.51,29.6,45.83,45.83,677.15,628.08,37.75,36.25,141.75,144,-5.66,-5.66,-6.45,-6.45,4024.23,3732.57,-7.87,-7.87,-2.68,-2.68,8543.75,7924.53,-8.6,-8.6,-5.61,-5.61,4565.96,4235.03,-12.73,-12.73,-6.48,-6.48,-6.45,-6.45,-7.87,-7.87,696.5,646.02,-3.92,-3.92,-1.79,-1.79,4024.23,3732.57,12.81,12.81,2515.14,2332.85,1547.78,1435.6,1064.1,986.98,386.95,358.9,1199.43,1199.43,27.72,34.4,18.02,18.02,60.66,56.28,31.43,31.69,3.1,3,51.62,51.62,1,1,53.38,53.38,114,114,62.06,62.64,95.6,98.97,73.68,73.55,13.66,16.39,1064.1,986.98,99.95,99.78,50,43.33,36.97,37.54,57.7,55.99,0.71,0.71,94.13,94.13,332.72,364.49,0,0,67,67,64.09,58.27,870.63,807.53,1016.45,1016.7,0.3,0.3,241.42,242.94,9.82,9.75,12.6,12.6,635.45,635.45,1.5,1.5,41.34,38.61,55.06,53.68,85.73,85.73,-46.37,-46.37,102.24,102.24,46247.71,42895.81,23238.9,24257.83,83847,70509,1837.99,1704.78,3.09,2.97,580.42,538.35,3500000000,5800000000,29136.06,26809.88,4.67,4.59,19.15,17.16
Froggy farlnds,41.67,43.67,57.33,48.44,74,74,3.61,2.91,29.35,29.42,45.34,45.34,633.39,587.46,61.75,60.25,87.75,90,3185.06,2954.11,2519.09,2336.43,1737.3,1611.33,1737.3,1611.33,3836.55,3558.36,463.28,429.69,4270.87,3961.19,5791.02,5371.1,-4.24,-4.24,-8.49,-8.49,-7.21,-7.21,3547,3289.8,-7.87,-7.87,-4.69,-4.69,2099.24,1947.03,405.37,375.98,9193.24,8526.63,12.65,12.65,2352.6,2182.01,1447.75,1342.78,1809.69,1678.47,542.91,503.54,7.97,7.97,27.72,34.4,15.09,15.09,57.89,53.75,27.6,27.88,12.35,11.56,46.97,46.97,1,1,50,50,110,110,63.44,64,102.64,103.81,73.93,73.83,11.16,12.89,2171.63,2014.16,69.64,69.43,50,43.33,31.97,32.54,62.65,60.94,0.77,0.77,93.9,93.9,545.06,585.52,-8,-8,64,64,65.26,62.82,814.36,755.31,773.94,782.44,0.29,0.29,49.09,49.77,11.56,10.97,32.37,32.37,623.75,623.75,1.77,1.76,43.84,42.11,55.14,53.77,-30.82,-30.82,57.88,57.88,107.82,107.82,49440.79,45855.8,24843.38,25931.72,89637,75375,1719.21,1594.55,2.84,2.76,542.91,503.54,2700000000,4500000000,33619.74,30952.67,16.21,16.19,17.81,15.94
ZA WORUDO,52.89,55.56,4,3,78,78,1.08,1.06,34.71,35.45,45.83,45.83,433.86,375.88,53.33,51.33,105.75,110.25,451.21,390.91,853.83,739.73,364.44,315.74,642.11,556.3,329.73,285.67,1277.28,1106.58,72.89,63.15,-6,-6,798.3,691.61,-10.86,-10.86,624.75,541.26,104.13,90.21,537.98,466.09,537.98,466.09,-3.22,-3.22,-6.93,-6.93,888.54,769.8,17.03,17.03,802.64,695.37,542.32,469.85,629.09,545.02,368.78,319.5,8.18,8.18,92.58,94.4,15.51,15.51,25.43,24.34,30.42,30.77,3.74,3.38,50,50,1,1,50,50,112,112,69.06,69.1,108.89,108.98,67.68,67.11,25.75,25.41,824.33,714.17,88.39,86.76,-96,-97,59.95,60.04,6.73,6.46,0.72,0.72,94.1,94.1,815.01,805.63,0,0,64,64,74.93,74.83,477.24,413.47,1012.22,1013.54,0.23,0.23,55.65,57.11,9.54,9.53,31.04,31.04,666.26,666.26,1.52,1.51,29.25,29.59,43.42,43,-54.77,-54.77,71.41,71.41,106.84,106.84,14530.74,12588.89,13952.4,12213.1,15071,12937,694.17,601.4,2.35,2.35,65.08,56.38,3700000000,4200000000,5812.3,5035.55,10.33,10.27,7.64,7.57
Land O Chickens,63.33,64.67,62.67,53.78,75.33,75.33,4.19,3.32,31.06,30.9,42,42,459.31,430.71,45.5,44,123.75,126,-2,-2,5114.9,4796.39,2057.72,1929.58,-4,-4,2572.15,2411.98,2704.43,2536.02,587.92,551.31,-5.74,-5.74,1249.33,1171.53,-9.7,-9.7,1690.27,1585.02,5034.06,4720.59,3527.52,3307.86,4997.31,4686.13,4850.33,4548.3,4689.47,4145.92,2645.64,2480.89,10.54,10.54,1469.8,1378.27,1010.49,947.56,1102.35,1033.71,183.72,172.28,624.65,624.65,23.86,30.1,14.16,14.16,63.34,59.02,31.9,32.16,2.93,2.86,51,51,1,1,51.48,51.48,119,119,59.1,59.75,79.55,85,71.44,71.66,10.75,10.8,1286.07,1205.99,60.77,61.45,54,47.33,17.77,18.45,84.52,82.66,0.75,0.75,93.97,93.97,387.38,421.6,-4,-4,64,64,68.28,66.98,643.04,602.99,642.46,666.39,0.43,0.42,192.03,193.38,11.98,11.39,15.24,15.24,671.34,671.34,1.97,1.93,44.25,44.2,54.97,53.71,52.92,52.92,0,0,103.37,103.37,53901.99,50293.98,24939.73,26439.79,104523,87850,1102.35,1033.71,6.38,4.54,275.59,258.43,6700000000,13300000000,44307.44,40989.6,13.19,13.16,18.12,16.22
Txgovnationstates,47.33,49.33,62.67,53.78,75.33,75.33,4.19,3.32,30.57,30.43,42,42,495.71,463.77,57.5,56,96.75,99,5393.27,5045.76,1237.28,1157.56,-5.83,-5.83,1744.88,1632.45,-7.21,-7.21,4187.72,3917.89,1427.63,1335.64,4758.77,4452.14,713.82,667.82,634.5,593.62,-2,-2,1982.82,1855.06,-3.74,-3.74,4996.71,4674.75,5234.65,4897.36,-1.5,-1.82,6820.91,6381.41,10.68,10.68,1586.26,1484.05,1090.55,1020.28,1487.12,1391.3,198.28,185.51,468.75,468.75,23.86,30.1,13.62,13.62,63.34,59.02,30.19,30.45,4.15,3.68,50,50,1,1,50.99,50.99,118,118,59.99,60.62,87.18,92.2,72.1,72.3,11.75,10.8,1387.98,1298.54,63.46,64.15,54,47.33,22.03,22.6,79.21,77.49,0.75,0.75,93.97,93.97,469.08,506.67,-4,-4,64,64,68.01,66.67,693.99,649.27,678.11,710.34,0.33,0.33,52.26,52.96,10.16,9.95,15.95,15.95,660.48,660.48,1.91,1.86,43.25,44.2,55.2,53.93,-68.56,-68.56,54.77,54.77,103.37,103.37,49911.59,46695.58,23093.42,24548.09,96785,81565,1189.69,1113.04,4.09,3.59,297.42,278.26,4100000000,10400000000,38931.04,36142.38,13.88,13.85,21.45,19.28
Emberwoods,81.78,82.33,38.67,29.78,72,72,2.3,1.93,33.12,33.12,43,43,489.97,439.79,18.33,17.67,184.5,186.75,447.97,402.1,1881.47,1688.8,5039.66,4523.58,-4,-4,3415.77,3065.98,4748.48,4262.22,2911.8,2613.62,1609.89,1445.03,1791.88,1608.38,-9.17,-9.17,3247.78,2915.19,-4.27,-4.27,-8,-8,167.99,150.79,3583.76,3216.77,3970.69,3380.62,8399.43,7539.3,10.15,10.15,629.96,565.45,699.95,628.27,419.97,376.96,279.98,251.31,9.13,9.13,43.46,51.73,14.64,14.64,49.13,44.66,35.06,35.17,2.28,2.27,49.36,49.36,1,1,51.48,51.48,109,109,57.78,58.47,66.23,71.96,69.1,69.1,21.45,23.89,1189.92,1068.07,42.88,43.94,-64,-70.67,15.92,16.59,84.94,83.08,0.82,0.82,93.8,93.8,360.83,399.35,-4,-4,66,66,78.53,78.02,629.96,565.45,568.81,574.21,1.81,1.72,308.98,315.01,9.94,9.87,26,26,615.19,615.19,2.14,2.13,33.55,31.11,49.95,48.62,95.66,95.66,-12.25,-12.25,109.08,109.08,44080.77,39383.28,28290.64,27757.7,65099,53661,629.96,565.45,8.96,7.74,629.96,565.45,18100000000,35600000000,37071.93,32845.65,13.48,13.46,17.3,15.48
The 501st Clone Army,62.67,64.33,74.67,70.22,80,80,9.38,6.68,32.39,31.76,42,42,163.52,159.27,46,44.5,121.5,126,-2.83,-2.83,3218.09,3134.39,4316.95,4204.67,4905.63,4778.03,3205.01,3121.65,-1.79,-1.79,5625.12,5478.81,2125.77,2070.48,5298.08,5160.28,-5.29,-5.29,1700.62,1656.38,4120.73,4013.55,3662.87,3567.6,6279.2,6115.88,5494.3,5351.4,2302.37,2242.49,9942.07,9683.48,8.54,8.54,1062.89,1035.24,654.08,637.07,817.6,796.34,245.28,238.9,451.62,451.62,10.66,14.98,13.62,13.62,78.05,73.71,34.51,34.76,2.36,2.33,50,50,1,1,50.99,50.99,118,118,54.53,55.36,51.78,57.91,69.86,70.57,18.59,16.87,572.32,557.44,58.28,58.87,71,64.33,6.47,6.66,118.36,116.65,0.7,0.7,94.2,94.2,250,277.63,0,0,64,64,72.46,71.65,327.04,318.54,597.38,635.36,0.43,0.42,66.48,68.08,13.37,12.79,16.02,16.02,654.98,654.98,2.07,1.99,36.41,38.13,57.98,56.88,-39.37,-39.37,90.28,90.28,98.83,98.83,72076.73,70202.05,21156.85,25030.58,198433,167136,735.84,716.7,13.12,12.24,0,0,7200000000,15200000000,67391.74,65498.51,6.12,6.02,21.61,19.42
Beansi,71.5,72.5,66,59.11,73.33,73.33,4.93,3.84,31.76,31.38,45.34,45.34,232.54,222.03,33.75,32.25,150.75,153,5146.94,4914.28,5801.77,5539.51,2790.51,2664.37,5394.98,5151.11,6015.09,5743.19,-3.1,-3.1,2666.48,2545.95,2557.96,2442.34,186.03,177.62,-2,-2,496.09,473.67,3503.64,3345.26,4836.88,4618.24,3286.6,3138.03,830.95,793.39,3869.5,3557.54,10603.93,10124.59,9.11,9.11,1395.25,1332.18,697.63,666.09,620.11,592.08,155.03,148.02,23.5,23.5,20.29,26.07,15.51,15.51,62.21,58.23,32.4,32.66,2.79,2.72,48.6,48.6,1,1,50.5,50.5,107,107,56.19,56.95,57.64,63.31,70.58,71.05,14.98,13.26,697.63,666.09,65.46,66.16,58,51.33,7.66,7.87,110.23,108.43,0.77,0.77,93.87,93.87,309.12,339.77,0,0,66,66,70.11,69.08,387.57,370.05,709.64,750.93,0.48,0.47,223.08,224.53,11.24,10.65,17.93,17.93,594.62,594.62,1.86,1.8,40.02,41.74,55.42,54.24,-70,-70,96.95,96.95,105.5,105.5,67050.31,63882.36,28354.61,31040.68,139740,119045,775.14,740.1,11.24,10.22,542.6,518.07,13400000000,16300000000,61887.43,58835.65,7.13,7.09,21.39,19.22
The bruzz,22.75,24.25,18,13.33,68,68,1.45,1.32,30.34,30.79,45.83,45.83,790.19,696.92,77.25,75.75,51.75,56.25,-9.17,-9.17,1390.74,1226.58,136.97,120.8,-5.83,-5.83,1369.67,1207.99,8224.35,7253.53,-5.59,-5.59,1229.19,1084.1,-11.22,-11.22,-13.56,-13.56,-5.83,-5.83,1141.39,1006.66,-4.9,-4.9,-5.83,-5.83,1492.59,1316.4,-12.9,-12.9,136.97,120.8,18.47,18.47,1887.69,1664.86,1185.29,1045.38,1536.49,1355.12,834.09,735.64,1246.38,1246.38,68.84,75.81,18.02,18.02,33.85,30.51,25.13,25.43,17.03,16.57,48.6,48.6,1,1,53.38,53.38,114,114,72.25,72.53,108.22,108.62,72.42,71.8,24.07,25.13,1448.69,1277.68,107.72,107.5,-82,-86.67,66.11,66.24,-5.95,-7.12,1.26,1.26,93.59,93.59,1211.91,1332.8,-8,-8,67,67,76.47,76.11,877.99,774.35,1048.91,1049.73,0.21,0.21,136.26,138.54,9.34,9.3,12.39,12.39,676.99,676.99,1.38,1.38,30.93,29.87,48.22,47.13,24.29,24.29,-14.14,-14.14,111.2,111.2,32167.24,28370.16,26405.94,24512.2,38360,32333,1316.99,1161.53,2.2,2.19,746.29,658.2,1000000000,1100000000,10904.69,9589.12,16.64,16.59,18.2,16.91
Minion huzz,22.75,24.25,18,13.33,68,68,1.45,1.32,30.27,30.72,45.83,45.83,842.02,742.63,77.25,75.75,51.75,56.25,112.27,99.02,134.72,118.82,785.89,693.12,-9.17,-9.17,898.16,792.14,2275.33,2006.75,-8.12,-8.12,-7.45,-7.45,804.6,709.62,-12.41,-12.41,-9.17,-9.17,733.49,646.91,-5.83,-5.83,673.62,594.1,1964.72,1732.8,-4.73,-4.73,898.16,792.14,18.47,18.47,2011.5,1774.06,1263.03,1113.94,1637.26,1444,888.8,783.89,1246.38,1246.38,68.84,75.81,18.02,18.02,33.85,30.51,25.56,25.85,16.37,15.88,48.6,48.6,1,1,53.38,53.38,114,114,72.25,72.53,108.22,108.62,72.53,71.89,24.07,25.13,1543.71,1361.49,109.74,109.54,-82,-86.67,68,68.13,-10.32,-11.5,1.26,1.26,93.59,93.59,1211.91,1332.8,-8,-8,67,67,76.47,76.11,935.58,825.14,1072.2,1072.9,0.21,0.21,136.26,138.54,9.62,9.58,12.39,12.39,674.77,674.77,1.29,1.29,30.93,29.87,48.26,47.16,69.28,69.28,-51.96,-51.96,111.2,111.2,30187.42,26624.05,24780.72,23003.54,35999,30343,1403.37,1237.71,2.2,2.19,795.24,701.37,900000000,1000000000,9659.98,8493.07,16.64,16.59,11.27,10.49
Rylees Evil Empire 3,78,78.44,70.67,75.11,77.33,77.33,102.81,52.58,88.48,63.54,43,43,-3.16,-3.16,24,23.33,171,173.25,2124.7,2186.74,5730.16,5897.47,1307.51,1345.69,2941.89,3027.79,-2.83,-2.83,-1.79,-1.79,6128.95,6307.9,7701.23,7926.09,3187.05,3280.11,1307.51,1345.69,-5.29,-5.29,4045.1,4163.21,-5.29,-5.29,2941.89,3027.79,490.32,504.63,6014.54,6190.15,9561.16,9840.32,4.69,4.69,-5.48,-5.48,408.6,420.53,204.3,210.26,204.3,210.26,8.34,8.34,0.97,1.9,13.62,13.62,90.73,86.83,31.3,31.42,3.14,3.1,51,51,1,1,50.5,50.5,111,111,42.3,43.47,18.21,20.39,61.49,63.13,33.23,31.23,1021.49,1051.32,18.44,18.7,97,90.33,4.84,4.91,127.48,125.77,0.73,0.73,94.07,94.07,73.35,91.25,-8,-8,64,64,76.17,75.55,102.15,105.13,189.78,206.71,3.92,3.86,271.6,277.25,15.83,15.27,30.1,30.1,583.54,583.54,78.35,71.19,21.77,23.77,52.23,54.11,-45.28,-45.28,60.42,60.42,103.74,103.74,54568.87,56162.18,3420.74,5644.16,351701,296781,102.15,105.13,19.28,18.84,-8.37,-8.37,3400000000,11700000000,51949.57,53410.23,12.24,12.21,43.19,39.71
Tobynations,81.33,81.78,61.33,52.44,74.67,74.67,4.03,3.21,30.08,30.01,47.2,47.2,347.3,324.89,19,18.33,182.25,184.5,-3.46,-3.46,3250.72,3040.95,-4,-4,1319.74,1234.57,5765.17,5393.13,6001.33,5614.06,2083.8,1949.33,6859.16,6416.53,4445.43,4158.56,-8.49,-8.49,-4.69,-4.69,1840.69,1721.9,1667.04,1559.46,-1.41,-1.41,-2.9,-2.9,3097.03,2660.01,2083.8,1949.33,11.18,11.18,1996.97,1868.1,1302.37,1218.33,520.95,487.33,86.82,81.22,1056.6,1056.6,24.8,31.15,18.34,18.34,58.56,54.56,33.5,33.61,2.54,2.52,51,51,1,1,52.44,52.44,112,112,59.86,60.49,78.53,83.46,72.8,72.9,18.89,19.33,694.6,649.78,59.52,60.79,53,46.33,19.33,20.01,81.33,79.47,0.76,0.76,93.94,93.94,244.82,276.72,0,0,67,67,67.3,65.79,520.95,487.33,786.11,808.61,0.5,0.47,300.3,306.25,11.51,10.91,13.24,13.24,614.24,614.24,1.75,1.72,36.11,35.67,55.21,53.91,-59.16,-59.16,51.96,51.96,101.04,101.04,55184.98,51386.65,26082.46,27525.52,105182,88374,1389.2,1299.55,4.35,3.67,260.47,243.67,3700000000,9200000000,44534.28,41109.32,3.52,3.46,22.53,20.27
Goodmorningpineapple,54.33,56.33,76,71.56,69.33,69.33,9.38,6.68,32.24,31.62,42,42,162.19,158.26,52.25,50.75,108,112.5,6098.42,5950.53,5761.06,5621.35,2205.81,2152.32,3114.09,3038.57,4216.99,4114.73,5086.34,4962.99,4476.5,4367.94,1540.82,1503.46,4736,4621.15,-4.69,-4.69,-1.41,-1.41,5449.65,5317.49,2205.81,2152.32,2205.81,2152.32,-1.18,-1.18,6788.85,6402.65,12780.73,12470.78,8.37,8.37,1054.25,1028.68,648.77,633.03,648.77,633.03,405.48,395.65,12.77,12.77,10.66,14.98,12,12,68.45,64.72,26.49,26.77,14.75,14.2,50,50,1,1,50,50,116,116,55.1,55.88,48.36,54.26,70.03,70.74,12.66,9.94,973.15,949.55,44.5,45,71,64.33,6.06,6.27,120.85,118.99,1.06,1.06,93.67,93.67,379.31,413.19,-4,-4,64,64,72.64,71.83,324.38,316.52,659.55,707.66,0.61,0.58,91.3,93.17,11.89,11.31,18.78,18.78,651.38,651.38,1.94,1.86,42.34,45.06,58.48,57.39,-45.28,-45.28,73.82,73.82,102.24,102.24,73654.1,71646.37,21619.86,25545.56,202776,170574,729.86,712.16,12.53,11.62,-4.47,-4.47,5800000000,11200000000,69161.2,67132.65,13.57,13.52,27.09,24.51
Flitswarm Algiz,90,90,6,6,78,78,1.12,1.12,34.33,34.33,45.83,45.83,375.16,375.16,10,10,202.5,202.5,-4.24,-4.24,-3.79,-3.79,-8.83,-8.83,400.17,400.17,-5.29,-5.29,1425.24,1425.24,750.32,750.32,31.26,31.26,1025.44,1025.44,-4.24,-4.24,-8.25,-8.25,-6.93,-6.93,150.06,150.06,1150.5,1150.5,-8.83,-8.83,310.13,310.13,750.32,750.32,15.2,15.2,1250.54,1250.54,750.32,750.32,468.95,468.95,375.16,375.16,8.1,8.1,88.97,88.97,15.51,15.51,27.46,27.46,37.42,37.42,2.02,2.02,50,50,1,1,50,50,100,100,66.32,66.32,104.25,104.25,67.99,67.99,37.27,37.27,594.01,594.01,57.78,57.78,-94,-94,57.31,57.31,21.19,21.19,0.72,0.72,94.1,94.1,444.44,444.44,0,0,64,64,75.3,75.3,531.48,531.48,771.73,771.73,0.42,0.42,326.76,326.76,9.46,9.46,31.56,31.56,566.67,566.67,1.77,1.77,17.73,17.73,43.91,43.91,-82.76,-82.76,54.31,54.31,105.16,105.16,15511.31,15511.31,14585.26,14585.26,16393,16393,844.11,844.11,2.53,2.53,437.69,437.69,2.071E+11,2.104E+11,6623.33,6623.33,6.32,6.32,7.34,7.34
Cavalry Contingent,46.67,48.67,56,47.11,67.33,67.33,3.48,2.81,30.72,30.69,43,43,881.91,818.72,58,56.5,94.5,99,-7.07,-7.07,-6.93,-6.93,4092.04,3798.86,2187.13,2030.42,4515.36,4191.84,2257.68,2095.92,5573.65,5174.31,881.91,818.72,352.76,327.49,-13.04,-13.04,705.52,654.98,-7.87,-7.87,2822.1,2619.9,-7.75,-7.75,0,0,3020.04,2574.41,9665.69,8973.16,13.56,13.56,1146.48,1064.34,1058.29,982.46,1763.81,1637.44,440.95,409.36,950.54,950.54,28.72,35.53,15.09,15.09,54.04,50.16,23.55,23.85,19.28,18.87,50,50,1,1,51.96,51.96,113,113,63.41,63.94,99.38,101.53,71.9,71.93,6.92,8.64,2733.91,2538.03,51.47,51.25,49,42.33,37,37.73,54.12,52.27,1.38,1.38,93.56,93.56,602.24,644.73,-8,-8,67,67,65.4,63.04,1058.29,982.46,1010.23,1012.43,0.31,0.31,76.5,78.21,10.72,10.12,13.73,13.73,643.07,643.07,1.52,1.52,48.08,46.36,53.77,52.45,45.28,45.28,61.24,61.24,107.82,107.82,49831.61,46032.03,25535.6,26489.41,88900,74565,1499.24,1391.82,2.84,2.77,-7.75,-7.75,4700000000,7000000000,31393.91,28677.96,15.35,15.3,17.56,15.72
Ash India,62.67,64,56.44,56,69.78,69.78,2.15,2.14,27.59,27.61,40.78,40.78,1781.52,1766.49,46,45,121.5,123.75,-2.45,-2.45,-2.19,-2.19,6809.36,6751.92,5542.5,5495.75,5225.78,5181.7,-8.39,-8.39,-3.46,-3.46,197.95,196.28,-3.67,-3.67,-9.27,-9.27,-11.66,-11.66,4671.53,4632.13,-6.78,-6.78,-13.27,-13.27,267.62,265.37,759.03,756.56,6809.36,6751.92,10.63,10.63,0,0,2276.38,2257.18,1385.62,1373.94,593.84,588.83,457.39,457.39,46.42,46.64,12,12,52.35,52.16,30.21,30.39,4.1,3.79,51.62,51.62,3.93,3.93,50.99,50.99,164,164,62.03,62.02,98.06,98.2,77.19,77.15,7.25,7.7,1583.57,1570.21,72.56,71.75,47.33,47,25.35,25.37,72.96,72.9,0.88,0.88,93.76,93.76,494.38,489.51,-8,-8,68,68,67.55,67.34,494.87,490.69,1085.37,1084.89,0.36,0.36,65.38,65.77,9.81,9.81,15.99,15.99,1003.45,1003.45,1.24,1.24,47.75,47.3,56.37,56.13,23.45,23.45,89.72,89.72,98.34,98.34,45631.9,45250.9,30345.59,30167.27,65370,64686,1286.65,1275.8,3.1,3.1,-4.47,-4.47,2.0551E+12,2.2041E+12,34041.39,33757.17,13.02,12.99,22.63,22.24
Flitswarm Tiwaz,90,90,6,6,78,78,1.12,1.12,34.53,34.53,45.83,45.83,340.3,340.3,10,10,202.5,202.5,476.42,476.42,1388.87,1388.87,1043.58,1043.58,930.15,930.15,-5.29,-5.29,-3.35,-3.35,340.3,340.3,453.73,453.73,476.42,476.42,1043.58,1043.58,-7.62,-7.62,476.42,476.42,1043.58,1043.58,-4.24,-4.24,-2.83,-2.83,9.07,9.07,1860.29,1860.29,15.2,15.2,1134.32,1134.32,680.59,680.59,425.37,425.37,340.3,340.3,8.1,8.1,88.97,88.97,15.51,15.51,27.46,27.46,37.95,37.95,1.97,1.97,50,50,1,1,50,50,100,100,66.32,66.32,104.25,104.25,67.83,67.83,37.27,37.27,538.8,538.8,73.51,73.51,-94,-94,50.15,50.15,26.43,26.43,0.72,0.72,94.1,94.1,444.44,444.44,0,0,64,64,75.34,75.34,482.09,482.09,762.93,762.93,0.41,0.41,326.76,326.76,9.54,9.54,31.56,31.56,551.99,551.99,1.78,1.78,17.73,17.73,43.85,43.85,-29.15,-29.15,73.82,73.82,105.16,105.16,17040.49,17040.49,16023.15,16023.15,18010,18010,765.67,765.67,2.53,2.53,397.01,397.01,1.999E+11,2.032E+11,8486.17,8486.17,6.32,6.32,7.45,7.45
Flitswarm Perthaz,90,90,6,6,78,78,1.12,1.12,34.31,34.31,45.83,45.83,379.56,379.56,10,10,202.5,202.5,657.91,657.91,-2.53,-2.53,-5.29,-5.29,1796.6,1796.6,1290.52,1290.52,850.22,850.22,-7.03,-7.03,-5.34,-5.34,-8.83,-8.83,-8.25,-8.25,278.35,278.35,-2.83,-2.83,25.3,25.3,784.43,784.43,1543.56,1543.56,-11.17,-11.17,657.91,657.91,15.2,15.2,1265.21,1265.21,759.13,759.13,474.46,474.46,379.56,379.56,8.1,8.1,88.97,88.97,15.51,15.51,27.46,27.46,40.71,40.71,1.77,1.77,50,50,1,1,50,50,100,100,66.32,66.32,104.25,104.25,68.01,68.01,37.27,37.27,600.98,600.98,71.53,71.53,-94,-94,58.21,58.21,20.63,20.63,0.72,0.72,94.1,94.1,444.44,444.44,0,0,64,64,75.3,75.3,537.72,537.72,621.12,621.12,0.4,0.4,326.76,326.76,9.65,9.65,31.56,31.56,561.57,561.57,2.02,2.02,17.73,17.73,43.91,43.91,-99.25,-99.25,91.92,91.92,105.16,105.16,15338.2,15338.2,14422.49,14422.49,16211,16211,854.02,854.02,2.53,2.53,442.83,442.83,1.987E+11,2.02E+11,6411.37,6411.37,6.32,6.32,7.14,7.14
Curious Inquiry,78.39,78.5,92.57,91.86,76.76,76.76,1.45,1.41,19.95,19.95,27.9,27.9,14669.35,14590.84,23.42,23.25,219.25,219.25,-26.87,-26.87,-11.73,-11.73,-15.43,-15.43,-12.54,-12.54,-15.21,-15.21,-12.99,-12.99,-18.11,-18.11,-23.43,-23.43,-15.68,-15.68,-21.95,-21.95,-20.54,-20.54,-15.23,-15.23,-16.49,-16.49,-23.47,-23.47,-7.41,-7.41,-22.51,-22.54,0,0,23.94,23.94,3498.08,3479.35,16926.17,16835.59,2708.19,2693.69,3836.6,3816.07,10.29,10.29,69.06,70.76,1.34,1.34,46.05,44.73,74.72,74.73,0.97,0.97,50,50,10.55,10.55,50,50,442,442,68.63,68.72,111.33,111.71,91.72,91.73,22.43,23.2,5190.69,5162.91,68.1,68.26,35.71,33.57,66.7,66.74,-41.77,-42.11,0.67,0.67,94.31,94.31,349.82,362.1,16,16,101,101,49.67,49.36,2595.35,2581.46,1350.5,1350.39,0.24,0.23,123.17,123.17,8.21,8.19,21.31,21.31,2938.48,2938.48,0.68,0.68,32.57,31.8,78.74,78.3,-152.69,-152.69,85.5,85.5,79.01,79.01,64657.97,64311.94,53169.35,53570.43,76988,75710,12074,12009.38,2.38,2.37,1241.25,1234.61,1.7858E+12,1.9854E+12,21531.1,21415.87,10.23,10.23,131.51,131.19
Flitswarm Eiwaz,90,90,6,6,78,78,1.12,1.12,34.44,34.44,45.83,45.83,360.29,360.29,10,10,202.5,202.5,1465.18,1465.18,-6.22,-6.22,-6.16,-6.16,24.02,24.02,624.5,624.5,-5.49,-5.49,269.02,269.02,1688.32,1688.32,1224.99,1224.99,1465.18,1465.18,-8.83,-8.83,-8.25,-8.25,-5.29,-5.29,744.6,744.6,264.21,264.21,9.61,9.61,1734.2,1734.2,15.2,15.2,1200.97,1200.97,720.58,720.58,450.36,450.36,360.29,360.29,8.1,8.1,88.97,88.97,15.51,15.51,27.46,27.46,37.75,37.75,1.99,1.99,50,50,1,1,50,50,100,100,66.32,66.32,104.25,104.25,67.9,67.9,37.27,37.27,570.46,570.46,64.29,64.29,-94,-94,54.26,54.26,23.24,23.24,0.72,0.72,94.1,94.1,444.44,444.44,0,0,64,64,75.32,75.32,510.41,510.41,652.45,652.45,0.41,0.41,326.76,326.76,9.82,9.82,31.56,31.56,547.08,547.08,1.95,1.95,17.73,17.73,43.87,43.87,-57.88,-57.88,38.08,38.08,105.16,105.16,16127.58,16127.58,15164.74,15164.74,17045,17045,810.65,810.65,2.53,2.53,420.34,420.34,2.061E+11,2.094E+11,7370.3,7370.3,6.32,6.32,7.21,7.21
Nova Universo Headquarters,80.67,81.11,58.22,54.89,42.67,42.67,1.5,1.46,26.23,26.22,42,42,4188.26,4107.85,20,19.33,180,182.25,-6.32,-6.32,-6.93,-6.93,-12,-12,-2.45,-2.45,-8.38,-8.38,-8.49,-8.49,-10.95,-10.95,-11.62,-11.62,1675.31,1643.14,-3.16,-3.16,-13.78,-13.78,2094.13,2053.92,4188.26,4107.85,-15.49,-15.49,2774.72,2721.45,2692.11,2578.81,0,0,13.19,13.19,1439.72,1412.07,3795.61,3722.73,2486.78,2439.03,1963.25,1925.55,119.98,119.98,66.76,68.71,12,12,34.62,33.55,29.45,29.57,5.94,5.6,50,50,3.93,3.93,50,50,199,199,62.49,62.59,92.63,94.2,80.31,80.35,18.53,19.58,2486.78,2439.03,57.18,56.86,36.67,34.17,63.02,63.24,36.77,36.33,5.63,5.63,92.89,92.89,565.11,579.55,0,0,62,62,54.15,53.62,1047.07,1026.96,1064.91,1064.35,0.38,0.38,244.94,249.53,9.81,9.79,17.16,17.16,1205.43,1205.43,1.32,1.32,36.47,35.42,57.42,56.98,-88.32,-88.32,24.49,24.49,101.04,101.04,36198.22,35441.57,29234.71,29064.44,43791,42302,1570.6,1540.44,3,2.98,392.65,385.11,3.3452E+12,4.9092E+12,13393.34,13042.5,6.79,6.75,16.1,15.51
Talravin Island,76,76.33,22.75,19,77.33,77.33,1.63,1.49,31.04,31.27,44.28,44.28,1380.18,1259.9,27,26.5,164.25,166.5,-10.39,-10.39,1913.86,1747.06,-4.24,-4.24,2024.27,1847.85,944.66,862.33,-1.79,-1.79,-10.2,-10.2,-10.89,-10.89,797.44,727.94,-10.39,-10.39,-10.86,-10.86,-6.4,-6.4,674.76,615.95,2208.3,2015.84,2607.02,2379.81,127.59,116.47,0,0,11.45,11.45,1840.25,1679.86,1073.48,979.92,460.06,419.97,536.74,489.96,8.45,8.45,61.39,67.28,14.64,14.64,44.48,41.37,35.13,35.22,2.27,2.26,51,51,1,1,50.5,50.5,162,162,61.78,62.13,90.26,92.81,71.47,71.17,25.61,27.03,1150.15,1049.92,60.26,60.42,22.75,19,42.33,42.67,55.16,54.13,0.74,0.74,94,94,453.17,476.24,-4,-4,64,64,51.23,50.52,536.74,489.96,1011.03,1011.83,0.55,0.55,242.52,247.1,9.88,9.84,29.47,29.47,995.53,995.53,1.52,1.52,29.39,27.97,48.17,47.18,-71.06,-71.06,64.42,64.42,104.46,104.46,24458.71,22327.07,18891.62,18106.03,30772,26913,1150.15,1049.92,3.16,3.08,306.71,279.98,1.5536E+12,1.747E+12,14112.68,12793.41,12.79,12.76,11.73,10.9
DysonsphereConstructors,80.67,81.11,48,44.67,42.67,42.67,1.36,1.32,27.7,27.68,42,42,4370.51,4257.18,20,19.33,180,182.25,-15.81,-15.81,-8.94,-8.94,1638.94,1596.44,764.84,745.01,-8.49,-8.49,6992.81,6811.5,-10.49,-10.49,-15,-15,-9.59,-9.59,-15.17,-15.17,-14.83,-14.83,-11.4,-11.4,-8.94,-8.94,-15.62,-15.62,-4.58,-4.58,-5.69,-5.79,1638.94,1596.44,12,12,1092.63,1064.3,2731.57,2660.74,1502.36,1463.41,2048.68,1995.56,119.98,119.98,73.63,75.67,12,12,32.28,31.09,29.31,29.43,6.36,6,51,51,3.3,3.3,50,50,196,196,61.01,61.11,78.66,80.33,76.97,77,21,22.06,2185.25,2128.59,66.83,66.48,29,26.5,63.21,63.35,45.71,45.29,6.35,6.35,92.81,92.81,626.74,641.95,0,0,64,64,52.3,51.89,1092.63,1064.3,1058.8,1058.25,0.4,0.41,248.3,252.93,9.52,9.5,17.16,17.16,1237.89,1237.89,1.34,1.34,34,32.94,54.8,54.37,-17.32,-17.32,42.43,42.43,99.76,99.76,29063.88,28310.28,24725.99,24436.98,33582,32293,1912.1,1862.52,3.41,3.37,0,0,7.4199E+12,8.9154E+12,10695.51,10389.87,5.59,5.53,17.03,16.41
Dolgavakia,60.33,60.56,81.17,79.92,65.44,65.44,1.34,1.31,20.18,20.18,50,50,12854.18,12774.65,47.75,47.58,31.25,31.25,-23.28,-23.28,-12.39,-12.39,-17.26,-17.26,-12.54,-12.54,-14.6,-14.6,-13.3,-13.3,-19.34,-19.34,-25.72,-25.72,-18.08,-18.08,-20.05,-20.05,-20.78,-20.78,-16.31,-16.31,-14.9,-14.9,-23.07,-23.07,-9.44,-9.44,-24.01,-24.01,0,0,29.41,29.41,5912.92,5876.34,13368.35,13285.63,6084.31,6046.67,4370.42,4343.38,355.06,355.06,74.65,76.19,21.25,21.25,25.61,24.88,63.4,63.42,1.11,1.11,53.51,53.51,10.42,10.42,53.84,53.84,468,468,83.24,83.3,117.79,118.1,91.57,91.57,10.91,11.59,7112.65,7068.64,112.84,112.89,28.75,26.88,79.32,79.35,-136.77,-137.08,0.87,0.87,93.76,93.76,710.45,725.53,3,3,81,81,43.73,43.54,2313.75,2299.44,1391.31,1391.23,0.17,0.17,53.92,53.92,8.13,8.12,16.33,16.33,2896.35,2896.35,0.64,0.64,44.09,43.41,74.4,73.95,-140.64,-140.64,60.14,60.14,109.7,109.7,74125.76,73667.14,63523.19,63817.37,85097,83762,9940.56,9879.06,1.9,1.9,2485.14,2469.77,5.579E+11,5.744E+11,15344.03,15175.43,17.22,17.22,115.3,114.86
Brunswick and Nassau,62.67,62.93,89.86,87.71,59.24,59.24,1.52,1.48,20.03,20.04,42,42,10942.93,10820.92,46,45.8,87.5,87.75,-15.75,-15.75,-11.59,-11.59,-13.42,-13.42,-10.33,-10.33,-11.1,-11.1,-11.45,-11.45,-12.57,-12.57,-21.7,-21.7,-17.32,-17.32,-16.06,-16.06,-16.37,-16.37,-13.34,-13.34,-12.57,-12.57,-21.28,-21.28,-2.97,-2.97,-13.95,-13.95,0,0,22.34,22.34,1308.39,1293.81,17841.73,17642.8,4757.79,4704.75,2973.62,2940.47,82.96,82.96,65.84,67.5,12,12,33.53,32.7,61.71,61.73,1.14,1.14,54.29,54.29,10.95,10.95,50,50,363,363,72.21,72.27,110.89,111.26,91.67,91.67,5.91,6.69,5352.52,5292.84,99.7,99.81,39.86,37.71,67.14,67.18,-31.39,-31.75,3.06,3.06,93.22,93.22,649.32,665.73,-4,-4,83,83,52.36,51.95,118.94,117.62,1281.67,1281.48,0.2,0.2,72.65,73.06,8.15,8.13,17.37,17.37,2314.99,2314.99,0.77,0.77,49.09,48.31,75.95,75.51,-133.42,-133.42,81.78,81.78,106.18,106.18,59353.48,58691.71,47584.03,47679.19,72271,70638,10942.93,10820.92,2.21,2.2,951.56,940.95,1.2351E+12,1.3313E+12,19527.3,19250.88,6.82,6.78,112.18,111.69
Deleted One More Time,66.11,66.22,85.86,83.71,59.05,59.05,1.55,1.52,19.77,19.79,30.24,30.24,14062.82,13898.36,41.83,41.67,140.75,140.75,-25.57,-25.57,-14.25,-14.25,-16.55,-16.55,-12.59,-12.59,-16.83,-16.83,-14.06,-14.06,-13.71,-13.71,-22.98,-22.98,-20.12,-20.12,-22,-22,-23.32,-23.32,-17.12,-17.12,-17.15,-17.15,-24.86,-24.86,-7.47,-7.47,-21.27,-21.27,0,0,30.84,30.84,9010.31,8904.94,14736.49,14564.15,11789.19,11651.32,2694.67,2663.16,37.24,37.24,64.31,65.95,1.23,1.23,39.88,38.9,85.61,85.63,0.88,0.88,50,50,9.73,9.73,46.62,46.62,465,465,95.65,95.7,130.3,130.54,91.85,91.84,6.57,7.34,11199.73,11068.75,54.77,54.91,41.86,39.71,84.09,84.13,-177.74,-178.1,0.67,0.67,94.34,94.34,599.74,615.79,-5,-5,119,119,42.66,42.48,1010.5,998.68,1529.43,1529.34,0.16,0.16,104.22,104.22,8.32,8.31,17.74,17.74,3409.08,3409.08,0.53,0.53,48.43,47.66,77.91,77.46,-181.32,-181.32,115.55,115.55,101.45,101.45,80082.28,79145.76,63405.58,63507.86,98587,96295,10862.9,10735.86,1.71,1.71,1515.75,1498.03,6.217E+11,6.275E+11,12733.08,12584.18,22.47,22.47,146,145.73
Flitswarm Jeraz,90,90,6,6,78,78,1.12,1.12,34.48,34.48,45.83,45.83,354.06,354.06,10,10,202.5,202.5,23.6,23.6,28.32,28.32,-4.24,-4.24,1675.88,1675.88,259.64,259.64,1389.92,1389.92,99.14,99.14,-4.58,-4.58,259.64,259.64,1203.8,1203.8,495.68,495.68,613.7,613.7,-5.29,-5.29,1321.82,1321.82,613.7,613.7,-5.37,-5.37,122.74,122.74,15.2,15.2,1180.2,1180.2,708.12,708.12,442.57,442.57,354.06,354.06,8.1,8.1,88.97,88.97,15.51,15.51,27.46,27.46,39.42,39.42,1.86,1.86,50,50,1,1,50,50,100,100,66.32,66.32,104.25,104.25,67.86,67.86,37.27,37.27,560.59,560.59,67.19,67.19,-94,-94,52.98,52.98,24.18,24.18,0.72,0.72,94.1,94.1,444.44,444.44,0,0,64,64,75.32,75.32,501.58,501.58,664.5,664.5,0.4,0.4,326.76,326.76,9.55,9.55,31.56,31.56,544.04,544.04,1.93,1.93,17.73,17.73,43.86,43.86,-96.7,-96.7,91.92,91.92,105.16,105.16,16400.86,16400.86,15421.71,15421.71,17334,17334,796.63,796.63,2.53,2.53,413.07,413.07,2.011E+11,2.044E+11,7708.41,7708.41,6.32,6.32,7.26,7.26
Emini,75.17,75.5,26.25,22.75,77.33,77.33,1.62,1.48,30.37,30.56,45.83,45.83,487.18,449.94,28.25,27.75,162,164.25,996.02,919.88,3793.53,3503.54,3291.19,3039.6,1082.63,999.87,1255.85,1159.85,4018.72,3711.51,90.94,83.99,703.71,649.91,606.27,559.93,-4.9,-4.9,-7.35,-7.35,-2.28,-2.28,2511.7,2319.69,3291.19,3039.6,3204.58,2959.61,666.9,615.92,4378.15,4043.47,14.07,14.07,1840.47,1699.78,920.24,849.89,270.66,249.97,703.71,649.91,1207.99,1207.99,61.76,67.47,18.02,18.02,40.8,38.14,37.01,37.09,2.06,2.05,52.16,52.16,1,1,53.38,53.38,113,113,65.94,66.23,96.16,97.41,72.39,72.11,25.43,26.76,974.37,899.88,74.94,75.1,-77.75,-81.25,34.31,34.64,51.69,50.7,0.73,0.73,94.04,94.04,465.52,487.09,-8,-8,67,67,77.19,76.83,595.45,549.93,896.09,898.06,0.42,0.42,241.8,246.37,9.76,9.73,12.56,12.56,628.31,628.31,1.63,1.63,29.57,28.24,49.79,48.81,62.85,62.85,60.42,60.42,108.45,108.45,39240.13,36240.43,30406.22,29434.08,49230,43625,1136.76,1049.86,2.56,2.54,433.05,399.95,24300000000,31900000000,25780.76,23701.24,12.31,12.28,15.84,14.7
Flitswarm Isaz,90,90,6,6,78,78,1.12,1.12,34.54,34.54,45.83,45.83,341.69,341.69,10,10,202.5,202.5,136.68,136.68,1478.27,1478.27,136.68,136.68,706.16,706.16,933.95,933.95,744.54,744.54,-9.49,-9.49,1453.1,1453.1,-6.93,-6.93,1389.54,1389.54,592.26,592.26,-6.16,-6.16,22.78,22.78,820.06,820.06,933.95,933.95,568.79,568.79,273.35,273.35,15.2,15.2,1138.97,1138.97,683.38,683.38,427.11,427.11,341.69,341.69,8.1,8.1,88.97,88.97,15.51,15.51,27.46,27.46,39.35,39.35,1.86,1.86,50,50,1,1,50,50,100,100,66.32,66.32,104.25,104.25,67.81,67.81,37.27,37.27,541.01,541.01,78.36,78.36,-94,-94,50.44,50.44,26.19,26.19,0.72,0.72,94.1,94.1,444.44,444.44,0,0,64,64,75.34,75.34,484.06,484.06,586.99,586.99,0.39,0.39,326.76,326.76,9.69,9.69,31.56,31.56,540.53,540.53,2.1,2.1,17.73,17.73,43.84,43.84,-62.05,-62.05,66.71,66.71,105.16,105.16,16972.68,16972.68,15959.38,15959.38,17938,17938,768.8,768.8,2.53,2.53,398.64,398.64,1.985E+11,2.018E+11,8418.45,8418.45,6.32,6.32,7.64,7.64
Erdholt,55.67,57.67,68,64.67,76.67,76.67,5.62,4.54,31.46,31.04,44.28,44.28,-3.16,-3.16,51.25,49.75,110.25,114.75,1378.38,1349.28,-1.79,-1.79,5453.58,5338.45,4314.92,4223.83,2097.53,2053.25,-3.1,-3.1,5693.3,5573.11,5565.65,5448.15,2457.11,2405.24,-8.6,-8.6,5273.79,5162.46,3415.98,3343.86,3775.56,3695.85,6172.74,6042.42,4824.32,4722.48,4797.72,4538.05,12525.26,12260.84,9.7,9.7,898.94,879.96,449.47,439.98,749.12,733.3,74.91,73.33,1819.66,1819.66,17.8,22.04,15.9,15.9,67.48,64.35,32.42,32.68,2.78,2.72,50,50,1,1,51.96,51.96,103,103,61.47,61.91,90.34,93.77,70.94,71.47,12.63,10.63,749.12,733.3,66.69,66.24,61,56,7.63,7.8,111.1,109.66,0.73,0.73,94.04,94.04,366.59,389,-8,-8,67,67,71.18,70.42,224.74,219.99,838.61,876.47,0.37,0.37,91.1,92.97,12.21,11.77,10.06,10.06,527.19,527.19,1.69,1.65,42.37,44.37,56.03,55.09,36.06,36.06,88.32,88.32,104.81,104.81,71220.57,69558.62,27992.16,30799.59,157249,139744,599.29,586.64,3.25,3.13,74.91,73.33,22000000000,26800000000,65807.81,64133.04,13.37,13.31,23.59,21.63
Flitswarm Wynn,90,90,6,6,82,82,1.12,1.12,34.41,34.41,45.83,45.83,368.46,368.46,10,10,202.5,202.5,147.38,147.38,1253.24,1253.24,-7.62,-7.62,24.56,24.56,1915.97,1915.97,-2.68,-2.68,859.73,859.73,337.75,337.75,1129.93,1129.93,884.29,884.29,24.56,24.56,-3.22,-3.22,761.48,761.48,-4.24,-4.24,270.2,270.2,-6.69,-6.69,1007.11,1007.11,15.13,15.13,1228.19,1228.19,736.91,736.91,399.16,399.16,368.46,368.46,9.32,9.32,88.97,88.97,16.66,16.66,28.54,28.54,38.7,38.7,1.91,1.91,51.62,51.62,1,1,51.48,51.48,103,103,66.15,66.15,104.6,104.6,67.93,67.93,39.27,39.27,583.39,583.39,57.95,57.95,-94,-94,55.58,55.58,22.74,22.74,0.7,0.7,94.17,94.17,403.75,403.75,0,0,64,64,75.35,75.35,521.98,521.98,633.39,633.39,0.42,0.42,359.3,359.3,9.92,9.92,25.11,25.11,550.29,550.29,1.99,1.99,15.73,15.73,43.88,43.88,-65.95,-65.95,38.08,38.08,105.16,105.16,15716.35,15716.35,14778.06,14778.06,16610,16610,829.03,829.03,2.55,2.55,429.86,429.86,1.992E+11,2.016E+11,6978.06,6978.06,4.64,4.64,7.16,7.16
Crowncity,64.5,65.5,27,20.67,36,36,1.8,1.55,30.84,31.16,45.34,45.34,733.25,650.38,44.25,42.75,126,130.5,2079.76,1844.72,1215.86,1078.45,1013.21,898.71,-10.1,-10.1,-4,-4,11282.14,10007.13,-6.45,-6.45,-1.22,-1.22,-7.21,-7.21,-6.48,-6.48,-4.69,-4.69,-6.16,-6.16,1013.21,898.71,-5.66,-5.66,-6.48,-6.48,-7.16,-7.16,3092.97,2743.43,13.82,13.82,1466.49,1300.76,1266.52,1123.39,1466.49,1300.76,533.27,473.01,501.72,501.72,55.42,64.46,15.9,15.9,30.39,27.32,21.62,21.94,21.62,21.26,50,50,1,1,50.99,50.99,112,112,63.34,63.86,91.84,94.22,71.73,71.32,15.52,18.13,1066.54,946.01,96.86,96.55,27,20.67,46.14,46.69,41.28,39.63,8.82,8.82,92.57,92.57,910.93,959.62,0,0,64,64,52.08,50.92,866.56,768.63,719.39,718.81,0.27,0.28,101.13,103.1,9.46,9.4,15.8,15.8,633.66,633.66,1.84,1.84,39.48,36.87,49.22,47.75,78.1,78.1,-64.81,-64.81,102.62,102.62,31949.04,28338.45,23365.72,22463.98,42158,34850,1199.86,1064.26,2.85,2.78,599.93,532.13,1800000000,5000000000,17220.54,15104.39,7.4,7.31,13.94,12.46
Hello Boys,75.56,76.89,25,25,64.67,64.67,1.72,1.72,30.91,30.94,42,42,1469.19,1469.42,27.67,25.67,164.25,168.75,-4.24,-4.24,-6.2,-6.2,-4.24,-4.24,4148.29,4148.94,406.53,406.6,-4.38,-4.38,-10.39,-10.39,86.42,86.44,-8.6,-8.6,-15.1,-15.1,-2.83,-2.83,3526.05,3526.6,2488.98,2489.36,-12.96,-12.96,2696.39,2696.81,-6.45,-6.4,0,0,10.58,10.58,777.8,777.93,1555.61,1555.85,777.8,777.93,432.11,432.18,119.98,119.98,58.28,58.28,12,12,39.37,39.37,32.15,32.49,2.86,2.76,50,50,2.52,2.52,50,50,146,146,57.91,57.85,67.1,66.75,71.64,71.61,18.32,18.98,777.8,777.93,66.4,64.75,25,25,39.28,39.28,61.23,61.23,2.15,2.15,93.38,93.38,583.53,567.72,0,0,64,64,53.31,53.31,691.38,691.49,717.18,709.64,0.44,0.46,222.4,231.21,9.78,9.78,17.16,17.16,899.69,899.69,1.85,1.86,36.68,36.02,48.6,48.59,-87.75,-87.75,82.46,82.46,100.2,100.2,24483.91,24487.72,18393.39,18396.25,31560,31565,1037.07,1037.23,8.75,8.84,86.42,86.44,3.7466E+12,3.7747E+12,14861.73,14864.05,5.45,5.33,10.83,10.83
Desolous,65.22,65.44,63.56,60.22,29.78,29.78,1.59,1.54,25.93,25.92,40.78,40.78,3350.69,3274.03,43.17,42.83,128.25,130.5,-11.58,-11.58,3660.34,3576.6,1478.93,1445.09,-1.55,-1.55,1630.52,1593.21,-9.03,-9.03,5545.97,5419.09,-12.06,-12.06,415.95,406.43,-3.74,-3.74,-10.2,-10.2,2588.12,2528.91,-2,-2,-9.7,-9.7,3327.58,3251.45,517.62,505.78,7024.9,6864.18,13.08,13.08,-5.48,-5.48,3812.85,3725.62,3235.15,3161.14,1386.49,1354.77,919.19,919.19,62.95,64.84,10.55,10.55,32.43,31.51,23.2,23.26,19.73,19.64,50,50,4.48,4.48,50,50,206,206,65.52,65.6,99.31,100.58,81.09,81.12,12.72,13.66,2310.82,2257.95,49.24,49.15,40.67,38.17,48.98,49.12,43.72,43.3,9.58,9.58,92.5,92.5,813.44,833.92,-4,-4,62,62,62.39,59.17,577.71,564.49,1105.52,1105.15,0.35,0.35,41.62,41.93,9.76,9.74,13.87,13.87,1227.59,1227.59,1.17,1.17,42.28,41.34,58.33,57.9,31.14,31.14,25.1,25.1,97.83,97.83,43581.16,42584.1,34113.28,33862.48,54193,52225,808.79,790.28,2.6,2.59,-6.32,-6.32,2.9298E+12,4.2585E+12,22226.39,21675.31,14.04,14.01,18.47,17.81
Keobia,64.27,64.53,51.11,47.78,65.33,65.33,1.84,1.78,27.59,27.61,43.68,43.68,2549.27,2461.68,44.6,44.2,126,126,-3.74,-3.74,-5.93,-5.93,5747.44,5549.96,389.34,375.97,-4.33,-4.33,-7.04,-7.04,3800.73,3670.14,-1.73,-1.73,-8.83,-8.83,-7.35,-7.35,-7.35,-7.35,-4.27,-4.27,-6.63,-6.63,-11.58,-11.58,-5.39,-5.39,4193.08,3981.87,9548.16,9220.1,11.09,11.09,1506.38,1454.63,2317.52,2237.89,1274.63,1230.84,927.01,895.16,457.39,457.39,54.49,56.25,14.64,14.64,46.8,45.35,25.88,25.95,15.84,15.7,51.62,51.62,3.3,3.3,50.99,50.99,179,179,62.57,62.68,91.11,92.73,77.19,77.15,8.21,9.17,1506.38,1454.63,66.11,65.99,39.33,36.83,39.91,40.11,59.8,59.36,1.81,1.81,93.45,93.45,596.33,613.34,-8,-8,68,68,57.32,55.92,579.38,559.47,1080.62,1080.32,0.37,0.38,66.95,66.95,9.73,9.71,15.99,15.99,1086.34,1086.34,1.26,1.26,46.79,45.83,54.95,54.27,71.27,71.27,33.47,33.47,98.83,98.83,35836.43,34538.01,25971.01,25459.61,47663,45261,1390.51,1342.73,2.99,2.96,0,0,1.6012E+12,2.2421E+12,21537.69,20688.27,12.69,12.69,23.26,22.08
Baritone Saxophone,83.25,83.75,76.67,73.33,76,76,11.28,8.37,34,33.27,43,43,87.86,85.71,16.75,16.25,189,189,2178.85,2125.67,4301.46,4196.48,2741.13,2674.23,3233.13,3154.22,3935.98,3839.92,2361.59,2303.95,-3.16,-3.16,1405.71,1371.4,421.71,411.42,-4.24,-4.24,70.29,68.57,4252.26,4148.48,4638.83,4525.62,4638.83,4525.62,7063.68,6891.28,8002.92,7601.89,4919.98,4799.9,8.83,8.83,1054.28,1028.55,615,599.99,439.28,428.56,175.71,171.42,1173.68,1173.68,8.87,11.95,16.29,16.29,75.81,72.79,37.31,37.39,2.03,2.02,48.6,48.6,1,1,53.38,53.38,114,114,52.98,53.81,39.3,43.95,68.28,68.95,27.33,25.83,966.42,942.84,47.29,48.23,74,69,7.51,7.68,112.33,110.87,0.74,0.74,94,94,131.97,149.55,0,0,67,67,72.54,71.87,263.57,257.14,504.66,534.85,1.4,1.33,316.03,316.03,12.37,11.93,12.71,12.71,593.36,593.36,2.35,2.24,27.67,29.17,57.63,56.75,-33.17,-33.17,70.71,70.71,98.34,98.34,68806.79,66921.74,18143.08,20975.47,204586,175571,702.85,685.7,14.54,13.83,87.86,85.71,65900000000,1.048E+11,63646.28,61768.77,6.67,6.67,27.14,24.98
Butterfly Ballot,72,72.19,83.83,81.56,59.67,59.67,1.42,1.38,20.81,20.82,40.78,40.78,10318.68,10195.31,33,32.71,174.75,175,-16,-16,-10.43,-10.43,-13.19,-13.19,-9.98,-9.98,-8.19,-8.19,-11.93,-11.93,-13.49,-13.49,-23.01,-23.01,-9.17,-9.17,-15.03,-15.03,-16.31,-16.31,-7,-7,-10.77,-10.77,-19.47,-19.47,1902.39,1879.64,-15.98,-15.98,0,0,21.52,21.52,1524.35,1506.12,14657.21,14481.97,5276.6,5213.51,3400.47,3359.82,190.3,190.3,70.55,72.55,11.33,11.33,31.84,30.79,57.72,57.76,1.21,1.21,48.6,48.6,8.85,8.85,50.5,50.5,343,343,73.4,73.47,111.95,112.31,91.17,91.17,12.31,13.24,3634.99,3591.53,87.43,87.36,33.83,31.33,83.86,83.91,-65.55,-65.97,1.29,1.29,93.59,93.59,589.51,607.35,0,0,80,80,48.53,48.25,469.03,463.42,1279,1278.76,0.24,0.24,70.75,71.16,8.84,8.82,16.86,16.86,2231.53,2231.53,0.77,0.77,42.69,41.76,73.71,73.26,-109.18,-109.18,56.75,56.75,102.24,102.24,56192.7,55520.86,46734.06,46865.87,66243,64597,8677.07,8573.33,2.16,2.16,1407.09,1390.27,1.2252E+12,1.3069E+12,9047.03,8938.86,9.84,9.8,94.28,92.55
Jivs,54,56,41.67,35,32,32,2.49,2.15,32.32,32.33,40.78,40.78,766.29,702.41,52.5,51,108,110.25,-9.49,-9.49,-4.9,-4.9,-6.32,-6.32,2101.82,1926.6,-3.74,-3.74,2802.43,2568.8,-8.12,-8.12,-7.25,-7.25,1970.46,1806.19,-4.47,-4.47,-6.32,-6.32,613.03,561.93,-7.75,-7.75,3065.16,2809.63,-2.65,-2.65,-5.94,-6.4,0,0,11.31,11.31,656.82,602.06,1094.7,1003.44,1970.46,1806.19,656.82,602.06,485.41,485.41,40.24,46.48,12,12,36.37,34.15,19.46,19.8,23.91,23.57,50,50,1,1,50.99,50.99,108,108,60.75,61.23,76.36,80.07,69.94,69.93,11.66,12.82,1970.46,1806.19,66.81,66.49,38.25,33.25,43.95,44.39,58.68,57.35,10.71,10.71,92.4,92.4,910.93,946.06,-8,-8,64,64,63.27,57.62,1094.7,1003.44,677.46,687.03,0.33,0.34,81.6,82.48,9.92,9.87,15.87,15.87,609.95,609.95,1.91,1.89,43.34,42.18,50.98,49.87,-71.41,-71.41,55.68,55.68,106.84,106.84,30958.12,28377.26,19060.03,18882.88,47366,40630,1094.7,1003.44,3.52,3.33,437.88,401.38,1.176E+11,1.831E+11,17367.5,15777.76,14.1,14.07,12.65,11.53
Abbylandiaa,61.67,63.67,67,63.33,45.33,45.33,5.31,4.32,34.52,33.83,43,43,491.19,480.27,46.75,45.25,121.5,123.75,-3.74,-3.74,1532.52,1498.44,1277.1,1248.7,2947.16,2881.61,1571.82,1536.86,-1.26,-1.26,1670.06,1632.91,3438.36,3361.88,-3.74,-3.74,785.91,768.43,4224.27,4130.31,206.3,201.71,7171.43,7011.93,2259.49,2209.24,-1.67,-1.67,-2.28,-2.28,2947.16,2881.61,8.89,8.89,368.4,360.2,982.39,960.54,1473.58,1440.81,491.19,480.27,468.75,468.75,18.82,23.17,14.16,14.16,50.66,48.39,21.31,21.64,21.97,21.61,50,50,1,1,50.99,50.99,109,109,53.86,54.58,37.64,42,67.83,68.43,7.83,6.66,982.39,960.54,63.91,64.2,59.5,54.5,19.56,20.01,86.46,85.13,6.35,6.35,92.81,92.81,580.22,608.32,0,0,64,64,69.97,69.12,859.59,840.47,425,449.62,0.4,0.39,87.81,88.73,12.41,11.97,15.95,15.95,582.68,582.68,2.74,2.59,47.17,48.34,54.26,53.35,-45.28,-45.28,57.88,57.88,99.76,99.76,42974.53,42018.72,17425,19127.93,92592,82557,613.99,600.34,13.78,13.08,122.8,120.07,1.585E+11,1.84E+11,34551.53,33614.98,6.29,6.24,16.77,15.29
Skibidie,72.27,72.53,79.33,76,76.67,76.67,14.87,10.58,41.64,37.24,41.43,41.43,-3.16,-3.16,32.6,32.2,153,153,1426.27,1399.88,6642.84,6519.94,-6.93,-6.93,1347.03,1322.11,4754.22,4666.26,5190.42,5094.39,-7.87,-7.87,6709,6584.87,3011.01,2955.3,-3.74,-3.74,6576.67,6455,-4.27,-4.27,-4.9,-4.9,6576.67,6455,1624.36,1594.31,-1.25,-1.25,1426.27,1399.88,6.08,6.08,-4.47,-4.47,198.09,194.43,297.14,291.64,0,0,905.7,905.7,6.73,9.45,14.16,14.16,82.54,79.36,31.16,31.23,3.2,3.17,50,50,1,1,51.96,51.96,107,107,48.76,50.33,27.89,31.67,65.01,65.92,23.67,22.14,396.19,388.86,50.14,51.18,78,73,5.56,5.71,121.61,120.27,0.74,0.74,94,94,176.23,196.91,0,0,67,67,73.95,73.35,198.09,194.43,487.42,517.31,0.94,0.81,119.67,119.67,12.11,11.67,13.93,13.93,557.15,557.15,2.41,2.3,31.33,32.86,57.2,56.39,-66.33,-66.33,44.72,44.72,97.28,97.28,62711.35,61551.11,14039.85,16842.34,208726,178258,198.09,194.43,16.78,16.11,-4.47,-4.47,1.448E+11,2.121E+11,59199.52,58042.7,4.64,4.64,33.85,31.35
Biggie Cats,81.17,81.5,70.83,67.5,86,86,7,5.52,36.07,35.11,43.68,43.68,-3.16,-3.16,19.25,18.75,182.25,184.5,754.52,738.53,5432.56,5317.44,980.88,960.09,-6.78,-6.78,3604.94,3528.55,7243.41,7089.92,3521.1,3446.49,3563.02,3487.52,4527.13,4431.2,-7.87,-7.87,3688.77,3610.61,5658.91,5539,-7.87,-7.87,2850.42,2790.02,4066.04,3979.87,-2.28,-2.28,5256.5,5145.12,5.66,5.66,1152.74,1128.32,419.18,410.3,0,0,104.79,102.57,19.47,19.47,14.28,18.1,14.16,14.16,79.72,76.14,35.21,35.29,2.26,2.25,52.16,52.16,1,1,50.5,50.5,110,110,49.13,50.69,30.15,33.97,66.67,67.36,27.85,26.35,628.77,615.44,35.54,36.28,65.25,60.25,6.51,6.66,114,112.66,0.74,0.74,94,94,125.43,142.58,0,0,68,68,71.66,70.94,209.59,205.15,305.2,327.75,1.73,1.65,286.28,291.25,12.91,12.47,18.01,18.01,600.27,600.27,4.42,3.84,27.15,28.65,54.64,53.76,57.62,57.62,-46.37,-46.37,85.53,85.53,53353.09,52222.52,18514.32,20720.13,129676,114453,523.97,512.87,16.62,15.98,-6.32,-6.32,2.019E+11,2.144E+11,49885.14,48723.61,1.79,1.76,25.83,23.74
Petalumadom,77.33,77.44,100.13,100.13,91.29,91.29,1.58,1.54,226.51,224.31,11.18,11.18,-33.02,-33.02,25,24.83,214.75,215,858.03,861.56,3757.28,3772.71,-12.18,-12.18,19536.04,19616.29,5342.38,5364.33,-33.75,-33.75,31936.86,32068.06,-19.43,-19.43,-3.94,-3.94,9438.36,9477.13,15083.3,15145.27,7202.96,7232.55,3341.81,3355.54,528.37,530.54,33427.13,33564.45,7687.97,7719.55,32794.9,32929.62,23.09,23.09,-21.91,-21.91,4911.11,4931.28,-18.44,-18.44,4290.16,4307.79,791.5,791.5,63.36,64.78,0.3,0.3,126.1,122.91,111.99,112.01,0.73,0.73,59.25,59.25,0.39,0.39,51.48,51.48,-406,-406,3.89,3.9,4.01,4.02,28.36,28.43,25.26,25.94,14789.77,14850.52,3.24,3.24,43.12,41.25,20.19,20.29,75.21,74.9,11.7,11.7,92.32,92.32,222.61,231.09,47,47,151,151,56.87,55.99,-16.73,-16.73,13.26,13.26,16.89,16.87,374.73,375.68,50.51,50.42,14.47,14.47,2.85,2.85,418.5,418.6,29.74,29.06,70.71,70.73,-323.51,-323.51,305.06,305.06,19.85,19.85,168228.07,168919.15,132134.36,134252.91,208561,207257,6096.55,6121.59,55.94,55.88,-23.87,-23.87,1.351067e+15,1.4208376e+15,134246,134628.56,12.77,12.74,18.81,18.13
Titanica,69.28,69.39,100.4,100.4,54.86,54.86,1.34,1.31,25.08,25,14.91,14.91,10250.42,10250.54,37.08,36.92,131.75,132,39322.85,39323.31,-16.3,-16.3,-18.49,-18.49,-13.46,-13.46,-9.83,-9.83,-15.9,-15.9,-5.42,-5.42,-24.68,-24.68,-11.22,-11.22,-26.12,-26.12,-14.56,-14.56,-18.71,-18.71,-16.49,-16.49,-25,-25,6438.23,6438.3,-26.26,-26.28,39322.85,39323.31,25.24,25.24,3632.04,3632.08,3228.48,3228.52,9039.74,9039.84,14528.15,14528.32,1923.71,1923.71,74.68,76.44,0.71,0.71,42.37,40.96,63.29,63.32,1.11,1.11,76.85,76.85,0.46,0.46,52.91,52.91,525,525,75.75,75.81,123.88,124.15,83.49,83.75,12.93,13.7,726.41,726.42,9.15,9.17,28.71,26.57,77.63,77.67,-96.87,-97.22,1.28,1.28,93.59,93.59,696.41,713.69,0,0,104,104,43.09,42.91,-27.02,-27.02,1433.89,1433.74,0.26,0.26,168.17,168.81,25.39,25.23,9.68,9.68,3557.36,3557.36,0.6,0.6,42.07,41.3,86.06,86.14,-148.79,-148.79,-3.97,-3.97,13.36,13.36,97174.59,97175.72,83292.5,84329.46,111536,110321,4842.72,4842.77,2.08,2.08,-24.9,-24.9,1.8644E+12,1.973E+12,21767.11,21670.19,0.32,0.32,121.76,121.39
Fleeb,63.78,64,98.54,98.47,66.38,66.38,1.56,1.52,19.75,19.74,12.59,12.59,12286.49,12224.3,45.17,45,63.75,63.75,-34.79,-34.79,-15.23,-15.23,-15.2,-15.2,-8.12,-8.12,0,0,-15.62,-15.62,-15.87,-15.87,-18.17,-18.17,-26.83,-26.83,-22.14,-22.14,-13.42,-13.42,-22.83,-22.83,-18.71,-18.71,-18.14,-18.14,-10.84,-10.84,-25.45,-25.45,0,0,29.93,29.93,5026.29,5000.85,11076.46,11020.39,16568.15,16484.28,837.72,833.47,4388.24,4388.24,64.1,65.73,0.49,0.49,73.17,71.17,94.76,94.78,0.82,0.82,67.36,67.36,13.24,13.24,61.83,61.83,569,569,98.01,98.06,135.27,135.5,91.87,91.87,8.05,8.82,11821.09,11761.26,6.47,6.47,42.14,40,73.36,73.4,-88.22,-88.57,11.6,11.6,92.33,92.33,566.04,581.63,-31,-31,144,144,48.37,47.98,2885.46,2870.86,1589.18,1589.09,0.18,0.18,116.47,116.47,7.45,7.43,3.61,3.61,3721.26,3721.26,0.5,0.5,46.95,46.18,93.1,93.1,-193.29,-193.29,148.61,148.61,11.06,11.06,83399.21,82977.04,65913.24,66464.2,102833,101114,12472.65,12409.51,1.69,1.69,-23.24,-23.24,5.702E+11,5.775E+11,22184.19,22071.89,0.56,0.56,162.89,162.53
Burdestahn,65.83,66.17,66.67,60.44,76,76,5.62,4.3,31.13,30.8,44.28,44.28,0,0,42.25,41.75,130.5,132.75,4159.47,3979.8,4991.37,4775.77,5545.96,5306.41,1317.17,1260.27,5130.02,4908.43,554.6,530.64,242.64,232.16,0,0,1213.18,1160.78,-7.07,-7.07,693.25,663.3,3466.23,3316.5,6239.21,5969.71,5545.96,5306.41,2287.71,2188.89,4657.64,4214.35,9948.07,9518.37,8,8,1646.46,1575.34,779.9,746.21,433.28,414.56,-3.16,-3.16,12.64,12.64,17.8,23.25,14.16,14.16,66.95,62.8,31.6,31.69,3.03,3,50,50,1,1,50,50,116,116,57.92,58.6,66.69,72.37,71.36,71.79,14.46,12.41,953.21,912.04,65.26,66.71,61,54.33,7.57,7.78,110.15,108.3,0.74,0.74,94,94,317.87,355.12,-8,-8,64,64,70.73,69.76,173.31,165.83,621.17,662.02,0.53,0.5,84.42,85.31,12.67,12.08,18.84,18.84,647.66,647.66,2.02,1.94,40.54,42.59,56.06,54.87,72.8,72.8,51.96,51.96,105.5,105.5,60810.52,57941.71,23900.65,26424.5,134265,113675,1039.87,994.95,8.73,7.48,-3.16,-3.16,37700000000,52600000000,56188.92,53422.26,13.21,13.19,19.82,17.78
The Multi-Continental Provinces,68.67,69.67,7,5.33,8,8,1.15,1.12,33.83,34.17,39.43,39.43,877.71,813.02,38,36.5,139.5,144,-5.29,-5.29,-2.53,-2.53,-2.83,-2.83,-6.32,-6.32,-7.87,-7.87,-7.16,-7.16,-4.47,-4.47,-7.14,-7.14,453.48,420.06,-6.93,-6.93,906.96,840.12,-10.82,-10.82,760.68,704.62,-5.29,-5.29,994.73,921.42,7.02,6.5,0,0,17.61,17.61,841.14,779.14,987.42,914.65,1353.13,1253.4,767.99,711.39,9.56,9.56,87.19,89.57,11.33,11.33,12.94,12.56,23.19,23.5,19.74,19.34,53.09,53.09,1,1,51.48,51.48,111,111,67.88,67.95,97.07,97.5,68.43,68.13,32.99,34.04,1243.42,1151.78,60.6,59.65,-93,-94.67,73.27,73.31,-13.02,-13.4,24.66,24.66,91.43,91.43,2454.83,2465.86,-4,-4,64,64,75.38,75.28,950.85,880.77,788.43,782.63,0.33,0.33,258.72,261.87,9.74,9.73,24.09,24.09,677.4,677.4,1.75,1.76,22.01,20.96,44.67,44.35,-10,-10,-17.32,-17.32,107.82,107.82,15074.32,13963.33,14024.37,13176.01,16084,14711,1097.13,1016.27,2.42,2.42,512,474.26,2200000000,2800000000,4024.84,3728.21,13.29,13.23,7.41,7.35
Cekan,74.06,74.18,91.04,90.42,73.14,73.14,1.66,1.62,19.96,19.94,46.76,46.76,11923.88,11923.96,29.91,29.73,97.75,97.75,-16.91,-16.91,-11.17,-11.17,-14.7,-14.7,-5.25,-5.25,-14.95,-14.95,-12.43,-12.43,-17.09,-17.09,-23.33,-23.33,-8.49,-8.49,-16.61,-16.61,-16.91,-16.91,-13.56,-13.56,-13.64,-13.64,-20.07,-20.07,-1.71,-1.71,-14.85,-14.85,0,0,27.11,27.11,6059.68,6059.72,15246.93,15247.03,5082.31,5082.34,3420.79,3420.81,17.41,17.41,60.38,61.76,18.34,18.34,38.53,37.79,70.93,70.95,1.01,1.01,45.31,45.31,10.82,10.82,52.91,52.91,406,406,79.74,79.8,116.67,116.98,91.72,91.73,14.56,15.25,7525.73,7525.78,105.85,105.91,47.12,45.25,91.3,91.31,-152.21,-152.52,1.15,1.15,93.63,93.63,352.97,363.53,12,12,84,84,46.28,46.05,1759.26,1759.27,1354.53,1354.44,0.18,0.18,189.49,189.49,8.31,8.3,18.06,18.06,2581.18,2581.18,0.68,0.68,40.44,39.75,77.65,77.21,-174.19,-174.19,121.61,121.61,109.7,109.7,73018.73,73019.18,55899.29,56580.78,92584,91608,11630.67,11630.74,1.98,1.98,1954.73,1954.75,5.675E+11,5.901E+11,6352.63,6352.67,20.1,20.1,118.89,118.49
Flitswarm Raido,90,90,6,6,82,82,1.12,1.12,34.18,34.18,45.83,45.83,350.53,350.53,10,10,202.5,202.5,-6.93,-6.93,150.59,150.59,1289.94,1289.94,168.25,168.25,-5.29,-5.29,11.22,11.22,-8.94,-8.94,1254.61,1254.61,-6.93,-6.93,168.25,168.25,-5.29,-5.29,1163.75,1163.75,-2.83,-2.83,1009.52,1009.52,-2.83,-2.83,67.3,67.3,1289.94,1289.94,15.07,15.07,1402.11,1402.11,841.27,841.27,455.69,455.69,420.63,420.63,9.32,9.32,88.97,88.97,16.66,16.66,28.54,28.54,38.34,38.34,1.94,1.94,51.62,51.62,1,1,51.48,51.48,97,97,66.15,66.15,104.6,104.6,68.12,68.12,39.27,39.27,666,666,83.76,83.76,-94,-94,65.81,65.81,17.64,17.64,0.7,0.7,94.17,94.17,403.75,403.75,0,0,64,64,75.38,75.38,595.9,595.9,548.49,548.49,0.4,0.4,358.84,358.84,9.66,9.66,25.11,25.11,488.8,488.8,2.2,2.2,15.73,15.73,43.95,43.95,51.48,51.48,44.16,44.16,105.16,105.16,13829.28,13829.28,13003.65,13003.65,14616,14616,946.42,946.42,2.55,2.55,490.74,490.74,1.979E+11,2.009E+11,4729.61,4729.61,4.64,4.64,7.28,7.28
Eccentric Samurai,57.33,57.33,57.33,57.33,57.33,57.33,3.61,3.61,32.67,32.67,42,42,378.23,378.23,50,50,112.5,112.5,-6.32,-6.32,6220.55,6220.55,-4.47,-4.47,-8.37,-8.37,-4.47,-4.47,5045.53,5045.53,-7.07,-7.07,5380.89,5380.89,-5.48,-5.48,-8.37,-8.37,4538.71,4538.71,-7.75,-7.75,-3.16,-3.16,-5.48,-5.48,-5.48,-5.48,-3.46,-3.46,0,0,9.33,9.33,1134.68,1134.68,1134.68,1134.68,1512.9,1512.9,378.23,378.23,119.98,119.98,27.72,27.72,12,12,49.93,49.93,21.74,21.74,21.49,21.49,50,50,1,1,50,50,100,100,56.72,56.72,57.19,57.19,69.56,69.56,0.56,0.56,1512.9,1512.9,73.16,73.16,50,50,28,28,77.47,77.47,3.24,3.24,93.2,93.2,610.35,610.35,0,0,64,64,67.65,67.65,1008.6,1008.6,483.85,483.85,0.32,0.32,126.07,126.07,10.3,10.3,17.16,17.16,519.78,519.78,2.43,2.43,54.44,54.44,52.73,52.73,45.83,45.83,-55.68,-55.68,100.2,100.2,35684.31,35684.31,17930.92,17930.92,64696,64696,1008.6,1008.6,10.54,10.54,126.08,126.08,9600000000,10800000000,25692.71,25692.71,7.09,7.09,17.3,17.3
Warzone Spokane,75.67,76.67,18.33,17.83,17,17,1.29,1.28,30.48,30.59,45.83,45.83,1045.24,1018.55,27.5,26,164.25,166.5,-2,-2,3411.66,3324.56,1170.67,1140.78,2968.48,2892.7,2424.96,2363.05,-9.88,-9.88,87.8,85.56,4599.06,4481.64,-7.35,-7.35,-8,-8,-9.17,-9.17,689.86,672.25,125.43,122.23,-2,-2,434.82,423.72,334.48,325.94,1258.47,1226.34,15.2,15.2,1933.69,1884.33,1097.5,1069.48,992.98,967.63,679.41,662.06,8.6,8.6,77.47,77.88,15.9,15.9,17.58,17.4,29.06,29.33,7.15,6.28,52.64,52.64,1,1,50.5,50.5,131,131,65.84,65.84,86.89,87.15,72.23,72.07,29.62,30.29,992.98,967.63,84.37,83.11,-81.67,-82.17,52.37,52.4,26.25,26.17,16.94,16.94,91.93,91.93,1005.22,991.34,0,0,64,64,76.34,76.24,783.93,763.92,932.22,926.28,0.31,0.32,246.48,251.1,9.96,9.96,28.62,28.62,828.46,828.46,1.6,1.6,25.38,24.71,48.96,48.68,-79.69,-79.69,95.66,95.66,104.1,104.1,28963.61,28224.15,25313.14,24737.09,32676,31761,1724.65,1680.62,2.57,2.57,574.88,560.21,1.0711E+12,1.2006E+12,13786.68,13434.7,3.68,3.62,10.81,10.62
Zulankan Peoples Militia,78.22,78.44,35.78,32.44,64.67,64.67,1.22,1.19,24.66,24.76,43,43,3512.11,3362.83,23.67,23.33,173.25,173.25,-12.65,-12.65,-4,-4,-8.25,-8.25,-4.24,-4.24,917.83,878.82,-9.38,-9.38,-10.1,-10.1,-9.49,-9.49,-5.48,-5.48,-8.37,-8.37,-9.49,-9.49,624.38,597.84,-5.48,-5.48,-14.39,-14.39,1248.75,1195.67,-6.99,-6.99,0,0,20.69,20.69,5151.1,4932.15,4526.72,4334.32,2185.31,2092.43,2263.36,2167.16,15.84,15.84,82.12,84.27,13,13,32.63,31.05,38.24,38.29,1.95,1.94,50,50,4.48,4.48,50,50,202,202,71.49,71.58,105.85,106.34,84.8,84.47,21.41,22.36,2809.69,2690.27,82.51,82.44,-80.17,-82.67,81.54,81.58,-53.24,-53.66,1.65,1.65,93.49,93.49,592.85,610.35,0,0,60,60,76.52,76.33,1717.03,1644.05,1113.6,1113.33,0.28,0.28,283.7,283.7,9.63,9.6,18.11,18.11,1262.99,1262.99,1.14,1.14,33.59,32.64,57.03,56.47,-71.76,-71.76,41.83,41.83,107.5,107.5,36195.05,34656.6,32623.57,31667.97,39728,37577,2887.74,2765,2.24,2.23,1638.99,1569.32,6.617E+11,7.358E+11,6696.08,6376.82,9.12,9.12,11.04,10.65
2nd Ghillemearan Marine Brigade,62.33,64.17,9,5.5,77.33,77.33,1.19,1.12,32.65,33.64,45.83,45.83,639.75,522.48,46.25,44.75,121.5,126,1450.09,1184.29,-3.79,-3.79,881.43,719.86,-5.66,-5.66,-2.19,-2.19,1637.75,1337.55,318.45,260.08,-6,-6,-10,-10,-7.62,-7.62,454.93,371.54,-8.77,-8.77,881.43,719.86,28.43,23.22,-9,-9,176.29,143.97,2649.97,2164.22,17.61,17.61,1599.37,1306.2,995.16,812.75,1030.7,841.77,568.66,464.43,9.45,9.45,83.7,89.42,16.66,16.66,30.97,27.59,30.86,31.12,3.34,3.22,48.6,48.6,1,1,51.48,51.48,108,108,69.44,69.66,108.1,108.51,69.59,68.6,23.88,25.55,1279.49,1044.96,81.62,80.83,-91,-94.5,67.99,68.09,-5.13,-6.01,0.73,0.73,94.04,94.04,714.11,731.83,-4,-4,64,64,75.36,75.07,781.91,638.59,1016.38,1015.47,0.29,0.29,227.59,230.55,9.37,9.34,24.55,24.55,612.13,612.13,1.5,1.51,31.12,29.45,45.16,44.17,57.45,57.45,-14.14,-14.14,109.39,109.39,19883.33,16238.65,18102.73,15309.57,21629,17122,1066.24,870.8,2.33,2.32,675.29,551.51,42400000000,45900000000,6362.66,5180.13,16.14,16.09,7.75,7.52
Everrly,29.33,33.33,65.89,64.22,13,13,2.43,2.35,28.5,28.37,42,42,2922.55,2911.86,71,68,65.25,72,-12.49,-12.49,-6.07,-6.07,4676.07,4658.97,-8.37,-8.37,7823.43,7794.82,-9.72,-9.72,179.85,179.19,-8.03,-8.03,2158.19,2150.3,1079.09,1075.15,-9.27,-9.27,3327.21,3315.04,2877.58,2867.06,-9.8,-9.8,-6.24,-6.24,6848.92,6796.99,4855.92,4838.16,11.75,11.75,1124.06,1119.95,1798.49,1791.91,1910.9,1903.91,1348.87,1343.93,125.17,125.17,41.1,42.63,12,12,28.98,28.31,1.74,2.02,34.22,33.68,50,50,2.52,2.52,50,50,177,177,58.67,58.73,60.75,62.14,75.41,75.65,20.47,19.08,1461.27,1455.93,101.48,99.33,51.83,49.33,34.51,34.67,62.4,61.97,20.96,20.96,91.66,91.66,1532.86,1510.69,0,0,64,64,65.23,64.58,1011.65,1007.95,1006.81,1011.63,0.25,0.25,60.41,68.6,13.2,12.98,17.14,17.14,1075.58,1075.58,1.53,1.52,34.53,35.92,56.09,55.72,91.92,91.92,-57.01,-57.01,100.62,100.62,47054.17,46855.2,29301.56,29760.43,71301,69813,786.84,783.96,7.34,7.23,224.81,223.99,1.8815E+12,2.5203E+12,30820.48,30596.44,8.07,7.96,16.34,15.74
Electric Samurai,57.33,57.33,57.33,57.33,57.33,57.33,3.61,3.61,32.8,32.8,42,42,308.44,308.44,50,50,112.5,112.5,-4.47,-4.47,-8.2,-8.2,-5.48,-5.48,3290.01,3290.01,2467.5,2467.5,-7.19,-7.19,0,0,5161.2,5161.2,4523.76,4523.76,2056.25,2056.25,-6.32,-6.32,1645,1645,5346.26,5346.26,-4.47,-4.47,4112.51,4112.51,3290.01,3290.01,0,0,9.33,9.33,925.31,925.31,925.31,925.31,1233.75,1233.75,308.44,308.44,119.98,119.98,27.72,27.72,12,12,49.93,49.93,25.18,25.18,16.96,16.96,50,50,1,1,50,50,100,100,56.72,56.72,57.19,57.19,69.43,69.43,0.56,0.56,1233.75,1233.75,68.04,68.04,50,50,18.78,18.78,84.58,84.58,3.24,3.24,93.2,93.2,610.35,610.35,0,0,64,64,68.1,68.1,822.5,822.5,478.99,478.99,0.32,0.32,126.07,126.07,13.61,13.61,17.16,17.16,516.73,516.73,2.45,2.45,54.44,54.44,52.68,52.68,-76.81,-76.81,66.33,66.33,100.2,100.2,43715.96,43715.96,21966.73,21966.73,79257,79257,822.5,822.5,10.54,10.54,102.81,102.81,10100000000,11300000000,35497.36,35497.36,7.09,7.09,11.86,11.86
Flitswarm Ansuz,90,90,6,6,82,82,1.12,1.12,34.56,34.56,45.83,45.83,334.24,334.24,10,10,202.5,202.5,-4.24,-4.24,1148.57,1148.57,579.36,579.36,1359.26,1359.26,1738.07,1738.07,1507.11,1507.11,-10.95,-10.95,1142,1142,467.94,467.94,22.28,22.28,579.36,579.36,-6.86,-6.86,1136.43,1136.43,-4.24,-4.24,690.77,690.77,53.48,53.48,579.36,579.36,15.13,15.13,1114.15,1114.15,668.49,668.49,362.1,362.1,334.24,334.24,9.32,9.32,88.97,88.97,16.66,16.66,28.54,28.54,40.37,40.37,1.79,1.79,51.62,51.62,1,1,51.48,51.48,103,103,66.15,66.15,104.6,104.6,67.8,67.8,39.27,39.27,529.22,529.22,84.14,84.14,-94,-94,48.57,48.57,28.15,28.15,0.7,0.7,94.17,94.17,403.75,403.75,0,0,64,64,75.38,75.38,473.51,473.51,597.04,597.04,0.39,0.39,359.3,359.3,9.78,9.78,25.11,25.11,554.73,554.73,2.07,2.07,15.73,15.73,43.84,43.84,-69.64,-69.64,86.31,86.31,105.16,105.16,17271.06,17271.06,16239.96,16239.96,18253,18253,752.05,752.05,2.55,2.55,389.95,389.95,1.95E+11,1.969E+11,8877.33,8877.33,4.64,4.64,7.47,7.47
Greek People Nation,65.83,65.94,93.83,93,30.48,30.48,1.41,1.37,20.23,20.22,14.57,14.57,13821.11,13747.55,42.25,42.08,134.5,134.5,-25.38,-25.38,-13.39,-13.39,-16.79,-16.79,-7.1,-7.1,-13.96,-13.96,-14.34,-14.34,-11.04,-11.04,-22.98,-22.98,-21.84,-21.84,-20.1,-20.1,-21.54,-21.54,-16.43,-16.43,-16.25,-16.25,-22.16,-22.16,-10.71,-10.71,-20.42,-20.42,0,0,28.88,28.88,7615.71,7575.18,11376.56,11316.01,15231.43,15150.36,1222.28,1215.77,658.89,658.89,70.81,72.82,0.63,0.63,37.38,36.12,77.34,77.36,0.95,0.95,57.85,57.85,10.01,10.01,50.99,50.99,525,525,92.83,92.9,116.93,117.24,91.54,91.54,15.62,16.51,21154.76,21042.17,6.23,6.23,33.5,31,78.99,79.03,-135.16,-135.58,53.58,53.58,86.06,86.06,868.13,890.92,-12,-12,95,95,41.34,41.09,-9.49,-9.49,1487.15,1487.03,0.18,0.18,131.99,131.99,8.2,8.17,15.09,15.09,3451.26,3451.26,0.56,0.56,39.38,38.49,80.48,79.82,-185.89,-185.89,126.13,126.13,52.17,52.17,78413.65,77996.32,65344.71,65967.04,92276,90589,7991.8,7949.27,1.75,1.75,-11.4,-11.4,1.4089E+12,1.4807E+12,16466.87,16379.23,23.29,23.29,132.91,132.44
Cherno Alpha,71.6,71.87,66.56,64.89,40,40,1.37,1.33,22.35,22.36,40.78,40.78,6153.49,6068.26,33.6,33.2,150.75,150.75,-14.7,-14.7,-7.8,-7.8,-7.75,-7.75,-5.25,-5.25,-7.7,-7.7,-10.51,-10.51,-6.48,-6.48,-16.79,-16.79,183.3,180.76,-13.27,-13.27,-11.66,-11.66,1256.88,1239.47,-8.72,-8.72,-13.27,-13.27,190.63,187.99,-13.24,-13.3,0,0,17.18,17.18,1571.1,1549.34,10866.8,10716.29,2749.43,2711.35,2880.36,2840.46,152.93,152.93,72.95,74.99,10.55,10.55,27.37,26.4,30.7,30.77,3.42,3.39,50,50,6.85,6.85,50,50,240,240,65.1,65.21,99.8,101.12,90.37,90.36,16.73,17.69,3011.28,2969.57,58.64,58.53,30.83,28.33,77.46,77.51,-9.24,-9.65,4.96,4.96,92.97,92.97,745.4,764.41,-2,-2,62,62,51.1,50.75,1047.4,1032.9,1114.26,1113.97,0.39,0.39,186.9,186.9,9.29,9.27,17.01,17.01,1434.03,1434.03,1.14,1.14,38.27,37.31,63.84,63.4,-60.17,-60.17,24.9,24.9,103.37,103.37,40253.77,39696.23,34078.86,34100.57,46713,45474,2880.36,2840.46,2.64,2.63,1571.1,1549.34,3.3532E+12,5.7195E+12,9057.1,8931.65,14.04,14.04,19.75,19.06
Maximilian Thermidor,66.44,66.67,32.67,29.33,72.67,72.67,1.35,1.31,28.44,28.59,43.68,43.68,1559.71,1463.55,41.33,41,132.75,132.75,-17.15,-17.15,-9.55,-9.55,-10.68,-10.68,2308.37,2166.05,1385.02,1299.63,13775.36,12926.08,-4.24,-4.24,-13.25,-13.25,-12.12,-12.12,-10.2,-10.2,-4.9,-4.9,-12,-12,187.17,175.63,187.17,175.63,-8.83,-8.83,-13.27,-13.31,0,0,14.07,14.07,1559.71,1463.55,2105.61,1975.79,2027.62,1902.62,1013.81,951.31,8.01,8.01,74.04,76.09,13.62,13.62,46.22,44.43,30.35,30.4,3.86,3.76,46.97,46.97,2.52,2.52,50,50,140,140,65.9,66,105.82,106.31,75.53,75.26,16.2,17.14,2027.62,1902.62,55.51,55.45,-70.5,-73,53.03,53.17,33.69,33.27,0.82,0.82,93.8,93.8,561.2,578.23,-8,-8,64,64,77.23,76.96,935.83,878.13,1014.31,1013.65,0.34,0.34,71.76,71.76,9.36,9.33,32.07,32.07,872.89,872.89,1.51,1.51,38.8,37.86,51.74,50.99,-101.98,-101.98,68.56,68.56,107.5,107.5,33284.2,31232.17,28399.21,27036.8,38359,35535,1247.77,1170.84,2.57,2.56,389.93,365.89,1.0203E+12,1.5282E+12,15643.58,14616.65,15.89,15.89,16.11,15.23
Alaskan-Empire,15.5,17,66,59.11,8,8,4.93,3.84,29.75,29.63,44.83,44.83,596.66,570.54,84.5,83,36,38.25,2784.39,2662.54,954.65,912.87,7159.86,6846.52,-8.94,-8.94,1511.53,1445.38,2545.73,2434.32,-6.16,-6.16,-6.71,-6.71,1193.31,1141.09,-6.32,-6.32,4375.47,4183.98,-5.1,-5.1,-6.32,-6.32,2386.62,2282.17,4972.13,4754.53,1550.79,1205.25,9944.25,9509.05,12.77,12.77,2088.29,1996.9,1193.31,1141.09,2287.18,2187.08,298.33,285.27,932.65,932.65,20.29,26.07,16.29,16.29,25.99,24.47,3.11,3.89,33.13,32.86,47.8,47.8,1,1,51.96,51.96,109,109,63.3,63.86,78.95,81.37,73.3,73.5,28.76,26.04,1491.64,1426.36,112.02,111.95,58,51.33,33.25,33.99,62.5,60.64,24.66,24.66,91.43,91.43,2172.21,2499.2,-8,-8,69,69,67.52,66.05,795.54,760.72,730.05,776.24,0.23,0.23,19.33,19.75,11.89,11.3,13.81,13.81,605.86,605.86,1.83,1.76,26.24,28.96,56.24,54.97,111.13,111.13,-57.88,-57.88,106.51,106.51,52071.57,49515.06,22020.31,24059.55,108523,92272,1292.75,1236.18,2.86,2.78,1392.2,1331.27,23700000000,29600000000,34731.74,32679.94,15.71,15.68,24.53,22.13
The Penrose Sphere,20,21.5,6,4,58.67,58.67,1.12,1.08,34.55,35.51,45.34,45.34,316.31,258.43,80,78.5,45,49.5,-8.94,-8.94,-8,-8,-7.75,-7.75,1492.99,1219.77,253.05,206.74,5324.14,4349.81,-10,-10,-8.66,-8.66,-12.25,-12.25,-6.32,-6.32,-9.49,-9.49,-10.63,-10.63,-10.95,-10.95,-5.48,-5.48,455.49,372.13,364.39,297.71,0,0,13.93,13.93,917.3,749.43,600.99,491.01,790.78,646.06,221.42,180.9,8.55,8.55,88.97,92.58,15.51,15.51,22.52,20.36,23.04,23.35,19.94,19.54,52.64,52.64,1,1,50.5,50.5,109,109,69.23,69.35,103.35,103.68,67.81,67.06,25.59,25.75,664.25,542.69,107.34,106.98,-94,-96,49.39,49.57,34.14,33.61,3,3,93.23,93.23,2454.83,2488.04,-8,-8,64,64,75.49,75.29,379.57,310.11,887.19,891.92,0.22,0.22,105.97,107.99,9.2,9.18,28.94,28.94,640.41,640.41,1.64,1.64,29.41,29.25,44.02,43.32,-101.98,-101.98,86.02,86.02,108.77,108.77,14912.14,12183.19,14021.87,11698.29,15760,12637,822.41,671.91,2.34,2.34,284.68,232.58,74900000000,88900000000,7545.54,6140.33,13.62,13.57,9.12,8.84
Selucrayse,73.47,73.73,33.33,30,72.67,72.67,1.47,1.43,28.37,28.37,45.83,45.83,2473.83,2398.87,30.8,30.4,157.5,157.5,-10,-10,-6.32,-6.32,-9.7,-9.7,-6.32,-6.32,5277.51,5117.6,-7.75,-7.75,-11.05,-11.05,-12.25,-12.25,-5.48,-5.48,-8.37,-8.37,-7.07,-7.07,-8.83,-8.83,1799.15,1744.64,389.82,378,3268.46,3169.42,-12.41,-12.41,0,0,17.03,17.03,2923.62,2835.03,1724.19,1671.94,1199.43,1163.09,1499.29,1453.86,1229.34,1229.34,68.05,70.02,18.02,18.02,42.48,40.6,34.22,34.28,2.41,2.4,52.16,52.16,1,1,53.38,53.38,178,178,68.43,68.53,100.98,101.89,75.65,75.65,21.67,22.63,1724.19,1671.94,73.4,73.29,-76,-78.5,68.8,68.85,2.53,2.11,0.92,0.92,93.73,93.73,522.61,538.54,-8,-8,67,67,76.12,75.93,1199.43,1163.09,1093.31,1092.99,0.35,0.35,277.56,277.56,10.9,10.68,12.47,12.47,1097.86,1097.86,1.21,1.21,33.33,32.37,52.05,51.61,-62.45,-62.45,-28.28,-28.28,110,110,34573.7,33526.09,28209.39,27771.61,41451,39662,1799.15,1744.64,2.39,2.38,974.54,945.01,96800000000,1.463E+11,10787,10460.14,12.83,12.83,12.82,12.35
Acro flagellant no1342,77.11,77.56,20.33,13.67,77.33,77.33,1.62,1.38,34.05,34.66,45.34,45.34,261.58,214.84,25.33,24.67,168.75,171,1799.64,1478.11,3164.02,2598.72,753.34,618.74,460.37,378.12,2008.9,1649.98,3549.06,2914.96,3473.73,2853.09,156.95,128.9,272.04,223.43,-13.19,-13.19,1171.86,962.49,-9.43,-9.43,544.08,446.87,1590.38,1306.23,1109.08,910.93,-6.8,-7.36,6026.71,4949.94,10.44,10.44,837.04,687.49,470.84,386.71,104.63,85.94,-3.16,-3.16,768.24,768.24,61.7,72.28,17.01,17.01,41.12,35.93,33.37,33.48,2.56,2.54,51.62,51.62,1,1,52.44,52.44,116,116,60.5,61.16,82.18,86.97,68.23,67.72,26.32,28.76,1203.25,988.27,28.83,29.42,-77.67,-84.33,19.24,19.85,78.04,76.23,0.73,0.73,94.07,94.07,444.44,487.09,-8,-8,64,64,77.36,76.73,366.21,300.78,691.64,697.78,1.18,1.16,270.72,276.36,9.58,9.52,14.57,14.57,617.95,617.95,1.89,1.88,28.68,26.24,46.33,44.6,7.07,7.07,41.83,41.83,107.17,107.17,31882.98,26186.55,24692.13,22060.97,40018,30521,784.73,644.52,3.66,3.35,-10,-10,1.775E+11,2.83E+11,25761.45,21001.61,13.08,13.05,11.73,10.34
Flying Pig 13,67.33,69.33,56.33,49.67,61.33,61.33,3.56,3,33.13,32.85,42,42,398.35,378.15,40,37,135,141.75,4381.89,4159.69,3479.62,3303.17,-6.32,-6.32,-6.32,-6.32,-5.29,-5.29,2471.79,2346.44,3983.54,3781.53,497.94,472.69,-7.07,-7.07,2788.48,2647.07,3585.19,3403.38,3585.19,3403.38,1593.42,1512.61,-7.07,-7.07,1593.42,1512.61,5538.18,5064.48,8365.43,7941.22,9.43,9.43,896.3,850.84,796.71,756.31,1195.06,1134.46,597.53,567.23,119.98,119.98,28.09,33.35,12,12,51.06,48.36,25.49,26.08,16.47,15.49,50,50,1,1,50,50,104,104,56.23,56.77,55.98,60.29,69.09,69.38,5.14,7.81,1195.06,1134.46,49.77,48.94,49.25,44.25,18.06,18.59,85.09,83.66,2.55,2.55,93.31,93.31,514.73,529.79,0,0,64,64,68.07,66.98,796.71,756.31,463.85,461.51,0.41,0.43,167.56,181.07,10.08,9.96,17.16,17.16,538.58,538.58,2.52,2.53,49.86,47.19,52.57,51.56,-20,-20,-40,-40,100.2,100.2,45150.5,42668.04,22856.04,23722.15,81362,71140,796.71,756.31,11.18,10.47,99.59,94.54,1.286E+11,1.759E+11,36978.26,34731.78,6.64,6.5,15.1,13.75
Zerzind,54,56,69.33,66,45.33,45.33,5.14,4.19,29.29,29.06,47.2,47.2,331.88,324.65,52.5,51,108,110.25,4248.02,4155.49,5652.18,5529.08,2256.76,2207.61,5177.27,5064.51,3783.39,3700.99,6801.14,6653.01,418.16,409.06,-5.61,-5.61,3916.14,3830.85,597.38,584.37,-1.41,-1.41,4181.64,4090.56,597.38,584.37,-4.69,-4.69,-5.02,-5.02,-5.61,-6.1,6922.94,6772.16,12.21,12.21,2240.16,2191.37,1078.6,1055.11,1078.6,1055.11,663.75,649.3,923.69,923.69,19.44,23.86,18.02,18.02,46.48,44.41,24.02,24.32,18.65,18.23,47.8,47.8,1,1,51.96,51.96,107,107,60.94,61.41,77.7,81.34,74.04,74.43,7.43,5.26,663.75,649.3,104.97,104.77,59,54,18.87,19.31,81.28,79.95,5.98,5.98,92.85,92.85,630.87,660.16,0,0,69,69,68.26,67.21,497.81,486.97,1024.83,1032.33,0.27,0.27,55.45,56.17,9.97,9.92,13.85,13.85,599.13,599.13,1.47,1.45,47.57,49.74,58.14,57.15,-73.48,-73.48,93.81,93.81,106.84,106.84,65271.42,63849.82,26952.88,29542.45,138624,123813,1327.5,1298.59,3.44,3.27,912.66,892.78,12500000000,17500000000,52935.12,51526.8,8.31,8.27,29.84,27.53
Heeirsman,21.5,23,77.33,72.89,66.67,66.67,12.04,8.22,33.99,33.18,37.37,37.37,496.33,483.91,78.5,77,49.5,51.75,3414.76,3329.3,-3.35,-3.35,-5.83,-5.83,1350.02,1316.24,5082.44,4955.24,8640.14,8423.91,-4.1,-4.1,6750.11,6581.18,2541.22,2477.62,-3.74,-3.74,5797.16,5652.07,6591.29,6426.33,1032.37,1006.53,-2,-2,4844.2,4722.96,2414.16,2353.74,3414.76,3329.3,8.66,8.66,-4.47,-4.47,794.13,774.26,1489,1451.73,397.07,387.13,12.97,12.97,8.31,12.17,6.84,6.84,71.18,67.46,22.33,22.64,20.8,20.42,50,50,1,1,50,50,116,116,54.96,55.79,50.56,56.82,68.29,69.05,21.41,18.69,1489,1451.73,59.62,60.28,75,68.33,8.8,8.99,105.26,103.55,1.51,1.51,93.52,93.52,566.41,607.64,-4,-4,64,64,73.09,72.31,694.86,677.47,404.83,443.25,0.31,0.31,27.42,27.92,13.33,12.75,18.69,18.69,654.39,654.39,2.88,2.63,33.59,36.31,58.16,57.08,-62.85,-62.85,47.43,47.43,101.04,101.04,60905.87,59381.59,15453.73,18809.09,186055,154577,694.86,677.47,12.68,11.74,-7.07,-7.07,1100000000,3500000000,55546.16,54037.25,14.51,14.48,28.89,26.19
Kobe Island,45,47,46.67,37.78,76.67,76.67,2.76,2.28,29.48,29.67,45.34,45.34,831.22,757.83,59.25,57.75,92.25,96.75,2925.9,2667.55,319.19,291.01,-9.06,-9.06,265.99,242.5,-1.1,-1.1,14512.48,13231.06,-3.95,-3.95,2410.54,2197.7,1263.46,1151.9,-13.86,-13.86,-10.58,-10.58,-10.82,-10.82,-8.49,-8.49,-9.06,-9.06,-6.48,-6.48,106.4,97,2925.9,2667.55,13.93,13.93,2410.54,2197.7,1579.32,1439.87,1413.08,1288.31,581.86,530.48,791.5,791.5,36.28,43.88,17.01,17.01,54.54,50.08,27.61,27.89,12.33,11.54,51.62,51.62,1,1,52.44,52.44,115,115,63.12,63.66,102.22,103.58,73.74,73.43,14.35,16.07,1246.83,1136.74,99.03,98.77,42,35.33,41.93,42.5,46.87,45.16,0.73,0.73,94.04,94.04,556.66,597.53,0,0,64,64,55.4,53.61,997.47,909.39,860.6,868.9,0.24,0.24,172.66,175.23,9.58,9.52,14.47,14.47,649.45,649.45,1.67,1.66,40.65,38.93,53.5,52.07,-74.83,-74.83,38.73,38.73,103.37,103.37,44393.26,40473.44,25840.85,26109.73,71221,59509,1828.69,1667.22,2.89,2.81,914.34,833.61,2300000000,5100000000,25792.48,23272.23,6.69,6.59,19.29,17.29
The Meanity Ibyviliacken,59.33,61.33,75.33,70.89,79.33,79.33,9.95,7.02,32.42,31.81,43.68,43.68,173.23,168.77,48.5,47,117,119.25,3118.17,3037.78,3326.05,3240.3,4434.73,4320.39,-3.16,-3.16,-4.9,-4.9,10951.72,10669.35,4365.44,4252.89,3031.56,2953.39,4850.49,4725.43,-6.32,-6.32,2425.25,2362.72,5682,5535.5,692.93,675.06,5889.88,5738.02,6305.64,6143.06,1663.03,1620.15,11918.35,11611.06,8.6,8.6,1126.01,1096.97,692.93,675.06,952.78,928.21,259.85,253.15,451.62,451.62,10.05,14.25,14.64,14.64,77.05,72.83,31.87,32.13,2.94,2.86,51.62,51.62,1,1,50.99,50.99,112,112,55.21,56.03,55.92,62.53,69.83,70.52,17.73,16.01,606.31,590.68,67.19,67.9,72,65.33,7.27,7.46,113.42,111.71,0.7,0.7,94.17,94.17,263.19,291.53,0,0,68,68,72.39,71.56,346.46,337.53,493.75,529.16,0.38,0.37,63.04,63.82,11.54,10.95,16.02,16.02,622.8,622.8,2.39,2.26,37.27,38.99,57.81,56.71,80.31,80.31,-7.07,-7.07,87.18,87.18,67996.96,66243.79,19282.72,22960.12,191941,161153,779.54,759.44,12.4,11.44,0,0,4000000000,11200000000,63033.18,61275.5,4.46,4.36,34.43,31.4
Ii dunno,65.5,66.5,65.33,57.78,75.33,75.33,4.73,3.7,31.42,31.06,43.68,43.68,308.45,294.68,42.75,41.25,130.5,132.75,555.21,530.42,3997.54,3819.05,6354.12,6070.41,3639.74,3477.22,4996.93,4773.81,8372.33,7998.5,431.83,412.55,-1.22,-1.22,586.06,559.89,1789.02,1709.14,3948.19,3771.9,3979.04,3801.37,1172.12,1119.78,4256.64,4066.58,2776.07,2652.12,2625.81,2293.45,7341.17,7013.38,9.9,9.9,1156.7,1105.05,771.13,736.7,848.24,810.37,77.11,73.67,619.71,619.71,21.16,27.05,15.09,15.09,64.4,60.2,31.29,31.55,3.15,3.05,52.16,52.16,1,1,51.48,51.48,113,113,58.41,59.09,74.31,80.02,71,71.45,12.64,10.92,1002.47,957.71,69.76,70.49,57,50.33,8.77,8.98,103.92,102.06,0.75,0.75,93.97,93.97,350.99,383.6,-4,-4,68,68,69.9,68.84,462.68,442.02,796.9,839.77,0.5,0.48,203.4,204.8,9.93,9.86,15.27,15.27,619.56,619.56,1.74,1.69,42.36,44.08,55.07,53.88,62.05,62.05,80.31,80.31,95,95,66241.98,63069.12,28671.9,31273.08,135523,115598,848.24,810.37,7.85,6.43,154.23,147.34,5700000000,11300000000,60412.69,57392.9,12.24,12.21,22.81,20.53
Flower head island,67.83,68.83,61.33,52.44,72.67,72.67,5.14,3.98,33.08,32.76,44.28,44.28,0,0,39.25,37.75,137.25,141.75,4051.77,3780.18,-3.35,-3.35,1350.59,1260.06,6077.65,5670.26,2616.77,2441.36,3106.35,2898.13,844.12,787.54,-3.24,-3.24,1519.41,1417.57,-3.74,-3.74,1519.41,1417.57,-2.28,-2.28,4051.77,3780.18,4895.89,4567.71,-2.62,-2.62,3241.41,3024.14,6246.47,5827.77,8.06,8.06,1160.66,1082.86,633.09,590.65,633.09,590.65,-5.48,-5.48,905.7,905.7,19.44,25.11,15.9,15.9,63.13,59.14,30.6,30.87,3.47,3.34,52.16,52.16,1,1,51.96,51.96,109,109,57.5,58.18,63.26,68.82,69.14,69.46,13.12,11.4,422.06,393.77,72.22,72.88,59,52.33,11.5,12.07,95.69,93.98,0.79,0.79,93.84,93.84,341.8,373.99,0,0,67,67,69.93,68.89,211.03,196.88,595.44,632.1,0.37,0.36,106.28,108.29,12.35,11.77,13.93,13.93,585.21,585.21,2.08,2,41.88,43.6,53.91,52.68,-79.69,-79.69,89.16,89.16,97.83,97.83,45451.54,42404.91,18768.55,20182.77,96530,80365,1160.66,1082.86,9.39,8.28,0,0,4600000000,7800000000,40224.62,37273.92,2.33,2.24,18.63,16.69
Chilly peak,67,68,41.33,32.44,49.33,49.33,2.44,2.04,31.42,31.47,43.68,43.68,432.71,389.62,40.5,39,135,137.25,1211.59,1090.94,1800.08,1620.82,3173.21,2857.22,2942.43,2649.42,80.77,72.73,4707.89,4239.07,1384.67,1246.79,-6,-6,4384.8,3948.16,-2.83,-2.83,2077.01,1870.18,242.32,218.19,3230.91,2909.17,-6.93,-6.93,4730.97,4259.85,1015.43,861.28,5769.48,5194.94,10.72,10.72,1226.01,1103.93,865.42,779.24,865.42,779.24,72.12,64.94,474.35,474.35,40.99,49.04,14.64,14.64,40.46,37.06,28.47,28.75,9.22,8.23,51.62,51.62,1,1,50.99,50.99,112,112,59.21,59.86,70.2,75.28,71,70.93,9.71,12.43,649.07,584.43,79.8,80.57,38,31.33,18.83,19.43,80.49,78.73,4.96,4.96,92.97,92.97,681.48,726.64,0,0,68,68,63.81,57.71,576.95,519.49,807.71,810.81,0.33,0.33,103.35,104.34,9.87,9.81,15.92,15.92,635.92,635.92,1.72,1.72,45.29,42.57,51.02,49.67,-15.81,-15.81,75.83,75.83,90.47,90.47,44860.55,40340.24,27898.35,27629.39,68054,56342,937.54,844.18,6.11,4.34,288.47,259.75,10500000000,20200000000,36426.77,32514.24,4.32,4.2,14.54,13
Ementiland,61,63,73.33,68.89,68.67,68.67,8.37,6.07,31.27,30.81,42,42,346.86,337.95,47.25,45.75,119.25,123.75,-3.46,-3.46,-4.2,-4.2,-5.66,-5.66,3676.7,3582.23,5202.87,5069.19,7658.63,7461.85,3399.21,3311.87,5983.3,5829.57,485.6,473.12,-7.87,-7.87,4092.93,3987.76,437.04,425.81,5133.5,5001.6,624.34,608.3,2913.61,2838.75,5459.05,5082.22,3399.21,3311.87,10.49,10.49,1300.72,1267.3,867.15,844.86,1647.58,1605.24,433.57,422.43,463.1,463.1,11.95,16.49,13.62,13.62,66.74,63.03,29.57,29.84,5.58,4.89,50,50,1,1,50.99,50.99,118,118,58.39,59.03,75.61,81.21,71.17,71.78,11.84,10.12,1127.29,1098.32,46.94,47.46,69,62.33,10.41,11.06,97.66,95.81,1.16,1.16,93.63,93.63,366.59,399.9,-4,-4,64,64,71.34,70.43,520.29,506.92,723.43,763.34,0.47,0.46,68.9,70.53,11.08,10.49,15.97,15.97,660.45,660.45,1.84,1.78,43.16,44.88,58.14,57.01,-87.46,-87.46,77.78,77.78,103,103,66065.58,64131.52,20707.12,24142.38,173325,146430,953.86,929.35,7.9,6.55,173.43,168.97,2300000000,4100000000,59194.76,57012.92,13.53,13.47,25.83,23.34
The drc congo,57.33,61.33,57.33,48.44,61.33,61.33,3.61,2.91,32.68,32.54,42,42,712.99,663.5,50,47,112.5,119.25,4277.94,3981.01,-4,-4,2376.63,2211.67,-7.07,-7.07,-4.9,-4.9,-2.83,-2.83,0,0,4159.11,3870.43,2851.96,2654.01,-3.16,-3.16,475.33,442.33,-7.75,-7.75,2851.96,2654.01,-7.07,-7.07,-4.47,-4.47,-3.46,-3.46,6654.57,6192.69,9.49,9.49,1069.48,995.25,1069.48,995.25,1425.98,1327,356.49,331.75,119.98,119.98,27.72,34.4,12,12,51.46,47.86,22.43,23.05,20.68,19.91,50,50,1,1,50,50,110,110,56.5,57.19,57.02,62.41,69.55,69.71,1.56,4.78,1425.98,1327,73.75,73.14,50,43.33,26.13,26.7,78.1,76.39,2.55,2.55,93.31,93.31,586.18,615.79,0,0,64,64,67.49,66.03,950.65,884.67,658.08,656.22,0.33,0.33,126.6,138.37,10.45,9.98,17.16,17.16,609.76,609.76,1.94,1.95,53.44,50.22,52.72,51.44,67.82,67.82,-45.83,-45.83,100.2,100.2,37859.77,35231.98,19024.06,19923.89,68640,57912,950.65,884.67,10.83,9.87,118.83,110.58,9200000000,20000000000,27978.37,25825.04,7.09,6.95,14.5,12.96
Engladd,57.33,61.33,57.33,48.44,57.33,57.33,3.61,2.91,32.66,32.49,42,42,616.03,572.24,50,47,112.5,119.25,-3.16,-3.16,2464.12,2288.96,-8.37,-8.37,2874.8,2670.45,5585.33,5188.3,-4.9,-4.9,821.37,762.99,5133.57,4768.66,410.69,381.49,-4.47,-4.47,2464.12,2288.96,-7.75,-7.75,-5.48,-5.48,4517.55,4196.42,3696.17,3433.44,-2.83,-2.83,821.37,762.99,9.49,9.49,924.04,858.36,924.04,858.36,1232.06,1144.48,308.01,286.12,119.98,119.98,27.72,34.4,12,12,49.93,46.46,24.84,25.43,17.47,16.56,50,50,1,1,50,50,110,110,56.72,57.4,57.19,62.55,69.57,69.76,0.56,3.78,1232.06,1144.48,63.04,62.48,50,43.33,19.58,20.15,83.49,81.78,3.24,3.24,93.2,93.2,610.35,640.56,0,0,64,64,67.84,66.46,821.37,762.99,637.83,635.97,0.33,0.33,126.48,138.24,12.05,11.46,17.16,17.16,610.69,610.69,1.98,1.99,54.44,51.22,52.73,51.46,-86.02,-86.02,62.45,62.45,100.2,100.2,43779.13,40667.15,21998.47,22997.51,79372,66846,821.37,762.99,10.54,9.56,102.67,95.37,2300000000,3900000000,35198.42,32493.05,7.09,6.95,13.69,12.24
Alee NATION,52.33,54.33,48,39.11,41.33,41.33,2.85,2.35,30.99,30.99,43.68,43.68,542.53,497.89,53.75,52.25,105.75,108,4557.27,4182.28,3298.59,3027.18,4846.62,4447.82,-8.6,-8.6,-6.16,-6.16,925.92,849.73,-6.16,-6.16,723.38,663.85,-3.74,-3.74,-8,-8,3110.52,2854.57,-4.27,-4.27,3833.89,3518.43,578.7,531.08,4991.29,4580.6,2286.43,1855.99,9403.89,8630.11,10.86,10.86,1537.17,1410.69,1085.06,995.78,1175.49,1078.76,90.42,82.98,474.35,474.35,35.15,42.63,14.64,14.64,40.01,36.99,23.04,23.35,19.93,19.53,51.62,51.62,1,1,50.99,50.99,112,112,59.32,59.97,68.88,73.84,71.53,71.54,8.13,9.85,994.64,912.8,100.73,101.37,43,36.33,26.1,26.82,72.71,70.85,7.12,7.12,92.73,92.73,809.53,858.68,0,0,68,68,64.66,61.36,723.38,663.85,694.22,705.21,0.28,0.28,81.67,82.55,10.13,9.95,15.92,15.92,636.92,636.92,1.88,1.86,46.87,45.15,52.31,50.98,98.74,98.74,-55.23,-55.23,90.47,90.47,41847.87,38162.19,23942.81,24239,68117,56861,1175.49,1078.76,5.8,4.14,361.69,331.93,2100000000,3700000000,30925.57,27934.72,5.72,5.66,15.81,14.13
Yani s Island,14.67,16.67,23,17.33,71.33,71.33,1.63,1.44,30.84,31.21,43.68,43.68,837.27,741.86,85.33,83.33,33.75,38.25,-4.9,-4.9,-4.38,-4.38,1700.31,1506.54,-8.6,-8.6,1597.26,1415.24,-4.65,-4.65,309.15,273.92,-5.74,-5.74,-5.83,-5.83,-9.17,-9.17,2473.18,2191.33,-5.48,-5.48,1700.31,1506.54,-6.63,-6.63,1700.31,1506.54,886.22,785.23,2009.46,1780.46,15,15,1545.74,1369.58,1223.71,1084.25,1288.11,1141.32,515.25,456.53,1481.34,1481.34,61.21,69.36,14.64,14.64,39.68,35.56,21.94,22.36,21.26,20.76,50,50,1,1,50.99,50.99,112,112,66.27,66.68,103.58,104.28,71.73,71.26,26.71,27.93,1159.3,1027.19,112.58,112.33,23,17.33,59.41,59.89,25.01,23.57,0.86,0.86,93.77,93.77,1143.29,1277.53,0,0,64,64,50.36,49.54,966.08,855.99,820.86,828.76,0.2,0.2,27.98,31.68,9.86,9.81,11.4,11.4,639.77,639.77,1.71,1.7,28.29,27.07,48.48,47.21,77.46,77.46,-51.96,-51.96,103.37,103.37,28073.14,24873.91,21648.44,20501.38,35369,29557,1288.11,1141.32,2.54,2.5,708.46,627.73,700000000,1500000000,11397.69,9974.44,9.19,9.12,7.84,7.45
Miracle island,8,10,14,10.33,1,1,1.33,1.24,30.48,30.93,45.83,45.83,746.48,661.75,92,90,18,22.5,1124.12,996.52,-7.8,-7.8,319.67,283.38,-7.87,-7.87,-10.2,-10.2,7802.78,6917.08,172.13,152.59,-8.03,-8.03,122.95,108.99,-11.66,-11.66,-4,-4,172.13,152.59,-4,-4,-3.35,-3.35,-5.83,-5.83,-10.49,-10.49,1615.92,1432.49,17.75,17.75,1844.25,1634.91,1141.68,1012.09,1405.15,1245.65,614.75,544.97,981.69,981.69,75.26,80.84,17.01,17.01,12.1,11.67,1.47,1.57,35.05,34.7,51,51,1,1,51.96,51.96,110,110,70.96,71.18,88.73,89.7,72.22,71.61,42.96,43.51,1097.77,973.16,111.59,111.24,-86,-89.67,67.75,67.85,-3.19,-4.1,31.2,31.2,91.04,91.04,9017.19,9347.66,-4,-4,67,67,75.92,75.64,834.31,739.6,961.71,968.21,0.2,0.2,16.3,19.14,9.28,9.24,13.58,13.58,663.11,663.11,1.57,1.57,12.04,11.49,47.32,46.45,49.6,49.6,-39.37,-39.37,108.45,108.45,25021.08,22180.92,21535.56,19826.73,28614,24527,1273.41,1128.87,2.26,2.25,702.57,622.82,200000000,300000000,8056.79,7120.07,15.35,15.3,13.9,13.14
G Island,52.33,54.33,62.67,53.78,70,70,4.19,3.32,32.9,32.54,43.68,43.68,171.07,159.92,53.75,52.25,105.75,108,-6.63,-6.63,4930.81,4609.54,4310.86,4029.99,3284.47,3070.47,1915.94,1791.11,3091.5,2890.08,6226.8,5821.1,1445.17,1351.01,1231.67,1151.43,1915.94,1791.11,4995.13,4669.67,-6.63,-6.63,3284.47,3070.47,-2,-2,2942.33,2750.63,3065.5,2865.77,10537.66,9851.08,9.64,9.64,684.26,639.68,598.73,559.72,1026.4,959.52,342.13,319.84,12.97,12.97,23.86,30.1,13.62,13.62,58.54,54.61,27.74,28.02,11.97,11.09,50,50,1,1,50,50,100,100,56.75,57.48,62.05,68.01,69.33,69.71,7.83,6.89,1967.26,1839.08,47.26,47.85,54,47.33,10.47,11.04,96,94.29,0.98,0.98,93.7,93.7,499.89,538.67,0,0,64,64,69.49,68.38,598.73,559.72,499.65,528.8,0.33,0.33,81.36,82.24,10.9,10.31,18.69,18.69,482.94,482.94,2.36,2.26,47.17,48.11,53.94,52.73,30,30,73.48,73.48,100.2,100.2,58018.05,54237.9,26844.17,28513.12,112505,94739,1026.4,959.52,10.5,9.43,-12.25,-12.25,1900000000,2500000000,51926.15,48271.73,8.64,8.61,16.27,14.54
OdyNation,65.67,66.67,54.67,45.78,66.67,66.67,3.36,2.73,31.27,31.18,43.68,43.68,188.56,175.08,42.5,41,130.5,132.75,3243.15,3011.36,638.07,592.47,-6.63,-6.63,2564.35,2381.07,3846.53,3571.61,1838.79,1707.37,3469.42,3221.45,-9.06,-9.06,2036.4,1890.85,1357.6,1260.57,-5.83,-5.83,3620.27,3361.52,980.49,910.41,4223.64,3921.77,784.39,728.33,3862.99,3331.28,6712.58,6232.81,9.64,9.64,1508.44,1400.63,1037.06,962.93,659.94,612.78,377.11,350.16,12.97,12.97,29.75,36.66,13.62,13.62,52.65,48.82,28.91,29.19,7.64,6.73,51,51,1,1,50,50,97,97,58.48,59.15,66.45,71.82,71.17,71.29,6.73,9.45,1414.17,1313.09,43.38,43.94,48,41.33,17.09,17.78,86.87,85.01,1.65,1.65,93.49,93.49,498.05,536.76,-4,-4,64,64,67.47,66,659.94,612.78,510.24,513.07,0.54,0.52,113.34,114.38,12.12,11.53,18.69,18.69,506.6,506.6,2.32,2.31,48.27,45.55,53.7,52.41,-80.62,-80.62,65.57,65.57,103.37,103.37,45985.53,42443.21,24022.29,24846.52,80746,67767,1131.33,1050.47,7.73,6.27,94.28,87.54,1700000000,2800000000,38122.01,34888.32,13.2,13.17,11.52,10.35
Southsidee,56.67,58.67,32,24.33,40,40,2,1.7,31.35,31.63,43.68,43.68,425.79,378.78,50.5,49,112.5,114.75,1930.24,1717.14,-7.53,-7.53,2214.09,1969.66,1646.38,1464.62,170.31,151.51,-3.99,-3.99,-8.12,-8.12,4221.54,3755.49,1873.46,1666.64,-5.66,-5.66,1078.66,959.58,1390.91,1237.35,1362.52,1212.1,-3.46,-3.46,3917.24,3484.79,1603.69,1242.3,4144.33,3686.8,12.65,12.65,1419.29,1262.6,1064.47,946.95,1135.43,1010.08,425.79,378.78,644.28,644.28,49.93,58.76,15.09,15.09,34.05,30.78,24.77,25.07,17.57,17.13,51,51,1,1,51.48,51.48,103,103,62.56,63.13,85.85,88.94,71.07,70.73,11.43,13.82,1277.36,1136.34,83.37,83.13,31,24.33,36.19,36.94,55.31,53.45,7.53,7.53,92.69,92.69,903.49,955.37,-4,-4,64,64,54.46,52.89,780.61,694.43,644.85,648.03,0.33,0.33,184.82,186.15,10.46,9.98,15.15,15.15,529.5,529.5,1.97,1.96,43.57,41.18,49.74,48.29,14.14,14.14,60.83,60.83,104.81,104.81,35545.18,31436.71,24580.99,23720.9,49233,40367,1135.43,1010.08,2.99,2.89,496.75,441.91,1200000000,2800000000,22677.82,19836.56,13.68,13.65,10.2,9.22
Moralax Silly Snowm Division X,74.33,75.33,80.67,76.22,81.33,81.33,17.35,11.04,37.64,36.05,38.06,38.06,176.14,171.81,29.5,28,159.75,162,5354.53,5222.93,6014.69,5866.86,549.54,536.04,4790.9,4673.15,7468.17,7284.62,7335.01,7154.73,-4.43,-4.43,88.07,85.9,4649.99,4535.7,422.73,412.34,2536.36,2474.02,2501.13,2439.66,5002.26,4879.32,2747.72,2680.19,5424.99,5291.65,521.36,508.55,5904.08,5758.97,7.42,7.42,-7.07,-7.07,440.34,429.52,0,0,264.2,257.71,1177.98,1177.98,5.76,9.06,13,13,88.49,83.98,35.84,36.08,2.18,2.16,52.16,52.16,1,1,53.38,53.38,113,113,46.41,48.4,24.4,28.46,65.7,66.68,27.74,26.02,528.41,515.42,41.92,42.47,80,73.33,5.19,5.38,126.66,124.95,0.7,0.7,94.17,94.17,127.29,147.21,0,0,67,67,74.34,73.64,352.27,343.61,404.8,436.78,1.26,1.24,270.56,272.16,13.74,13.16,12.7,12.7,585.48,585.48,2.88,2.66,27.26,28.98,57.87,56.87,-79.5,-79.5,84.26,84.26,95,95,72355.26,70576.93,14759.03,18843.92,256115,208000,352.27,343.61,17.72,16.93,-6.32,-6.32,1.094E+11,1.362E+11,68592.78,66765.77,2.18,2.13,30.98,28.16
Korallia,70.72,71.06,92.95,92.24,30.48,30.48,1.95,1.89,25.01,24.94,34.68,34.68,3524.31,3524.14,34.92,34.42,206.5,206.5,-10.39,-10.39,-4.73,-4.73,1409.72,1409.66,13056.2,13055.58,-3.75,-3.75,-8.9,-8.9,140.97,140.97,-15.92,-15.92,-6.78,-6.78,-10.86,-10.86,1192.84,1192.79,834.99,834.95,1735.04,1734.96,-13.04,-13.04,1099.58,1099.53,2165.33,2165.23,1550.7,1550.62,16.34,16.34,2439.91,2439.79,5286.46,5286.21,1897.7,1897.61,3930.96,3930.77,9.32,9.32,51.37,52.84,9.76,9.76,42.61,41.81,47.82,47.89,1.45,1.45,52.16,52.16,3.3,3.3,53.84,53.84,153,153,59.43,59.55,57.84,59.45,83.69,83.93,15.21,14.66,2168.8,2168.7,51.47,51.75,58.86,56.71,65.45,65.57,28.31,27.95,46.85,46.85,90.08,90.08,579.84,592.94,10,10,66,66,56.44,55.64,813.3,813.26,1013.49,1016.15,0.48,0.47,319.16,319.16,6.77,6.75,25.11,25.11,1055.89,1055.89,1.51,1.5,39.79,40.34,73.07,72.71,-127.24,-127.24,132.25,132.25,112.08,112.08,58060.86,58058.06,40770.52,41387.52,79363,78331,7455.27,7454.91,5.43,4.95,1084.4,1084.35,7.37156E+13,8.45324E+13,20031,19971.97,4.64,4.64,15.24,14.68
Political Syrian Rebels,54.33,56.33,66.67,60.44,67.33,67.33,6.16,4.66,32.63,32.14,42,42,81.49,77.91,52.25,50.75,108,112.5,5280.48,5048.46,4771.99,4562.31,7496.97,7167.57,3715.89,3552.62,2738.03,2617.72,9334.38,8924.25,3976.66,3801.93,3341.04,3194.24,-6.48,-6.48,2020.92,1932.13,1694.97,1620.49,5084.9,4861.48,391.15,373.96,-5.29,-5.29,-2.7,-2.7,6261.31,5768.05,16754.11,16017.96,7.81,7.81,977.87,934.9,570.42,545.36,570.42,545.36,-4.47,-4.47,445.77,445.77,16.23,21.45,13.62,13.62,62.26,58.56,23.4,23.7,19.47,19.07,51.62,51.62,1,1,50.99,50.99,114,114,55.9,56.65,51.92,57.26,69.61,70.14,8.96,6.23,814.89,779.08,60.19,60.79,63,56.33,6.54,6.76,116.47,114.62,1.38,1.38,93.56,93.56,453.17,490.12,-4,-4,68,68,71.51,70.61,244.47,233.73,552.67,595.85,0.54,0.52,91.67,93.55,10.33,9.97,16.04,16.04,608.43,608.43,2.19,2.07,46.04,48.77,54.23,53.07,74.83,74.83,76.81,76.81,92.89,92.89,64730.21,61667.93,24153.06,26896.62,148813,125398,651.91,623.27,11.59,10.64,-3.16,-3.16,3300000000,4000000000,60522.74,57474.51,12.63,12.57,29.83,27.08
Mega-soldier001,57.33,61.33,57.33,48.44,57.33,57.33,3.61,2.91,32.77,32.62,42,42,340.01,316.07,50,47,112.5,119.25,-8.37,-8.37,-4.1,-4.1,1360.03,1264.26,-8.37,-8.37,5893.48,5478.48,3155.28,2933.09,453.34,421.42,3010.21,2798.24,4080.1,3792.79,906.69,842.84,0,0,1360.03,1264.26,-3.16,-3.16,-6.32,-6.32,-4.47,-4.47,725.35,674.27,1813.38,1685.69,9.33,9.33,1020.03,948.2,1020.03,948.2,1360.03,1264.26,340.01,316.07,119.98,119.98,27.72,34.4,12,12,49.93,46.46,21.77,22.4,21.46,20.71,50,50,1,1,50,50,100,100,56.72,57.4,57.19,62.55,69.46,69.62,0.56,3.78,1360.03,1264.26,71.66,71.06,50,43.33,22.96,23.53,80.82,79.11,3.24,3.24,93.2,93.2,610.35,640.56,0,0,64,64,67.86,66.49,906.69,842.84,597.02,595.22,0.32,0.33,126.07,137.81,11.56,10.97,17.16,17.16,519.03,519.03,2.07,2.08,54.44,51.22,52.69,51.41,67.82,67.82,-55.68,-55.68,100.2,100.2,39672.2,36878.59,19934.79,20855.06,71926,60619,906.69,842.84,10.54,9.56,113.34,105.36,1200000000,2500000000,30547.59,28212.12,7.09,6.95,12.35,11.06
Bydexstan,97,98,66.67,71.11,97,97,102.81,52.58,101.55,75.41,42,42,-4.47,-4.47,3,2,218.25,220.5,2637.36,2717.38,-4.85,-4.85,2109.89,2173.9,1054.95,1086.95,5274.73,5434.75,0,0,527.47,543.48,1740.66,1793.47,1582.42,1630.43,2109.89,2173.9,0,0,-7.07,-7.07,-5.48,-5.48,2637.36,2717.38,5274.73,5434.75,7595.61,7826.04,5274.73,5434.75,5.29,5.29,527.47,543.48,527.47,543.48,131.87,135.87,-4.47,-4.47,95.92,95.92,0.97,1.9,12,12,107.14,102.43,39.98,40.14,1.82,1.81,50,50,1,1,50,50,100,100,38.58,39.7,16.97,19.02,60.64,62.33,47.51,45.62,923.08,951.08,25.64,25.82,97,90.33,7.21,7.4,113.61,111.9,1.06,1.06,93.67,93.67,2.2,5.84,0,0,64,64,75.51,74.86,395.6,407.61,81.68,91.63,4,3.97,371.37,377.97,16.8,16.25,17.29,17.29,467.65,467.65,122.07,117.61,7.49,9.38,51.07,52.97,29.15,29.15,33.91,33.91,97.83,97.83,39929.68,41141.08,2503.05,4134.58,257350,217404,395.6,407.61,20.69,20.26,-6.32,-6.32,500000000,1000000000,37054.74,38096.64,3.19,3.13,26.29,23.76
Flitswarm Psi,97,97,19,19,97,97,1.49,1.49,32.66,32.66,44.28,44.28,134.46,134.46,3,3,218.25,218.25,-7.62,-7.62,-6.2,-6.2,1398.39,1398.39,451.79,451.79,3388.4,3388.4,-4.82,-4.82,-8,-8,-5.34,-5.34,2474.07,2474.07,860.55,860.55,1398.39,1398.39,887.44,887.44,1129.47,1129.47,860.55,860.55,419.52,419.52,1369.87,1369.87,1398.39,1398.39,10.25,10.25,1613.53,1613.53,941.22,941.22,201.69,201.69,134.46,134.46,9.08,9.08,67.28,67.28,15.51,15.51,44.77,44.77,41.5,41.5,1.73,1.73,51.62,51.62,1,1,51.48,51.48,109,109,61.07,61.07,96.06,96.06,69.57,69.57,42.19,42.19,739.53,739.53,61.06,61.06,-81,-81,32.24,32.24,65.13,65.13,1.06,1.06,93.67,93.67,205.32,205.32,0,0,64,64,76.92,76.92,470.61,470.61,423.01,423.01,0.74,0.74,405.8,405.8,10.8,10.8,26.22,26.22,577.66,577.66,2.75,2.75,12.81,12.81,46.94,46.94,26.65,26.65,43.47,43.47,101.45,101.45,22827.07,22827.07,18511.5,18511.5,27516,27516,1142.91,1142.91,3.39,3.39,268.92,268.92,5.574E+11,5.622E+11,15476.75,15476.75,2.39,2.39,7.25,7.25
Eager Samurai,57.33,57.33,57.33,57.33,57.33,57.33,3.61,3.61,32.79,32.79,42,42,311.1,311.1,50,50,112.5,112.5,-7.07,-7.07,1816.84,1816.84,4562.83,4562.83,-6.32,-6.32,-4.47,-4.47,-5.35,-5.35,4148.03,4148.03,5707.69,5707.69,-6.32,-6.32,829.61,829.61,-6.32,-6.32,4148.03,4148.03,4148.03,4148.03,-3.16,-3.16,4562.83,4562.83,-2,-2,8710.86,8710.86,9.33,9.33,933.31,933.31,933.31,933.31,1244.41,1244.41,311.1,311.1,119.98,119.98,27.72,27.72,12,12,49.93,49.93,24.58,24.58,17.85,17.85,50,50,1,1,50,50,100,100,56.72,56.72,57.19,57.19,69.43,69.43,0.56,0.56,1244.41,1244.41,68.56,68.56,50,50,19.14,19.14,84.21,84.21,3.24,3.24,93.2,93.2,610.35,610.35,0,0,64,64,68.08,68.08,829.61,829.61,533.12,533.12,0.34,0.34,126.07,126.07,10.74,10.74,17.16,17.16,522.02,522.02,2.25,2.25,54.44,54.44,52.69,52.69,84.26,84.26,-40,-40,100.2,100.2,43342.74,43342.74,21779.19,21779.19,78581,78581,829.61,829.61,10.54,10.54,103.7,103.7,10000000000,11300000000,35064.28,35064.28,7.09,7.09,14.69,14.69
Western Kanja Wat,77.5,77.83,64,55.11,28,28,4.36,3.44,35.17,34.64,37.37,37.37,652.47,612.34,24.75,24.25,171,171,-5.48,-5.48,-4.9,-4.9,2087.89,1959.5,-4.47,-4.47,2401.07,2253.43,-4,-4,-3.74,-3.74,652.47,612.34,0,0,0,0,-4.47,-4.47,6263.67,5878.51,3131.83,2939.25,4697.75,4408.88,0,0,-4.9,-4.9,2087.89,1959.5,8,8,-4.47,-4.47,1043.94,979.75,1565.92,1469.63,260.99,244.94,7.94,7.94,22.94,29.06,6.84,6.84,41.42,38.86,22.35,22.46,20.78,20.65,50,50,1,1,50,50,110,110,51.14,52.52,27.26,31.77,67.32,67.73,17.96,17.02,1174.44,1102.22,40.74,41.91,55,48.33,18.26,18.83,88.32,86.61,11.73,11.73,92.32,92.32,545.06,593.52,0,0,64,64,69.61,68.52,913.45,857.28,395.61,423.12,1.24,1.19,116.96,116.96,11.06,10.46,32.57,32.57,611.8,611.8,2.95,2.75,37.04,37.98,52.98,51.78,51.48,51.48,-25.5,-25.5,97.28,97.28,38756.44,36373.27,17546.45,18759.68,76484,64546,913.45,857.28,15.77,14.9,-7.07,-7.07,19100000000,36700000000,31664.01,29535.1,5.27,5.27,13.72,12.26
Palatagoszcz,55.67,57.67,87.25,82.25,36,36,16.84,11.74,35.33,34.33,37.37,37.37,177.55,172.7,51.25,49.75,110.25,114.75,3977.15,3868.39,5624.82,5471.01,1846.53,1796.04,4261.23,4144.71,2485.72,2417.75,7499.76,7294.69,2698.78,2624.98,5415.31,5267.23,2414.7,2348.67,1491.43,1450.65,5042.45,4904.57,3622.05,3523,1136.33,1105.26,426.12,414.47,3480,3384.84,8181.56,7836.05,8522.46,8289.41,7.28,7.28,-7.07,-7.07,355.1,345.39,976.53,949.83,710.2,690.78,12.77,12.77,5.94,8.51,6.84,6.84,54.97,53.02,22.47,22.78,20.63,20.25,50,50,1,1,50,50,116,116,50.68,51.83,26.43,29.8,67.19,67.99,16.09,14.09,1154.08,1122.52,34.39,34.55,79.25,74.25,4.96,5.04,128.12,126.71,8.82,8.82,92.57,92.57,516.6,543.14,-8,-8,64,64,74.63,74.06,355.1,345.39,457.23,487.56,1.17,1.16,91.86,93.74,11.5,11.05,18.78,18.78,638.24,638.24,2.55,2.41,38.91,40.91,60.38,59.54,-61.64,-61.64,80,80,103,103,77930.79,75678.01,16187.12,19484.26,272605,228830,355.1,345.39,15.99,15.37,-8.94,-8.94,46700000000,71200000000,74034.25,71894.11,13.63,13.58,38.25,35.55
Albano Laziale,66.93,67.73,29.67,24.75,80.67,80.67,1.93,1.71,30.44,30.73,45.34,45.34,655.83,589.89,40.6,39.4,135,137.25,2570.86,2312.37,2455.44,2208.55,4092.4,3680.92,1311.67,1179.78,293.81,264.27,3693.65,3322.27,996.87,896.63,-6.24,-6.24,2833.2,2548.33,-12.73,-12.73,-4.69,-4.69,514.17,462.47,472.2,424.72,209.87,188.77,-7.48,-7.48,748.02,622.93,7660.13,6889.93,13.78,13.78,1901.92,1710.68,1180.5,1061.8,1049.33,943.83,524.67,471.91,649.16,649.16,51.78,58.46,16.29,16.29,47.82,44.42,31.3,31.51,3.15,3.06,52.16,52.16,1,1,51.48,51.48,115,115,63.8,64.21,104.31,105.06,72.28,71.89,20.62,22.52,852.58,766.86,100.51,100.17,29.25,24.75,40.06,40.53,46.76,45.46,0.69,0.69,94.23,94.23,468.01,491.82,0,0,68,68,52.5,51.48,787,707.87,963.34,964.35,0.29,0.29,194.38,195.06,9.78,9.73,15.13,15.13,668.05,668.05,1.57,1.57,34.38,32.48,50.07,48.83,66.33,66.33,58.31,58.31,96,96,37228.07,33435.03,26254.12,25159.45,50698,43036,1442.83,1297.76,2.79,2.74,721.42,648.88,26800000000,34200000000,22299.61,19893.84,4.24,4.09,12.85,11.71
New Stepford County,62.67,64.33,82,77.56,73.33,73.33,17.35,11.04,37.84,36.1,38.75,38.75,159.16,155.25,46,44.5,121.5,126,254.66,248.39,2215.54,2161.03,5666.19,5526.78,4711.21,4595.3,4902.21,4781.6,6696.93,6532.16,5029.54,4905.79,7096.11,6921.51,1209.64,1179.87,891.31,869.38,5984.51,5837.27,2801.26,2732.34,891.31,869.38,891.31,869.38,3756.24,3663.82,8047.26,7849.27,10950.39,10680.97,7.35,7.35,-11.4,-11.4,79.58,77.62,795.81,776.23,397.91,388.12,12.77,12.77,5.76,9.06,8.23,8.23,79.9,75.89,29.8,30.06,5.01,4.39,50,50,1,1,50,50,110,110,45.49,47.42,25.1,29.1,65.58,66.65,18.25,16.52,1591.63,1552.47,29.01,29.4,80,73.33,4.65,4.72,134.93,133.22,0.77,0.77,93.87,93.87,255.24,283.15,0,0,64,64,75,74.33,318.33,310.49,438.15,470.59,0.71,0.68,66.65,68.25,10.93,10.33,18.78,18.78,580.49,580.49,2.65,2.49,36.75,38.48,58,57.02,36.06,36.06,87.18,87.18,95,95,81121.36,79125.46,16547.14,21126.37,287144,233194,318.33,310.49,18.07,17.32,-15.49,-15.49,28200000000,30500000000,77308.65,75406.57,8.01,7.93,30.14,27.37
Dynamic Samurai,57.33,57.33,57.33,57.33,57.33,57.33,3.61,3.61,32.8,32.8,42,42,305.18,305.18,50,50,112.5,112.5,4882.82,4882.82,-6.06,-6.06,-4.47,-4.47,2034.51,2034.51,0,0,5692.55,5692.55,0,0,0,0,2848.31,2848.31,-4.47,-4.47,-7.07,-7.07,4069.01,4069.01,-5.48,-5.48,5289.72,5289.72,406.9,406.9,1302.08,1302.08,4882.82,4882.82,9.33,9.33,915.53,915.53,915.53,915.53,1220.7,1220.7,305.18,305.18,119.98,119.98,27.72,27.72,12,12,49.93,49.93,22.68,22.68,20.38,20.38,50,50,1,1,50,50,100,100,56.72,56.72,57.19,57.19,69.43,69.43,0.56,0.56,1220.7,1220.7,68.81,68.81,50,50,18.34,18.34,85.03,85.03,3.24,3.24,93.2,93.2,610.35,610.35,0,0,64,64,68.13,68.13,813.8,813.8,613.12,613.12,0.32,0.32,126.07,126.07,9.93,9.93,17.16,17.16,519.53,519.53,2.04,2.04,54.44,54.44,52.69,52.69,-62.45,-62.45,53.85,53.85,100.2,100.2,44181.36,44181.36,22200.59,22200.59,80101,80101,813.8,813.8,10.54,10.54,101.73,101.73,10100000000,11400000000,36096.17,36096.17,7.09,7.09,13.74,13.74
Flitswarm Chi,97,97,19,19,97,97,1.49,1.49,32.92,32.92,44.28,44.28,110.44,110.44,3,3,218.25,218.25,-8.83,-8.83,1643.38,1643.38,-4.24,-4.24,61.85,61.85,3666.67,3666.67,-1.79,-1.79,574.3,574.3,-4.58,-4.58,44.18,44.18,2694.78,2694.78,1590.36,1590.36,-4.84,-4.84,2253.02,2253.02,1811.25,1811.25,1943.78,1943.78,-8.31,-8.31,574.3,574.3,10.25,10.25,1325.3,1325.3,773.09,773.09,165.66,165.66,110.44,110.44,9.08,9.08,67.28,67.28,15.51,15.51,44.77,44.77,42.7,42.7,1.66,1.66,51.62,51.62,1,1,51.48,51.48,109,109,61.07,61.07,96.06,96.06,69.3,69.3,42.19,42.19,607.43,607.43,49.08,49.08,-81,-81,22.96,22.96,73.14,73.14,1.06,1.06,93.67,93.67,205.32,205.32,0,0,64,64,76.97,76.97,386.55,386.55,563,563,0.84,0.84,405.8,405.8,9.81,9.81,26.22,26.22,567.89,567.89,2.16,2.16,12.81,12.81,46.85,46.85,-45.72,-45.72,34.5,34.5,101.45,101.45,27595.02,27595.02,22378.05,22378.05,33263,33263,938.76,938.76,3.39,3.39,220.88,220.88,5.205E+11,5.249E+11,21248.16,21248.16,2.39,2.39,7.38,7.38
DVSia,47,49,69.78,65.33,23,23,6.41,4.73,32.29,31.82,37.37,37.37,1066.44,1031.25,57.75,56.25,96.75,99,-7.35,-7.35,4402.25,4257,2815.39,2722.5,-3.16,-3.16,-6.16,-6.16,7917.22,7656,2550.91,2466.75,2452.8,2371.88,-4.9,-4.9,-10.2,-10.2,-4.9,-4.9,-6.63,-6.63,2388.82,2310,3241.96,3135,1663.64,1608.75,3842.19,3389.55,5366.3,5189.25,11.27,11.27,319.93,309.38,1279.72,1237.5,3092.66,2990.63,426.57,412.5,8.01,8.01,15.6,21.16,6.84,6.84,39.88,37.73,16.04,16.43,26.95,26.64,50,50,1,1,50,50,117,117,58.14,58.87,66.04,71.89,69.97,70.5,16.72,14,2132.87,2062.5,66.63,67.49,63.67,57,25.59,26.36,75.81,73.84,13.92,13.92,92.15,92.15,793.99,842.67,0,0,64,64,70.38,69.21,1279.72,1237.5,652.29,701.43,0.29,0.28,51.16,51.86,9.94,9.87,32.07,32.07,695.57,695.57,1.96,1.87,38.28,41,56.37,54.99,56.57,56.57,10,10,99.76,99.76,51507.59,49482.32,18792.15,21417.72,120485,101234,1066.44,1031.25,8.36,6.92,0,0,32500000000,47000000000,38321.64,36418.99,8.42,8.39,26.11,23.2
Lin Rebogmalisivexlastan,67.33,69.33,61.33,54.67,61.33,61.33,4.03,3.36,32.94,32.68,42,42,707.58,672.62,40,37,135,141.75,-3.16,-3.16,1132.12,1076.19,1415.15,1345.24,1886.87,1793.65,-2.45,-2.45,-2.83,-2.83,471.72,448.41,4127.53,3923.62,1415.15,1345.24,943.43,896.83,4717.17,4484.14,-4.47,-4.47,943.43,896.83,0,0,2358.59,2242.07,1509.5,1434.92,1886.87,1793.65,9.49,9.49,1061.36,1008.93,1061.36,1008.93,1415.15,1345.24,353.79,336.31,119.98,119.98,24.8,29.75,12,12,53.04,50.39,26.15,26.73,15.36,14.29,50,50,1,1,50,50,110,110,55.8,56.35,52.66,57.08,69.28,69.55,5.89,6.56,1415.15,1345.24,61.9,60.95,53,48,23.93,24.38,80.26,78.92,2.55,2.55,93.31,93.31,487.09,501.74,0,0,64,64,68.2,67.14,943.43,896.83,584.28,596.91,0.4,0.41,167.87,181.39,10.77,10.32,17.16,17.16,603.99,603.99,2.1,2.07,49.11,48.44,53.3,52.28,-30,-30,48.99,48.99,100.2,100.2,40779.97,38765.37,19274.11,20250.56,77726,68068,943.43,896.83,11.72,11.04,117.93,112.1,24000000000,33400000000,31033.55,29306.62,6.64,6.5,15.58,14.19
Rolandelli,25,28,18,14,18,18,1.45,1.33,33.31,33.62,42,42,587.64,521.95,75,72,56.25,63,-10,-10,940.23,835.12,522.35,463.96,2350.57,2087.81,-7.35,-7.35,-4,-4,-8.94,-8.94,652.94,579.95,-3.16,-3.16,-10.95,-10.95,1305.87,1159.89,1044.7,927.92,2350.57,2087.81,1828.22,1623.85,-10.49,-10.49,757.03,581.94,522.35,463.96,11.53,11.53,783.52,695.94,783.52,695.94,1240.58,1101.9,391.76,347.97,135.9,135.9,68.84,75.26,12,12,19.79,18.05,7.12,8.72,32.01,31.45,50,50,1,1,50,50,110,110,61.72,62.04,78.46,80.88,68.92,68.62,30.25,30.58,979.41,869.92,107.18,106.46,18,14,41.27,41.77,54.2,53.06,17.58,17.58,91.89,91.89,3720.32,3814.7,0,0,64,64,51.83,51.06,718.23,637.94,515.13,523.97,0.22,0.23,48.7,56.08,9.79,9.75,17.09,17.09,634.7,634.7,2.31,2.28,24.75,24.42,45.71,44.72,-63.64,-63.64,71.06,71.06,101.45,101.45,22264.78,19685.4,18277.05,16943.16,26551,22512,718.23,637.94,3.18,3.1,261.17,231.98,58400000000,72700000000,13069.42,11456.9,8.47,8.36,8.53,8.08
TesGay,80,80.33,35.56,32.22,74.67,74.67,1.3,1.26,27.25,27.31,45.83,45.83,3279.64,3145.55,21,20.5,177.75,180,-10.58,-10.58,-8.58,-8.58,-1.18,-1.18,-6.32,-6.32,-5,-5,-7.8,-7.8,533.21,511.41,-14.8,-14.8,1523.45,1461.16,-12.73,-12.73,-11.92,-11.92,-1.61,-1.61,1608.08,1542.33,-13.49,-13.49,3135.76,3007.55,-5.56,-5.56,533.21,511.41,13.75,13.75,2433.28,2333.79,2644.87,2536.73,740.56,710.28,1269.54,1217.63,1190.86,1190.86,77.19,79.28,18.02,18.02,38.07,36.4,36.99,37.07,2.06,2.05,51.62,51.62,3.3,3.3,53.38,53.38,201,201,65.61,65.7,98.43,99.59,77.92,77.79,25.88,26.88,1375.33,1319.1,71.39,71.15,-76.33,-78.83,73.85,73.99,27.69,27.28,0.74,0.74,94,94,432.95,446.76,0,0,71,71,76.79,76.61,740.56,710.28,1110.4,1109.98,0.34,0.34,270.48,275.31,9.8,9.78,12.64,12.64,1244.14,1244.14,1.15,1.15,29.12,28.12,53.55,53.07,21.91,21.91,-23.45,-23.45,91.29,91.29,26795.73,25700.13,23374.05,22738.01,30281,28680,2433.28,2333.79,2.59,2.58,317.38,304.41,4.137E+11,7.163E+11,6993.69,6682.03,3.8,3.74,17.26,16.63
Tarlonit,60.33,62.33,1,0.67,8,8,1.02,1.02,39.39,39.12,44.28,44.28,297.48,297.51,47.75,46.25,119.25,121.5,158.65,158.67,428.37,428.41,-8.83,-8.83,118.99,119,366.89,366.93,-5.59,-5.59,277.64,277.67,-9.8,-9.8,-12.65,-12.65,-14.76,-14.76,109.07,109.09,257.81,257.84,-5.29,-5.29,9.92,9.92,277.64,277.67,5.55,5.55,436.3,436.35,18.25,18.25,409.03,409.07,322.27,322.3,520.58,520.64,260.29,260.32,8.25,8.25,98.12,98.43,14.16,14.16,11.48,11.41,18.52,18.87,24.81,24.48,50,50,1,1,50,50,112,112,69.95,69.94,101.7,101.76,65.28,65.31,31.74,32.35,570.16,570.23,49.21,48.25,-99,-99.33,71.61,71.62,-18.45,-18.51,24.66,24.66,91.43,91.43,3697.03,3589.95,-4,-4,64,64,74.68,74.68,322.27,322.3,864.3,858.56,0.28,0.29,69.04,69.85,9.64,9.63,30.62,30.62,692.45,692.45,1.66,1.67,23.26,22.65,41.89,41.9,-80.31,-80.31,50.5,50.5,109.7,109.7,6346.27,6346.95,6283.12,6294.32,6404,6395,384.24,384.28,2.31,2.31,49.58,49.58,800000000,1000000000,1802.34,1802.53,16.29,16.27,7.19,7.19
Decent Samurai,57.33,57.33,57.33,57.33,57.33,57.33,3.61,3.61,32.77,32.77,42,42,278.81,278.81,50,50,112.5,112.5,2602.23,2602.23,-3,-3,-4.47,-4.47,4832.7,4832.7,1858.73,1858.73,3457.24,3457.24,4089.21,4089.21,0,0,0,0,3717.47,3717.47,-7.75,-7.75,2602.23,2602.23,3345.72,3345.72,-3.16,-3.16,1858.73,1858.73,4163.56,4163.56,6691.44,6691.44,9.33,9.33,836.43,836.43,836.43,836.43,1115.24,1115.24,278.81,278.81,119.98,119.98,27.72,27.72,12,12,49.93,49.93,24.48,24.48,18,18,50,50,1,1,50,50,100,100,56.72,56.72,57.19,57.19,69.46,69.46,0.56,0.56,1115.24,1115.24,58.01,58.01,50,50,14.71,14.71,89.33,89.33,3.24,3.24,93.2,93.2,610.35,610.35,0,0,64,64,68.39,68.39,743.49,743.49,599.74,599.74,0.34,0.34,126.07,126.07,9.97,9.97,17.16,17.16,507.08,507.08,2.07,2.07,54.44,54.44,52.7,52.7,-88.88,-88.88,83.07,83.07,100.2,100.2,48345.64,48345.64,24293.08,24293.08,87651,87651,743.49,743.49,10.54,10.54,92.94,92.94,10500000000,11800000000,41238.83,41238.83,7.09,7.09,12.79,12.79
Flitswarm Phi,97,97,19,19,97,97,1.49,1.49,32.96,32.96,44.28,44.28,0,0,3,3,218.25,218.25,1224.85,1224.85,275.36,275.36,1224.85,1224.85,1413.29,1413.29,2167.04,2167.04,967.4,967.4,1790.17,1790.17,268.05,268.05,-6.16,-6.16,3344.78,3344.78,282.66,282.66,1248.41,1248.41,1695.95,1695.95,1224.85,1224.85,895.08,895.08,11.31,11.31,4239.87,4239.87,10.15,10.15,1413.29,1413.29,824.42,824.42,176.66,176.66,117.77,117.77,9.08,9.08,67.28,67.28,15.51,15.51,44.77,44.77,42.23,42.23,1.69,1.69,51.62,51.62,1,1,51.48,51.48,103,103,61.07,61.07,96.06,96.06,69.26,69.26,42.19,42.19,647.76,647.76,49.29,49.29,-81,-81,25.29,25.29,70.93,70.93,1.06,1.06,93.67,93.67,205.32,205.32,0,0,64,64,77.01,77.01,412.21,412.21,407.34,407.34,1,1,405.31,405.31,9.82,9.82,26.22,26.22,497.57,497.57,2.86,2.86,12.81,12.81,46.83,46.83,-38.08,-38.08,63.64,63.64,101.45,101.45,25923.11,25923.11,21022.22,21022.22,31248,31248,1001.08,1001.08,3.39,3.39,235.55,235.55,5.329E+11,5.361E+11,19364.56,19364.56,2.39,2.39,7.51,7.51
Grand Beringia,73.13,73.27,96.8,96.73,68.76,68.76,1.59,1.55,20.83,20.8,29.05,29.05,15484.08,15493.64,31.3,31.1,1217.25,1217.25,-23.41,-23.41,-12.9,-12.9,-15.17,-15.17,-8.76,-8.76,-13.2,-13.2,-12.77,-12.77,-13.71,-13.71,-24,-24,-13.42,-13.42,-15.75,-15.75,-18.92,-18.92,-12.85,-12.85,-14.42,-14.42,-22.74,-22.74,-3.7,-3.7,-16.66,-16.69,0,0,21.21,21.21,1301.18,1301.99,15744.31,15754.03,2862.6,2864.37,5855.32,5858.94,74.94,74.94,62.7,64.31,1.06,1.06,45.72,44.61,57.98,58,1.2,1.2,53.9,53.9,7.21,7.21,44.79,44.79,438,438,66.47,66.56,107.74,108.18,91.16,91.18,13,13.78,4033.67,4036.16,45.33,45.46,44,41.86,58.87,58.98,-13.51,-13.86,0.83,0.83,93.8,93.8,424.92,438.22,1,1,83,83,52.55,52.14,650.59,650.99,1306.87,1306.75,0.33,0.33,344.53,344.53,9.16,9.14,17.42,17.42,2835.35,2835.35,0.74,0.74,42,41.22,84.3,83.86,-125.34,-125.34,64.88,64.88,88,88,58553.23,58589.38,45735.6,46388.46,72946,72128,9758.87,9764.9,2.52,2.51,1171.06,1171.79,2.9978E+12,5.0105E+12,24065.38,24021.64,0.56,0.56,115.01,114.56
New Mauch Chunk,40,42,68,63.11,74,74,5.62,4.3,30.22,29.97,44.83,44.83,286.56,278.7,63,61.5,83.25,87.75,764.15,743.2,5882.08,5720.79,1375.48,1337.76,382.08,371.6,840.57,817.52,5501.91,5351.05,1604.73,1560.72,6686.35,6503.01,764.15,743.2,-8.37,-8.37,1146.23,1114.8,534.91,520.24,3056.62,2972.8,-4.47,-4.47,-2.65,-2.65,3509.21,3152.86,3744.36,3641.69,11.4,11.4,2101.43,2043.8,1146.23,1114.8,1337.27,1300.6,0,0,1182.28,1182.28,17.8,23.25,17.36,17.36,64.93,60.93,24.86,25.16,17.44,16.99,48.6,48.6,1,1,53.38,53.38,114,114,62.3,62.85,94.99,98.19,72.6,72.96,15.24,12.52,1719.35,1672.2,76.58,76.31,61,54.33,21.82,22.51,79,77.15,0.77,0.77,93.9,93.9,472.66,510.38,-8,-8,67,67,68.89,67.69,477.6,464.5,918.28,969.15,0.29,0.29,175.26,177.85,10,9.93,12.68,12.68,605.3,605.3,1.61,1.57,39.76,42.48,56.84,55.63,23.45,23.45,35.36,35.36,106.51,106.51,55851.9,54060.28,21951.74,24654.36,123317,106060,1432.79,1393.5,3.04,2.93,191.04,185.8,3900000000,5200000000,43676.19,41896.72,15.09,15.04,32.93,29.99
Fine Yeldan WA Guinea Pig,67.33,69.33,61.33,54.67,61.33,61.33,4.03,3.36,32.97,32.69,42,42,644.14,612.11,40,37,135,141.75,0,0,-6.32,-6.32,-7.75,-7.75,-7.07,-7.07,1116.51,1060.98,8841.89,8402.17,5582.54,5304.91,-6.71,-6.71,-3.16,-3.16,-4.47,-4.47,2576.56,2448.42,-4.47,-4.47,1717.71,1632.28,6441.39,6121.05,4294.26,4080.7,0,0,5582.54,5304.91,9.49,9.49,966.21,918.16,966.21,918.16,1288.28,1224.21,322.07,306.05,119.98,119.98,24.8,29.75,12,12,53.04,50.39,26.87,27.44,14,12.75,50,50,1,1,50,50,110,110,55.8,56.35,52.66,57.08,69.25,69.54,5.89,6.56,1288.28,1224.21,45.16,44.37,53,48,19.77,20.22,83.82,82.49,2.55,2.55,93.31,93.31,487.09,501.74,0,0,64,64,68.42,67.38,858.85,816.14,523.93,535.86,0.44,0.45,167.87,181.39,9.95,9.9,17.16,17.16,610.32,610.32,2.28,2.24,49.11,48.44,53.29,52.28,-30,-30,-45.83,-45.83,100.2,100.2,44784.87,42557.64,21166.98,22231.6,85359,74727,858.85,816.14,11.72,11.04,107.36,102.02,22000000000,28900000000,35917.47,33961,6.64,6.5,15.45,14.07
Daring Samurai,57.33,57.33,57.33,57.33,57.33,57.33,3.61,3.61,32.79,32.79,42,42,291.48,291.48,50,50,112.5,112.5,-7.75,-7.75,-5.27,-5.27,0,0,4274.97,4274.97,-3.16,-3.16,4920.1,4920.1,-4.47,-4.47,3280.07,3280.07,388.63,388.63,0,0,2720.44,2720.44,1165.9,1165.9,3886.34,3886.34,4663.61,4663.61,2720.44,2720.44,2487.26,2487.26,0,0,9.33,9.33,874.43,874.43,874.43,874.43,1165.9,1165.9,291.48,291.48,119.98,119.98,27.72,27.72,12,12,49.93,49.93,24.76,24.76,17.59,17.59,50,50,1,1,50,50,100,100,56.72,56.72,57.19,57.19,69.44,69.44,0.56,0.56,1165.9,1165.9,72.1,72.1,50,50,16.48,16.48,87.12,87.12,3.24,3.24,93.2,93.2,610.35,610.35,0,0,64,64,68.25,68.25,777.27,777.27,588.01,588.01,0.32,0.32,126.07,126.07,9.91,9.91,17.16,17.16,513.84,513.84,2.09,2.09,54.44,54.44,52.69,52.69,-76.81,-76.81,76.81,76.81,100.2,100.2,46251.3,46251.3,23240.7,23240.7,83854,83854,777.27,777.27,10.54,10.54,97.16,97.16,10300000000,11600000000,38619.84,38619.84,7.09,7.09,14.9,14.9
Flitswarm Upsilon,97,97,19,19,97,97,1.49,1.49,32.91,32.91,44.28,44.28,0,0,3,3,218.25,218.25,-7.62,-7.62,1571.59,1571.59,-8.25,-8.25,-5.48,-5.48,2957.04,2957.04,77.56,77.56,1357.33,1357.33,2367.57,2367.57,1260.38,1260.38,1260.38,1260.38,533.24,533.24,-3.22,-3.22,290.86,290.86,-4.24,-4.24,3102.46,3102.46,11.63,11.63,1357.33,1357.33,10.15,10.15,1454.28,1454.28,848.33,848.33,181.79,181.79,121.19,121.19,9.08,9.08,67.28,67.28,15.51,15.51,44.77,44.77,43.37,43.37,1.63,1.63,51.62,51.62,1,1,51.48,51.48,103,103,61.07,61.07,96.06,96.06,69.32,69.32,42.19,42.19,666.55,666.55,43.51,43.51,-81,-81,26.59,26.59,69.73,69.73,1.06,1.06,93.67,93.67,205.32,205.32,0,0,64,64,77,77,424.17,424.17,476.92,476.92,0.93,0.93,405.31,405.31,9.88,9.88,26.22,26.22,517.19,517.19,2.46,2.46,12.81,12.81,46.85,46.85,-54.31,-54.31,-21.21,-21.21,101.45,101.45,25217.71,25217.71,20450.18,20450.18,30398,30398,1030.12,1030.12,3.39,3.39,242.38,242.38,5.307E+11,5.34E+11,18509.8,18509.8,2.39,2.39,7.83,7.83
Prusume,87.67,88.33,66,59.11,80.67,80.67,5.37,4.14,34.39,33.75,43.68,43.68,-5.48,-5.48,12.33,11.67,198,200.25,4007.94,3822.96,3981.1,3797.37,7676.21,7321.95,2309.66,2203.06,339.66,323.98,3248.13,3098.22,3192.76,3045.41,4293.92,4095.76,4687.25,4470.92,4687.25,4470.92,1970,1879.08,509.48,485.97,951.04,907.14,-5.66,-5.66,2377.59,2267.86,6412.7,6116.74,14876.91,14190.33,6,6,934.05,890.95,509.48,485.97,0,0,-3.16,-3.16,19.47,19.47,18.61,24.17,14.16,14.16,70.42,65.95,36.26,36.37,2.14,2.12,52.16,52.16,1,1,50.5,50.5,101,101,51.92,53.08,35.84,40.99,67.94,68.5,26.41,24.41,509.48,485.97,44.53,45.61,60,53.33,5.38,5.57,121.59,119.88,0.69,0.69,94.23,94.23,141.93,166.45,0,0,68,68,71.38,70.48,169.83,161.99,372.12,404.45,1.91,1.82,343.94,350.3,11.59,11,18.01,18.01,493.2,493.2,3.18,2.88,28.59,30.59,53.85,52.71,86.89,86.89,61.24,61.24,85.53,85.53,61231.06,58405.18,24675.2,27217.01,132568,112602,594.4,566.97,15.31,14.46,-6.32,-6.32,1800000000,2300000000,57924.58,55134.49,1.63,1.62,22.35,20.1
Uptop,67,68,65.67,60.67,74,74,4.88,3.99,32.07,31.74,45.34,45.34,278.3,267.62,40.5,39,135,137.25,2077.98,1998.19,3876.55,3727.7,2820.12,2711.83,1855.34,1784.1,4749.67,4567.3,3020.86,2904.87,155.85,149.86,4932.98,4743.57,3191.18,3068.65,2449.05,2355.01,593.71,570.91,4193.07,4032.07,1706.91,1641.37,3191.18,3068.65,2931.44,2818.88,-4.38,-4.38,5053.94,4859.89,9.17,9.17,1484.27,1427.28,1113.2,1070.46,649.37,624.44,278.3,267.62,26.8,26.8,20.51,25.03,15.51,15.51,62.42,59.41,30.87,31.13,3.33,3.21,51,51,1,1,50.5,50.5,104,104,54.67,55.33,47.77,52.77,70.21,70.61,12.91,11.75,649.37,624.44,71.42,71.74,57.5,52.5,10.37,10.81,96.71,95.38,0.77,0.77,93.9,93.9,346.38,368.17,0,0,64,64,69.42,68.51,649.37,624.44,403.4,427.36,0.42,0.42,200.82,202.21,12.74,12.3,17.87,17.87,543.52,543.52,2.89,2.72,42.09,43.25,55.12,54.14,26.46,26.46,55.68,55.68,100.2,100.2,56024.55,53873.42,23831.34,25596.58,116218,102245,927.67,892.05,12.99,12.27,92.77,89.21,1.283E+11,1.38E+11,50198,48055.09,4.95,4.88,17.59,16.04
Bzzzr,90.67,91.33,48,41.33,80,80,2.85,2.44,32.69,32.61,45.34,45.34,256.62,237.96,9.33,8.67,204.75,207,-7.07,-7.07,2463.55,2284.45,3079.44,2855.56,4037.48,3743.95,5063.96,4695.81,1094.91,1015.31,2737.28,2538.27,-5.48,-5.48,2052.96,1903.71,-8.37,-8.37,-6.32,-6.32,239.51,222.1,-7.75,-7.75,3421.6,3172.84,1231.78,1142.22,5898.32,5288.65,5816.72,5393.83,8.06,8.06,1197.56,1110.49,940.94,872.53,256.62,237.96,0,0,23.5,23.5,35.15,40.99,15.51,15.51,57.25,53.79,37.8,37.91,1.98,1.97,51,51,1,1,50.5,50.5,109,109,56.09,56.69,57.92,62.58,69.55,69.63,26.08,27.97,598.78,555.25,45.1,45.85,43,38,9.93,10.31,95.76,94.31,0.7,0.7,94.2,94.2,206.9,227.94,0,0,64,64,66.84,65.51,427.7,396.61,489.44,493.95,1.48,1.43,363.54,370.08,10.98,10.54,17.93,17.93,613.09,613.09,2.4,2.39,28.92,27.03,51.74,50.65,-45.83,-45.83,81.24,81.24,99.3,99.3,44271.54,40872.08,25329.49,25417.96,72062,62003,855.4,793.21,11.36,10.58,-3.16,-3.16,25700000000,34100000000,39888.65,36662.25,2.74,2.68,10.99,10.06
Kin Bris,61,63,44,37.33,48,48,2.59,2.24,32.57,32.46,40.78,40.78,630.33,580.29,47.25,45.75,119.25,123.75,4475.37,4120.03,453.84,417.81,6933.68,6383.14,226.92,208.9,1197.64,1102.54,2622.19,2413.99,2395.27,2205.08,-4.58,-4.58,-6.93,-6.93,-4.24,-4.24,2269.2,2089.03,44.12,40.62,-6.16,-6.16,-6.16,-6.16,3088.64,2843.4,2859.22,2475.52,13804.32,12708.25,11.14,11.14,472.75,435.21,866.71,797.89,1181.88,1088.04,709.13,652.82,485.41,485.41,38.6,44.72,12,12,41.97,39.44,22.67,22.98,20.39,20,51.62,51.62,1,1,50.99,50.99,114,114,58.07,58.58,65.15,69.65,69.67,69.79,7.18,9.34,866.71,797.89,83.08,83.33,40,35,23.3,23.84,74.44,73,5.29,5.29,92.93,92.93,731.83,763.35,0,0,68,68,65.04,63,787.92,725.36,768.51,770.44,0.33,0.33,87.22,89.05,9.82,9.78,15.87,15.87,640.37,640.37,1.77,1.77,47.82,45.66,50.31,49.23,101.69,101.69,25.69,25.69,91.29,91.29,44076.78,40420.39,26533.78,26343.63,68735,58913,787.92,725.36,8.46,7.53,315.17,290.14,27400000000,42900000000,33806.89,30800.33,5.37,5.24,13.19,12.02
Itslailamarie,67,68,37.33,30.67,72,72,2.24,1.95,32.8,32.69,40.78,40.78,604.51,555.55,40.5,39,135,137.25,3707.67,3407.38,-5.8,-5.8,483.61,444.44,1826.97,1679,1504.56,1382.71,4642.65,4266.63,1934.44,1777.76,-1.22,-1.22,483.61,444.44,-6.48,-6.48,2632.98,2419.73,-6.71,-6.71,1558.3,1432.09,4245.01,3901.2,3170.33,2913.56,4251.92,3766.81,6125.72,5629.58,10.95,10.95,470.18,432.1,806.02,740.73,1007.52,925.92,537.34,493.82,34.9,34.9,44.72,51.28,11.33,11.33,49.36,45.94,30.95,31.22,3.29,3.18,51,51,1,1,50.5,50.5,111,111,59.05,59.56,80.87,85.58,69.43,69.54,14.43,16.59,1007.52,925.92,61.15,61.44,35,30,19.33,19.86,79.06,77.61,0.82,0.82,93.8,93.8,520.35,546.98,0,0,64,64,63.61,58.16,738.85,679.01,615.56,617.8,0.34,0.34,199.44,200.82,9.81,9.77,17.77,17.77,615.52,615.52,2.03,2.03,40.57,38.41,49.66,48.58,-55.23,-55.23,62.85,62.85,101.45,101.45,43510.25,39845.54,28357.43,27951.35,63417,54513,738.85,679.01,6.52,4.93,201.5,185.18,29900000000,47400000000,35112.77,31916.28,6.45,6.4,10.97,10.05
Tristepato,73.83,74.17,62.67,53.78,78,78,4.93,3.84,33.09,32.82,43.68,43.68,119.81,112.02,30.25,29.75,157.5,159.75,1725.33,1613.12,8898.38,8319.68,287.55,268.85,1744.5,1631.05,-5.66,-5.66,460.09,430.17,-4.24,-4.24,6949.24,6497.3,383.41,358.47,-3.74,-3.74,3163.1,2957.39,-2.28,-2.28,287.55,268.85,-4.24,-4.24,-1.67,-1.67,-2.42,-2.42,2012.88,1881.98,7.35,7.35,1437.77,1344.27,838.7,784.16,-4.47,-4.47,-4.47,-4.47,445.77,445.77,20.29,26.07,14.64,14.64,67.07,62.72,32.65,32.74,2.72,2.7,51,51,1,1,50.99,50.99,109,109,54.85,55.68,45.06,50.93,69.13,69.41,18.44,16.39,1198.14,1120.22,42.41,43.55,58,51.33,11.28,11.85,97.39,95.68,0.73,0.73,94.07,94.07,251.3,284.54,-4,-4,64,64,69.87,68.81,359.44,336.07,459.89,496.32,1.48,1.39,141.24,142.4,10.82,10.22,16.04,16.04,589.07,589.07,2.54,2.38,36.56,38.61,54.04,52.8,-47.12,-47.12,50.2,50.2,101.85,101.85,41430.4,38736.01,17520.32,18821.97,86346,72185,958.52,896.18,12.8,11.86,-3.16,-3.16,14100000000,18400000000,36748.76,34126.42,12.41,12.38,22.96,20.67
Centennial LE,88.33,89,66,59.11,76,76,5.37,4.14,34.51,33.86,42,42,0,0,11.67,11,200.25,200.25,3915.51,3735.11,6028.41,5750.66,5393.06,5144.58,-5.1,-5.1,3102.86,2959.9,-4.2,-4.2,221.63,211.42,3970.92,3787.96,1699.18,1620.9,-9.17,-9.17,2807.35,2678,2696.53,2572.29,4284.9,4087.48,5393.06,5144.58,3028.98,2889.42,5792,5525.14,9530.2,9091.11,6,6,1015.82,969.01,554.08,528.55,0,0,-3.16,-3.16,19.47,19.47,18.61,24.17,13,13,67.67,63.41,35.9,36.01,2.18,2.16,51,51,1,1,50.5,50.5,117,117,50.38,52.05,30.57,35.41,67.84,68.4,24.32,22.32,554.08,528.55,43.79,44.92,60,53.33,6.2,6.39,116.02,114.31,0.74,0.74,94,94,167.87,194.46,0,0,64,64,71,70.07,184.69,176.18,315.98,346.41,1.91,1.81,350.64,350.64,13.56,12.98,18.01,18.01,647.2,647.2,4.11,3.51,30.68,32.68,54.24,53.09,89.72,89.72,-27.39,-27.39,97.83,97.83,56313.15,53718.6,22693.36,25033.05,121921,103567,646.43,616.65,16.1,15.23,-6.32,-6.32,19500000000,24500000000,52821.74,50280.61,2.66,2.66,19.41,17.4
DylanF,54.33,56.33,34.67,26.33,67.33,67.33,2.11,1.79,32.57,32.74,43.68,43.68,268.61,237.35,52.25,50.75,108,112.5,3975.38,3512.85,3927.3,3470.37,752.1,664.59,290.1,256.34,3330.72,2943.2,607.86,537.13,1450.48,1281.72,655.94,579.62,241.75,213.62,3169.56,2800.79,1826.53,1614.01,-6.16,-6.16,2632.35,2326.08,1020.71,901.95,1128.15,996.89,3882.76,3264.86,6177.95,5459.16,11.31,11.31,671.52,593.39,604.37,534.05,872.97,771.4,268.61,237.35,479.9,479.9,47.29,55.9,14.64,14.64,44.23,40.01,24.61,24.9,17.82,17.38,50,50,1,1,50.99,50.99,104,104,60.94,61.51,86.89,91.13,69.67,69.49,10.33,12.05,1880.25,1661.48,47.08,46.88,33,26.33,22.7,23.38,73.69,71.84,1.38,1.38,93.56,93.56,687.95,733.31,-4,-4,64,64,62.17,56.11,604.37,534.05,589.6,597.89,0.34,0.35,91.24,93.11,10.47,9.99,15.9,15.9,483.79,483.79,2.09,2.07,44.67,42.95,49.2,47.8,18.97,18.97,32.25,32.25,104.1,104.1,41131.53,36179.83,27625.65,26579.87,58422,47553,940.12,830.74,3.44,3.24,-10.49,-10.49,1600000000,3600000000,31794.67,27713.75,14.95,14.9,10.33,9.34
Freedoms36,70.33,70.67,66,59.11,77.33,77.33,5.37,4.14,32.89,32.43,42,42,0,0,35.5,35,146.25,146.25,-2,-2,6809.93,6495.1,5674.94,5412.58,4756.93,4537.02,-6,-6,-4.65,-4.65,3171.29,3024.68,-3.24,-3.24,1585.64,1512.34,-10.68,-10.68,4423.11,4218.63,250.36,238.79,2336.74,2228.71,-3.74,-3.74,-6.93,-6.93,-4.56,-4.56,8846.23,8437.26,6.63,6.63,1147.51,1094.46,625.91,596.98,312.96,298.49,-3.16,-3.16,12.64,12.64,18.61,24.17,12,12,68.73,64.39,31.44,31.53,3.09,3.06,50,50,1,1,50,50,116,116,56.02,56.82,55.19,60.95,69.33,69.82,17.04,14.98,1147.51,1094.46,44.54,45.78,60,53.33,8.01,8.2,106.35,104.64,0.73,0.73,94.07,94.07,273.99,308.64,-8,-8,64,64,70.79,69.83,208.64,198.99,652.26,695.63,1.24,1.2,105.3,105.3,10.1,9.94,18.84,18.84,651.59,651.59,1.96,1.88,37.96,40.02,54.73,53.56,23.45,23.45,79.06,79.06,104.46,104.46,49822.63,47519.27,20077.78,22144.14,107868,91615,730.23,696.47,11.45,10.4,-6.32,-6.32,11100000000,13600000000,45836.82,43622.69,13.02,13.02,22.41,20.16
Southern Low Countries,70.8,70.93,78.67,77.24,76.89,76.89,1.34,1.31,20.92,20.93,41.43,41.43,11608.24,11460.52,34.8,34.6,150.5,150.5,-19.24,-19.24,-12.65,-12.65,-16.49,-16.49,-10.39,-10.39,-13.87,-13.87,-13.27,-13.27,-17.55,-17.55,-21.91,-21.91,-17.52,-17.52,-17.89,-17.89,-18.97,-18.97,-15.59,-15.59,-13.42,-13.42,-24.37,-24.37,1995.04,1969.66,-23.66,-23.66,0,0,24.9,24.9,4230.12,4176.29,14264.36,14082.84,4328.5,4273.41,3246.37,3205.06,239.44,239.44,74.44,76.2,12,12,35.26,34.13,68.98,69,1.04,1.04,43.65,43.65,6.85,6.85,50.5,50.5,387,387,75.43,75.51,114.83,115.16,91.11,91.1,20.89,21.67,4328.5,4273.41,104.63,104.7,29,26.86,90.19,90.2,-125.49,-125.84,0.76,0.76,93.93,93.93,468.84,482.8,0,0,88,88,44.43,44.23,1180.5,1165.48,1326.59,1326.47,0.2,0.2,131.99,131.99,8.96,8.95,16.68,16.68,2650.32,2650.32,0.71,0.71,34.11,33.33,73.4,72.95,-138.56,-138.56,74.83,74.83,101.85,101.85,62987.5,62185.95,53899.75,53876.81,72403,70701,10427.74,10295.04,2.09,2.09,1672.37,1651.09,8.61E+11,9.031E+11,6172.77,6094.22,0.79,0.79,113.14,112.67
AP Admin 2,62.93,64.27,64.67,58.67,80.67,80.67,4.54,3.74,30.9,30.72,45.34,45.34,105.61,100.73,45.8,44.6,123.75,126,4900.37,4673.8,-6.89,-6.89,-6.63,-6.63,5069.35,4834.96,-3.79,-3.79,3608.11,3441.28,177.43,169.22,1901.01,1813.11,675.91,644.66,-7.35,-7.35,5745.27,5479.62,3802.01,3626.22,675.91,644.66,1943.25,1853.4,3337.32,3183.02,-2.68,-2.68,5077.8,4843.02,10.3,10.3,2323.45,2216.02,1056.12,1007.28,633.67,604.37,211.22,201.46,1439.83,1439.83,22.04,26.73,15.9,15.9,66.39,63.09,32.81,33.02,2.68,2.64,50,50,1,1,50.99,50.99,105,105,58.11,58.64,71.41,76.28,71.65,71.9,13.97,12.7,422.45,402.91,79.61,80.19,56,51,21.93,22.37,80.53,79.19,0.69,0.69,94.23,94.23,327.04,350.07,0,0,64,64,67.84,66.72,528.06,503.64,454.64,479.74,0.32,0.32,87.4,87.86,11.16,10.72,11.57,11.57,534.62,534.62,2.56,2.45,41.03,42.3,55.41,54.38,-94.6,-94.6,82.16,82.16,100.62,100.62,48353.6,46117.89,21410.3,22714.78,97143,84994,1372.95,1309.47,8.4,7.4,422.45,402.91,57600000000,1.132E+11,37764.16,35787.48,5.53,5.47,15.45,14.07
Dashing Samurai,57.33,57.33,57.33,57.33,57.33,57.33,3.61,3.61,32.81,32.81,42,42,320.59,320.59,50,50,112.5,112.5,1709.8,1709.8,4748.96,4748.96,427.45,427.45,2992.14,2992.14,854.9,854.9,3988.1,3988.1,3419.59,3419.59,5650.88,5650.88,0,0,4274.49,4274.49,-7.07,-7.07,-7.07,-7.07,1709.8,1709.8,-3.16,-3.16,-8.37,-8.37,-2,-2,5556.84,5556.84,9.33,9.33,961.76,961.76,961.76,961.76,1282.35,1282.35,320.59,320.59,119.98,119.98,27.72,27.72,12,12,49.93,49.93,22.46,22.46,20.65,20.65,50,50,1,1,50,50,100,100,56.72,56.72,57.19,57.19,69.42,69.42,0.56,0.56,1282.35,1282.35,63.04,63.04,50,50,20.4,20.4,83,83,3.24,3.24,93.2,93.2,610.35,610.35,0,0,64,64,68,68,854.9,854.9,479.12,479.12,0.34,0.34,126.07,126.07,10.97,10.97,17.16,17.16,507.68,507.68,2.45,2.45,54.44,54.44,52.68,52.68,-58.31,-58.31,62.45,62.45,100.2,100.2,42065.26,42065.26,21137.27,21137.27,76265,76265,854.9,854.9,10.54,10.54,106.86,106.86,8900000000,9900000000,33483.95,33483.95,7.09,7.09,16.66,16.66
Flitswarm Sigma,97,97,19,19,97,97,1.49,1.49,33,33,44.28,44.28,0,0,3,3,218.25,218.25,267.08,267.08,949.03,949.03,712.22,712.22,3561.08,3561.08,489.65,489.65,1200.08,1200.08,-8,-8,740.7,740.7,2715.32,2715.32,3383.03,3383.03,-5.29,-5.29,-8.19,-8.19,-6.93,-6.93,2270.19,2270.19,2181.16,2181.16,2246.59,2246.59,979.3,979.3,10.15,10.15,1335.41,1335.41,778.99,778.99,166.93,166.93,111.28,111.28,9.08,9.08,67.28,67.28,15.51,15.51,44.77,44.77,44.05,44.05,1.6,1.6,51.62,51.62,1,1,51.48,51.48,103,103,61.07,61.07,96.06,96.06,69.22,69.22,42.19,42.19,612.06,612.06,59.62,59.62,-81,-81,22.78,22.78,73.52,73.52,1.06,1.06,93.67,93.67,205.32,205.32,0,0,64,64,77.03,77.03,389.49,389.49,386.65,386.65,0.74,0.74,405.31,405.31,9.93,9.93,26.22,26.22,504.84,504.84,3.03,3.03,12.81,12.81,46.82,46.82,-86.31,-86.31,95.13,95.13,101.45,101.45,27382.03,27382.03,22205.33,22205.33,33006,33006,945.91,945.91,3.39,3.39,222.57,222.57,5.298E+11,5.329E+11,21138.93,21138.93,2.39,2.39,8.11,8.11
Timebernmen,72.44,73.78,66.67,60.44,77.33,77.33,5.14,3.98,35.21,34.46,40.78,40.78,282.24,269.6,32.33,30.33,153,157.5,978.44,934.61,-3.35,-3.35,3913.76,3738.42,-5.66,-5.66,4139.55,3954.1,2769.74,2645.65,3763.23,3594.63,4515.87,4313.56,4666.4,4457.35,-4.9,-4.9,225.79,215.68,2370.83,2264.62,5494.31,5248.17,4741.67,4529.24,2333.2,2228.67,6864.13,6489.2,8655.43,8267.66,7.07,7.07,94.08,89.87,564.48,539.2,564.48,539.2,0,0,23.5,23.5,19.44,25.11,11.33,11.33,68.97,64.55,29.83,30.19,4.92,4.15,52.16,52.16,1,1,50.5,50.5,113,113,53.29,54.22,42.82,48.33,67.28,67.88,17.74,16.18,1223.05,1168.26,33.36,33.53,59,52.33,7.45,7.65,109.72,107.97,0.73,0.73,94.07,94.07,262.3,287.79,-4,-4,68,68,71.12,70.2,470.4,449.33,479.26,512.06,1.76,1.74,229.29,239.74,12.95,12.37,17.93,17.93,631.91,631.91,2.45,2.32,37.26,38.82,52.83,51.69,82.16,82.16,-39.37,-39.37,93.65,93.65,56102.22,53521.4,23166.59,25473.7,119150,101433,470.4,449.33,14.28,13.44,-5.48,-5.48,6200000000,8000000000,51894.55,49453.78,11.95,11.89,20.65,18.54
Matthias,22.25,23.75,19,14.33,13,13,1.49,1.35,30.78,31.14,44.28,44.28,732.69,651.63,77.75,76.25,51.75,54,273.54,243.28,328.24,291.93,-6,-6,1797.52,1598.67,1211.37,1077.36,3563.79,3169.53,2110.14,1876.7,-4.42,-4.42,429.84,382.29,468.92,417.04,1641.22,1459.65,-2.45,-2.45,-6,-6,468.92,417.04,2539.98,2258.98,203.2,180.72,2383.67,2119.97,15.43,15.43,1563.06,1390.14,1025.76,912.28,1367.68,1216.38,683.84,608.19,8.1,8.1,67.28,74.17,14.16,14.16,17.65,16.04,17.23,17.6,25.97,25.65,52.16,52.16,1,1,50,50,108,108,67.9,68.23,90.42,91.7,71.82,71.35,32.54,33.6,1269.99,1129.49,86.21,85.63,-81,-85.67,49.22,49.61,28.44,27.26,20.96,20.96,91.66,91.66,4396.97,4748.06,-8,-8,64,64,76.65,76.28,830.38,738.51,836.95,843.43,0.23,0.24,27.87,28.39,9.63,9.59,31.56,31.56,636.78,636.78,1.69,1.68,22.46,21.4,48.25,47.2,-88.88,-88.88,78.1,78.1,109.39,109.39,30553.99,27173.85,24777.61,23208.18,36830,31290,1269.99,1129.49,2.42,2.4,537.3,477.86,2600000000,5200000000,15521.43,13695.62,14.35,14.32,10.01,9.36
The Navy of South Asians 23,66.8,67.6,40,36.67,77.33,77.33,1.47,1.43,29.39,29.37,43.68,43.68,2588.54,2502.19,40.8,39.6,135,137.25,-9.8,-9.8,5058.74,4890,1922.91,1858.77,813.54,786.4,-4.65,-4.65,-3.22,-3.22,2218.74,2144.74,-7.04,-7.04,4215.61,4075,-6,-6,-5.1,-5.1,-4.36,-4.36,3106.24,3002.63,-8.72,-8.72,1682.55,1626.43,-2.01,-2.01,4141.66,4003.51,13,13,1848.95,1787.28,1386.72,1340.46,1386.72,1340.46,1479.16,1429.82,34.9,34.9,68.05,70.02,14.16,14.16,48.18,46.17,29.23,29.45,6.58,5.92,52.16,52.16,1,1,50.5,50.5,178,178,62.61,62.7,100.5,101.72,73.87,73.91,19.61,20.85,1386.72,1340.46,77.92,77.11,27,24.5,48.6,48.74,43.07,42.65,0.74,0.74,94,94,522.61,532.44,0,0,68,68,50.84,50.49,1016.92,983,1055.31,1054.49,0.3,0.3,196.84,197.52,10.27,10.05,17.77,17.77,1102.34,1102.34,1.36,1.36,35.39,34.15,51.28,50.84,33.17,33.17,38.73,38.73,92.89,92.89,35159.7,33986.93,28687.52,28153.35,42154,40207,1294.27,1251.1,2.98,2.96,462.24,446.82,6.7498E+12,8.4194E+12,18072.09,17435.29,4.86,4.78,17.6,16.96
The United Republic of Shamrockshire,67,68,62.67,53.78,78.67,78.67,4.19,3.32,31.33,31.16,43.68,43.68,477.39,446.3,40.5,39,135,137.25,229.15,214.22,3483.05,3256.19,5575.93,5212.75,1680.42,1570.97,1298.51,1213.93,5866.19,5484.1,-9.38,-9.38,6969.92,6515.94,3284.45,3070.53,-6.63,-6.63,1374.89,1285.34,-4.12,-4.12,1756.8,1642.37,5194.02,4855.72,297.89,278.49,586.62,548.41,5805.08,5426.98,10,10,1527.65,1428.15,1050.26,981.85,1050.26,981.85,381.91,357.04,26.8,26.8,23.86,30.1,14.16,14.16,64.96,60.51,32.14,32.4,2.86,2.79,52.64,52.64,1,1,50.5,50.5,109,109,58.16,58.84,74.99,80.87,71.11,71.31,14.08,14.14,1050.26,981.85,89.11,89.92,54,47.33,16.71,17.28,86.61,84.9,0.71,0.71,94.13,94.13,325.26,356.67,0,0,64,64,68.28,66.99,668.35,624.82,527.05,549.18,0.34,0.34,199.72,201.1,11.4,10.81,17.87,17.87,610.39,610.39,2.27,2.2,40.92,40.86,55.16,53.89,64.03,64.03,56.57,56.57,100.2,100.2,51957.77,48573.58,24040.16,25535.37,100753,84845,1527.65,1428.15,8.31,6.99,95.48,89.26,9100000000,12000000000,43280.82,40170.35,2.86,2.81,20.67,18.56
Cheerful Samurai,57.33,57.33,57.33,57.33,57.33,57.33,3.61,3.61,32.82,32.82,42,42,313.44,313.44,50,50,112.5,112.5,417.92,417.92,4977.44,4977.44,2507.53,2507.53,417.92,417.92,2925.45,2925.45,-4.76,-4.76,-6.32,-6.32,0,0,4179.21,4179.21,5015.06,5015.06,1671.69,1671.69,417.92,417.92,-8.37,-8.37,-3.16,-3.16,5432.98,5432.98,-4.47,-4.47,2925.45,2925.45,9.33,9.33,940.32,940.32,940.32,940.32,1253.76,1253.76,313.44,313.44,119.98,119.98,27.72,27.72,12,12,49.93,49.93,25.2,25.2,16.93,16.93,50,50,1,1,50,50,100,100,56.72,56.72,57.19,57.19,69.4,69.4,0.56,0.56,1253.76,1253.76,78.73,78.73,50,50,19.45,19.45,83.9,83.9,3.24,3.24,93.2,93.2,610.35,610.35,0,0,64,64,68.06,68.06,835.84,835.84,546.01,546.01,0.32,0.32,126.07,126.07,12.4,12.4,17.16,17.16,492.17,492.17,2.21,2.21,54.44,54.44,52.68,52.68,45.83,45.83,30,30,100.2,100.2,43020.82,43020.82,21617.43,21617.43,77997,77997,835.84,835.84,10.54,10.54,104.48,104.48,11300000000,12500000000,34631.76,34631.76,7.09,7.09,12.63,12.63
Flitswarm Rho,97,97,19,19,97,97,1.49,1.49,32.92,32.92,44.28,44.28,0,0,3,3,218.25,218.25,-8.25,-8.25,-2.53,-2.53,-6.93,-6.93,4118.92,4118.92,-5.29,-5.29,659.51,659.51,2325.98,2325.98,1101.93,1101.93,1017.61,1017.61,1259.9,1259.9,1986.77,1986.77,1526.42,1526.42,2471.35,2471.35,1502.19,1502.19,-6.48,-6.48,-7.69,-7.69,2325.98,2325.98,10.15,10.15,1453.74,1453.74,848.01,848.01,181.72,181.72,121.14,121.14,9.08,9.08,67.28,67.28,15.51,15.51,44.77,44.77,42.3,42.3,1.68,1.68,51.62,51.62,1,1,51.48,51.48,103,103,61.07,61.07,96.06,96.06,69.31,69.31,42.19,42.19,666.3,666.3,41.55,41.55,-81,-81,26.57,26.57,69.74,69.74,1.06,1.06,93.67,93.67,205.32,205.32,0,0,64,64,77,77,424.01,424.01,388.72,388.72,1.1,1.1,405.31,405.31,9.83,9.83,26.22,26.22,511.34,511.34,3.01,3.01,12.81,12.81,46.85,46.85,-109.32,-109.32,97.72,97.72,101.45,101.45,25227.16,25227.16,20457.84,20457.84,30409,30409,1029.73,1029.73,3.39,3.39,242.29,242.29,5.368E+11,5.414E+11,18516.73,18516.73,2.39,2.39,8.05,8.05
Minesweepers,72.27,72.53,66.17,61.67,74.67,74.67,5.06,4.13,35.32,34.48,40.78,40.78,281.89,273.45,32.6,32.2,153,153,2104.78,2041.75,1623.69,1575.06,2781.32,2698.03,3683.37,3573.06,826.88,802.12,3969.02,3850.16,3006.83,2916.79,5449.88,5286.67,-4.9,-4.9,-10.2,-10.2,-2,-2,3608.2,3500.14,4359.91,4229.34,6239.18,6052.33,1465.83,1421.93,-2.53,-2.53,7892.93,7656.56,6.86,6.86,93.96,91.15,469.82,455.75,563.78,546.9,281.89,273.45,12.84,12.84,19.76,24.21,10.55,10.55,66.36,63.17,29.47,29.55,5.86,5.66,51.62,51.62,1,1,50,50,112,112,51.16,52.28,34.88,39.21,67.2,67.87,16.07,14.53,845.67,820.35,44.31,45.28,58.25,53.25,7.21,7.36,110.83,109.49,0.76,0.76,93.94,93.94,289.75,316.11,0,0,68,68,71.13,70.37,469.82,455.75,601.98,635.26,0.98,0.83,120.83,120.83,9.85,9.8,18.75,18.75,638.7,638.7,2.06,1.99,38.93,40.47,52.8,51.91,-35.36,-35.36,70.36,70.36,87.18,87.18,56193.94,54511.07,23414.14,25424.94,118499,105019,469.82,455.75,15.76,15.07,-5.48,-5.48,65600000000,75100000000,52147.97,50477.25,3.66,3.66,23.05,21.12
Flitswarm Pi,97,97,19,19,97,97,1.49,1.49,33.02,33.02,44.28,44.28,0,0,3,3,218.25,218.25,2674.01,2674.01,-2.84,-2.84,1139.74,1139.74,1534.27,1534.27,1797.29,1797.29,-2.86,-2.86,1665.78,1665.78,1794.66,1794.66,-6.93,-6.93,2454.83,2454.83,43.84,43.84,1600.02,1600.02,2235.65,2235.65,-5.29,-5.29,1928.8,1928.8,-6.25,-6.25,5479.53,5479.53,10.15,10.15,1315.09,1315.09,767.13,767.13,164.39,164.39,109.59,109.59,9.08,9.08,67.28,67.28,15.51,15.51,44.77,44.77,43.2,43.2,1.64,1.64,51.62,51.62,1,1,51.48,51.48,103,103,61.07,61.07,96.06,96.06,69.21,69.21,42.19,42.19,602.75,602.75,49.29,49.29,-81,-81,22.11,22.11,74.27,74.27,1.06,1.06,93.67,93.67,205.32,205.32,0,0,64,64,77.03,77.03,383.57,383.57,453.85,453.85,1,1,405.31,405.31,9.78,9.78,26.22,26.22,499.63,499.63,2.57,2.57,12.81,12.81,46.81,46.81,-44.16,-44.16,67.45,67.45,101.45,101.45,27790,27790,22536.17,22536.17,33498,33498,931.52,931.52,3.39,3.39,219.18,219.18,5.048E+11,5.092E+11,21648.41,21648.41,2.39,2.39,7.55,7.55
Casual Samurai,57.33,57.33,57.33,57.33,57.33,57.33,3.61,3.61,32.79,32.79,42,42,322.05,322.05,50,50,112.5,112.5,-6.32,-6.32,-2.83,-2.83,0,0,5582.19,5582.19,-7.75,-7.75,-6.96,-6.96,-8.37,-8.37,2907.03,2907.03,1717.6,1717.6,-3.16,-3.16,-3.16,-3.16,4723.39,4723.39,858.8,858.8,5582.19,5582.19,1717.6,1717.6,4122.23,4122.23,0,0,9.33,9.33,966.15,966.15,966.15,966.15,1288.2,1288.2,322.05,322.05,119.98,119.98,27.72,27.72,12,12,49.93,49.93,24.24,24.24,18.34,18.34,50,50,1,1,50,50,100,100,56.72,56.72,57.19,57.19,69.44,69.44,0.56,0.56,1288.2,1288.2,76.55,76.55,50,50,20.6,20.6,82.82,82.82,3.24,3.24,93.2,93.2,610.35,610.35,0,0,64,64,67.99,67.99,858.8,858.8,546.15,546.15,0.32,0.32,126.07,126.07,11.11,11.11,17.16,17.16,522.27,522.27,2.21,2.21,54.44,54.44,52.69,52.69,-83.07,-83.07,83.07,83.07,100.2,100.2,41874.99,41874.99,21041.66,21041.66,75920,75920,858.8,858.8,10.54,10.54,107.35,107.35,11200000000,12400000000,33248.75,33248.75,7.09,7.09,13.36,13.36
Celestrea,22.25,23.75,56,47.11,74,74,3.48,2.81,28.7,28.8,44.83,44.83,896.18,829.76,77.75,76.25,51.75,54,1792.35,1659.51,3441.32,3186.26,466.01,431.47,2867.77,2655.22,-7.21,-7.21,-3.46,-3.46,4373.34,4049.21,-2.74,-2.74,179.24,165.95,-6.32,-6.32,-4.47,-4.47,2079.13,1925.03,358.47,331.9,3226.24,2987.12,0,0,0,0,6631.71,6140.2,15.07,15.07,2598.91,2406.29,1702.74,1576.54,1702.74,1576.54,448.09,414.88,1855.77,1855.77,28.72,35.53,16.29,16.29,57.66,53.46,24.03,24.33,18.63,18.21,50,50,1,1,51.96,51.96,111,111,67.23,67.73,103,103.87,75.05,74.88,16.84,18.56,1702.74,1576.54,92.58,92.34,49,42.33,48.75,49.33,36.73,35.02,0.77,0.77,93.9,93.9,683.64,728.86,-8,-8,67,67,57.93,55.1,1075.41,995.71,1040.15,1041.47,0.24,0.24,27.72,28.23,9.9,9.83,9.93,9.93,630.76,630.76,1.42,1.41,38.16,36.44,55.5,54.11,-66.71,-66.71,71.41,71.41,108.77,108.77,49020.88,45387.66,25120.15,26118.61,87453,73521,1971.59,1825.46,2.46,2.43,806.56,746.78,1900000000,2400000000,25098.69,23011.55,14.82,14.8,21.11,18.96
Blackbird,73.67,73.78,26.12,24.25,68.38,68.38,1.3,1.28,15.53,15.57,171.47,171.47,24439.61,23517.03,30.5,30.33,217.5,217.5,-76.64,-76.64,-54.95,-54.95,-60.32,-60.32,-41.89,-41.89,-71.26,-71.26,-35.97,-35.97,-77.81,-77.81,-74.17,-74.17,-63.54,-63.54,-63.12,-63.12,-75.79,-75.79,-66.19,-66.19,-60.37,-60.37,-77.87,-77.87,791.34,761.47,-90.73,-90.73,0,0,131.47,131.47,18984.05,18267.41,17714.03,17045.33,11584.8,11147.48,10944.26,10531.12,2739.69,2739.69,76.81,78.37,124.73,124.73,4.46,4.51,282.21,282.22,0.41,0.41,44.48,44.48,38.55,38.55,93.17,93.17,1626,1626,255.63,255.65,231.41,231.54,96.57,96.52,19.47,20.15,6802.89,6546.09,337.79,337.8,-73.88,-75.75,120.64,120.64,-5993.4,-5993.71,0.54,0.54,95.06,95.06,553.19,566.51,190,190,217,217,86.83,86.72,13749.35,13230.32,2821.51,2821.47,0.06,0.06,168.47,168.47,0.99,0.99,7.06,7.06,10730.43,10730.43,0.23,0.23,35.53,34.85,71.52,71.06,-570.51,-570.51,252.09,252.09,344.54,344.54,191680.96,184445.1,166767.2,162192.4,217117,206950,22341.32,21497.95,1.09,1.09,12148.02,11689.44,2.557E+11,2.47E+11,0,0,46.8,46.8,260.63,260.47
Minyos,70.94,71.06,29.33,26.86,73.22,73.22,1.34,1.31,18.26,18.29,98.34,98.34,12486.85,12048.58,34.58,34.42,1216.5,1216.5,-36.3,-36.3,-27.25,-27.25,-25.73,-25.73,-24.96,-24.96,-34.24,-34.24,-21.05,-21.05,-50.99,-50.99,-33.63,-33.63,-28.35,-28.35,-37.66,-37.66,-40.6,-40.6,-33.44,-33.44,-29.12,-29.12,-46.03,-46.03,1790.01,1727.18,-47.88,-47.88,0,0,57.49,57.49,10280.23,9919.41,9709.11,9368.34,4179.59,4032.89,3686.35,3556.96,1666.02,1666.02,74.44,76.2,60.5,60.5,5.8,5.87,143.6,143.61,0.62,0.62,31.28,31.28,23.17,23.17,66.48,66.48,617,617,118.78,118.83,149.56,149.75,93.1,93.07,19.1,19.87,2596.02,2504.9,206.13,206.15,-71,-73.14,100.6,100.6,-1127.05,-1127.41,0.42,0.42,95.99,95.99,507.29,522.05,54,54,202,202,82.71,82.58,5841.04,5636.03,1787.7,1787.62,0.1,0.1,247.67,247.67,3.88,3.87,10.65,10.65,4590.09,4590.09,0.41,0.41,35.9,35.13,70.81,70.36,-158.76,-158.76,81.16,81.16,167.8,167.8,87588.42,84514.22,74951.28,73221.63,100682,96086,13629.1,13150.74,1.51,1.51,4127.67,3982.8,3.137E+11,3.058E+11,0,0,11.07,11.07,198.62,198.43
World Assembly Administered Territory,79.67,80,59.33,56,55.56,55.56,1.41,1.37,22.65,22.73,42,42,4987.71,4823.79,21.5,21,177.75,177.75,-16.91,-16.91,-7.8,-7.8,-13.78,-13.78,-7.18,-7.18,651.73,630.31,-11.24,-11.24,-8.12,-8.12,-16.79,-16.79,-13.15,-13.15,-9.27,-9.27,-14.35,-14.35,-9.27,-9.27,-10.3,-10.3,-13.27,-13.27,4284.68,4143.86,191.53,185.23,0,0,16.55,16.55,1543.81,1493.08,9975.42,9647.57,2612.61,2526.74,2018.83,1952.48,119.98,119.98,70.81,72.82,12,12,31.63,30.58,38.08,38.16,1.96,1.95,50,50,6.85,6.85,50,50,230,230,65.28,65.39,103.72,104.31,90.23,90.2,15.92,16.92,2612.61,2526.74,54.47,54.3,33.5,31,73.25,73.3,0.61,0.19,2.03,2.03,93.4,93.4,526.63,541.86,0,0,62,62,52.16,51.59,950.04,918.82,1114.45,1114.13,0.34,0.34,237.67,237.67,9.18,9.16,17.16,17.16,1379.98,1379.98,1.14,1.14,39.08,38.08,62.62,61.94,-96.54,-96.54,-13.42,-13.42,101.85,101.85,39718.89,38413.5,33099.07,32489.03,46740,44616,3087.63,2986.15,2.62,2.61,593.77,574.26,1.0232E+12,1.7773E+12,10644.66,10256.4,7.27,7.27,18.05,17.09
Moth Legionary 43,57.33,61.33,57.33,48.44,57.33,57.33,3.61,2.91,32.77,32.57,42,42,280,259.95,50,47,112.5,119.25,3359.98,3119.36,-6.2,-6.2,1119.99,1039.79,3733.32,3465.96,-4.47,-4.47,-5.93,-5.93,2613.32,2426.17,4972.78,4616.66,1493.33,1386.38,2239.99,2079.57,-7.07,-7.07,4853.31,4505.75,1493.33,1386.38,2613.32,2426.17,373.33,346.6,3583.98,3327.32,7093.3,6585.32,9.33,9.33,840,779.84,840,779.84,1119.99,1039.79,280,259.95,119.98,119.98,27.72,34.4,12,12,49.93,46.46,23.2,23.81,19.73,18.92,50,50,1,1,50,50,100,100,56.72,57.4,57.19,62.55,69.46,69.67,0.56,3.78,1119.99,1039.79,65.52,64.94,50,43.33,14.88,15.45,89.11,87.4,3.24,3.24,93.2,93.2,610.35,640.56,0,0,64,64,68.37,67.1,746.66,693.19,597.62,595.83,0.33,0.34,126.07,137.81,10.65,10.05,17.16,17.16,510.56,510.56,2.07,2.07,54.44,51.22,52.7,51.43,-62.45,-62.45,73.48,73.48,100.2,100.2,48141.1,44693.53,24190.31,25274.45,87280,73464,746.66,693.19,10.54,9.56,93.33,86.65,1.915E+11,2.658E+11,40968.08,37810.72,7.09,6.95,13.37,11.96
Me and Julio,71.33,72,78.33,76.67,44,44,1.4,1.36,20.85,20.87,40.78,40.78,11630.05,11482.13,34,33,148.5,150.75,-21.07,-21.07,-13.97,-13.97,-16.25,-16.25,-11.59,-11.59,-15.38,-15.38,-11.03,-11.03,-16.43,-16.43,-23.62,-23.62,-15.97,-15.97,-15.94,-15.94,-20.1,-20.1,-15.62,-15.62,-15.94,-15.94,-21.75,-21.75,-7.47,-7.47,-20.2,-20.2,0,0,24.19,24.19,5043.12,4978.98,12556.34,12396.64,4837.28,4775.75,3499.31,3454.8,232.05,232.05,71.61,73.63,10.55,10.55,30.21,29.19,51.55,51.69,1.34,1.34,52.16,52.16,8.7,8.7,50,50,415,415,76.28,76.35,108.15,108.57,91.15,91.14,15.22,16.38,3396.39,3353.19,84.82,84.14,-67.5,-70,68.91,68.95,-54.5,-54.92,7.12,7.12,92.73,92.73,707.53,720.73,-2,-2,79,79,77.38,77.12,1235.05,1219.34,1319.94,1319.57,0.26,0.26,252,252.78,8.57,8.55,16.71,16.71,2577.62,2577.62,0.72,0.72,39.78,38.62,71.75,71.08,-117.81,-117.81,26.08,26.08,105.5,105.5,60208.68,59442.88,50473.45,50570.81,70481,68683,8233.67,8128.94,2.07,2.07,2161.34,2133.85,7.16E+11,7.647E+11,18724.9,18427.29,13.84,13.81,107.24,106.31
Calm Samurai,57.33,57.33,57.33,57.33,57.33,57.33,3.61,3.61,32.76,32.76,42,42,271.59,271.59,50,50,112.5,112.5,3621.22,3621.22,4651.45,4651.45,-4.47,-4.47,3621.22,3621.22,1448.49,1448.49,-6.68,-6.68,1086.36,1086.36,611.99,611.99,3621.22,3621.22,3983.34,3983.34,1448.49,1448.49,3621.22,3621.22,4345.46,4345.46,2172.73,2172.73,3621.22,3621.22,-4.9,-4.9,4707.58,4707.58,9.33,9.33,814.77,814.77,814.77,814.77,1086.36,1086.36,271.59,271.59,119.98,119.98,27.72,27.72,12,12,49.93,49.93,25.37,25.37,16.66,16.66,50,50,1,1,50,50,100,100,56.72,56.72,57.19,57.19,69.47,69.47,0.56,0.56,1086.36,1086.36,65.77,65.77,50,50,13.67,13.67,90.73,90.73,3.24,3.24,93.2,93.2,610.35,610.35,0,0,64,64,68.47,68.47,724.24,724.24,519.13,519.13,0.33,0.33,126.07,126.07,12.63,12.63,17.16,17.16,486.06,486.06,2.29,2.29,54.44,54.44,52.7,52.7,-80,-80,73.48,73.48,100.2,100.2,49626.96,49626.96,24936.93,24936.93,89974,89974,724.24,724.24,10.54,10.54,90.53,90.53,12000000000,13300000000,42828.07,42828.07,7.09,7.09,13.01,13.01
Flitswarm Xi,97,97,19,19,97,97,1.49,1.49,33.04,33.04,44.28,44.28,0,0,3,3,218.25,218.25,2430.15,2430.15,862.27,862.27,260.37,260.37,60.75,60.75,1562.24,1562.24,-8.65,-8.65,2299.97,2299.97,2332.08,2332.08,-4.24,-4.24,3732.02,3732.02,911.31,911.31,716.03,716.03,1128.29,1128.29,1562.24,1562.24,-3.55,-3.55,1322.26,1322.26,4990.5,4990.5,10.15,10.15,1301.87,1301.87,759.42,759.42,162.73,162.73,108.49,108.49,9.08,9.08,67.28,67.28,15.51,15.51,44.77,44.77,41.09,41.09,1.75,1.75,51.62,51.62,1,1,51.48,51.48,103,103,61.07,61.07,96.06,96.06,69.19,69.19,42.19,42.19,596.69,596.69,44.31,44.31,-81,-81,21.68,21.68,74.78,74.78,1.06,1.06,93.67,93.67,205.32,205.32,0,0,64,64,77.03,77.03,379.71,379.71,449.67,449.67,1.16,1.16,405.31,405.31,9.86,9.86,26.22,26.22,479.35,479.35,2.59,2.59,12.81,12.81,46.81,46.81,-24.29,-24.29,34.5,34.5,101.45,101.45,28063.5,28063.5,22757.96,22757.96,33828,33828,922.16,922.16,3.39,3.39,216.98,216.98,5.056E+11,5.093E+11,21973.72,21973.72,2.39,2.39,7.58,7.58
Sleeper Agent 1,42.67,45.33,57.33,48.44,34.67,34.67,3.61,2.91,31.9,31.72,42,42,524.98,488.19,61,59,87.75,92.25,-7.07,-7.07,-4.9,-4.9,1749.94,1627.32,4549.85,4231.02,3079.9,2864.08,7279.77,6769.63,699.98,650.93,0,0,1399.95,1301.85,-10.95,-10.95,1049.97,976.39,2449.92,2278.24,4199.86,3905.56,-7.07,-7.07,3499.89,3254.63,2756.09,2335.13,2449.92,2278.24,9.9,9.9,787.47,732.29,787.47,732.29,1312.46,1220.49,262.49,244.1,119.98,119.98,27.72,34.4,12,12,40.83,38.1,19.8,20.25,23.57,23.11,50,50,1,1,50,50,110,110,59.18,59.81,67.21,72.07,70.41,70.63,9.89,11.45,1487.45,1383.22,67.95,68.21,50,43.33,15.01,15.68,88.41,86.56,9.27,9.27,92.53,92.53,859.48,905.14,-8,-8,64,64,68.39,67.11,699.98,650.93,748.22,760.14,0.33,0.33,87.24,93.72,9.86,9.79,17.16,17.16,623.53,623.53,1.8,1.78,45.11,43.55,53.01,51.75,-66.33,-66.33,83.07,83.07,106.18,106.18,51299.53,47476.86,25777.38,26848.44,93006,78039,699.98,650.93,6.18,4.44,87.5,81.37,4.002E+11,4.679E+11,43604.6,40023,14.24,14.19,17.16,15.35
Rohirrim Riders,46,46,68.33,68.33,20,20,5.81,5.81,29.23,29.23,43.68,43.68,485.15,485.15,58.5,58.5,94.5,94.5,-3.74,-3.74,2142.43,2142.43,4114.09,4114.09,1319.61,1319.61,-5.05,-5.05,4098.56,4098.56,465.75,465.75,-5.05,-5.05,2561.6,2561.6,2949.72,2949.72,-12.41,-12.41,4657.46,4657.46,620.99,620.99,4502.21,4502.21,5123.21,5123.21,4472.67,4472.67,4579.84,4579.84,11.4,11.4,1649.52,1649.52,1746.55,1746.55,1455.46,1455.46,194.06,194.06,468.75,468.75,17.2,17.2,14.64,14.64,37.28,37.28,20.42,20.42,22.94,22.94,52.16,52.16,2.52,2.52,50.99,50.99,112,112,60.37,60.37,65.71,65.71,74.14,74.14,17.25,17.25,1455.46,1455.46,80.47,80.47,61.5,61.5,22.17,22.17,78.71,78.71,16.94,16.94,91.93,91.93,849.85,849.85,-8,-8,64,64,69.63,69.63,679.21,679.21,612.2,612.2,0.32,0.32,76.09,76.09,10.78,10.78,15.95,15.95,614.09,614.09,2.04,2.04,37.75,37.75,57.95,57.95,50.99,50.99,51.96,51.96,106.51,106.51,55805.64,55805.64,21517.1,21517.1,125072,125072,1552.49,1552.49,3.74,3.74,388.12,388.12,4.601E+11,4.604E+11,43416.79,43416.79,12.87,12.87,23.17,23.17
Flitswarm Nu,97,97,19,19,97,97,1.49,1.49,32.82,32.82,44.28,44.28,0,0,3,3,218.25,218.25,51.88,51.88,-2.53,-2.53,1867.75,1867.75,72.63,72.63,51.88,51.88,-7.25,-7.25,1452.7,1452.7,3257.67,3257.67,-8.83,-8.83,2645.99,2645.99,-4.24,-4.24,36.32,36.32,830.11,830.11,2386.57,2386.57,-7.21,-7.21,1840.25,1840.25,3372.33,3372.33,10.15,10.15,1556.46,1556.46,907.94,907.94,194.56,194.56,129.71,129.71,9.08,9.08,67.28,67.28,15.51,15.51,44.77,44.77,41.01,41.01,1.75,1.75,51.62,51.62,1,1,51.48,51.48,103,103,61.07,61.07,96.06,96.06,69.41,69.41,42.19,42.19,713.38,713.38,52.34,52.34,-81,-81,29.81,29.81,67.13,67.13,1.06,1.06,93.67,93.67,205.32,205.32,0,0,64,64,76.99,76.99,453.97,453.97,423.14,423.14,0.93,0.93,405.31,405.31,9.77,9.77,26.22,26.22,511.61,511.61,2.75,2.75,12.81,12.81,46.88,46.88,49.09,49.09,34.5,34.5,101.45,101.45,23620.34,23620.34,19154.8,19154.8,28472,28472,1102.49,1102.49,3.39,3.39,259.41,259.41,5.405E+11,5.445E+11,16581.48,16581.48,2.39,2.39,7.91,7.91
Bright Samurai,57.33,57.33,57.33,57.33,57.33,57.33,3.61,3.61,32.8,32.8,42,42,297.1,297.1,50,50,112.5,112.5,3169.11,3169.11,5209.22,5209.22,396.14,396.14,-6.32,-6.32,2376.83,2376.83,5328.06,5328.06,5149.8,5149.8,0,0,792.28,792.28,-7.75,-7.75,4357.52,4357.52,5149.8,5149.8,-7.75,-7.75,-4.47,-4.47,792.28,792.28,1267.64,1267.64,8715.04,8715.04,9.33,9.33,891.31,891.31,891.31,891.31,1188.42,1188.42,297.1,297.1,119.98,119.98,27.72,27.72,12,12,49.93,49.93,22.36,22.36,20.76,20.76,50,50,1,1,50,50,100,100,56.72,56.72,57.19,57.19,69.43,69.43,0.56,0.56,1188.42,1188.42,58.24,58.24,50,50,17.25,17.25,86.23,86.23,3.24,3.24,93.2,93.2,610.35,610.35,0,0,64,64,68.2,68.2,792.28,792.28,501.47,501.47,0.34,0.34,126.07,126.07,10.86,10.86,17.16,17.16,509.99,509.99,2.36,2.36,54.44,54.44,52.68,52.68,45.83,45.83,-40,-40,100.2,100.2,45377.65,45377.65,22801.7,22801.7,82270,82270,792.28,792.28,10.54,10.54,99.03,99.03,11500000000,12800000000,37572.69,37572.69,7.09,7.09,15.05,15.05
Flitswarm Mu,97,97,19,19,97,97,1.49,1.49,32.76,32.76,44.28,44.28,126.94,126.94,3,3,218.25,218.25,-6.93,-6.93,2759.45,2759.45,2335.72,2335.72,426.52,426.52,-2.19,-2.19,-1.79,-1.79,35.54,35.54,2284.94,2284.94,304.66,304.66,2589.6,2589.6,-6.16,-6.16,-8.77,-8.77,1066.31,1066.31,304.66,304.66,1726.4,1726.4,2562.68,2562.68,2371.26,2371.26,10.25,10.25,1523.29,1523.29,888.59,888.59,190.41,190.41,126.94,126.94,9.08,9.08,67.28,67.28,15.51,15.51,44.77,44.77,42.45,42.45,1.67,1.67,51.62,51.62,1,1,51.48,51.48,109,109,61.07,61.07,96.06,96.06,69.47,69.47,42.19,42.19,698.18,698.18,58.7,58.7,-81,-81,29.36,29.36,67.16,67.16,1.06,1.06,93.67,93.67,205.32,205.32,0,0,64,64,76.93,76.93,444.29,444.29,425.92,425.92,0.79,0.79,405.8,405.8,9.85,9.85,26.22,26.22,577.46,577.46,2.73,2.73,12.81,12.81,46.9,46.9,52.06,52.06,43.47,43.47,101.45,101.45,24127.2,24127.2,19565.84,19565.84,29083,29083,1079,1079,3.39,3.39,253.88,253.88,5.71E+11,5.744E+11,17033.8,17033.8,2.39,2.39,8.99,8.99
Dutch Colonizers,36,36,79,79,20,20,14.59,14.59,33.67,33.67,40.78,40.78,386.07,386.07,66,66,76.5,76.5,-5.29,-5.29,-4.73,-4.73,-4.24,-4.24,-4.47,-4.47,1698.71,1698.71,7345.77,7345.77,6408.78,6408.78,5887.58,5887.58,-3.46,-3.46,-4.24,-4.24,1235.43,1235.43,324.3,324.3,4323.99,4323.99,6254.35,6254.35,2239.21,2239.21,2717.94,2717.94,6408.78,6408.78,10.1,10.1,386.07,386.07,868.66,868.66,1447.77,1447.77,193.04,193.04,768.24,768.24,6.85,6.85,14.16,14.16,41.74,41.74,14.72,14.72,27.96,27.96,53.09,53.09,1,1,52.44,52.44,109,109,57.28,57.28,49.58,49.58,68.58,68.58,25.07,25.07,1737.32,1737.32,47.1,47.1,77.5,77.5,10.82,10.82,98.22,98.22,16.31,16.31,91.97,91.97,770.19,770.19,-8,-8,64,64,73.12,73.12,675.62,675.62,653.81,653.81,0.36,0.36,171.06,171.06,9.97,9.97,14.57,14.57,575.09,575.09,1.95,1.95,29.93,29.93,59.28,59.28,-25.5,-25.5,-15.81,-15.81,106.18,106.18,64214.79,64214.79,14536.18,14536.18,212147,212147,1061.69,1061.69,9.74,9.74,193.04,193.04,3.537E+11,3.54E+11,57279.59,57279.59,12.59,12.59,31.18,31.18
Communion Forever,57.33,61.33,57.33,48.44,57.33,57.33,3.61,2.91,32.79,32.63,42,42,336.1,312.4,50,47,112.5,119.25,2688.83,2499.17,537.77,499.83,4033.24,3748.76,-6.32,-6.32,0,0,6094.68,5664.79,2688.83,2499.17,5108.77,4748.43,896.28,833.06,1792.55,1666.12,-5.48,-5.48,-6.32,-6.32,-4.47,-4.47,-6.32,-6.32,-5.48,-5.48,-4.9,-4.9,9410.9,8747.11,9.33,9.33,1008.31,937.19,1008.31,937.19,1344.41,1249.59,336.1,312.4,119.98,119.98,27.72,34.4,12,12,49.93,46.46,21.77,22.41,21.45,20.7,50,50,1,1,50,50,100,100,56.72,57.4,57.19,62.55,69.44,69.61,0.56,3.78,1344.41,1249.59,71.14,70.54,50,43.33,22.45,23.02,81.23,79.52,3.24,3.24,93.2,93.2,610.35,640.56,0,0,64,64,67.89,66.52,896.28,833.06,556.72,554.99,0.33,0.34,126.07,137.81,9.96,9.89,17.16,17.16,512.76,512.76,2.18,2.18,54.44,51.22,52.69,51.41,78.1,78.1,-40,-40,100.2,100.2,40130.76,37300.17,20165.21,21093.46,72757,61312,896.28,833.06,10.54,9.56,112.03,104.13,1700000000,3300000000,31141.47,28721.13,7.09,6.95,15.88,14.2
Eschara,81.17,81.5,71.33,68,86,86,7.93,6.16,45.11,38.31,42,42,-6.32,-6.32,19.25,18.75,182.25,184.5,0,0,-6.76,-6.76,-4.47,-4.47,2569.69,2515.23,-2.45,-2.45,4256.05,4165.86,2294.37,2245.75,-3.87,-3.87,-4.47,-4.47,-7.07,-7.07,2294.37,2245.75,5368.82,5255.04,-3.16,-3.16,4588.73,4491.49,6286.56,6153.34,4056.44,3970.48,2294.37,2245.75,5.1,5.1,1032.46,1010.59,229.44,224.57,229.44,224.57,-3.16,-3.16,8.32,8.32,12.62,16.23,13,13,82.74,79.13,36.16,36.25,2.15,2.14,47.8,47.8,1,1,50.5,50.5,106,106,45.39,46.97,24.79,28.15,64.64,65.42,28.78,27.28,1147.18,1122.87,29.35,30.01,68,63,6.61,6.76,112.74,111.41,0.74,0.74,94,94,115.49,131.97,0,0,64,64,71.99,71.29,0,0,258.24,278.87,1.91,1.84,285.06,290.02,10.41,10,30.21,30.21,524.22,524.22,24.34,7.17,26.22,27.72,53.5,52.65,-62.05,-62.05,53.39,53.39,96.68,96.68,48739.22,47706.36,15761.44,17800.88,124929,109675,344.15,336.86,18.11,17.5,-7.75,-7.75,1.68E+11,1.779E+11,45522.43,44462.33,7.27,7.23,18.13,16.54
Badland0,40.67,42.67,68,63.11,75.33,75.33,5.62,4.3,30.67,30.31,44.83,44.83,258.1,250.97,62.5,61,85.5,87.75,2408.94,2342.43,4539.13,4413.81,-3.74,-3.74,3097.21,3011.69,4198.44,4082.52,3854.31,3747.89,-5.1,-5.1,6022.35,5856.07,172.07,167.32,0,0,688.27,669.27,3028.38,2944.77,3785.48,3680.96,4817.88,4684.86,4783.47,4651.4,843.35,575.79,2408.94,2342.43,10.3,10.3,1204.47,1171.21,946.37,920.24,1118.44,1087.56,0,0,919.19,919.19,17.8,23.25,16.29,16.29,65.98,61.9,28.36,28.64,9.61,8.63,50,50,1,1,51.96,51.96,111,111,60.43,61.05,87.19,91.9,71.96,72.47,15.74,13.02,946.37,920.24,81.91,82.3,61,54.33,11.46,12.12,95.01,93.16,0.75,0.75,93.97,93.97,454.92,491.95,-4,-4,67,67,70.15,69.12,430.17,418.29,831.13,882.55,0.3,0.3,48.57,49.25,10.94,10.34,13.87,13.87,597.58,597.58,1.7,1.64,39.26,41.98,56.18,55.02,-75.5,-75.5,70.71,70.71,102.62,102.62,62027.01,60070.14,24378.77,27395.17,136951,117850,860.34,836.58,3.7,3.39,258.1,250.97,800000000,1500000000,54893.9,52801.66,13.75,13.72,27.21,24.63
Flitswarm Lambda,97,97,19,19,97,97,1.49,1.49,32.64,32.64,44.28,44.28,135.12,135.12,3,3,218.25,218.25,1134.97,1134.97,-3.79,-3.79,-2.83,-2.83,2702.31,2702.31,2864.45,2864.45,-3.35,-3.35,-9.17,-9.17,-4.58,-4.58,-5.29,-5.29,-6.93,-6.93,324.28,324.28,226.99,226.99,1134.97,1134.97,3296.82,3296.82,2107.81,2107.81,-5.32,-5.32,1134.97,1134.97,10.25,10.25,1621.39,1621.39,945.81,945.81,202.67,202.67,135.12,135.12,9.08,9.08,67.28,67.28,15.51,15.51,44.77,44.77,43.25,43.25,1.63,1.63,51.62,51.62,1,1,51.48,51.48,109,109,61.07,61.07,96.06,96.06,69.59,69.59,42.19,42.19,743.14,743.14,58.36,58.36,-81,-81,32.49,32.49,64.97,64.97,1.06,1.06,93.67,93.67,205.32,205.32,0,0,64,64,76.92,76.92,472.9,472.9,449.15,449.15,0.73,0.73,405.8,405.8,9.9,9.9,26.22,26.22,584.7,584.7,2.59,2.59,12.81,12.81,46.94,46.94,-80.31,-80.31,77.78,77.78,101.45,101.45,22721.6,22721.6,18425.97,18425.97,27389,27389,1148.48,1148.48,3.39,3.39,270.23,270.23,5.654E+11,5.695E+11,15337.08,15337.08,2.39,2.39,7.32,7.32
Beloved Samurai,57.33,57.33,57.33,57.33,57.33,57.33,3.61,3.61,32.8,32.8,42,42,323.2,323.2,50,50,112.5,112.5,-3.16,-3.16,508.5,508.5,1292.78,1292.78,2154.64,2154.64,861.86,861.86,1525.49,1525.49,3447.43,3447.43,2740.7,2740.7,4740.21,4740.21,-4.47,-4.47,3878.35,3878.35,430.93,430.93,-7.75,-7.75,5171.14,5171.14,2585.57,2585.57,-3.46,-3.46,4740.21,4740.21,9.33,9.33,969.59,969.59,969.59,969.59,1292.78,1292.78,323.2,323.2,119.98,119.98,27.72,27.72,12,12,49.93,49.93,23.91,23.91,18.79,18.79,50,50,1,1,50,50,100,100,56.72,56.72,57.19,57.19,69.43,69.43,0.56,0.56,1292.78,1292.78,64.52,64.52,50,50,20.75,20.75,82.68,82.68,3.24,3.24,93.2,93.2,610.35,610.35,0,0,64,64,67.98,67.98,861.86,861.86,471.35,471.35,0.34,0.34,126.07,126.07,12.57,12.57,17.16,17.16,511.67,511.67,2.48,2.48,54.44,54.44,52.68,52.68,-37.42,-37.42,53.85,53.85,100.2,100.2,41726.78,41726.78,20967.19,20967.19,75651,75651,861.86,861.86,10.54,10.54,107.73,107.73,11100000000,12400000000,33089.34,33089.34,7.09,7.09,13.52,13.52
Mad Hyria,59,61,61.67,55,76.67,76.67,4.13,3.44,31.12,30.96,43.68,43.68,209.95,198.02,48.75,47.25,117,119.25,5710.73,5386.11,912.04,860.19,671.85,633.66,-6.78,-6.78,1091.76,1029.7,-4.73,-4.73,-5.29,-5.29,818.82,772.27,-5.83,-5.83,5710.73,5386.11,3191.29,3009.89,-4.27,-4.27,2771.38,2613.85,1511.66,1425.74,6382.58,6019.77,241.87,228.12,6382.58,6019.77,10.25,10.25,1679.63,1584.15,1049.77,990.09,1259.72,1188.11,524.88,495.05,468.75,468.75,24.21,29.11,14.64,14.64,63.02,59.77,32.07,32.33,2.88,2.81,50,50,1,1,50.99,50.99,100,100,58.6,59.12,77.7,82.55,71.37,71.57,10.08,10.08,1049.77,990.09,83.24,83.58,53.25,48.25,22.26,22.71,79.86,78.53,0.73,0.73,94.04,94.04,400.45,423.86,0,0,64,64,68.12,67.04,734.84,693.07,531.88,549.68,0.3,0.3,85.52,86.42,11.35,10.91,15.95,15.95,460.33,460.33,2.25,2.2,44.92,44.92,54.95,53.91,47.96,47.96,-38.73,-38.73,100.2,100.2,47249.55,44563.76,22038.04,23002.44,91029,79028,1259.72,1188.11,7.5,6.35,314.93,297.03,26000000000,30100000000,36712.9,34447.78,6.7,6.65,13.05,11.89
Unelim,81.33,81.78,73.33,68.89,78.67,78.67,8.37,6.07,32,31.5,45.83,45.83,-3.16,-3.16,19,18.33,182.25,184.5,790.96,771.4,-2.83,-2.83,8463.25,8253.93,395.48,385.7,6169.47,6016.88,3796.6,3702.7,3480.21,3394.14,988.7,964.24,3480.21,3394.14,1186.44,1157.09,-3.16,-3.16,5101.68,4975.5,-3.16,-3.16,-4.47,-4.47,-5.29,-5.29,4884.16,4481.81,12734.42,12419.46,8.25,8.25,1779.65,1735.64,790.96,771.4,-4.47,-4.47,0,0,1165.08,1165.08,11.95,16.49,18.02,18.02,72.56,68.47,33.39,33.5,2.56,2.54,51.62,51.62,1,1,53.38,53.38,114,114,56.81,57.54,56.03,61.66,70.3,70.89,26.21,24.21,692.09,674.97,47.13,48.24,69,62.33,8.69,8.91,104.98,103.12,0.71,0.71,94.13,94.13,144.56,169.3,-4,-4,71,71,71.44,70.54,98.87,96.42,729.18,773.46,1.92,1.82,302.74,308.7,12.76,12.18,12.75,12.75,613.83,613.83,1.83,1.77,28.79,30.79,57.5,56.36,98.23,98.23,32.4,32.4,93.65,93.65,57957.42,56242.43,18165.76,21172.52,152053,128417,1087.57,1060.67,10.41,9.33,-4.47,-4.47,1000000000,2300000000,52915.13,51236.85,11.4,11.37,26.21,23.69
Miangli,73.56,74.44,23,17.33,74,74,1.63,1.44,30.74,31.09,45.83,45.83,463.96,410.57,30.67,29.33,157.5,159.75,668.1,591.22,1024.42,906.54,1670.25,1478.06,2746.63,2430.58,2004.3,1773.67,5701.3,5045.27,1744.48,1543.75,1531.06,1354.89,1707.37,1510.9,-7.35,-7.35,1781.6,1576.59,467.67,413.86,1596.02,1412.37,-6.63,-6.63,3173.47,2808.31,549.33,486.12,4082.83,3613.03,14.83,14.83,1623.85,1437,881.52,780.09,742.33,656.91,510.35,451.63,1212.26,1212.26,61.21,69.36,18.02,18.02,39.9,35.75,35.7,35.92,2.2,2.17,51.62,51.62,1,1,53.38,53.38,116,116,67.65,68.06,102.87,103.62,71.87,71.41,22.72,25.06,881.52,780.09,65.86,65.62,-77,-82.67,35.13,35.61,47.07,45.62,0.77,0.77,93.9,93.9,514.11,546.98,-8,-8,71,71,77.25,76.8,556.75,492.69,1025.93,1025.72,0.39,0.4,239.79,245.11,9.78,9.72,12.54,12.54,652.64,652.64,1.47,1.47,32.28,29.94,48.38,47.11,-61.64,-61.64,91.1,91.1,103.37,103.37,38911.44,34433.97,30006.33,28380.9,49024,40917,1020.71,903.26,2.44,2.41,417.56,369.51,600000000,1000000000,25253.52,22175.48,12.85,12.82,18.1,16.51
Fluffel,75.44,75.67,68.17,66.33,82,82,2.9,2.65,29.75,29.57,43.68,43.68,306.79,302.74,27.83,27.5,164.25,164.25,4110.96,4056.75,4196.86,4141.52,4724.54,4662.23,6258.48,6175.95,4356.39,4298.94,4614.1,4553.25,-4.47,-4.47,8973.56,8855.22,1165.8,1150.42,1656.66,1634.81,-9.27,-9.27,-4.36,-4.36,4110.96,4056.75,2270.23,2240.29,-2.05,-2.05,4398.85,4236.39,8835.5,8718.98,8.77,8.77,843.67,832.54,766.97,756.86,460.18,454.11,997.06,983.91,22.03,22.03,34.45,37.72,14.16,14.16,61.76,59.69,38.24,38.29,1.95,1.94,52.64,52.64,2.52,2.52,50.5,50.5,114,114,57.43,57.76,70.75,73.77,73.31,73.59,20.88,21.91,383.49,378.43,71.76,72.4,43.25,40.5,7.2,7.29,111.8,110.97,0.71,0.71,94.13,94.13,285.46,299.07,0,0,64,64,68.17,67.55,306.79,302.74,707.64,711.79,0.46,0.45,216.63,216.63,9.72,9.69,17.95,17.95,645.47,645.47,1.86,1.85,34.12,33.09,58.24,57.66,-62.85,-62.85,107.94,107.94,97.83,97.83,71137.59,70094.97,40258.21,41673.38,116860,110468,1457.24,1438.03,9.51,8.98,-6.32,-6.32,1.9337E+12,2.2171E+12,66015.68,64978.04,1.6,1.6,19.18,18.17
1nen divisioona,37.67,37.67,77.67,77.67,65.33,65.33,12.66,12.66,31.25,31.25,42,42,299.94,299.94,64.75,64.75,81,81,1919.6,1919.6,-1.26,-1.26,-4.69,-4.69,879.82,879.82,-6.48,-6.48,5210.12,5210.12,2319.52,2319.52,-3,-3,3359.3,3359.3,3519.27,3519.27,3119.35,3119.35,4479.07,4479.07,1119.77,1119.77,2559.47,2559.47,-1.18,-1.18,7491.02,7491.02,4239.12,4239.12,10.3,10.3,1599.67,1599.67,1099.77,1099.77,899.81,899.81,499.9,499.9,463.1,463.1,7.9,7.9,13.62,13.62,67.05,67.05,21.77,21.77,21.45,21.45,51,51,1,1,50.99,50.99,107,107,58.02,58.02,61.65,61.65,71.2,71.2,16.33,16.33,1499.69,1499.69,61.46,61.46,75.5,75.5,13.04,13.04,95.5,95.5,1.97,1.97,93.42,93.42,474.45,474.45,-8,-8,64,64,72.31,72.31,599.88,599.88,623.55,623.55,0.34,0.34,47.12,47.12,11.06,11.06,15.97,15.97,553.34,553.34,2.01,2.01,38.67,38.67,59.54,59.54,-53.39,-53.39,41.83,41.83,106.18,106.18,61214.25,61214.25,15075.15,15075.15,190920,190920,1099.77,1099.77,8.56,8.56,299.94,299.94,2.994E+11,2.996E+11,53256.4,53256.4,13.78,13.78,27.16,27.16
North Caucasian Union,72.67,72.93,59.11,54.67,80.67,80.67,2.28,2.17,29.5,29.47,44.83,44.83,714.37,684.83,32,31.6,153,155.25,2367.61,2269.73,4800.54,4602.07,2204.33,2113.19,-4.24,-4.24,4816.87,4617.72,-9.21,-9.21,-5.35,-5.35,5000.57,4793.82,1959.41,1878.39,1142.99,1095.73,-7.21,-7.21,2285.97,2191.46,-8.49,-8.49,-7.48,-7.48,551.9,529.08,3838.44,3613.22,4571.95,4382.92,10.72,10.72,2245.15,2152.33,1122.58,1076.16,510.26,489.17,306.16,293.5,919.19,919.19,43.88,45.99,16.29,16.29,63.74,61.48,33.13,33.2,2.61,2.6,51,51,1,1,51.96,51.96,124,124,60.98,61.12,87.43,89.8,73.7,73.74,16.97,17.33,714.37,684.83,83.1,83,51.33,48,25.41,25.63,74.49,73.9,0.7,0.7,94.2,94.2,274.9,291.15,0,0,67,67,66.12,64.99,510.26,489.17,831.01,835.33,0.33,0.34,118.98,119.51,13.31,13.03,13.87,13.87,712.66,712.66,1.7,1.69,38.03,37.67,55.36,54.48,52.44,52.44,-7.07,-7.07,100.62,100.62,46292.22,44311.76,29863.47,29320.72,68065,63752,1530.79,1467.5,3.42,3.37,204.1,195.67,6.432E+11,7.702E+11,34534,32967.95,4.24,4.09,19.1,17.76
Cantuariensis,37.33,41.33,65.33,57.78,71.33,71.33,4.73,3.7,30.96,30.7,43.68,43.68,447.49,426.89,65,62,78.75,85.5,2219.56,2117.36,3522.65,3360.45,-6.16,-6.16,1145.58,1092.83,1718.37,1639.24,6965.47,6644.75,4224.32,4029.81,4564.41,4354.24,5441.49,5190.94,-4.24,-4.24,1145.58,1092.83,1646.77,1570.94,3651.53,3483.39,2219.56,2117.36,3651.53,3483.39,-4.62,-5.29,6443.87,6147.17,11.05,11.05,1431.97,1366.04,984.48,939.15,984.48,939.15,179,170.75,1448.15,1448.15,21.16,27.05,14.64,14.64,61.32,57.35,25.73,26.31,16.07,15.07,50,50,1,1,50.99,50.99,112,112,59.37,59.96,77.57,82.51,71.58,71.92,13.24,10.02,894.98,853.77,78.94,78.31,57,50.33,18.22,18.79,83.64,81.92,0.86,0.86,93.77,93.77,546.98,575.6,0,0,64,64,68.7,67.48,626.49,597.64,568.19,613.58,0.26,0.26,75.63,84.77,12.05,11.46,11.53,11.53,606.19,606.19,2.14,2.03,41.76,44.98,55.35,54.13,-64.03,-64.03,46.9,46.9,100.2,100.2,57045.09,54418.47,24691.16,26983.62,116707,99742,1073.98,1024.53,5.64,4.15,268.49,256.13,3.282E+11,7.514E+11,46662.88,44187.8,7.44,7.31,21.32,19.16
Purrple,63.33,64.67,82,77.56,79.33,79.33,17.35,11.04,36.51,35.23,39.43,39.43,-3.16,-3.16,45.5,44,123.75,126,2390.42,2331.62,3795.36,3702.02,3161.52,3083.76,5089.27,4964.1,2390.42,2331.62,821.99,801.78,3469.96,3384.61,3658.11,3568.13,7402.58,7220.51,2004.87,1955.55,1233.76,1203.42,5860.37,5716.24,3161.52,3083.76,7402.58,7220.51,848.21,827.35,-1.79,-1.79,9021.89,8800,6.48,6.48,-7.07,-7.07,674.71,658.12,771.1,752.14,481.94,470.09,7.89,7.89,5.76,9.06,8.98,8.98,85.38,81.05,29.29,29.56,6.42,5.63,50,50,1,1,50,50,100,100,46.84,48.81,28.34,32.81,66.37,67.27,21.42,19.7,578.33,564.1,46.11,46.69,80,73.33,5.42,5.61,123.31,121.6,0.7,0.7,94.17,94.17,207.69,232.94,0,0,64,64,74.43,73.73,385.55,376.07,260.86,286.27,0.59,0.57,97.9,98.87,15.23,14.67,32.88,32.88,467.09,467.09,21.18,5.22,33.58,35.3,58.26,57.23,-51.96,-51.96,82.46,82.46,95,95,66976.37,65329.06,13661.85,17442.75,237075,192534,385.55,376.07,17.55,16.76,-8.94,-8.94,28300000000,31000000000,63359.65,61670.63,5.9,5.85,24.23,21.85
Loglog,59,61,33.33,25.33,45.33,45.33,2.06,1.74,32.58,32.59,40.78,40.78,648.23,580.82,48.75,47.25,117,119.25,-7.07,-7.07,-7.48,-7.48,749.07,671.17,1498.14,1342.34,2477.69,2220.02,3687.72,3304.22,0,0,1440.52,1290.71,-7.75,-7.75,-6.32,-6.32,576.21,516.28,2420.07,2168.39,-4.47,-4.47,-7.07,-7.07,3630.1,3252.59,1870.2,1487.27,749.07,671.17,11.62,11.62,504.18,451.75,864.31,774.43,1152.41,1032.57,432.16,387.21,490.88,490.88,48.6,57.32,12,12,37.04,33.53,23.31,23.62,19.58,19.18,51.62,51.62,1,1,50.99,50.99,114,114,59.35,59.99,73.41,78.51,69.65,69.64,10,12.72,1008.36,903.5,78.78,79.55,32,25.33,29.33,30.05,65.4,63.55,5.98,5.98,92.85,92.85,837.89,887.88,0,0,68,68,57.07,54.67,792.28,709.89,886.42,889.56,0.29,0.29,86.32,87.22,9.65,9.59,15.85,15.85,656.24,656.24,1.64,1.64,45,42.28,48.65,47.31,-40.62,-40.62,54.31,54.31,92.09,92.09,36428.2,32451.38,24829.17,24163.63,51091,42155,792.28,709.89,5.71,4.1,360.13,322.68,34500000000,65800000000,25754.74,22715.97,5.99,5.93,11.51,10.33
Yotimmoto,66.83,66.94,96.3,96.22,63.05,63.05,1.54,1.5,19.65,19.63,51.1,51.1,16776.41,16776.47,40.75,40.58,79,79,-25.61,-25.61,-15.39,-15.39,-20.05,-20.05,-13.1,-13.1,-19.62,-19.62,-13.94,-13.94,-23.54,-23.54,-24.28,-24.28,-22.23,-22.23,-22.49,-22.49,-25.02,-25.02,-16.22,-16.22,-16.31,-16.31,-26.31,-26.31,-9.71,-9.71,-24.41,-24.41,0,0,29.77,29.77,8111.67,8111.7,14748.49,14748.55,8480.38,8480.41,4608.9,4608.92,496.32,496.32,65.08,66.72,19.56,19.56,28.03,27.35,73.71,73.73,0.98,0.98,41.19,41.19,10.95,10.95,49.5,49.5,515,515,88.92,88.98,120.53,120.82,91.94,91.96,8.35,9.12,4240.19,4240.21,123.12,123.16,40.86,38.71,77.08,77.12,-126.7,-127.05,0.68,0.68,94.26,94.26,575.13,590.84,0,0,76,76,44.49,44.28,3041.88,3041.89,1439.73,1439.63,0.17,0.17,14.62,14.62,5.83,5.82,15.83,15.83,3252.73,3252.73,0.6,0.6,46.65,45.88,83.6,83.16,-126.79,-126.79,50.85,50.85,112.08,112.08,81669.78,81670.07,65068.82,65939.73,99989,98827,12536.22,12536.26,1.81,1.8,1843.56,1843.57,6.836E+11,7.04E+11,18702.38,18702.45,0.89,0.89,122.02,121.64
Task Force 16,23,24.5,64,59.56,72.67,72.67,2.55,2.43,28.33,28.29,44.83,44.83,1248.48,1208.93,77,75.5,51.75,56.25,4993.92,4835.74,-2.83,-2.83,-4.9,-4.9,0,0,3904.34,3780.67,0,0,-5.1,-5.1,1702.47,1648.55,-5.48,-5.48,1815.97,1758.45,-13.04,-13.04,-5.1,-5.1,-4.47,-4.47,-7.07,-7.07,3904.34,3780.67,0,0,4993.92,4835.74,13.78,13.78,2950.95,2857.48,1815.97,1758.45,2496.96,2417.87,907.99,879.22,937.13,937.13,39.19,41.2,16.29,16.29,62.34,60.27,23.41,23.71,19.46,19.05,46.97,46.97,1,1,51.96,51.96,126,126,65.64,65.74,103.22,104.03,75.73,75.81,17.27,15.66,2269.96,2198.06,98.5,97.46,55,51.67,51.98,52.16,41.56,41,0.82,0.82,93.8,93.8,643.34,658.75,-8,-8,67,67,63.4,61.41,1021.48,989.13,966.83,988.15,0.24,0.24,23.24,24.18,12.4,12.11,13.79,13.79,730.82,730.82,1.57,1.55,37.73,39.34,56.55,55.91,-44.16,-44.16,27.39,27.39,107.82,107.82,44241.58,42840.23,26853.1,26712.98,68513,64842,1929.47,1868.35,2.59,2.58,680.99,659.42,1.227E+11,1.452E+11,21235.96,20477.63,16.28,16.23,21.73,20.61
Skibidi Bidet,99,100,66.17,69.5,99,99,108.03,64.58,108.09,90.04,40.78,40.78,-3.16,-3.16,1,0,222.75,225,1813.61,1854.39,-6.32,-6.32,2720.42,2781.58,5803.57,5934.04,1178.85,1205.35,8705.35,8901.06,3355.19,3430.62,5100.79,5215.47,5894.25,6026.76,-10.49,-10.49,-4.47,-4.47,-3.16,-3.16,-5.48,-5.48,3627.23,3708.78,-2.65,-2.65,-4.82,-4.82,7889.22,8066.59,5,5,453.4,463.6,453.4,463.6,-3.16,-3.16,-4.47,-4.47,95.92,95.92,0.93,1.55,10.55,10.55,110.59,106.97,40.52,40.68,1.78,1.77,50,50,1,1,50,50,110,110,34.5,35.24,12.33,13.52,59.76,61.39,49.09,47.76,566.75,579.5,20.19,20.18,97.75,92.75,5.81,5.96,120.06,118.73,1.26,1.26,93.59,93.59,0.49,1.85,0,0,64,64,75.72,75.19,340.05,347.7,96.62,104.45,4.77,4.77,386.36,393.09,14.86,14.44,17.29,17.29,611.99,611.99,115.44,112.13,5.91,7.24,51.12,52.78,-61.24,-61.24,82.16,82.16,97.83,97.83,45839.1,46869.66,2770.87,4092.35,299330,264271,340.05,347.7,22.25,21.97,-6.32,-6.32,89200000000,92600000000,43180.43,44057.48,2.7,2.65,37.22,34.56
Coudkodeki,57.33,61.33,57.33,48.44,61.33,61.33,3.61,2.91,32.74,32.57,42,42,618.11,574.24,50,47,112.5,119.25,3296.58,3062.63,1483.46,1378.18,2060.36,1914.15,3296.58,3062.63,1895.53,1761.01,7911.79,7350.32,-7.07,-7.07,-4.74,-4.74,-6.32,-6.32,412.07,382.83,-4.47,-4.47,-5.48,-5.48,-3.16,-3.16,2884.51,2679.8,4944.87,4593.95,3296.58,3062.63,5356.94,4976.78,9.49,9.49,927.16,861.37,927.16,861.37,1236.22,1148.49,309.05,287.12,119.98,119.98,27.72,34.4,12,12,51.46,47.86,26.23,26.8,15.22,14.14,50,50,1,1,50,50,110,110,56.5,57.19,57.02,62.41,69.49,69.67,1.56,4.78,1236.22,1148.49,78.24,77.62,50,43.33,19.72,20.29,83.35,81.64,2.55,2.55,93.31,93.31,586.18,615.79,0,0,64,64,67.83,66.45,824.14,765.66,542.38,540.7,0.32,0.33,126.6,138.37,9.97,9.91,17.16,17.16,610.5,610.5,2.22,2.22,53.44,50.22,52.7,51.43,-43.59,-43.59,66.33,66.33,100.2,100.2,43638.47,40541.59,21927.79,22926.51,79117,66640,824.14,765.66,10.83,9.87,103.02,95.71,6800000000,11800000000,35041.7,32311.65,7.09,6.95,15.52,13.87
Yourson2,57.33,61.33,57.33,48.44,61.33,61.33,3.61,2.91,32.72,32.54,42,42,595.31,554.6,50,47,112.5,119.25,-4.47,-4.47,-2.83,-2.83,793.75,739.47,-3.16,-3.16,2619.38,2440.23,-4.9,-4.9,5159.39,4806.52,-5.48,-5.48,1984.38,1848.66,-10,-10,1984.38,1848.66,3968.76,3697.33,4365.64,4067.06,4365.64,4067.06,793.75,739.47,5416.43,4798.26,5953.14,5545.99,9.49,9.49,892.97,831.9,892.97,831.9,1190.63,1109.2,297.66,277.3,119.98,119.98,27.72,34.4,12,12,51.46,47.86,23.02,23.64,19.95,19.16,50,50,1,1,50,50,110,110,56.5,57.19,57.02,62.41,69.51,69.7,1.56,4.78,1190.63,1109.2,58.45,57.91,50,43.33,18.14,18.83,85,83.15,2.55,2.55,93.31,93.31,586.18,615.79,0,0,64,64,67.94,66.57,793.75,739.47,596.39,594.62,0.35,0.35,126.6,138.37,12.1,11.51,17.16,17.16,619.15,619.15,2.07,2.08,53.44,50.22,52.71,51.44,33.17,33.17,-10,-10,100.2,100.2,45302.47,41956.38,22763.93,23726.58,82134,68965,793.75,739.47,10.83,9.87,99.22,92.43,4800000000,8000000000,37102.72,34068.58,7.09,6.95,11.95,10.72
Pink Cloud Shrine,57.33,61.33,57.33,48.44,57.33,57.33,3.61,2.91,32.68,32.54,42,42,377.08,350.96,50,47,112.5,119.25,-7.75,-7.75,3157.38,2938.7,502.77,467.95,1005.53,935.89,1508.3,1403.84,0,0,-4.47,-4.47,4303.69,4005.62,2513.84,2339.73,0,0,2011.07,1871.78,0,0,-5.48,-5.48,-7.07,-7.07,1508.3,1403.84,4826.56,4492.28,502.77,467.95,9.33,9.33,1131.23,1052.88,1131.23,1052.88,1508.3,1403.84,377.08,350.96,119.98,119.98,27.72,34.4,12,12,49.93,46.46,22.86,23.49,20.15,19.36,50,50,1,1,50,50,100,100,56.72,57.4,57.19,62.55,69.56,69.7,0.56,3.78,1508.3,1403.84,72.89,72.29,50,43.33,27.85,28.42,77.55,75.84,3.24,3.24,93.2,93.2,610.35,640.56,0,0,64,64,67.65,66.23,1005.53,935.89,499.81,498.17,0.32,0.33,126.07,137.81,12.11,11.53,17.16,17.16,516.99,516.99,2.36,2.37,54.44,51.22,52.73,51.44,-30,-30,37.42,37.42,100.2,100.2,35791.99,33313.08,17985.03,18838.74,64891,54758,1005.53,935.89,10.54,9.56,125.69,116.99,2.642E+11,5.335E+11,25841.81,23852.16,7.09,6.95,13.92,12.44
Bloom3,77.11,78.44,78.5,75.17,81.33,81.33,13.7,9.88,35.37,34.5,42,42,883.03,860.5,25.33,23.33,168.75,173.25,-10.49,-10.49,5180.46,5048.24,4317.05,4206.87,-3.16,-3.16,5023.47,4895.26,1883.8,1835.72,3532.13,3441.98,-10.25,-10.25,5494.42,5354.19,1569.84,1529.77,5494.42,5354.19,1962.29,1912.21,2354.75,2294.65,5101.96,4971.75,2747.21,2677.1,9497.5,9255.11,7849.18,7648.85,7.68,7.68,588.69,573.66,588.69,573.66,490.57,478.05,294.34,286.83,105.17,105.17,7.3,10.12,12,12,85.75,82.37,33.37,33.7,2.56,2.5,50,50,1,1,50,50,130,130,47.55,48.98,28.84,32.4,67.16,67.85,28,27,883.03,860.5,40.46,40.35,76.75,71.75,7.19,7.34,113.52,112.19,0.7,0.7,94.17,94.17,123.9,135.15,0,0,64,64,72.98,72.34,490.57,478.05,349.58,370.08,1.53,1.54,229.66,238.61,15.41,14.98,17.24,17.24,750.2,750.2,3.46,3.2,27,28,57.56,56.68,75.83,75.83,-15.81,-15.81,98.83,98.83,63401.72,61783.56,14904.14,17597.56,204167,173852,490.57,478.05,17.27,16.68,-4.47,-4.47,3.51E+11,3.633E+11,58836.8,57273.36,5.33,5.2,23.56,21.61
Mevoo,58.67,60.67,59,52.33,65.33,65.33,3.83,3.21,33.39,33.04,40.78,40.78,770.03,724.28,49,47.5,114.75,119.25,-9.7,-9.7,6283.45,5910.09,-6.63,-6.63,4543.18,4273.23,1771.07,1665.83,369.61,347.65,5005.2,4707.79,-10.75,-10.75,693.03,651.85,1001.04,941.56,3311.13,3114.38,3349.63,3150.6,4081.16,3838.66,2387.1,2245.25,300.31,282.47,-4.29,-4.29,5005.2,4707.79,9.38,9.38,288.76,271.6,770.03,724.28,673.78,633.74,481.27,452.67,624.65,624.65,26.12,31.19,13,13,56.52,53.57,26.56,26.85,14.61,14.05,51,51,1,1,51.48,51.48,120,120,56.23,56.79,52.42,56.74,68.84,69.18,3.65,4.98,1347.55,1267.48,38.14,38.31,51.25,46.25,14.53,14.98,90.87,89.54,2.15,2.15,93.38,93.38,537.4,564.45,-4,-4,64,64,68.77,67.78,673.78,633.74,666.86,675.69,0.6,0.59,187.53,190.21,11.31,10.86,15.24,15.24,685.31,685.31,1.93,1.91,51.35,50.02,53.42,52.42,-93.54,-93.54,80.93,80.93,103,103,49143.36,46223.27,23899.32,24778.89,91515,79443,673.78,633.74,11.19,10.44,96.25,90.53,2.779E+11,3.355E+11,42017.57,39289.78,13.3,13.24,16.15,14.71
26ste Landsturmregiment,50.67,50.67,65.33,65.33,17,17,4.73,4.73,30.36,30.36,40.78,40.78,404.53,404.53,55,55,101.25,101.25,4126.24,4126.24,5001.65,5001.65,-5.29,-5.29,-7.07,-7.07,1213.6,1213.6,3920.74,3920.74,2669.92,2669.92,101.13,101.13,-4.24,-4.24,5339.84,5339.84,80.91,80.91,339.81,339.81,-2.83,-2.83,2508.11,2508.11,5987.1,5987.1,-7.51,-7.51,6796.16,6796.16,10.63,10.63,404.53,404.53,1517,1517,1921.53,1921.53,202.27,202.27,468.75,468.75,21.16,21.16,12,12,33.61,33.61,19.39,19.39,23.98,23.98,52.16,52.16,2.52,2.52,50.99,50.99,108,108,59.99,59.99,67.89,67.89,72.39,72.39,15.57,15.57,1921.53,1921.53,53.65,53.65,57,57,21.71,21.71,80.17,80.17,18.23,18.23,91.84,91.84,888.7,888.7,-8,-8,64,64,69.86,69.86,707.93,707.93,614.65,614.65,0.35,0.35,77.73,77.73,9.98,9.98,15.95,15.95,557.02,557.02,2.03,2.03,39.43,39.43,55.88,55.88,18.71,18.71,-41.83,-41.83,106.18,106.18,50467.98,50467.98,21844.35,21844.35,103251,103251,1112.47,1112.47,4.09,4.09,202.27,202.27,6.718E+11,6.722E+11,39516.43,39516.43,13.15,13.15,20.93,20.93
Norvikeland,71.83,71.94,98.61,98.54,70.76,70.76,1.57,1.53,20.04,20.02,12.74,12.74,15940.46,15940.86,33.25,33.08,212.75,212.75,-30.13,-30.13,-22.05,-22.05,-20.46,-20.46,-10.9,-10.9,-18.03,-18.03,-19.06,-19.06,-27.09,-27.09,-22.88,-22.88,-14.07,-14.07,-21.86,-21.86,-20.45,-20.45,-25.61,-25.61,-22.76,-22.76,-29.34,-29.34,8901.71,8901.93,-28.55,-28.57,0,0,30.53,30.53,12648.41,12648.72,17326.59,17327.02,6237.57,6237.73,4245.01,4245.12,1406.5,1406.5,63.88,65.51,0.42,0.42,76.33,74.24,111.07,111.09,0.73,0.73,71.86,71.86,2.93,2.93,48.04,48.04,300,300,74.75,74.82,117.25,117.56,91.66,91.68,14.07,14.84,2252.46,2252.51,60.93,61.09,42.43,40.29,93.79,93.8,-236.12,-236.48,0.69,0.69,94.24,94.24,428.47,442.05,32,32,156,156,39.21,39.06,1732.66,1732.7,1415.2,1415.1,0.17,0.17,184.26,184.26,9.9,9.88,11.71,11.71,3193.07,3193.07,0.62,0.62,40.93,40.16,94.69,94.7,-211.8,-211.8,147.6,147.6,39.8,39.8,89643.6,89645.84,70720.96,71678.44,110707,109411,19752.31,19752.8,2.11,2.11,-12.25,-12.25,2.3803E+12,2.5864E+12,5557.9,5558.04,0.34,0.34,153.75,153.5
Tarrsonis,75.07,75.33,53.33,50,59.11,59.11,1.37,1.34,23.73,23.74,44.28,44.28,3118.98,3060.88,28.4,28,162,162,-12.57,-12.57,5081.11,4986.45,2419.57,2374.5,5746.49,5639.44,-2.5,-2.5,-9.76,-9.76,-8,-8,-11.87,-11.87,-9.25,-9.25,75.61,74.2,-8.25,-8.25,846.85,831.08,-4.24,-4.24,-9.9,-9.9,8506.31,8347.85,-11.02,-11.02,2419.57,2374.5,15.03,15.03,1417.72,1391.31,6710.54,6585.53,1323.2,1298.55,945.15,927.54,1039.06,1039.06,72.82,74.85,16.29,16.29,30.53,29.46,39.76,39.82,1.83,1.83,47.8,47.8,6.47,6.47,52.44,52.44,223,223,65.82,65.92,100.07,101.36,88,87.97,13.98,14.94,1984.81,1947.83,66.16,66.05,31,28.5,57.28,57.42,25.16,24.75,1.6,1.6,93.5,93.5,578.76,595.52,-4,-4,65,65,53.23,52.77,189.03,185.51,1114.02,1113.73,0.42,0.42,229.64,229.64,9.32,9.29,13.32,13.32,1299.04,1299.04,1.14,1.14,41.02,40.06,60.39,59.93,-80,-80,97.98,97.98,103,103,44036.25,43215.9,37244.59,37088.27,51146,49548,1890.29,1855.08,2.57,2.57,378.06,371.02,6.066E+11,9.054E+11,18803.48,18409.97,14.81,14.81,27.23,26.35
Seafoam Island,82.33,82.5,100.11,100.11,82,82,1.58,1.54,20.16,20.13,65.68,65.68,19567.53,19567.55,17.67,17.5,220.75,220.75,-10.2,-10.2,-17.75,-17.75,-18.97,-18.97,-9.92,-9.92,-13.6,-13.6,-14.06,-14.06,-16.68,-16.68,-24.25,-24.25,-4.58,-4.58,-25.57,-25.57,-30.56,-30.56,-24.04,-24.04,-18.55,-18.55,-32.73,-32.73,9702.8,9702.82,2427.5,2427.5,0,0,47.73,47.73,16035.28,16035.3,14633.6,14633.62,6840.23,6840.23,10148.2,10148.22,1385.6,1385.6,63.23,64.86,38.16,38.16,8.49,8.52,138.26,138.28,0.63,0.63,72.05,72.05,0.53,0.53,65.81,65.81,518,518,101.07,101.12,129.89,130.14,91.58,91.6,24.4,25.17,14128.99,14129.01,66.88,67.04,-56.71,-58.86,99.01,99.02,-755.97,-756.33,2.41,2.41,93.33,93.33,231.51,241.52,15,15,136,136,77.37,77.2,5102.14,5102.14,1621.8,1621.71,0.16,0.16,374.95,374.95,19.04,18.87,11.8,11.8,4406.14,4406.14,0.48,0.48,30.6,29.83,97.18,97.19,-253.86,-253.86,201.59,201.59,143.94,143.94,139851.9,139852.06,109734.54,111225.63,173536,171492,20576.75,20576.77,1.66,1.65,3139.78,3139.78,9.509E+11,9.663E+11,1398.52,1398.52,0.49,0.49,155.13,154.88
1st New Valyrian Army,29,29,78.33,78.33,65.33,65.33,24.11,24.11,31.79,31.79,41.43,41.43,260.41,260.41,71.25,71.25,65.25,65.25,5833.11,5833.11,2637.4,2637.4,3610.97,3610.97,5416.46,5416.46,1180.51,1180.51,4578.99,4578.99,-3.16,-3.16,5344.24,5344.24,69.44,69.44,5833.11,5833.11,2013.81,2013.81,680.53,680.53,6180.32,6180.32,2361.02,2361.02,2881.83,2881.83,-3.53,-3.53,9444.08,9444.08,10.95,10.95,173.6,173.6,1128.43,1128.43,1736.04,1736.04,434.01,434.01,1056.6,1056.6,4.15,4.15,14.64,14.64,71.56,71.56,24.32,24.32,18.22,18.22,52.64,52.64,2.52,2.52,52.44,52.44,108,108,60.44,60.44,84.35,84.35,70.55,70.55,21.18,21.18,1736.04,1736.04,85.14,85.14,83.5,83.5,9.92,9.92,100.25,100.25,1.81,1.81,93.45,93.45,463.75,463.75,-8,-8,67,67,74.19,74.19,520.81,520.81,775.33,775.33,0.27,0.27,131.47,131.47,11.32,11.32,13.24,13.24,541.28,541.28,1.76,1.76,33.82,33.82,59.4,59.4,-57.45,-57.45,92.2,92.2,105.5,105.5,70484.81,70484.81,11747.47,11747.47,283209,283209,868.02,868.02,3.69,3.69,173.6,173.6,2.299E+11,2.302E+11,63506.81,63506.81,13.3,13.3,41.72,41.72
Lord Stalker,78.83,79.17,79.22,77.56,14,14,2.71,2.6,29.69,29.48,38.06,38.06,2269.32,2261.19,22.75,22.25,175.5,175.5,-12.41,-12.41,2505.32,2496.35,-3.13,-3.13,4175.54,4160.59,7624.9,7597.6,-9.47,-9.47,3086.27,3075.22,-8.4,-8.4,2450.86,2442.09,-7.35,-7.35,4357.09,4341.49,4130.16,4115.37,-4.9,-4.9,-2,-2,3267.82,3256.12,7826.96,7731.1,3086.27,3075.22,9.43,9.43,-13.04,-13.04,1021.19,1017.54,680.79,678.36,1248.12,1243.66,1034.67,1034.67,36.95,38.41,11.33,11.33,32.35,31.66,21.11,21.22,22.19,22.07,51,51,3.3,3.3,52.44,52.44,187,187,54.72,54.9,34.21,35.78,73.4,73.73,24.22,23.56,2042.38,2035.07,22.96,22.96,57.83,55.33,16.95,17.12,85.7,85.25,20.26,20.26,91.71,91.71,617.83,634.32,0,0,67,67,69.93,69.6,113.47,113.06,936.12,949.86,1.16,1.16,262.78,262.78,13.37,13.16,13.34,13.34,1087.44,1087.44,1.6,1.58,30.78,31.44,59.09,58.76,-71.69,-71.69,68.19,68.19,92.09,92.09,55242.05,54976.43,32476.46,33004.09,87888,85933,340.4,339.18,12.93,12.74,-15.49,-15.49,1.6661E+12,2.2694E+12,45850.9,45575.46,6.06,6.06,25.05,24.22
Firaston,76.89,78.22,41.33,32.44,79.33,79.33,2.44,2.04,32.28,32.33,43.68,43.68,124.73,112.37,25.67,23.67,168.75,173.25,1496.72,1348.47,3866.53,3483.54,3242.9,2921.68,4290.61,3865.6,2544.43,2292.39,0,0,3392.57,3056.52,1995.63,1797.95,3242.9,2921.68,3991.26,3595.91,2993.45,2696.93,3168.06,2854.25,2494.54,2247.44,3642.03,3281.27,-5.57,-5.57,4404.12,3810.56,8132.19,7326.67,9.06,9.06,997.82,898.98,686,618.05,124.73,112.37,124.73,112.37,26.8,26.8,40.99,49.04,14.16,14.16,54.46,49.62,35.51,35.83,2.22,2.18,51,51,1,1,50.5,50.5,98,98,57.51,58.18,64.85,70.47,69.99,69.93,21.97,24.86,686,618.05,53.07,53.3,38,31.33,8.23,8.44,105.66,103.81,0.71,0.71,94.13,94.13,326.25,354.6,0,0,64,64,66.45,64.67,436.54,393.3,387.51,388.6,0.58,0.57,266.44,277.7,12.22,11.63,17.87,17.87,453.61,453.61,3.02,3.01,33.03,30.14,51.09,49.73,-54.77,-54.77,97.47,97.47,100.2,100.2,51925.07,46624.35,32291.71,31933.43,78771,65118,748.36,674.23,9.39,8.27,62.36,56.19,2300000000,4100000000,47667.22,42707.91,4.83,4.67,11.03,9.92
Mongolman,74.5,74.83,7.25,5.5,24,24,1.16,1.12,32.78,33.51,45.83,45.83,594.38,515.18,29.25,28.75,159.75,162,1526.63,1323.19,-5.51,-5.51,150.16,130.15,200.21,173.53,-3.74,-3.74,-4.82,-4.82,1001.07,867.66,344.12,298.26,-7.55,-7.55,-9.38,-9.38,275.29,238.61,1238.82,1073.73,1651.76,1431.65,-2.37,-2.37,938.5,813.44,565.6,490.23,2677.85,2321,17.15,17.15,1376.47,1193.04,844.65,732.09,750.8,650.75,594.38,515.18,8.73,8.73,86.09,89.42,15.9,15.9,16.16,15.33,27.98,28.08,11.23,10.89,51,51,1,1,50.5,50.5,110,110,68.11,68.24,91.76,92.39,69.45,68.72,30.45,31.2,907.22,786.32,60.55,60.42,-92.75,-94.5,61.45,61.62,6.87,6.38,14.5,14.5,92.11,92.11,1202.77,1249.06,-4,-4,64,64,75.25,75.05,656.95,569.4,990.39,990.14,0.39,0.39,233.53,238.02,9.48,9.47,27.97,27.97,661.24,661.24,1.55,1.55,24.55,23.8,45.18,44.49,-43.01,-43.01,49.5,49.5,109.08,109.08,20162.74,17475.84,18632.98,16475.98,21643,18426,969.78,840.55,2.41,2.4,563.1,488.06,18500000000,21500000000,7762.66,6710.72,14.09,14.06,7.54,7.4
New Awesome Prussia,69.06,69.17,96.03,95.62,72.29,72.29,1.34,1.31,20.3,20.28,67.49,67.49,13717.21,13717.28,37.42,37.25,165.75,165.75,-25.22,-25.22,-9.63,-9.63,-10.78,-10.78,-14.62,-14.62,-15.47,-15.47,-13.36,-13.36,-27.68,-27.68,-26.5,-26.5,-17.49,-17.49,-22.49,-22.49,-18.87,-18.87,-16.06,-16.06,-12.88,-12.88,-23.94,-23.94,21316.17,21316.28,-26.7,-26.7,0,0,25.02,25.02,4885.58,4885.61,10804.65,10804.71,845.58,845.59,3288.37,3288.39,1339.46,1339.46,74.44,76.2,33.3,33.3,8.39,8.43,85.41,85.42,0.88,0.88,45.31,45.31,12.07,12.07,51.96,51.96,424,424,80.34,80.41,120.16,120.45,91.49,91.51,17.85,18.62,0,0,152.8,152.82,29,26.86,80.11,80.15,-78.16,-78.51,0.53,0.53,95.12,95.12,539.22,554.44,9,9,104,104,47.58,47.33,3382.33,3382.34,1402.6,1402.5,0.14,0.14,127.98,127.98,5.19,5.18,11.99,11.99,2831.65,2831.65,0.63,0.63,37.15,36.38,82.06,81.62,-98.89,-98.89,63.01,63.01,120.99,120.99,80131.05,80131.49,68569.85,69424.51,92109,91104,14938.6,14938.69,1.96,1.96,0,0,7.249E+11,7.523E+11,15946.08,15946.17,0.84,0.84,128.54,128.2
A Valyrian Dragonrider,59.33,59.33,78.33,78.33,57.33,57.33,13.58,13.58,32.07,32.07,43,43,425.93,425.93,48.5,48.5,117,117,1226.68,1226.68,7196.55,7196.55,4838.59,4838.59,4225.25,4225.25,5043.04,5043.04,9595.4,9595.4,477.04,477.04,1959.29,1959.29,-6,-6,4293.4,4293.4,545.19,545.19,1737.8,1737.8,-3.74,-3.74,4293.4,4293.4,-3.55,-3.55,3736.32,3736.32,6542.32,6542.32,10.15,10.15,1107.42,1107.42,681.49,681.49,937.05,937.05,255.56,255.56,1047.84,1047.84,7.37,7.37,15.51,15.51,64.5,64.5,25.72,25.72,16.1,16.1,52.64,52.64,1,1,52.44,52.44,120,120,59.1,59.1,66.92,66.92,70.22,70.22,9.89,9.89,1022.24,1022.24,71.2,71.2,76.5,76.5,8.57,8.57,107.01,107.01,3.5,3.5,93.16,93.16,403.75,403.75,-8,-8,67,67,72.77,72.77,340.75,340.75,1012.6,1012.6,0.4,0.4,200.67,200.67,9.94,9.94,13.28,13.28,666.88,666.88,1.52,1.52,45.11,45.11,59.76,59.76,7.07,7.07,83.96,83.96,105.16,105.16,72757.78,72757.78,17194,17194,233453,233453,1107.42,1107.42,6.39,6.39,170.37,170.37,4.657E+11,4.66E+11,66500.61,66500.61,11.91,11.91,41.88,41.88
Estinving,70.33,70.67,74.67,70.22,77.33,77.33,8.37,6.07,31.66,31.13,44.28,44.28,-3.16,-3.16,35.5,35,146.25,146.25,3182.75,3100.01,498.17,485.22,5604.41,5458.72,4497.37,4380.46,4497.37,4380.46,6194.95,6033.91,5050.89,4919.59,-3.67,-3.67,1072.45,1044.57,761.09,741.31,3182.75,3100.01,2144.9,2089.14,3182.75,3100.01,1107.04,1078.27,5811.99,5660.9,-4.29,-4.29,13838.06,13478.32,7.68,7.68,1556.78,1516.31,691.9,673.92,172.98,168.48,172.98,168.48,7.84,7.84,11.95,16.49,14.16,14.16,72.95,68.84,36.4,36.48,2.12,2.11,52.16,52.16,1,1,50,50,108,108,56.47,57.25,56.21,62.09,70.7,71.35,20.07,18.01,864.88,842.4,44.95,46.2,69,62.33,6.27,6.46,118.51,116.8,0.73,0.73,94.07,94.07,227.11,258.76,-8,-8,64,64,72.19,71.35,86.49,84.24,593.09,634.51,1.26,1.22,105.71,105.71,10.31,9.97,33.18,33.18,573.5,573.5,2.08,1.99,34.93,36.99,58.73,57.61,25.5,25.5,86.31,86.31,105.16,105.16,68134.81,66363.57,21355.69,24982.64,178754,151526,1297.32,1263.59,10.88,9.79,-4.47,-4.47,7400000000,16000000000,63842.31,62049.93,11.75,11.75,22.26,20.03
Craldfle,70.33,70.67,74.67,70.22,77.33,77.33,8.37,6.07,31.66,31.14,44.28,44.28,-3.16,-3.16,35.5,35,146.25,146.25,4741.74,4626.87,948.35,925.37,5460.19,5327.91,603.49,588.87,1077.67,1051.56,4138.25,4038,4526.21,4416.56,-5.34,-5.34,933.98,911.35,-8.25,-8.25,4382.52,4276.35,-2.83,-2.83,3664.07,3575.31,4741.74,4626.87,4957.27,4837.19,7409.48,6963.59,14728.13,14371.35,7.42,7.42,1616.5,1577.34,718.45,701.04,179.61,175.26,179.61,175.26,7.84,7.84,11.95,16.49,14.16,14.16,72.95,68.84,34.22,34.3,2.41,2.4,50,50,1,1,50,50,116,116,55.88,56.69,53.07,58.85,70.7,71.34,20.07,18.01,898.06,876.3,44.86,46.1,69,62.33,6.43,6.64,117.21,115.34,0.73,0.73,94.07,94.07,227.11,258.76,-8,-8,64,64,72.13,71.28,89.81,87.63,550.52,590.5,1.3,1.24,105.41,105.41,10.87,10.27,33.18,33.18,638.06,638.06,2.19,2.09,34.93,36.99,58.43,57.31,77.52,77.52,39.87,39.87,105.16,105.16,65657.45,63800.52,20579.2,24017.77,172254,145674,987.86,963.93,11.62,10.58,-4.47,-4.47,9200000000,15700000000,61455.38,59589.68,12.93,12.93,24.07,21.7
Formisia,70.89,71,96.37,96.3,36.19,36.19,1.58,1.54,19.81,19.79,23.24,23.24,7768.78,7768.83,34.67,34.5,84.5,84.5,-18.38,-18.38,-11.24,-11.24,-10.18,-10.18,-9.74,-9.74,-15.38,-15.38,-11.63,-11.63,-10.52,-10.52,-15.44,-15.44,-8.31,-8.31,-11.31,-11.31,-17.83,-17.83,-15.56,-15.56,-9.38,-9.38,-24.72,-24.72,12825.19,12825.28,-18.82,-18.82,0,0,31.13,31.13,2453.3,2453.32,13820.24,13820.34,8259.44,8259.5,6133.24,6133.29,18.38,18.38,63.34,64.97,1.3,1.3,36.55,35.69,68.82,68.84,1.04,1.04,46.97,46.97,14.12,14.12,53.84,53.84,227,227,82.71,82.78,127.29,127.54,91.82,91.84,13.25,14.02,10385.63,10385.7,111.52,111.58,43.14,41,93.1,93.12,-225.63,-225.99,12.54,12.54,92.26,92.26,671.9,688.88,4,4,104,104,44.68,44.38,5397.26,5397.29,1279.92,1279.8,0.14,0.14,155.96,155.96,7.4,7.39,18.03,18.03,1573.77,1573.77,0.77,0.77,41.75,40.98,83.34,82.67,-124.87,-124.87,96.3,96.3,110.31,110.31,92066.71,92067.36,72305.41,73287.45,114151,112808,11366.95,11367.03,1.91,1.91,3352.84,3352.86,7.87E+11,8.208E+11,6352.6,6352.65,23.04,23.04,126.02,125.5
Uppentia,71.33,71.6,60.33,53.67,26,26,3.98,3.32,33.53,33.06,37.37,37.37,560.81,532.87,34,33.6,148.5,150.75,-6.32,-6.32,4230.09,4019.35,1922.77,1826.98,5127.38,4871.93,3396.89,3227.66,-2,-2,3332.8,3166.76,-2.74,-2.74,4166,3958.45,-10.95,-10.95,3525.08,3349.45,1922.77,1826.98,3204.62,3044.96,4166,3958.45,2243.23,2131.47,4614.65,4384.74,5255.57,4993.73,9.54,9.54,0,0,721.04,685.12,1281.85,1217.98,560.81,532.87,7.97,7.97,25.15,30.14,6.84,6.84,39.11,37.24,23.85,23.93,18.87,18.76,46.97,46.97,1,1,50,50,110,110,52.96,53.75,34.11,38.23,68.71,69.16,14.65,14.95,1361.96,1294.11,37.02,37.84,52.25,47.25,9.37,9.52,99.93,98.59,12.8,12.8,92.24,92.24,658.04,697.49,0,0,64,64,69.79,68.92,721.04,685.12,526.23,543.12,0.7,0.64,86.73,87.19,11.27,10.83,32.37,32.37,620.98,620.98,2.27,2.22,40.35,40.05,53.22,52.26,-73.82,-73.82,91.92,91.92,98.34,98.34,60038.47,57047.3,28600.42,30013.69,113703,99582,721.04,685.12,14.56,13.88,-5.48,-5.48,76600000000,92100000000,54394.86,51627.81,9.24,9.21,14.46,13.17
Regulus Corneas,69.33,69.56,55.56,52.22,58.22,58.22,1.28,1.25,22.76,22.81,45.83,45.83,4063.14,3952.87,37,36.67,141.75,144,-14,-14,165.98,161.48,-10.68,-10.68,-6.75,-6.75,-8.22,-8.22,-8.85,-8.85,-11.75,-11.75,-13.86,-13.86,-12.19,-12.19,-8.12,-8.12,-8.72,-8.72,1549.18,1507.14,2213.12,2153.05,-14,-14,3430.33,3337.23,-4.18,-4.18,0,0,22.29,22.29,4063.14,3952.87,7953.38,7737.53,3717.34,3616.45,2766.39,2691.31,1246.38,1246.38,78.02,80.13,18.02,18.02,26.82,25.69,37.33,37.39,2.03,2.02,48.6,48.6,6.47,6.47,53.38,53.38,213,213,75.35,75.42,110.88,111.26,90.18,90.16,13.61,14.56,3544.44,3448.25,85.37,85.25,-75.33,-77.83,82.09,82.14,-73.69,-74.1,1.7,1.7,93.48,93.48,708.99,728.12,-8,-8,65,65,77.99,77.82,1729,1682.07,1157.7,1157.39,0.26,0.26,174.46,175.1,9.14,9.11,12.39,12.39,1268.21,1268.21,1.01,1.01,41.39,40.44,62.41,61.96,-79.81,-79.81,25.88,25.88,112.37,112.37,50808.29,49429.34,44573.11,43978.18,57127,54885,3717.34,3616.45,2.1,2.09,1815.45,1766.17,1.942E+11,2.013E+11,9094.68,8847.85,16.33,16.3,23.38,22.59
Furry Felines,67.94,68.28,96.2,96.18,66.48,66.48,1.68,1.66,19.7,19.7,32.09,32.09,18144.03,18144.05,39.08,38.58,201.25,201.5,-30.1,-30.1,-18.46,-18.46,-19.29,-19.29,-13.1,-13.1,-23.75,-23.75,-13.05,-13.05,-20.15,-20.15,-24.28,-24.28,-24.9,-24.9,-27.31,-27.31,-24.21,-24.21,-23.28,-23.28,-22.93,-22.93,-25.14,-25.14,-7.21,-7.21,-22.13,-22.13,0,0,31,31,15842.83,15842.85,10974.92,10974.94,9293.28,9293.29,3805.82,3805.83,6.92,6.92,59.63,60.26,3.55,3.55,54.92,54.41,83.95,84,0.89,0.89,53.09,53.09,10.42,10.42,50.99,50.99,552,552,89.71,89.72,132.49,132.58,91.9,91.91,8,8.46,9824.33,9824.34,114.38,114.39,48.14,47.29,78.72,78.74,-145.52,-145.67,5.5,5.5,92.9,92.9,474.28,476.84,-1,-1,126,126,42.07,41.98,1593.13,1593.14,1537.68,1537.53,0.14,0.14,114.24,114.76,5.24,5.23,40.2,40.2,3811.92,3811.92,0.53,0.53,47,46.54,84.3,84.08,-122.94,-122.94,65.94,65.94,96,96,85055.66,85055.77,64683.41,65046.2,108474,107945,12125.52,12125.54,1.79,1.79,1062.09,1062.09,7.838E+11,7.928E+11,18116.86,18116.88,23.55,23.53,153.17,153.04
Argesea,45.73,46,97.69,97.61,46.86,46.86,1.5,1.46,17.99,17.97,23.71,23.71,2244.26,2244.26,58.7,58.5,62.5,62.5,-18.44,-18.44,-16.97,-16.97,-18.11,-18.11,21763.87,21763.89,-12.49,-12.49,-15.36,-15.36,16202.48,16202.49,-36.54,-36.54,-23.81,-23.81,-29.5,-29.5,28463.81,28463.84,-17.32,-17.32,-17.32,-17.32,-27.91,-27.91,-27.37,-27.37,-26.69,-26.69,16202.48,16202.49,36.76,36.76,4543.26,4543.27,1204.24,1204.24,19322.55,19322.57,-16.43,-16.43,3336.17,3336.17,66.83,68.5,0.77,0.77,37.96,36.98,85.84,85.86,0.88,0.88,22.26,22.26,27.93,27.93,40.94,40.94,580,580,107.22,107.27,159.09,159.27,93.37,93.38,10.21,10.86,35525.03,35525.06,3.72,3.72,-61.43,-63.57,94.97,94.99,-342.89,-343.25,0.81,0.81,93.81,93.81,859.35,878.21,4,4,120,120,83.12,82.99,-29.15,-29.15,1534.26,1534.23,0.14,0.14,46.79,46.79,3.31,3.31,5.56,5.56,2926.54,2926.54,0.53,0.53,44.79,44.14,91.8,91.8,-269.96,-269.96,240.99,240.99,114.92,114.92,140381.33,140381.46,113442.48,114939.19,169741,167791,54.74,54.74,1.6,1.6,-28.11,-28.11,8.878E+11,9.009E+11,7019.07,7019.07,59.62,59.62,158.17,157.92
Revolutionary Theory,76.42,76.55,67.14,65.71,23.33,23.33,1.3,1.27,22.37,22.36,52.16,52.16,7125.22,7071.93,26.36,26.18,206.5,206.5,-12.81,-12.81,-9.12,-9.12,-11.66,-11.66,-7.1,-7.1,-9.67,-9.67,-4.2,-4.2,-13.68,-13.68,-17.83,-17.83,-12.08,-12.08,-12,-12,-13.56,-13.56,-4.1,-4.1,-9.7,-9.7,-13.3,-13.3,-4.64,-4.64,-15.13,-15.13,0,0,25.42,25.42,6674.25,6624.34,7936.95,7877.6,4509.63,4475.91,3878.28,3849.28,60.39,60.39,77.15,78.94,19.56,19.56,18.34,17.68,49.8,49.82,1.39,1.39,50,50,5.87,5.87,48.04,48.04,232,232,79.77,79.84,106.65,107.11,90.36,90.36,25.2,25.97,3968.48,3938.8,111.54,111.6,-74.29,-76.43,79.36,79.4,-104.32,-104.68,15.49,15.49,92.03,92.03,852.89,871.86,0,0,78,78,76.47,76.28,2345.01,2327.47,1232.45,1232.31,0.22,0.22,257.88,257.88,9.17,9.15,17.53,17.53,1691.68,1691.68,0.85,0.85,29.8,29.03,67.76,67.31,-108.54,-108.54,70.57,70.57,114.08,114.08,58264.44,57828.73,50810.56,51047.1,65859,64664,8478.11,8414.71,1.98,1.98,2976.36,2954.1,4.073E+11,4.286E+11,12002.47,11912.72,10.11,10.11,54.23,52.88
Her Excellency,80.4,80.67,45.33,38.67,27,27,2.67,2.3,33.33,33.14,43.68,43.68,245.43,229.02,20.4,20,180,180,2945.21,2748.2,4308.19,4020.01,4581.44,4274.98,1767.13,1648.92,2094.37,1954.28,2617.97,2442.85,-8,-8,-3.87,-3.87,1963.47,1832.14,-5.48,-5.48,-6.32,-6.32,4286.92,4000.16,2945.21,2748.2,654.49,610.71,3697.88,3450.52,-4.2,-4.2,7526.65,7023.19,9.11,9.11,1308.98,1221.42,736.3,687.05,409.06,381.69,327.25,305.36,9.08,9.08,37.43,43.46,15.09,15.09,33.65,31.73,28.23,28.3,10.11,9.8,53.09,53.09,1,1,51.48,51.48,106,106,54.68,55.38,35.87,40.28,68.89,69.09,21.08,22.88,572.68,534.37,64.55,65.75,41,36,14.06,14.51,89.03,87.7,12.26,12.26,92.28,92.28,630.04,668.65,0,0,64,64,65.39,63.56,572.68,534.37,374.83,380.77,1.12,0.91,296.28,296.28,10.23,9.98,26.22,26.22,557.07,557.07,3.15,3.09,33.92,32.12,51.24,50.19,59.16,59.16,59.16,59.16,100.2,100.2,43495.87,40586.38,25751.29,26047.98,68791,59939,1145.36,1068.75,12.97,12.21,81.81,76.34,1.938E+11,2.827E+11,37362.95,34701.36,1.44,1.44,12.26,11.18
Flemingovia,62.22,62.44,96.09,96.01,65.52,65.52,1.5,1.46,18.57,18.56,66.46,66.46,15742.95,15742.97,46.33,46.17,85.5,85.5,-19.95,-19.95,-18.07,-18.07,-19.13,-19.13,-13.37,-13.37,-19.15,-19.15,-15.21,-15.21,-26.27,-26.27,-24.31,-24.31,-22.45,-22.45,-22.09,-22.09,-22.09,-22.09,-19.85,-19.85,-18.38,-18.38,-28.79,-28.79,-5.77,-5.77,-27.84,-27.84,0,0,38.34,38.34,14812.69,14812.7,14955.81,14955.82,10018.24,10018.25,5581.59,5581.6,1730.95,1730.95,66.83,68.5,34.05,34.05,8.55,8.58,89.25,89.27,0.85,0.85,47.8,47.8,15.38,15.38,55.65,55.65,525,525,108.38,108.43,130.83,131.08,92.81,92.83,7.97,8.74,5152.24,5152.24,150.2,150.23,38.57,36.43,94.99,95,-354.53,-354.88,0.59,0.59,94.78,94.78,614.23,630.47,-1,-1,100,100,36.58,36.44,4007.3,4007.3,1572.17,1572.09,0.13,0.13,88.84,88.84,6.74,6.72,10.4,10.4,3345.33,3345.33,0.51,0.51,47.03,46.26,84.57,84.13,-195.2,-195.2,117.9,117.9,115.74,115.74,105191.55,105191.65,85005.54,86127.07,127191,125731,14669.57,14669.58,1.59,1.59,3577.94,3577.95,6.35E+11,6.443E+11,5259.58,5259.58,14.51,14.51,141.36,141.08
Versord,69.07,69.87,40,34.67,42.67,42.67,2.37,2.11,31.2,31.17,43.68,43.68,1399.09,1313.77,37.4,36.2,141.75,144,-8.25,-8.25,-3.79,-3.79,3805.53,3573.46,596.95,560.54,-3.29,-3.29,-1.79,-1.79,2163.93,2031.97,-6,-6,4178.62,3923.8,-9.38,-9.38,1940.07,1821.77,1977.38,1856.8,820.8,770.75,3432.44,3223.12,-5.92,-5.92,-1.77,-1.77,5969.46,5605.43,11.09,11.09,1492.36,1401.36,1026,963.43,1026,963.43,652.91,613.09,624.65,624.65,42.22,47.29,15.09,15.09,39.96,37.93,24.19,24.44,18.4,18.06,52.64,52.64,1,1,51.48,51.48,146,146,58.94,59.35,65.81,69.24,71.27,71.3,12.77,14.51,932.73,875.85,73.12,73.36,37,33,33.93,34.29,64.58,63.51,7.53,7.53,92.69,92.69,706.65,731.38,0,0,64,64,55.95,54.57,652.91,613.09,811.9,813.81,0.36,0.36,197.38,198.07,11.2,10.84,15.24,15.24,869.36,869.36,1.72,1.72,42.23,40.49,51.14,50.26,59.16,59.16,40,40,100.2,100.2,34566.89,32458.97,21840.77,21800.8,51734,46104,1305.82,1226.19,6.77,5.72,279.82,262.75,1.2272E+12,1.486E+12,22848.72,21325.54,2.52,2.47,12.9,11.98
HyruleLink,66.67,67.67,74,69.56,23,23,8.85,6.36,34.05,33.28,41.43,41.43,396.77,386.4,41,39.5,132.75,137.25,-2.45,-2.45,-2.19,-2.19,5078.68,4945.98,3412.24,3323.08,222.19,216.39,7237.11,7048.02,2618.69,2550.27,1190.31,1159.21,5316.74,5177.82,-11.66,-11.66,-4,-4,111.1,108.19,1745.79,1700.18,5713.51,5564.22,4721.58,4598.21,355.51,346.22,7697.37,7496.24,9.85,9.85,694.35,676.21,694.35,676.21,1190.31,1159.21,495.96,483.01,1186.57,1186.57,11.3,15.72,15.51,15.51,41.63,39.55,20.22,20.56,23.14,22.79,51.62,51.62,1,1,53.38,53.38,116,116,54.2,55.05,34.89,39.79,68.23,68.95,19.25,17.53,793.54,772.81,64.7,65.32,70,63.33,12.83,13.4,94.35,92.63,14.5,14.5,92.11,92.11,594.18,636.39,0,0,71,71,71.5,70.61,595.16,579.61,664.99,705.06,0.45,0.44,235.19,238.19,11.59,11,12.66,12.66,648.11,648.11,1.93,1.86,35.75,37.47,55.85,54.75,44.72,44.72,66.33,66.33,88,88,58581.73,57051.06,17778.54,20909.26,157394,132987,595.16,579.61,13.45,12.58,297.58,289.8,18400000000,48900000000,51083.27,49406.22,3.98,3.88,31.21,28.37
Saamo,78,79.33,21.5,19.25,61.33,61.33,1.59,1.51,34.43,34.43,42,42,437.23,417.86,24,22,171,175.5,1457.44,1392.85,-2.83,-2.83,291.49,278.57,874.46,835.71,1632.33,1559.99,0,0,-8.94,-8.94,3279.24,3133.92,-4.47,-4.47,-14.14,-14.14,-10,-10,1457.44,1392.85,-10,-10,2623.39,2507.13,-7.07,-7.07,466.38,445.71,1748.93,1671.42,9.64,9.64,655.85,626.78,655.85,626.78,874.46,835.71,437.23,417.86,119.98,119.98,63.07,66.31,12,12,35.04,33.58,27.84,28.21,11.68,10.2,50,50,1,1,50,50,110,110,59.04,59.21,74.83,76.58,67.91,67.91,19.72,21.14,874.46,835.71,64.19,63.19,21.5,19.25,28.28,28.47,70.33,69.75,2.55,2.55,93.31,93.31,606.29,608.32,0,0,64,64,54.03,53.5,582.98,557.14,611.76,607.56,0.44,0.45,232.47,241.48,9.78,9.76,17.16,17.16,636.49,636.49,2.04,2.05,35.28,33.86,45.95,45.51,-37.42,-37.42,43.59,43.59,100.2,100.2,24572.45,23483.48,19254.54,18897.77,30527,28500,582.98,557.14,6.55,6.1,72.87,69.64,1.313E+11,1.465E+11,17618.45,16790.69,5.85,5.74,8.73,8.48
Kearrial,90,91,80.67,76.22,83,83,17.35,11.04,37.16,35.88,42,42,335.21,326.88,10,9,202.5,204.75,4469.47,4358.39,8112.09,7910.47,893.89,871.68,4469.47,4358.39,-2.45,-2.45,-2.83,-2.83,893.89,871.68,7262.89,7082.38,893.89,871.68,-7.75,-7.75,4469.47,4358.39,2681.68,2615.03,7151.15,6973.42,2234.74,2179.19,-6.32,-6.32,-2,-2,6257.26,6101.74,7.07,7.07,670.42,653.76,670.42,653.76,558.68,544.8,0,0,105.17,105.17,5.76,9.06,12,12,86.32,81.94,35.61,35.78,2.21,2.19,50,50,1,1,50,50,110,110,45.43,47.45,25.87,30.09,65.97,66.8,34.86,32.97,1005.63,980.64,31.17,31.87,80,73.33,7.62,7.81,111.04,109.33,0.71,0.71,94.13,94.13,59.92,75.24,0,0,64,64,73.49,72.74,558.68,544.8,250.2,275.89,2.68,2.54,327.31,333.51,13.22,12.64,17.24,17.24,596.07,596.07,35.87,8.58,20.14,22.03,57.83,56.77,-65.19,-65.19,72.46,72.46,98.83,98.83,57075.15,55656.6,11642.19,14860.22,202028,164028,558.68,544.8,18.09,17.31,-4.47,-4.47,19200000000,21600000000,52737.44,51315.38,4,3.95,30.3,27.52
Opposite Land,41.67,43.67,78,73.56,13,13,12.88,8.69,33.84,33.08,38.06,38.06,448.59,437,61.75,60.25,87.75,90,89.72,87.4,-5.51,-5.51,3499.03,3408.62,538.31,524.4,448.59,437,9894.63,9638.97,9151.31,8914.86,5158.83,5025.53,44.86,43.7,-9.9,-9.9,538.31,524.4,376.82,367.08,538.31,524.4,3678.47,3583.42,-3.55,-3.55,-3.35,-3.35,12740.06,12410.88,10.54,10.54,-5.48,-5.48,785.04,764.75,1906.52,1857.26,560.74,546.25,1831.71,1831.71,7.76,11.51,10.55,10.55,36.17,34.52,7.45,8.26,31.92,31.64,50,50,1,1,51.96,51.96,111,111,57.96,58.65,53.04,58.06,68.42,69.14,25.52,22.8,1457.93,1420.26,46.85,47.44,76,69.33,20.08,20.65,85.38,83.67,20.96,20.96,91.66,91.66,809.53,858.68,-8,-8,67,67,72.55,71.73,672.89,655.5,503.42,544.92,0.38,0.38,48.9,49.58,11.81,11.22,10.02,10.02,613.61,613.61,2.35,2.21,29.48,32.2,57.89,56.8,54.77,54.77,30,30,103.74,103.74,54570.06,53160.08,13303.15,16309.48,171396,141690,672.89,655.5,8.65,7.39,-4.47,-4.47,1900000000,2800000000,43601.48,42155.94,13.9,13.87,36.9,33.74
Baltic-Poland,74.44,75.78,29.33,22.33,75.33,75.33,1.9,1.62,31.36,31.62,43.68,43.68,735.43,659.53,29.33,27.33,159.75,164.25,915.21,820.74,-5.06,-5.06,2876.37,2579.48,-6.63,-6.63,1699.67,1524.24,-2.19,-2.19,-7.48,-7.48,-8.31,-8.31,-7.94,-7.94,-13.49,-13.49,-1.41,-1.41,-9.22,-9.22,-7.87,-7.87,2876.37,2579.48,2091.9,1875.99,141.2,126.63,3791.57,3400.23,12.37,12.37,1634.3,1465.62,1225.72,1099.21,1307.44,1172.49,653.72,586.25,34.9,34.9,52.64,61.7,14.16,14.16,45.87,41,34.59,34.92,2.35,2.3,52.64,52.64,1,1,50.5,50.5,109,109,63.04,63.58,101.74,103.23,71.07,70.74,21.82,24.71,1552.58,1392.33,64.83,64.21,29,22.33,46.56,47.13,49.56,47.85,0.75,0.75,93.97,93.97,446.76,479.84,-4,-4,64,64,53.26,51.93,898.86,806.09,703.46,701.47,0.48,0.49,244.19,254.97,9.88,9.82,17.77,17.77,639.38,639.38,1.87,1.87,33.18,30.29,49.86,48.41,73.48,73.48,-31.62,-31.62,104.81,104.81,28019.08,25127.1,19933.97,19459.96,37868,31539,1634.3,1465.62,2.9,2.82,408.57,366.4,8900000000,26600000000,14962.19,13292.24,12.04,11.98,8.88,8.16
Morozko the snow demon,70.4,70.67,28.44,25.83,50.67,50.67,1.33,1.3,26.98,27.08,42,42,3230.4,3064.63,35.4,35,146.25,146.25,-12.08,-12.08,3176.83,3013.81,-2.45,-2.45,617.72,586.02,-4.5,-4.5,-7.1,-7.1,441.23,418.58,-12.43,-12.43,-4.9,-4.9,-12.88,-12.88,-11.66,-11.66,882.45,837.17,441.23,418.58,-12.49,-12.49,3025.55,2870.29,-13.44,-13.5,441.23,418.58,16.09,16.09,1733.39,1644.44,2757.66,2616.15,1812.18,1719.18,1260.65,1195.95,507.09,507.09,74.99,77.05,13.62,13.62,32.07,30.72,31.38,31.45,3.11,3.09,50,50,3.93,3.93,50.99,50.99,216,216,65.8,65.9,100.89,101.84,78.52,78.3,15.62,16.58,1654.6,1569.69,76.32,76.2,24.33,21.83,69.99,70.03,6.9,6.49,4.04,4.04,93.08,93.08,748.1,767.14,0,0,64,64,49.18,48.75,1103.06,1046.46,1108.72,1108.42,0.29,0.29,92.33,92.33,9.67,9.64,15.78,15.78,1334.03,1334.03,1.16,1.16,39.38,38.42,52.76,52.02,-53.2,-53.2,50.3,50.3,102.62,102.62,28991.7,27503.96,24904.97,23969.04,33211,31108,1812.18,1719.18,2.58,2.57,709.11,672.72,1.2483E+12,2.1613E+12,8697.51,8251.19,7.71,7.71,18.72,17.72
Cheesecakes,88.33,89,76.67,73.33,83,83,9.95,7.52,33.13,32.58,44.28,44.28,-3.16,-3.16,11.67,11,200.25,200.25,5933.75,5778.26,3108.95,3027.49,-5.29,-5.29,3760.83,3662.28,5850.18,5696.88,6151.05,5989.86,1504.33,1464.91,-2.45,-2.45,5515.88,5371.34,-5.29,-5.29,1337.18,1302.14,-4.58,-4.58,-4.24,-4.24,7605.23,7405.95,651.88,634.8,-4.29,-4.29,7438.09,7243.18,6.93,6.93,1880.42,1831.14,835.74,813.84,-3.16,-3.16,208.94,203.46,18.38,18.38,10.05,13.3,14.64,14.64,79.41,76.14,37.62,37.72,2,1.99,51,51,1,1,50.5,50.5,117,117,50.48,51.82,31.89,36,69.09,69.66,31.68,30.23,522.34,508.65,35.19,35.89,72,67,7.26,7.41,111.91,110.58,0.71,0.71,94.13,94.13,87.11,100.94,0,0,64,64,72.08,71.38,104.47,101.73,327.51,351.34,1.96,1.89,350.85,350.85,13.52,13.09,18.03,18.03,640.55,640.55,3.84,3.44,23.32,24.77,58.56,57.64,-81.55,-81.55,72.46,72.46,98.83,98.83,58033.79,56513.06,16457.34,18837.69,163817,141600,1149.14,1119.03,16.06,15.38,-4.47,-4.47,58600000000,61800000000,53797.32,52331.09,2.49,2.49,21.98,20.12
Valyrian Dragonrider,52.67,52.67,77.33,77.33,66,66,12.04,12.04,32.56,32.56,42,42,427.84,427.84,53.5,53.5,105.75,105.75,1916.74,1916.74,5585.93,5585.93,3970.39,3970.39,-2.9,-2.9,5407.95,5407.95,9090.83,9090.83,547.64,547.64,-4.24,-4.24,1985.2,1985.2,1574.47,1574.47,2943.57,2943.57,622.94,622.94,4654.94,4654.94,6366.32,6366.32,-1.67,-1.67,4360.63,4360.63,6434.77,6434.77,9.33,9.33,1112.39,1112.39,684.55,684.55,941.26,941.26,256.71,256.71,609.8,609.8,8.31,8.31,14.16,14.16,60.71,60.71,25.1,25.1,17.08,17.08,52.64,52.64,1,1,51.48,51.48,121,121,57.62,57.62,64.41,64.41,69.68,69.68,12.72,12.72,1112.39,1112.39,65.74,65.74,75,75,7.76,7.76,111.24,111.24,1.26,1.26,93.59,93.59,393.89,393.89,-8,-8,64,64,72.85,72.85,342.28,342.28,811.97,811.97,0.41,0.41,194.59,194.59,10.57,10.57,15.31,15.31,668.25,668.25,1.72,1.72,42.28,42.28,59.13,59.13,73.28,73.28,20.74,20.74,105.16,105.16,70601.13,70601.13,17913.72,17913.72,215672,215672,1112.39,1112.39,9.21,9.21,0,0,4.18E+11,4.184E+11,65094.24,65094.24,12.15,12.15,31.21,31.21
Cabrinialand,42.91,43.15,98.16,98.09,44.38,44.38,2.11,2.05,21.64,21.58,14.13,14.13,6017.24,6055.43,60.82,60.64,42,42,-13.27,-13.27,-3.58,-3.58,-5.02,-5.02,5192.59,5225.54,-2.79,-2.79,-10.32,-10.32,12002.92,12079.1,-19.29,-19.29,3630.08,3653.11,-13.64,-13.64,-9.8,-9.8,2256.96,2271.28,-9.27,-9.27,-15,-15,-6.49,-6.49,1649.63,1660.1,12002.92,12079.1,23.75,23.75,-13.04,-13.04,12231.77,12309.41,11442.63,11515.25,4636.24,4665.66,1831.71,1831.71,47.38,48.79,0.38,0.38,49.1,47.82,45.43,45.46,1.54,1.54,58.14,58.14,3.63,3.63,27.72,27.72,338,338,83.21,83.27,117.29,117.6,90.71,90.74,10.55,11.2,13810.07,13897.72,14.46,14.52,40.86,38.71,77.72,77.76,-82.45,-82.8,81.86,81.86,67.1,67.1,875.74,894.96,-14,-14,77,77,46.57,46.33,-16.73,-16.73,1329.88,1329.84,0.15,0.15,108.6,108.6,9.76,9.74,10.02,10.02,2483.32,2483.32,0.71,0.71,44.45,43.8,87.15,87.16,-112.37,-112.37,107.19,107.19,28.37,28.37,91958.01,92541.66,61828.2,63207.2,130497,129558,4438.95,4467.12,1.9,1.9,-10.49,-10.49,5.53137E+14,6.03069E+14,20506.64,20544.25,21.7,21.7,94.84,93.1
Antille and Westocean Isles,73.67,74.33,3,2.33,84,84,1.06,1.05,34.48,34.41,44.83,44.83,402.15,402.2,30.5,29.5,157.5,159.75,-8.83,-8.83,557.65,557.71,518.33,518.39,-8.94,-8.94,339.59,339.63,1172.49,1172.63,393.21,393.26,245.76,245.79,-8.25,-8.25,-13.34,-13.34,-6.93,-6.93,-3.22,-3.22,-7.62,-7.62,-4.24,-4.24,-1.98,-1.98,4.29,4.29,911.54,911.65,17.64,17.64,960.69,960.8,603.23,603.29,491.52,491.57,290.44,290.48,986.13,986.13,94.4,95.02,16.29,16.29,25.97,25.18,36.71,36.87,2.09,2.07,50,50,1,1,51.96,51.96,117,117,69.94,69.94,108.12,108.18,67.86,67.92,34.12,34.68,491.52,491.57,92.08,91.23,-97,-97.67,71.01,71.03,-11.46,-11.57,0.72,0.72,94.1,94.1,558.6,556.01,0,0,67,67,74.88,74.88,446.83,446.88,1021.23,1020.27,0.27,0.28,102.67,103.66,9.55,9.54,13.56,13.56,730.46,730.46,1.49,1.49,20.88,20.32,43.59,43.61,72.11,72.11,-47.96,-47.96,106.18,106.18,10554.93,10556.14,10239.86,10276.04,10847,10815,670.25,670.33,2.31,2.31,379.81,379.85,1500000000,1900000000,3060.93,3061.28,7.64,7.6,9.12,9.12
Dragonian Kazaman,71.44,71.67,63.11,59.78,58.67,58.67,1.3,1.27,23.95,24.01,43,43,5059.62,4901.79,33.83,33.5,150.75,150.75,-12.88,-12.88,-5.37,-5.37,505.96,490.18,-5.66,-5.66,-5.3,-5.3,-8.39,-8.39,-9.38,-9.38,-13.3,-13.3,-4.9,-4.9,-8.72,-8.72,-11.66,-11.66,708.35,686.25,2226.23,2156.79,-14,-14,-4.11,-4.11,-8.49,-8.49,505.96,490.18,16.94,16.94,4300.68,4166.52,6071.55,5882.15,2909.28,2818.53,3162.26,3063.62,196.95,196.95,76.64,78.72,13,13,32.61,31.32,28.4,28.46,9.47,9.25,50,50,4.48,4.48,50,50,201,201,67.3,67.4,103.6,104.19,87.2,86.97,13.99,14.94,2150.34,2083.26,97.74,97.67,26.33,23.83,76.14,76.19,-6.58,-7,2.15,2.15,93.38,93.38,664.39,682.92,0,0,62,62,48.88,48.47,1391.4,1347.99,1098.63,1098.34,0.28,0.28,73.92,73.92,9.63,9.6,16.83,16.83,1220.97,1220.97,1.19,1.19,41.01,40.06,60.95,60.2,30.82,30.82,-21.21,-21.21,104.1,104.1,39743.33,38503.54,34536.49,33938.03,45065,43111,2656.3,2573.44,2.46,2.45,1770.87,1715.63,1.3984E+12,2.1796E+12,9498.65,9163.84,7.07,7.07,13.3,12.58
Numadsh,65.64,65.76,87.57,85.43,39.56,39.56,1.75,1.7,26.82,26.73,44.83,44.83,3830.79,3802.92,42.55,42.36,178.5,178.5,-2.45,-2.45,4413.07,4380.96,796.8,791.01,10507.32,10430.85,2714.39,2694.64,-7.38,-7.38,2013.9,1999.25,-9.33,-9.33,-6.48,-6.48,-6.78,-6.78,-11.22,-11.22,3590,3563.88,1050.73,1043.09,-8.06,-8.06,10288.41,10213.55,423.16,347.44,2810.71,2790.25,12.33,12.33,1422.87,1412.51,1422.87,1412.51,1203.96,1195.2,3174.08,3150.99,34.9,34.9,57.15,58.69,16.29,16.29,36.75,35.69,39.09,39.11,1.88,1.88,46.97,46.97,3.93,3.93,51.96,51.96,173,173,61.39,61.5,76.02,77.65,78.9,79.1,12.94,13.72,109.45,108.65,12.54,12.55,33.57,31.43,30.82,30.97,59,58.61,8.97,8.97,92.56,92.56,805.39,823.82,1,1,72,72,55.88,55.16,656.71,651.93,1094.24,1094.1,7.87,7.86,60.53,60.53,9.63,9.61,17.77,17.77,1136.1,1136.1,1.21,1.21,42.06,41.28,66.93,66.56,-134.06,-134.06,138.48,138.48,101.04,101.04,64657.89,64114.73,48068.34,48348.07,84109,82373,3502.44,3476.95,3.27,3.24,218.9,217.31,6.9806E+12,8.9386E+12,44743.26,44239.17,7.56,7.56,28.11,27.21
Reepuba Kan,62.67,64.33,83.25,79.5,80,80,16.84,11.74,34.94,33.97,41.43,41.43,168.37,164.56,46,44.5,121.5,126,5791.95,5660.87,6495.4,6348.41,3636.81,3554.5,2087.8,2040.55,5994,5858.35,6218.6,6077.87,3502.11,3422.85,4293.45,4196.29,5118.47,5002.63,-4.24,-4.24,-2.83,-2.83,518.58,506.85,2761.28,2698.79,4108.24,4015.27,5084.79,4969.72,7607.56,7257.67,12930.87,12638.23,8.12,8.12,0,0,336.74,329.12,841.85,822.8,505.11,493.68,914.7,914.7,5.94,8.51,14.16,14.16,83.87,80.67,31.51,31.77,3.07,2.97,50,50,1,1,51.96,51.96,111,111,53.24,53.97,45.22,49.87,67.5,68.31,21.34,20.17,505.11,493.68,60.68,60.9,79.25,74.25,5.38,5.54,125.76,124.32,0.7,0.7,94.2,94.2,208.88,225.87,0,0,67,67,74.24,73.65,336.74,329.12,493.3,518.97,0.44,0.43,66.12,67.71,14.27,13.84,13.89,13.89,593.74,593.74,2.39,2.29,33.66,34.83,59.08,58.24,45.83,45.83,57.45,57.45,98.34,98.34,78325.25,76374.97,16269.05,19663.71,273985,230937,336.74,329.12,14.33,13.68,0,0,20000000000,31100000000,74095.69,72174.35,5.95,5.85,35.14,32.58
Barefoot Carmelite,57.33,61.33,57.33,48.44,61.33,61.33,3.61,2.91,32.7,32.55,42,42,691.96,646.32,50,47,112.5,119.25,461.31,430.88,1107.13,1034.11,3229.14,3016.14,1383.92,1292.63,4428.53,4136.43,0,0,-3.16,-3.16,-6.12,-6.12,-7.75,-7.75,-4.47,-4.47,1383.92,1292.63,5074.36,4739.66,-7.07,-7.07,-5.48,-5.48,-5.48,-5.48,5834.44,5160.91,3690.44,3447.02,9.49,9.49,1037.94,969.48,1037.94,969.48,1383.92,1292.63,345.98,323.16,119.98,119.98,27.72,34.4,12,12,51.46,47.86,22.77,23.39,20.27,19.48,50,50,1,1,50,50,110,110,56.5,57.19,57.02,62.41,69.53,69.69,1.56,4.78,1383.92,1292.63,76.25,75.63,50,43.33,24.72,25.47,79.08,77.23,2.55,2.55,93.31,93.31,586.18,615.79,0,0,64,64,67.55,66.1,922.61,861.76,590.67,588.91,0.33,0.33,126.6,138.37,11.18,10.59,17.16,17.16,612.17,612.17,2.09,2.09,53.44,50.22,52.72,51.44,40,40,43.59,43.59,100.2,100.2,39002.31,36141.02,19598.17,20437.96,70711,59406,922.61,861.76,10.83,9.87,115.33,107.72,12700000000,27100000000,29368.74,26925.06,7.09,6.95,12.09,10.83
The Eye 17,57.33,61.33,57.33,48.44,57.33,57.33,3.61,2.91,32.64,32.46,42,42,586.21,544.41,50,47,112.5,119.25,3908.06,3629.41,4220.71,3919.76,3517.26,3266.47,2344.84,2177.64,2188.52,2032.47,3126.45,2903.52,-8.37,-8.37,3908.06,3629.41,1954.03,1814.7,-12.25,-12.25,3517.26,3266.47,-6.32,-6.32,3908.06,3629.41,-7.75,-7.75,0,0,1875.87,1742.11,7425.32,6895.87,9.49,9.49,879.31,816.62,879.31,816.62,1172.42,1088.82,293.1,272.21,119.98,119.98,27.72,34.4,12,12,49.93,46.46,22.53,23.16,20.56,19.78,50,50,1,1,50,50,110,110,56.72,57.4,57.19,62.55,69.6,69.79,0.56,3.78,1172.42,1088.82,84.01,83.37,50,43.33,17.51,18.08,85.71,84,3.24,3.24,93.2,93.2,610.35,640.56,0,0,64,64,67.98,66.63,781.61,725.88,565.34,563.59,0.32,0.32,126.48,138.24,11.68,11.09,17.16,17.16,616.41,616.41,2.15,2.16,54.44,51.22,52.74,51.47,33.17,33.17,58.31,58.31,100.2,100.2,45997.9,42718.11,23113.37,24157.34,83395,70217,781.61,725.88,10.54,9.56,97.7,90.74,4.174E+11,6.165E+11,37948.27,34986.13,7.09,6.95,16.68,14.92
1st Rogue Army Infantry,66.13,66.93,29.33,24.75,76.67,76.67,1.72,1.55,30.68,30.77,45.83,45.83,510.87,474.36,41.8,40.6,132.75,135,2574.78,2390.79,2277.86,2115.09,653.91,607.18,1389.56,1290.27,3637.38,3377.46,2484.86,2307.3,5190.42,4819.52,2452.17,2276.94,878.69,815.9,-5.83,-5.83,2166.08,2011.3,228.87,212.51,531.3,493.34,735.65,683.08,1614.34,1498.99,441.39,409.85,8419.11,7817.49,15.56,15.56,1481.52,1375.65,817.39,758.98,1123.91,1043.6,817.39,758.98,1220.81,1220.81,58.28,64.4,18.02,18.02,42.53,39.39,32.32,32.52,2.81,2.76,51.62,51.62,1,1,53.38,53.38,110,110,68.44,68.75,105.88,106.45,71.95,71.84,19.69,21.51,1890.21,1755.14,36.17,35.95,-75,-79.25,38.23,38.6,40.83,39.72,0.73,0.73,94.04,94.04,553.16,577.05,-8,-8,67,67,77.56,77.21,715.22,664.11,1029.57,1029.42,0.35,0.35,242.86,243.62,9.89,9.84,12.51,12.51,572.62,572.62,1.46,1.46,35.31,33.49,49.88,48.96,-52.92,-52.92,66.33,66.33,109.39,109.39,44540.95,41358.14,33461.11,32767.58,57414,50885,1226.08,1138.47,2.39,2.37,-7.07,-7.07,18100000000,19900000000,27526.31,25393.9,14.72,14.7,13.52,12.55
Okona11,57.33,57.33,57.33,57.33,57.33,57.33,3.61,3.61,32.77,32.77,42,42,340.05,340.05,50,50,112.5,112.5,0,0,1038.28,1038.28,4987.36,4987.36,2720.38,2720.38,-8.37,-8.37,5381.82,5381.82,2266.98,2266.98,4796.94,4796.94,1813.59,1813.59,906.79,906.79,-4.47,-4.47,-7.75,-7.75,-7.07,-7.07,2720.38,2720.38,0,0,-2.83,-2.83,7254.34,7254.34,9.33,9.33,1020.14,1020.14,1020.14,1020.14,1360.19,1360.19,340.05,340.05,119.98,119.98,27.72,27.72,12,12,49.93,49.93,22.53,22.53,20.56,20.56,50,50,1,1,50,50,100,100,56.72,56.72,57.19,57.19,69.45,69.45,0.56,0.56,1360.19,1360.19,73.78,73.78,50,50,22.97,22.97,80.81,80.81,3.24,3.24,93.2,93.2,610.35,610.35,0,0,64,64,67.86,67.86,906.79,906.79,473.49,473.49,0.33,0.33,126.07,126.07,10.43,10.43,17.16,17.16,517.5,517.5,2.47,2.47,54.44,54.44,52.69,52.69,45.83,45.83,58.31,58.31,100.2,100.2,39667.66,39667.66,19932.51,19932.51,71918,71918,906.79,906.79,10.54,10.54,113.35,113.35,34900000000,36400000000,30544.1,30544.1,7.09,7.09,16.77,16.77
Gerfaanlich,69.83,69.94,93.05,92.33,65.56,65.56,2.21,2.14,22.29,22.27,32.72,32.72,9714.89,9663.34,36.25,36.08,186,186,-13.42,-13.42,613.57,610.32,-8.94,-8.94,-4.9,-4.9,0,0,-8.94,-8.94,-5.29,-5.29,-11.29,-11.29,766.96,762.89,-8.37,-8.37,-5.48,-5.48,0,0,-8.37,-8.37,-9.64,-9.64,-2.21,-2.21,490.86,488.25,0,0,20.78,20.78,4985.27,4958.82,7797.48,7756.1,6007.89,5976.01,4346.13,4323.07,13.04,13.04,45.26,46.64,1.69,1.69,56.48,55.14,53.52,53.54,1.3,1.29,46.97,46.97,7.39,7.39,47.56,47.56,265,265,70.92,71,110.83,111.21,90.4,90.4,8.31,9.08,7925.3,7883.25,53.25,53.4,47.14,45,82.26,82.3,-50.88,-51.23,0.7,0.7,94.17,94.17,471.04,485.27,5,5,79,79,49.33,48.9,2173.07,2161.54,1218.47,1218.34,0.23,0.23,102.29,102.29,9.36,9.34,18.67,18.67,1846.39,1846.39,0.88,0.88,46.69,45.92,76.48,75.81,-99.75,-99.75,77.14,77.14,99.3,99.3,57092.87,56789.9,37453.25,37859.93,82750,81180,8820.1,8773.29,2.26,2.26,1278.27,1271.49,1.0545E+12,1.2389E+12,10105.44,10051.81,18.56,18.56,94.14,91.54
Objectivist Chimpz,73.13,73.27,95.57,94.86,67,67,1.57,1.53,21.21,21.2,23.24,23.24,10024.55,9972.38,31.3,31.1,155.25,155.25,-18.65,-18.65,-10.12,-10.12,-14.42,-14.42,-10.04,-10.04,97.03,96.52,-11.28,-11.28,-4.43,-4.43,-20.82,-20.82,-11.87,-11.87,-17.26,-17.26,-9.38,-9.38,-8.49,-8.49,-10.86,-10.86,-20.49,-20.49,9370.11,9321.35,16.63,16.55,0,0,20.37,20.37,-12.25,-12.25,14974.95,14897.02,7301.83,7263.83,3465.28,3447.24,13.25,13.25,63.67,65.29,1.02,1.02,47.63,46.44,63.52,63.54,1.11,1.11,55.01,55.01,6.08,6.08,49.01,49.01,350,350,73.69,73.76,116,116.32,90.94,90.95,12.56,13.34,6559.27,6525.14,23.95,24.04,42.71,40.57,78.1,78.14,-38.05,-38.41,4.8,4.8,92.99,92.99,452.02,465.73,4,4,79,79,51.93,51.55,-7.75,-7.75,1293.94,1293.82,0.29,0.29,70.24,70.24,9.52,9.49,18.58,18.58,2358.76,2358.76,0.75,0.75,42.44,41.66,78.89,78.45,-135.39,-135.39,73.82,73.82,88,88,60844.13,60527.49,47914.21,48310.14,75260,73989,8168.15,8125.65,2.15,2.15,495.04,492.46,1.2078E+12,1.2903E+12,13324.86,13255.52,12.91,12.91,95.39,93.66
Valyrian Dragonrider II,52,52,75.5,75.5,66,66,10.34,10.34,32.39,32.39,42,42,442.85,442.85,54,54,103.5,103.5,1417.11,1417.11,7227.26,7227.26,5314.16,5314.16,3471.92,3471.92,6376.99,6376.99,8502.65,8502.65,-4.47,-4.47,442.85,442.85,708.55,708.55,1062.83,1062.83,3897.05,3897.05,743.98,743.98,6022.71,6022.71,5314.16,5314.16,3401.06,3401.06,0,0,6731.27,6731.27,9.33,9.33,1151.4,1151.4,708.55,708.55,974.26,974.26,265.71,265.71,609.8,609.8,9.67,9.67,14.16,14.16,61.66,61.66,28.16,28.16,10.51,10.51,52.64,52.64,1,1,51.48,51.48,119,119,57.93,57.93,65.86,65.86,69.87,69.87,11.98,11.98,1151.4,1151.4,72.93,72.93,72.25,72.25,8.39,8.39,107.34,107.34,1.38,1.38,93.56,93.56,415.42,415.42,-8,-8,64,64,72.46,72.46,354.28,354.28,598.47,598.47,0.39,0.39,193.06,193.06,12.76,12.76,15.31,15.31,654.67,654.67,2.07,2.07,43.02,43.02,58.75,58.75,41.83,41.83,75.83,75.83,105.16,105.16,67333.93,67333.93,18675.95,18675.95,193125,193125,1151.4,1151.4,8.71,8.71,0,0,5.049E+11,5.052E+11,61677.88,61677.88,12.18,12.18,30.5,30.5
Ved,52.33,54.33,33.33,25.33,68.67,68.67,2.06,1.74,32.31,32.43,40.78,40.78,649.77,581.63,53.75,52.25,105.75,108,1674.97,1499.3,1663.42,1488.96,-3.46,-3.46,808.61,723.8,3754.25,3360.51,-4.56,-4.56,-7.62,-7.62,649.77,581.63,-4.24,-4.24,-9.06,-9.06,2830.13,2533.31,2656.85,2378.21,2541.34,2274.81,3118.92,2791.81,2830.13,2533.31,725.27,460.5,1674.97,1499.3,11.79,11.79,505.38,452.38,866.37,775.5,1155.15,1034,433.18,387.75,490.88,490.88,48.6,57.32,12,12,45.43,40.97,26.81,27.09,14.13,13.54,50,50,1,1,50.99,50.99,112,112,61.06,61.66,90.98,95.25,69.95,69.82,11.84,13.57,1299.55,1163.25,70.57,70.35,32,25.33,30.66,31.38,63.6,61.74,1.16,1.16,93.63,93.63,692.28,737.78,-4,-4,64,64,57.1,54.68,794.17,710.88,642.92,652.38,0.32,0.33,81.37,82.25,10.99,10.4,15.85,15.85,622.11,622.11,1.97,1.96,43.16,41.43,49.16,47.79,-50.5,-50.5,44.16,44.16,104.46,104.46,36119.2,32142.33,24618.56,23933.51,50658,41754,794.17,710.88,3.39,3.19,360.99,323.13,14300000000,34300000000,25030.6,22049.64,14.12,14.1,9.82,8.91
The Republic of Willfree,68.33,68.67,34.67,26.33,76,76,2.11,1.79,31.69,31.92,44.28,44.28,292.86,258.33,38.5,38,139.5,139.5,1405.71,1239.98,1335.42,1177.98,2459.99,2169.96,820,723.32,1347.14,1188.31,4591.98,4050.6,1522.85,1343.31,-4.06,-4.06,263.57,232.5,-9.06,-9.06,-3.46,-3.46,-3.95,-3.95,2577.13,2273.3,1991.42,1756.64,2254.99,1989.13,2361.05,1886.36,5388.55,4753.25,11.4,11.4,1098.21,968.73,732.14,645.82,732.14,645.82,73.21,64.58,1831.71,1831.71,47.29,55.9,15.9,15.9,48.74,44,31.14,31.23,3.21,3.17,50,50,1,1,51.96,51.96,111,111,64.54,65.1,98.71,100.47,70.66,70.39,17.72,20.11,951.78,839.57,68.55,69.14,33,26.33,27.58,28.3,67.95,66.09,0.74,0.74,94,94,476.24,521.6,-8,-8,67,67,57.34,54.81,439.28,387.49,918.59,921.97,0.38,0.38,119.51,119.51,9.8,9.74,10.02,10.02,612.21,612.21,1.61,1.61,37.28,34.89,49.62,48.2,47.43,47.43,44.16,44.16,105.84,105.84,37556.48,32932.34,25224.5,24194.07,53345,43284,805.35,710.4,2.7,2.64,292.86,258.33,3500000000,7800000000,27190.89,23612.49,13.29,13.29,15.69,14.03
Kingdom of Ohud,63.33,64.67,57.33,48.44,68.67,68.67,3.61,2.91,30.59,30.51,45.34,45.34,255.67,237.29,45.5,44,123.75,126,204.54,189.84,-4.38,-4.38,-7.35,-7.35,3886.17,3606.87,2727.13,2531.14,5935.26,5508.71,620.42,575.83,681.78,632.78,272.71,253.11,886.32,822.62,4977.02,4619.33,1943.08,1803.44,4636.13,4302.94,4977.02,4619.33,709.05,658.1,-1.5,-2.15,824.96,765.67,10.34,10.34,1874.9,1740.16,1022.68,949.18,852.23,790.98,0,0,614.76,614.76,27.72,34.4,16.29,16.29,54.17,50.34,29.31,29.59,6.33,5.55,51,51,1,1,51.48,51.48,111,111,60.11,60.73,79.7,84.49,72.07,72.18,6.07,8.79,1022.68,949.18,61.13,61.81,50,43.33,16.06,16.63,86.5,84.79,1.16,1.16,93.63,93.63,483.46,521.6,-4,-4,64,64,67.25,65.73,426.11,395.49,812.12,814.61,0.4,0.39,192.03,193.38,9.87,9.8,15.29,15.29,587.91,587.91,1.72,1.72,48.93,46.21,54.52,53.22,-96.7,-96.7,81.55,81.55,103.74,103.74,52579.47,48800.67,26420.53,27597.06,95327,80215,1278.34,1186.47,3.95,3.53,340.89,316.39,5700000000,10500000000,44114.18,40699.76,13.01,12.98,15.45,13.81
King Ohud,56,58,66.67,60.44,69.33,69.33,6.16,4.66,31.93,31.5,43,43,82.91,79.32,51,49.5,110.25,114.75,1392.87,1332.54,5571.14,5329.84,4178.6,3997.62,-6,-6,795.92,761.45,4351.05,4162.6,2984.71,2855.44,2570.17,2458.85,2984.71,2855.44,-4.24,-4.24,5040.85,4822.52,4311.25,4124.52,4045.95,3870.71,397.96,380.73,689.8,659.92,4520.59,4102.71,8556.18,8185.6,8.89,8.89,994.9,951.81,580.36,555.22,829.09,793.18,-4.47,-4.47,910.2,910.2,16.23,21.45,15.09,15.09,63.56,59.76,23.59,23.9,19.22,18.81,51.62,51.62,1,1,51.96,51.96,113,113,58.49,59.13,69.96,75.31,70.38,70.89,9.54,7.15,746.18,713.86,63.99,64.61,63,56.33,8.06,8.27,108.11,106.26,1.06,1.06,93.67,93.67,423.86,459.62,-4,-4,71,71,71.14,70.21,248.73,237.95,993.95,1014.73,0.42,0.42,62.2,63.74,9.98,9.91,13.91,13.91,612.87,612.87,1.55,1.51,45.46,47.85,54.48,53.32,88.88,88.88,-40,-40,92.89,92.89,63438.53,60468.78,23671.09,26373.61,145843,122959,663.27,634.54,7.71,6.31,82.91,79.32,3300000000,7900000000,58300.01,55449.87,12.51,12.45,32.64,29.72
Teremara Executive,66.27,67.07,35,28.33,70.67,70.67,2.15,1.88,31.5,31.69,43.68,43.68,1125.26,1014.49,41.6,40.4,132.75,135,-9.7,-9.7,3456.8,3116.5,-2,-2,2100.49,1893.71,3840.89,3462.78,-4.2,-4.2,-6.16,-6.16,-6.36,-6.36,3780.88,3408.67,1980.46,1785.5,780.18,703.38,1110.26,1000.96,2580.6,2326.56,1380.32,1244.44,1770.41,1596.13,2066.53,1708.89,0,0,12.29,12.29,1425.33,1285.02,900.21,811.59,1050.24,946.85,375.09,338.16,639.39,639.39,46.48,53.16,15.09,15.09,47.69,44.27,30.78,30.99,3.38,3.28,52.64,52.64,1,1,51.48,51.48,136,136,61.24,61.71,89.47,93.11,70.89,70.66,13.95,16.02,975.23,879.22,84.26,84.05,33.25,28.25,33.41,33.98,59.62,58.18,0.98,0.98,93.7,93.7,557.43,587.38,0,0,64,64,54.58,53.23,750.17,676.32,824.5,826.75,0.3,0.3,194.83,195.51,12.33,11.89,15.18,15.18,799.02,799.02,1.71,1.7,41.05,38.98,50.57,49.38,-68.19,-68.19,66.71,66.71,101.45,101.45,37855.83,33974.97,25190.14,24298.02,54201,45710,1275.3,1149.75,3.32,3.18,450.1,405.79,2.49E+11,3.875E+11,25211.98,22423.48,3.31,3.25,11.08,10.14
Arikea,70.13,70.4,56.89,53.56,29.78,29.78,1.46,1.42,25.59,25.56,43.68,43.68,3059.56,3012.73,35.8,35.4,146.25,146.25,0,0,2842.43,2798.93,-3.61,-3.61,2763.47,2721.18,4421.55,4353.89,-10.39,-10.39,3000.34,2954.42,-12.85,-12.85,2921.38,2876.67,1184.34,1166.22,-10,-10,-5.1,-5.1,-6.32,-6.32,-9.17,-9.17,5092.68,5014.74,1682.69,1598.63,3000.34,2954.42,14.25,14.25,1875.21,1846.51,3750.42,3693.03,1579.13,1554.96,1381.73,1360.59,468.75,468.75,68.31,70.28,14.64,14.64,29.77,28.83,28.6,28.68,8.74,8.47,51,51,4.48,4.48,50.99,50.99,199,199,64.98,65.09,88.1,89.43,82.03,82.11,16.86,17.83,2269.99,2235.25,51.69,51.59,35.67,33.17,50.47,50.65,36.62,36.18,10.05,10.05,92.46,92.46,791.36,810.94,-4,-4,62,62,53.89,53.38,690.87,680.29,1085.05,1084.73,0.4,0.4,179.61,179.61,9.94,9.92,15.95,15.95,1183.46,1183.46,1.24,1.24,38.14,37.17,58.18,57.76,-73.14,-73.14,68.56,68.56,104.46,104.46,45523.17,44768.18,37218.78,37158.34,54481,52868,1381.73,1360.59,2.65,2.64,592.17,583.11,1.5812E+12,2.5938E+12,22533.97,22070.71,13.72,13.72,15.29,14.73
Polish Lithium,30.67,33.33,30.67,25.5,21,21,1.76,1.59,30.46,30.63,38.06,38.06,1047.16,959.28,70,68,67.5,72,680.65,623.53,1445.08,1323.81,-6.16,-6.16,-1.55,-1.55,-5.29,-5.29,11880.28,10883.28,-9.59,-9.59,-7.45,-7.45,-4.9,-4.9,1204.23,1103.17,-5.83,-5.83,-10.3,-10.3,942.44,863.35,-8,-8,-4.43,-4.43,-5.6,-5.6,680.65,623.53,16.46,16.46,1112.61,1019.24,1308.95,1199.1,2290.66,2098.43,1439.84,1319.01,986.13,986.13,56.84,63.07,10.55,10.55,26.09,24.12,14.41,14.97,28.19,27.78,50,50,1,1,51.96,51.96,111,111,65.67,65.99,98.84,100.33,72.25,72.02,24.99,25.82,1308.95,1199.1,105.99,105.58,-74,-78.5,60.2,60.58,14.79,13.64,15.69,15.69,92.02,92.02,2454.83,2624.65,0,0,67,67,77.28,76.92,1308.95,1199.1,816.58,824.14,0.22,0.22,60.58,65.99,9.44,9.39,13.56,13.56,660.31,660.31,1.71,1.71,30.01,29.18,50.47,49.51,-54.59,-54.59,32.86,32.86,103,103,37187.51,34066.69,27566.86,26694.05,48496,42322,1308.95,1199.1,2.59,2.56,785.37,719.46,56400000000,73600000000,14800.63,13422.28,8.89,8.82,17.01,15.79
The Kock,73.89,74.56,10,7.75,35.56,35.56,1.22,1.17,31.47,31.92,45.83,45.83,1341.03,1200.14,30.17,29.17,157.5,159.75,-13.11,-13.11,-3.1,-3.1,369.18,330.39,176.7,158.14,1501.95,1344.16,-2.97,-2.97,-13.19,-13.19,-13.19,-13.19,-3.46,-3.46,-12.33,-12.33,1230.59,1101.31,899.28,804.8,-6.48,-6.48,-5.1,-5.1,1735.45,1553.13,-12.87,-12.87,369.18,330.39,18.57,18.57,1735.45,1553.13,1104.38,988.35,749.4,670.67,828.28,741.26,1259.14,1259.14,81.97,85.65,18.02,18.02,21.47,19.54,30.65,30.83,3.44,3.35,52.16,52.16,1,1,53.38,53.38,155,155,67.18,67.34,90.32,91.13,70.93,70.39,26.01,27.1,709.96,635.37,105.66,105.45,-90,-92.25,72.36,72.43,-18.94,-19.52,9.89,9.89,92.47,92.47,943.53,956.22,0,0,67,67,74.74,74.53,907.17,811.86,1054.82,1054.52,0.29,0.29,236.52,237.27,9.85,9.82,12.34,12.34,977.9,977.9,1.36,1.36,28.99,27.9,46.22,45.6,-33.76,-33.76,48.06,48.06,106.51,106.51,19962.38,17865.19,17976.07,16465.31,21929,19223,1301.59,1164.84,2.47,2.46,709.96,635.37,4.657E+11,5.301E+11,5509.62,4930.79,4.86,4.78,8.72,8.47
Regular,60.44,63.11,80,76.67,67.11,67.11,13.82,9.95,36.7,35.53,41.43,41.43,0,0,47.67,45.67,119.25,123.75,5454.48,5353.16,311.68,305.9,6857.06,6729.69,4909.03,4817.85,1324.66,1300.05,-4,-4,5532.4,5429.64,3876.57,3804.57,2337.63,2294.21,-5.48,-5.48,3116.84,3058.95,-5.1,-5.1,-3.16,-3.16,389.61,382.37,4519.42,4435.48,7106.4,6974.41,17843.93,17512.49,8.6,8.6,487.01,477.96,292.2,286.78,779.21,764.74,681.81,669.15,923.69,923.69,7.24,10.05,14.16,14.16,70.02,67.36,26.94,27.32,13.86,13.03,50,50,1,1,51.96,51.96,98,98,52.08,52.93,34.23,38.18,66.25,67.05,13.61,12.61,584.41,573.55,62.05,61.9,77,72,8.2,8.34,108.6,107.26,1.42,1.42,93.55,93.55,334.23,352.54,0,0,67,67,73.14,72.5,584.41,573.55,410.15,432.42,0.46,0.46,138.23,146.36,13.91,13.48,13.85,13.85,405.92,405.92,2.84,2.69,41.39,42.39,57.19,56.34,48.99,48.99,80,80,98.34,98.34,64475.82,63278.21,15076.44,17944.57,208378,178621,389.61,382.37,15.21,14.58,97.4,95.59,1.937E+11,2.984E+11,59188.8,58026.11,6,5.9,24.91,22.87
Colonello,43.67,45.67,21,15.67,14,14,1.56,1.38,31.67,32.04,43.68,43.68,553.73,485.88,60.25,58.75,90,94.5,132.9,116.61,-3.35,-3.35,-5.83,-5.83,2968,2604.32,3410.99,2993.03,3756.52,3296.22,3366.69,2954.16,-5.74,-5.74,1284.66,1127.24,-11.58,-11.58,-5.83,-5.83,-4.9,-4.9,1018.87,894.02,1240.36,1088.37,-3.13,-3.13,248.07,217.67,3499.59,3070.77,13.08,13.08,1162.84,1020.35,885.97,777.41,1218.21,1068.94,387.61,340.12,13.33,13.33,64.21,72.28,13.62,13.62,18.95,16.97,16.18,16.57,26.84,26.52,46.97,46.97,1,1,50,50,108,108,64.35,64.76,84.7,86.18,70.69,70.25,25.66,26.94,1495.08,1311.88,56.27,55.88,-79,-84.33,37.58,38.04,50.45,49.06,20.26,20.26,91.71,91.71,2607.24,2885.05,-8,-8,64,64,77.03,76.57,664.48,583.06,704.86,711.13,0.3,0.3,55.03,56.48,9.82,9.77,18.55,18.55,641.72,641.72,1.86,1.85,29.34,28.06,47.75,46.5,-97.21,-97.21,88.03,88.03,107.82,107.82,29970.18,26297.83,23707.76,22154.73,36925,30650,941.34,826,2.72,2.68,332.24,291.53,7700000000,17600000000,18701.39,16304.66,16.43,16.38,9.2,8.53
SucWAti,79.71,79.9,83.83,81.56,69.33,69.33,1.42,1.38,20.54,20.55,42,42,11794.95,11653.92,21.43,21.14,177.75,177.75,-18.76,-18.76,-12.39,-12.39,-15.17,-15.17,-7.82,-7.82,-12.07,-12.07,-12.52,-12.52,-16.49,-16.49,-23.11,-23.11,-16.88,-16.88,-17.09,-17.09,-18.49,-18.49,-13.86,-13.86,-13.11,-13.11,-22.32,-22.32,1366.87,1350.52,-18.99,-18.99,0,0,22.58,22.58,3145.32,3107.71,15389.6,15205.59,4268.65,4217.61,3145.32,3107.71,147.13,147.13,70.55,72.55,12,12,34.38,33.24,61.13,61.17,1.15,1.15,52.16,52.16,8.85,8.85,50,50,406,406,73.52,73.61,111.86,112.22,91.34,91.33,19.95,20.88,4830.31,4772.56,72.68,72.65,33.83,31.33,85.97,86.02,-82.42,-82.84,0.74,0.74,94,94,421.11,436.22,0,0,80,80,47.26,47.01,337,332.97,1309.04,1308.87,0.26,0.26,262.18,262.18,8.62,8.6,17.03,17.03,2566.11,2566.11,0.73,0.73,35.05,34.12,73.89,73.44,-129.96,-129.96,73.42,73.42,104.1,104.1,58656.6,57955.29,48783.23,48920.8,69148,67430,8874.29,8768.19,2.16,2.15,1235.66,1220.89,7.533E+11,8.025E+11,8211.92,8113.74,8.37,8.37,107.71,107.12
Morombe,71.11,71.22,97.69,97.62,58.86,58.86,1.34,1.31,20.94,20.91,42,42,5767.57,5767.66,34.33,34.17,72.5,72.5,1419.71,1419.73,2768.44,2768.47,-2.9,-2.9,14824.15,14824.35,-5.59,-5.59,-10.43,-10.43,11475.99,11476.16,-21.77,-21.77,3726.74,3726.79,-7.87,-7.87,1123.94,1123.95,3383.64,3383.69,-9.06,-9.06,-16.97,-16.97,14504.71,14504.91,-12.62,-12.62,12895.71,12895.89,26.19,26.19,73.94,73.94,11609.09,11609.26,10278.11,10278.26,4584.48,4584.55,9.32,9.32,74.68,76.44,0.89,0.89,28.96,28.04,64.89,64.92,1.09,1.09,57.27,57.27,9,9,33.52,33.52,277,277,81.82,81.89,128.37,128.62,91.1,91.11,13.33,14.1,12200.64,12200.81,10.59,10.63,28.71,26.57,76.68,76.72,-96.56,-96.91,0.74,0.74,94,94,647.32,663.99,27,27,94,94,48.23,47.96,961.26,961.28,1307.32,1307.21,0.2,0.2,122.82,122.82,8.92,8.9,25.11,25.11,2104.79,2104.79,0.73,0.74,41.67,40.9,87.82,87.83,-216.77,-216.77,215.37,215.37,71.93,71.93,103952.4,103953.86,89102.06,90211.56,119316,118016,4510.54,4510.6,1.93,1.93,369.72,369.72,2.0909E+12,2.2247E+12,24220.91,24221.25,19.59,19.59,113.57,113.11
Valyrian Dragonrider III,57.6,57.6,75.5,75.5,68.44,68.44,10.34,10.34,32.65,32.65,42,42,289.11,289.11,49.8,49.8,114.75,114.75,154.19,154.19,5273.32,5273.32,-2.45,-2.45,2004.48,2004.48,5859.24,5859.24,10224.38,10224.38,-4,-4,192.74,192.74,1619,1619,-4,-4,539.67,539.67,963.69,963.69,2081.57,2081.57,2081.57,2081.57,7709.53,7709.53,5467.48,5467.48,154.19,154.19,9,9,1252.8,1252.8,770.95,770.95,867.32,867.32,289.11,289.11,609.8,609.8,9.67,9.67,14.16,14.16,63.78,63.78,31.41,31.41,3.1,3.1,52.64,52.64,1,1,51.48,51.48,113,113,57.18,57.18,61.3,61.3,69.58,69.58,11.95,11.95,1060.06,1060.06,57.42,57.42,72.25,72.25,9.05,9.05,103.74,103.74,1.01,1.01,93.69,93.69,364.28,364.28,-8,-8,64,64,72.36,72.36,385.48,385.48,597.14,597.14,0.45,0.45,200.12,200.12,11.77,11.77,15.31,15.31,616.88,616.88,2.07,2.07,43.05,43.05,58.65,58.65,-61.24,-61.24,58.74,58.74,105.16,105.16,61891.23,61891.23,17166.35,17166.35,177514,177514,1252.8,1252.8,9.88,9.88,0,0,4.827E+11,4.83E+11,56259.13,56259.13,11.85,11.85,29.16,29.16
Kaiser Scado,67.33,69.33,61.33,54.67,61.33,61.33,4.03,3.36,32.8,32.56,42,42,782.01,743.69,40,37,135,141.75,-3.16,-3.16,-4.9,-4.9,0,0,0,0,-2.45,-2.45,834.14,793.27,-8.37,-8.37,6516.75,6197.45,5734.74,5453.75,-7.07,-7.07,-6.32,-6.32,-5.48,-5.48,6777.42,6445.34,-6.32,-6.32,-7.75,-7.75,1668.29,1586.55,0,0,9.49,9.49,1173.01,1115.54,1173.01,1115.54,1564.02,1487.39,391,371.85,119.98,119.98,24.8,29.75,12,12,53.04,50.39,24.44,25.03,18.06,17.18,50,50,1,1,50,50,110,110,55.8,56.35,52.66,57.08,69.43,69.68,5.89,6.56,1564.02,1487.39,66.43,65.45,53,48,28.81,29.26,77.13,75.79,2.55,2.55,93.31,93.31,487.09,501.74,0,0,64,64,68.01,66.91,1042.68,991.59,497.08,508.7,0.39,0.4,167.87,181.39,12.5,12.06,17.16,17.16,620.8,620.8,2.37,2.33,49.11,48.44,53.35,52.32,-20,-20,20,20,100.2,100.2,36910.86,35102.33,17445.43,18337.04,70351,61636,1042.68,991.59,11.72,11.04,130.33,123.95,6.498E+11,9.414E+11,26280.53,24817.35,6.64,6.5,16,14.58
Monial Lat Barron,6.75,8.25,73.33,77.78,2,2,65.38,32.62,37.17,35.07,37.37,37.37,457.88,470.33,93.25,91.75,15.75,20.25,1172.17,1204.04,3164.87,3250.9,6300.43,6471.7,3736.3,3837.87,2564.13,2633.83,703.3,722.42,8278.47,8503.51,1465.22,1505.05,952.39,978.28,805.87,827.78,3370,3461.61,2271.09,2332.82,-4.24,-4.24,-4.24,-4.24,-4.24,-4.24,2461.56,2528.48,15751.08,16179.25,9.7,9.7,-4.47,-4.47,732.61,752.52,2106.25,2163.5,732.61,752.52,7.94,7.94,1.53,3.07,6.84,6.84,27.81,26.77,0.99,1.02,38.43,38.18,46.97,46.97,1,1,50,50,110,110,53.36,54.1,30.75,34.54,65.97,67.39,45.36,42.63,2014.67,2069.44,54.16,54.4,93,86.33,9.03,9.22,106.25,104.54,29.5,29.5,91.14,91.14,1211.91,1414.2,-8,-8,64,64,75.11,74.44,641.03,658.46,328.27,358.37,0.3,0.3,14.04,14.77,13.38,12.8,32.57,32.57,599.06,599.06,3.83,3.34,9.64,12.37,55.64,57.45,56.12,56.12,73.82,73.82,104.1,104.1,62542.77,64242.9,5414.15,8842.72,353986,288446,641.03,658.46,14.23,13.56,-7.07,-7.07,400000000,600000000,56913.92,58332.55,16.81,16.77,34.18,31.18
Fidelity to Law,38.33,40.33,3,2.33,68,68,1.06,1.05,37.5,37.37,43.68,43.68,248.75,249,64.25,62.75,81,85.5,0,0,-8.49,-8.49,552.77,553.34,420.11,420.53,265.33,265.6,-4.47,-4.47,840.22,841.07,-6.12,-6.12,-12.33,-12.33,-11.83,-11.83,-8.94,-8.94,187.94,188.13,442.22,442.67,552.77,553.34,398,398.4,0,0,1392.99,1394.41,12.61,12.61,552.77,553.34,414.58,415,359.3,359.67,165.83,166,1143.53,1143.53,94.4,95.02,14.16,14.16,22.16,21.35,25.41,25.7,16.6,16.13,51,51,1,1,50.5,50.5,109,109,66.11,66.1,99.09,99.23,65.78,65.85,24.66,24.39,525.14,525.67,82.03,80.75,-97,-97.67,53.47,53.51,39.15,39.04,1.26,1.26,93.59,93.59,1287.15,1255.34,-4,-4,64,64,75.23,75.23,304.03,304.33,755.45,757.41,0.27,0.27,146.08,148.45,9.59,9.58,12.85,12.85,642.18,642.18,1.79,1.79,30.34,30.61,42.05,42.07,-20,-20,53.85,53.85,104.81,104.81,8827.82,8836.77,8564.3,8602.29,9072,9053,442.22,442.67,2.55,2.55,138.19,138.33,5900000000,7000000000,4104.93,4109.1,14.13,14.08,7.14,7.14
Valyrian Dragonrider IV,60.27,60.27,78.83,78.83,66.22,66.22,14.46,14.46,32.82,32.82,42,42,262.74,262.74,47.8,47.8,119.25,119.25,1191.11,1191.11,4372.06,4372.06,3643.39,3643.39,1121.04,1121.04,6025.6,6025.6,1905.77,1905.77,5745.34,5745.34,8057.49,8057.49,1996.86,1996.86,-2.45,-2.45,-2.45,-2.45,4028.75,4028.75,1191.11,1191.11,6095.67,6095.67,4203.91,4203.91,1947.81,1947.81,10579.83,10579.83,9,9,1138.56,1138.56,700.65,700.65,788.23,788.23,262.74,262.74,609.8,609.8,6.92,6.92,14.16,14.16,66.55,66.55,29.28,29.28,6.43,6.43,52.64,52.64,1,1,51.48,51.48,113,113,56.73,56.73,56.43,56.43,69.41,69.41,13.17,13.17,963.4,963.4,46.75,46.75,77.25,77.25,7.41,7.41,113.37,113.37,1.47,1.47,93.54,93.54,341.6,341.6,-8,-8,64,64,73.28,73.28,350.33,350.33,647.41,647.41,0.62,0.62,202.73,202.73,13.56,13.56,15.31,15.31,616.33,616.33,1.96,1.96,41.83,41.83,59.71,59.71,52.44,52.44,49.5,49.5,105.16,105.16,70783.3,70783.3,16111.12,16111.12,232984,232984,1138.56,1138.56,10.53,10.53,0,0,4.974E+11,4.977E+11,65545.33,65545.33,11.79,11.79,31.1,31.1
Kiwipo,38.33,40.33,12,9,36,36,1.27,1.19,31.54,32.15,45.83,45.83,625.43,541.72,64.25,62.75,81,85.5,-1.41,-1.41,160.11,138.68,-9.27,-9.27,1801.23,1560.16,1400.96,1213.46,-0.89,-0.89,-9.7,-9.7,583.73,505.61,-9.59,-9.59,-13.86,-13.86,1634.45,1415.7,1267.53,1097.89,-3.46,-3.46,-9.59,-9.59,-2.9,-2.9,453.64,392.93,0,0,17,17,1417.63,1227.9,1000.68,866.76,1084.07,938.99,416.95,361.15,1875.79,1875.79,78.58,83.7,17.01,17.01,22.24,19.81,20.6,20.93,22.75,22.39,50,50,1,1,51.96,51.96,111,111,69.9,70.09,98.61,99.33,70.84,70.13,23.35,23.85,792.21,686.18,110.29,110.03,-88,-91,66.65,66.74,2.84,2.04,8.82,8.82,92.57,92.57,2157.34,2247.84,0,0,67,67,75.84,75.54,708.82,613.95,1050.36,1051.13,0.21,0.21,61.47,63,9.6,9.58,9.85,9.85,655.4,655.4,1.38,1.37,31.65,31.15,46.19,45.28,-105.12,-105.12,82.16,82.16,105.16,105.16,22593.74,19569.9,19895.98,17817.37,25319,21288,1125.77,975.1,2.31,2.3,583.73,505.61,400000000,500000000,7546.31,6516.78,8.56,8.49,8.36,8.03
Karansia,60,62,72,67.56,66,66,7.52,5.53,32.35,31.74,45.34,45.34,158.59,154.39,48,46.5,117,121.5,-3.46,-3.46,2968.77,2890.25,1205.27,1173.39,3425.5,3334.9,5645.73,5496.41,5892.5,5736.65,7865.97,7657.92,5867.76,5712.56,2664.28,2593.81,-3.46,-3.46,5011.38,4878.84,2822.87,2748.21,570.92,555.82,1839.62,1790.97,5962.91,5805.2,2435.91,2202.6,9071.24,8831.31,9.85,9.85,1030.82,1003.56,555.06,540.38,792.94,771.97,237.88,231.59,609.8,609.8,13.3,18.07,16.29,16.29,61.19,57.76,30.4,30.67,3.76,3.44,51,51,1,1,51.48,51.48,113,113,58.11,58.77,65.52,70.88,69.91,70.6,9.58,7.86,1903.06,1852.72,28.4,28.78,67,60.33,8.07,8.28,108.96,107.14,1.65,1.65,93.49,93.49,410.4,445.6,-8,-8,64,64,71.7,70.82,317.18,308.79,641.28,679.03,0.56,0.55,201.43,204.2,12.38,11.79,15.31,15.31,587.49,587.49,1.98,1.91,45.42,47.14,57.19,56.09,-64.81,-64.81,78.1,78.1,106.18,106.18,71272,69218.07,23757.33,27434.69,178580,151826,1110.12,1080.76,8.4,7.15,-11.4,-11.4,1500000000,3200000000,65498.97,63472.97,14.15,14.1,26.56,24.02
BRU MkI,53.58,53.82,92.46,91.83,18.43,18.43,1.29,1.27,22.5,22.47,27.34,27.34,3080.43,3063.83,52.82,52.64,66,66,229.24,228.01,-12.39,-12.39,-8,-8,-7.01,-7.01,-18.08,-18.08,-12.03,-12.03,22179.13,22059.61,-12.61,-12.61,-17.75,-17.75,-5.66,-5.66,1375.45,1368.04,-10.65,-10.65,-4.69,-4.69,-15.97,-15.97,-10.84,-10.84,-12.23,-12.23,22408.37,22287.61,33,33,2149.14,2137.56,5731.04,5700.16,16620.02,16530.46,4584.83,4560.13,3000.39,3000.39,77.43,79,0.85,0.85,24.83,24.03,37.11,37.14,2.05,2.04,40.38,40.38,7.73,7.73,40.94,40.94,158,158,100.34,100.39,137.97,138.19,90.3,90.31,20.11,20.68,17408.04,17314.23,5.93,5.93,25.38,23.5,93.3,93.31,-249.84,-250.15,39.95,39.95,90.54,90.54,1664.38,1746.93,-15,-15,58,58,42.77,42.59,5444.49,5415.15,1241.54,1241.51,0.2,0.2,139.58,139.58,8.58,8.56,6.37,6.37,1070.26,1070.26,0.83,0.83,34.89,34.32,75.17,74.73,-84.94,-84.94,61.48,61.48,109.7,109.7,101797.61,101249.04,88946.3,89411.46,114868,113176,5516.13,5486.4,1.66,1.66,2220.78,2208.81,5.616E+11,5.705E+11,6820.44,6783.69,35.63,35.63,12.73,12.26
Prenadius Zawion,57.33,61.33,57.33,48.44,61.33,61.33,3.61,2.91,32.67,32.47,42,42,532.61,494.44,50,47,112.5,119.25,2130.45,1977.77,2982.63,2768.88,2485.53,2307.4,4260.91,3955.54,1988.42,1845.92,6249.33,5801.46,-4.47,-4.47,443.84,412.04,-3.16,-3.16,710.15,659.26,1420.3,1318.51,1775.38,1648.14,2130.45,1977.77,3905.83,3625.91,2130.45,1977.77,1136.24,1054.81,4615.98,4285.17,9.49,9.49,798.92,741.66,798.92,741.66,1065.23,988.89,266.31,247.22,119.98,119.98,27.72,34.4,12,12,51.46,47.86,25.22,25.8,16.9,15.96,50,50,1,1,50,50,110,110,56.5,57.19,57.02,62.41,69.57,69.78,1.56,4.78,1065.23,988.89,77.15,76.53,50,43.33,13.63,14.2,90.68,88.97,2.55,2.55,93.31,93.31,586.18,615.79,0,0,64,64,68.29,67,710.15,659.26,683.52,681.63,0.33,0.33,126.6,138.37,9.84,9.78,17.16,17.16,605.86,605.86,1.9,1.9,53.44,50.22,52.73,51.47,-53.85,-53.85,80,80,100.2,100.2,50616.02,46988.54,25433.92,26572.29,91767,77237,710.15,659.26,10.83,9.87,88.77,82.41,5000000000,7500000000,43732.24,40316.17,7.09,6.95,16.3,14.58
Chincithe Kwayis,70.67,72.67,3,2.33,18,18,1.06,1.05,43.81,43.58,43,43,138.7,138.81,35,32,146.25,153,554.79,555.25,-4,-4,610.27,610.78,554.79,555.25,-10.68,-10.68,3756.38,3759.53,-6.48,-6.48,462.32,462.71,-8.94,-8.94,-8.37,-8.37,-8.94,-8.94,-11.05,-11.05,-8.37,-8.37,-10,-10,-10.05,-10.05,-9.91,-9.89,1165.05,1166.03,10.91,10.91,208.05,208.22,208.05,208.22,369.86,370.17,23.12,23.14,932.65,932.65,94.4,95.02,15.09,15.09,13.47,13.24,18.47,19.18,24.85,24.19,50,50,1,1,51.96,51.96,111,111,63.09,63.05,81.45,81.54,64.77,64.79,31.89,33.11,231.16,231.36,89.14,86.49,-97,-97.67,30.21,30.25,61.39,61.28,17.58,17.58,91.89,91.89,1917.23,1795.18,0,0,67,67,75.51,75.51,184.93,185.08,774.11,762.3,0.3,0.32,189.47,203.82,9,8.99,13.81,13.81,622.98,622.98,1.77,1.78,23.11,21.89,40.69,40.7,-10,-10,58.31,58.31,100.2,100.2,10575.64,10584.52,10259.95,10303.67,10868,10844,184.93,185.08,2.89,2.9,115.58,115.68,7500000000,8700000000,7381.8,7387.99,6.07,5.92,11.48,11.48
Asfaltum,66.56,66.89,97.38,97.31,54.86,54.86,1.7,1.66,21.68,21.65,45.34,45.34,2311.69,2311.71,41.17,40.67,150.75,151,-9.27,-9.27,6812.48,6812.57,-2.05,-2.05,38750.3,38750.77,1842.47,1842.49,-9.08,-9.08,28256.32,28256.67,-13.58,-13.58,-9,-9,1161.22,1161.23,2451.46,2451.49,2064.39,2064.41,5246.99,5247.05,-20.27,-20.27,10240.23,10240.35,429.39,429.4,28256.32,28256.67,27.96,27.96,1182.72,1182.74,6182.41,6182.49,6074.89,6074.97,2257.93,2257.95,1043.45,1043.45,58.82,60.19,13,13,40.86,40.1,88.73,88.78,0.86,0.86,51.62,51.62,9,9,48.04,48.04,258,258,83.64,83.69,118.5,118.8,90.69,90.71,4.45,5.24,18063.4,18063.62,3.92,3.92,49.25,47.38,73.89,73.93,-109.61,-109.92,14.61,14.61,92.1,92.1,560.73,571.51,-7,-7,91,91,52.68,52.26,107.52,107.52,1301.79,1301.57,9.98,9.98,9.51,9.66,8.92,8.91,13.3,13.3,1913.03,1913.03,0.74,0.74,50.55,49.76,90.21,89.77,-433.5,-433.5,433.05,433.05,100.62,100.62,141514.89,141516.61,106840.22,108161.63,181628,179691,5483.53,5483.6,1.9,1.89,-7.07,-7.07,1.9901E+12,2.1104E+12,36935.39,36935.83,34.07,34.05,117.45,117.03
Actaeus,59,61,30.67,26.5,78.67,78.67,1.95,1.79,30.87,30.97,42,42,670.65,628.2,48.75,47.25,117,119.25,670.65,628.2,-7.48,-7.48,-8.37,-8.37,1609.57,1507.68,-4.9,-4.9,-2.83,-2.83,-4.47,-4.47,3772.43,3533.63,-7.75,-7.75,-7.75,-7.75,-6.32,-6.32,2682.62,2512.81,-8.37,-8.37,335.33,314.1,-6.63,-6.63,160.96,150.77,670.65,628.2,11.58,11.58,1592.81,1491.98,1173.65,1099.35,1257.48,1177.88,670.65,628.2,13.18,13.18,51.28,55.78,12,12,48.9,46.24,30.29,30.56,3.96,3.53,50,50,1,1,50,50,116,116,61.65,61.94,99.89,101.87,71.69,71.56,16.66,18.32,1173.65,1099.35,79.55,78.81,30,26.5,39.58,39.88,57.53,56.65,0.71,0.71,94.13,94.13,545.06,560.55,0,0,64,64,54.13,53.34,838.32,785.25,852.07,850.26,0.27,0.28,85.95,86.86,9.68,9.65,18.61,18.61,683.72,683.72,1.68,1.68,38.34,36.68,49.95,49.24,-82.76,-82.76,57.88,57.88,101.45,101.45,29451.8,27587.46,20660.22,20244.53,40293,36295,1257.48,1177.88,3.2,3.12,335.33,314.1,79000000000,1.129E+11,17788.89,16580.06,7.28,7.24,10.54,10.01
Andels,76.67,77.67,23,18.25,83,83,1.63,1.47,32.26,32.41,44.28,44.28,268.4,245.52,26,24.5,166.5,171,-5.48,-5.48,1932.47,1767.75,-9.49,-9.49,2522.94,2307.89,-8.6,-8.6,1717.75,1571.33,-7.48,-7.48,1006.49,920.7,2415.59,2209.69,-3.16,-3.16,2415.59,2209.69,0,0,536.8,491.04,268.4,245.52,1422.51,1301.26,513.11,355.21,0,0,11.49,11.49,1677.49,1534.5,872.29,797.94,805.2,736.56,201.3,184.14,629.57,629.57,61.21,67.86,15.51,15.51,44.47,40.53,36.37,36.61,2.12,2.1,51,51,1,1,51.48,51.48,114,114,62.2,62.57,101.17,102.84,70.01,69.84,28.56,30.64,603.9,552.42,72.58,72.01,23,18.25,35.44,35.97,59.06,57.77,0.71,0.71,94.13,94.13,390.62,412.07,0,0,64,64,52.26,51.44,536.8,491.04,616.16,614.52,0.35,0.36,248.13,257.43,9.77,9.73,15.22,15.22,615.67,615.67,2.03,2.03,26.44,24.36,47.76,46.81,-100.5,-100.5,74.83,74.83,101.85,101.85,27097.97,24674.03,20896.45,20101.35,34140,29622,1073.59,982.08,3.06,2.99,469.7,429.66,1.589E+11,2.924E+11,17505.29,15791.38,4.32,4,10.27,9.6
Heatherina,67.33,68.33,65.83,61,75.33,75.33,4.9,4.01,32,31.69,42,42,831.63,800.07,40,38.5,135,139.5,-3.16,-3.16,3421.55,3291.73,-5.48,-5.48,-5.48,-5.48,-2.45,-2.45,6082.75,5851.97,2851.29,2743.11,-6.12,-6.12,950.43,914.37,-8.37,-8.37,2376.07,2285.92,332.65,320.03,2851.29,2743.11,-6.32,-6.32,475.21,457.18,-2.45,-2.45,2851.29,2743.11,8.77,8.77,1663.25,1600.15,1069.23,1028.67,1069.23,1028.67,237.61,228.59,23.5,23.5,20.4,24.92,13,13,67.84,64.54,28.79,29.07,8.05,7.11,51,51,1,1,50.5,50.5,125,125,55.92,56.5,56.91,61.54,70.3,70.66,13.82,12.66,1069.23,1028.67,53.98,54.18,57.75,52.75,18.04,18.48,87.67,86.34,0.76,0.76,93.94,93.94,329.73,350.99,0,0,64,64,68.87,67.9,594.02,571.48,681.91,711.42,0.41,0.41,200.13,202.9,9.93,9.88,17.93,17.93,716.26,716.26,1.9,1.85,41.18,42.34,54.96,53.97,-22.36,-22.36,-31.62,-31.62,99.3,99.3,43791.05,42129.58,18573.07,19964.39,91053,80127,1188.04,1142.96,11.57,10.84,-3.16,-3.16,2.31E+11,2.822E+11,35908.66,34335.61,5.39,5.27,19.89,18.17
Movimiento 26 de Julio,64.5,65.5,6,4,18,18,1.12,1.08,35.32,36.22,42,42,455.89,373.27,44.25,42.75,126,130.5,-11.14,-11.14,-5.93,-5.93,-10.68,-10.68,-2,-2,-6.48,-6.48,5554.88,4548.19,468.92,383.94,586.15,479.92,-12.08,-12.08,-6.63,-6.63,-4.9,-4.9,-10.68,-10.68,-4.9,-4.9,1250.45,1023.84,-3.74,-3.74,31.26,25.6,468.92,383.94,13.89,13.89,553.59,453.26,553.59,453.26,814.1,666.56,358.2,293.29,8.08,8.08,88.97,92.58,12,12,14.65,13.89,17.7,18.06,25.56,25.23,50,50,1,1,50,50,110,110,64.94,65.07,90.1,90.83,67.2,66.56,27.86,29.02,781.53,639.9,54.08,53.27,-94,-96,50.16,50.34,33.84,33.3,17.58,17.58,91.89,91.89,2278.71,2309.92,-4,-4,64,64,75.5,75.31,521.02,426.6,649.96,646.17,0.34,0.34,101,102.96,9.16,9.14,31.66,31.66,651.76,651.76,1.96,1.97,27.14,25.98,42.9,42.24,-79.37,-79.37,24.49,24.49,106.18,106.18,14905.93,12204.59,14016.03,11718.83,15754,12659,521.02,426.6,2.66,2.64,293.08,239.96,60800000000,61100000000,7423.15,6065.68,14.41,14.36,10.31,9.96
Thaailand,90,91,80.67,76.22,83,83,17.35,11.04,37.16,35.91,42,42,354.08,345.29,10,9,202.5,204.75,7081.69,6905.76,3965.75,3867.23,4721.13,4603.84,-5.48,-5.48,-3.74,-3.74,1510.76,1473.23,944.23,920.77,6491.55,6330.28,1416.34,1381.15,-9.49,-9.49,-4.47,-4.47,-6.32,-6.32,0,0,4249.02,4143.46,4249.02,4143.46,6798.43,6629.53,12747.05,12430.37,7.07,7.07,708.17,690.58,708.17,690.58,590.14,575.48,0,0,105.17,105.17,5.76,9.06,12,12,86.32,81.94,36.61,36.77,2.1,2.08,50,50,1,1,50,50,110,110,45.43,47.45,25.87,30.09,65.97,66.78,34.86,32.97,1062.25,1035.86,35.22,35.98,80,73.33,8.16,8.35,108.39,106.68,0.71,0.71,94.13,94.13,59.92,75.24,0,0,64,64,73.39,72.64,590.14,575.48,238.26,263.29,2.68,2.54,327.31,333.51,13.2,12.62,17.24,17.24,606.04,606.04,54.15,18.5,20.14,22.03,57.83,56.76,79.06,79.06,-35.36,-35.36,98.83,98.83,54033.33,52690.97,11021.72,14068.4,191261,155287,590.14,575.48,18.09,17.31,-4.47,-4.47,26500000000,29500000000,49602.6,48264.93,4,3.95,28.76,26.07
Anonymous Endorsing Agent,79,79.33,51.33,48,51.11,51.11,1.38,1.34,25.65,25.7,42,42,4506.03,4358.39,22.5,22,175.5,175.5,-8.37,-8.37,-8.94,-8.94,-12,-12,-3.46,-3.46,-7.39,-7.39,-9.8,-9.8,-12.65,-12.65,-11.29,-11.29,1378.32,1333.15,-7.07,-7.07,-5.48,-5.48,-7.75,-7.75,-5.48,-5.48,-13.42,-13.42,5407.24,5230.07,-5.4,-5.4,0,0,13.64,13.64,1457.83,1410.07,4638.56,4486.58,2385.55,2307.38,1987.96,1922.82,119.98,119.98,72.42,74.44,12,12,33.52,32.35,33.8,33.89,2.48,2.47,52.16,52.16,4.48,4.48,50,50,202,202,63.27,63.39,97.21,98.64,81.86,81.72,17.3,18.3,2385.55,2307.38,64.11,63.92,31.5,29,75.9,76.03,29.14,28.73,3.41,3.41,93.17,93.17,575.6,591.51,0,0,62,62,52.73,52.11,1060.24,1025.5,1071.49,1071.12,0.35,0.35,236.05,236.05,9.73,9.71,17.16,17.16,1227.01,1227.01,1.29,1.29,37.7,36.7,57.59,56.88,-90,-90,30,30,101.04,101.04,31436.2,30406.18,26509.63,26019.22,36607,34951,2385.55,2307.38,2.86,2.85,397.59,384.56,3.886E+12,6.1284E+12,7576.12,7297.48,4,4,14.7,13.9
Menorah,68.4,68.67,54.22,50.89,68,68,1.69,1.64,27.42,27.39,45.34,45.34,2095.45,2044.06,38.4,38,139.5,139.5,-7.07,-7.07,4789.6,4672.14,5188.73,5061.48,2793.93,2725.41,5428.21,5295.09,-8.94,-8.94,558.79,545.08,-10.25,-10.25,399.13,389.34,-8.94,-8.94,-11.4,-11.4,-6,-6,5986.99,5840.17,0,0,0,0,478.96,467.21,5747.51,5606.56,11.05,11.05,1796.1,1752.05,1995.66,1946.72,898.05,876.03,798.27,778.69,439.84,439.84,59.25,61.08,15.9,15.9,45.39,43.88,32.44,32.51,2.78,2.76,52.16,52.16,3.3,3.3,50.99,50.99,181,181,63.65,63.76,93.37,94.81,77.56,77.62,12.8,13.77,1197.4,1168.03,73.71,73.59,35.67,33.17,30.05,30.19,65.67,65.25,1.26,1.26,93.59,93.59,544.93,561.2,-4,-4,64,64,55.6,54.93,199.57,194.67,1073.68,1073.34,0.39,0.39,84,84,10,9.97,16.07,16.07,1101.57,1101.57,1.28,1.29,42.2,41.23,56.72,56.29,37.42,37.42,71.41,71.41,102.24,102.24,43625.23,42555.38,33062.57,32781.05,55804,53666,2195.23,2141.4,2.81,2.79,0,0,1.1172E+12,1.8385E+12,30537.66,29703.66,12.03,12.03,16.34,15.74
Jeruselem,68.56,68.67,96.03,95.62,46,46,1.34,1.31,19.04,19.03,38.06,38.06,18605.5,18605.54,38.17,38,149.5,149.5,-22.23,-22.23,-15.59,-15.59,-14.83,-14.83,-12.35,-12.35,-15.88,-15.88,-13.62,-13.62,-20.3,-20.3,-28.38,-28.38,-20.71,-20.71,-22,-22,-25.38,-25.38,-20.52,-20.52,-18.55,-18.55,-25.81,-25.81,-8.69,-8.69,-27.27,-27.27,0,0,30.08,30.08,11035.62,11035.64,14683.75,14683.79,9120.34,9120.36,2736.1,2736.11,1074.08,1074.08,74.44,76.2,18.02,18.02,27.85,26.97,87.37,87.39,0.87,0.87,52.64,52.64,13.8,13.8,58.65,58.65,584,584,90.95,91.01,122.54,122.81,92.41,92.42,14.55,15.32,9849.97,9849.99,111.63,111.69,29,26.86,81.07,81.11,-159.92,-160.28,0.68,0.68,94.29,94.29,762.59,780.67,1,1,123,123,42.4,42.22,-10.49,-10.49,1552.92,1552.83,0.14,0.14,93.41,93.41,7.19,7.17,13.16,13.16,3782.4,3782.4,0.52,0.52,40.45,39.68,83.69,83.25,-147.89,-147.89,104.31,104.31,91.29,91.29,82539.12,82539.3,70630.49,71510.6,94877,93841,12950.89,12950.92,1.78,1.77,-4.47,-4.47,7.49E+11,7.663E+11,15599.89,15599.93,19.51,19.51,152.25,151.99
Christmass,72,72.33,44,35.11,81.33,81.33,2.59,2.15,32.82,32.68,40.78,40.78,411.07,372.48,33,32.5,150.75,153,2466.42,2234.88,1315.43,1191.93,5974.23,5413.37,1425.04,1291.26,1534.66,1390.59,2630.85,2383.87,-6,-6,5138.38,4655.99,3562.61,3228.15,1096.19,993.28,4110.71,3724.79,3124.14,2830.84,3014.52,2731.51,3836.66,3476.47,498.77,451.94,-2.97,-2.97,8440.65,7648.24,9.7,9.7,274.05,248.32,616.61,558.72,753.63,682.88,205.54,186.24,474.35,474.35,38.6,46.42,12,12,58.54,53.49,30.87,30.96,3.33,3.29,51.62,51.62,1,1,50.99,50.99,114,114,57.48,58.19,73.39,79.57,69.4,69.55,19.89,22.28,753.63,682.88,79.45,81.05,40,33.33,10.16,10.73,94.94,93.23,0.7,0.7,94.2,94.2,340.28,378.78,0,0,68,68,66.92,65.31,548.09,496.64,611.09,617.25,0.41,0.39,93.39,94.34,10.41,9.98,15.92,15.92,624.25,624.25,2.04,2.03,35.11,32.72,49.94,48.65,90,90,52.92,52.92,89.65,89.65,50663.09,45906.83,30498.68,30528.42,79006,65764,548.09,496.64,9.43,8.26,137.02,124.16,23300000000,36200000000,45495.45,40994.8,4.29,4.15,16.24,14.52
West Aclar,72.8,73.07,66.22,66.22,42.67,42.67,1.74,1.74,26.66,26.66,41.43,41.43,2933.44,2933.44,31.8,31.4,155.25,155.25,-9.59,-9.59,-6.45,-6.45,3042.08,3042.08,2781.33,2781.33,4571.81,4571.81,-7.54,-7.54,5649.58,5649.58,-9.95,-9.95,173.83,173.83,-5.66,-5.66,-12.33,-12.33,-8,-8,4693.5,4693.5,-4.69,-4.69,-0.99,-0.99,4388.92,4388.92,8691.66,8691.66,11.96,11.96,108.65,108.65,2824.79,2824.79,1738.33,1738.33,977.81,977.81,910.2,910.2,57.32,57.32,14.16,14.16,41.48,41.48,26.69,26.76,14.37,14.22,46.97,46.97,3.93,3.93,51.96,51.96,199,199,62.37,62.37,89.66,89.66,79.27,79.27,11.42,11.55,2064.27,2064.27,56.68,56.4,46.33,46.33,34.54,34.54,59.42,59.42,6.35,6.35,92.81,92.81,581.94,578.76,0,0,65,65,65.24,65.24,325.94,325.94,1103.1,1102.97,0.34,0.35,117.42,117.42,9.87,9.87,13.91,13.91,1192.88,1192.88,1.18,1.18,43.58,43.45,58.77,58.77,-23.45,-23.45,63.64,63.64,98.83,98.83,49285.7,49285.7,36698.64,36698.64,64024,64024,977.81,977.81,3.03,3.03,108.65,108.65,3.037E+12,3.0418E+12,32282.14,32282.14,9.37,9.37,20.71,20.71
Lynford,61,63,29.67,24.75,23,23,1.93,1.71,30.76,31,45.83,45.83,275.59,248.38,47.25,45.75,119.25,123.75,-7.07,-7.07,3692.94,3328.31,1543.32,1390.94,-3.46,-3.46,-2.83,-2.83,2204.74,1987.05,1047.25,943.85,3444.91,3104.77,1377.96,1241.91,-10,-10,1377.96,1241.91,-3.61,-3.61,-5.48,-5.48,3748.06,3377.99,1874.03,1688.99,2309.2,1954.52,2590.57,2334.78,12.25,12.25,1722.45,1552.38,964.57,869.33,826.78,745.14,275.59,248.38,932.65,932.65,51.78,58.46,17.01,17.01,26.53,24.72,22.56,22.87,20.52,20.14,51,51,1,1,51.96,51.96,102,102,62.93,63.33,77.24,79.49,71.84,71.52,17.37,19.37,688.98,620.95,94.49,93.93,29.25,24.75,32.27,32.79,61.46,60.1,15.09,15.09,92.06,92.06,1097.49,1202.77,0,0,67,67,54.04,52.8,551.19,496.76,752.25,752.03,0.27,0.28,86.25,88.06,9.88,9.84,13.81,13.81,566.71,566.71,1.79,1.8,37.63,35.63,50.34,49.12,46.9,46.9,24.49,24.49,101.85,101.85,35479.54,31849.69,25021.02,23966.5,48317,40996,1240.17,1117.72,2.92,2.86,344.49,310.48,1.251E+11,1.773E+11,24019.65,21402.99,5.97,5.86,14.95,13.61
Socialistic Manchester,70.67,72.67,3,2.33,18,18,1.06,1.05,44.79,44.54,42,42,236.86,237.12,35,32,146.25,153,355.29,355.67,-8.94,-8.94,473.72,474.23,-3.16,-3.16,-3.74,-3.74,-3.46,-3.46,355.29,355.67,1036.27,1037.38,0,0,-7.07,-7.07,-3.16,-3.16,0,0,355.29,355.67,592.15,592.79,947.45,948.47,-6.52,-6.48,1184.31,1185.58,10.95,10.95,325.68,326.04,325.68,326.04,532.94,533.51,148.04,148.2,130.47,130.47,94.4,95.02,12,12,13.52,13.28,20.71,21.36,22.63,21.91,50,50,1,1,50,50,110,110,61.85,61.8,79.63,79.66,64.67,64.7,31.91,33.13,414.51,414.95,71.83,69.42,-97,-97.67,43.71,43.75,52.48,52.37,17.58,17.58,91.89,91.89,1917.23,1795.18,0,0,64,64,75.31,75.31,296.08,296.4,496.04,486.58,0.32,0.33,190.23,204.6,9.7,9.69,17.11,17.11,624.44,624.44,2.38,2.42,23.09,21.87,40.86,40.87,44.72,44.72,0,0,101.04,101.04,8497.4,8506.56,8243.75,8280.84,8732,8715,296.08,296.4,3.14,3.15,88.82,88.92,1.599E+11,1.696E+11,4784.04,4780.68,6.72,6.58,7.2,7.2
Loomiville,65.5,66.5,70,65.56,18,18,6.46,4.86,32.11,31.57,44.83,44.83,83.76,81.54,42.75,41.25,130.5,132.75,3752.25,3652.85,5336.57,5195.2,3618.24,3522.39,-3.35,-3.35,6901.46,6718.64,1134.72,1104.66,6499.44,6327.26,3905.69,3802.23,-6.16,-6.16,737.05,717.52,3417.23,3326.71,4723.82,4598.68,737.05,717.52,-5.29,-5.29,1132.38,1102.38,6977.43,6554.51,13869.93,13502.51,11.27,11.27,1256.33,1223.05,753.8,733.83,1005.07,978.44,418.78,407.68,1186.57,1186.57,15.47,20.58,17.36,17.36,35.08,33.24,17.57,17.94,25.67,25.34,51.62,51.62,1,1,53.38,53.38,106,106,57.34,58.05,48.92,53.98,70.17,70.8,18.35,16.63,1675.11,1630.74,43.92,44.48,64,57.33,13.85,14.51,90.88,89.03,17.58,17.58,91.89,91.89,700.97,746.75,0,0,67,67,70.29,69.28,502.53,489.22,479.46,513.22,0.39,0.38,233.31,234.8,13.84,13.26,12.66,12.66,475.1,475.1,2.45,2.31,36.65,38.37,56.44,55.32,73.21,73.21,6.32,6.32,101.04,101.04,65607.7,63631.63,23827.67,27119.95,154005,131794,1340.09,1304.59,9.65,8.5,-11.4,-11.4,500000000,1200000000,56553.84,54405.05,6.67,6.62,21.17,19.02
Yoi yoi,68.8,69.07,36,30,77.33,77.33,1.76,1.59,29.44,29.58,45.83,45.83,315.76,293.24,37.8,37.4,141.75,141.75,189.45,175.95,-6,-6,6125.71,5688.91,1199.88,1114.32,113.67,105.57,2212.2,2054.46,1705.09,1583.51,-2.24,-2.24,726.24,674.46,3031.28,2815.13,-4.9,-4.9,189.45,175.95,1452.49,1348.92,-2,-2,172.4,160.11,1060.95,985.3,8020.26,7448.36,13.19,13.19,2683.94,2492.56,1341.97,1246.28,947.27,879.73,1184.09,1099.66,8,8,56.84,63.07,15.51,15.51,43.56,40.24,30.86,30.93,3.34,3.3,51.62,51.62,1,1,50,50,96,96,65.19,65.56,101.72,102.68,73.79,73.58,21.01,22.64,1578.79,1466.21,77.68,78.05,-74,-78.5,43.41,43.79,46.3,45.15,0.73,0.73,94.07,94.07,507.66,538.54,-8,-8,68,68,77.51,77.15,868.33,806.42,681.46,683.54,0.38,0.37,99.17,99.17,9.89,9.85,32.17,32.17,482,482,1.9,1.9,33.99,32.36,51.39,50.43,83.37,83.37,52.44,52.44,103,103,35892.86,33333.48,26607.14,26119.51,46808,41412,1657.73,1539.52,2.63,2.6,631.52,586.49,29300000000,39200000000,20315.36,18733.41,13.13,13.13,10.48,9.78
Yoiiu,61,63,34.67,26.33,74,74,2.11,1.79,31.08,31.38,45.34,45.34,0,0,47.25,45.75,119.25,123.75,0,0,3097.3,2724.07,2638.49,2320.55,410.43,360.97,2403.96,2114.28,1376.41,1210.55,205.22,180.49,2383.44,2096.23,-6.71,-6.71,4397.49,3867.58,879.5,773.52,4397.49,3867.58,1465.83,1289.19,0,0,4573.39,4022.29,-7.8,-7.8,2843.71,2501.04,9.85,9.85,1612.41,1418.11,879.5,773.52,586.33,515.68,0,0,7.9,7.9,47.29,55.9,15.09,15.09,47.05,42.51,33.09,33.34,2.62,2.57,52.16,52.16,1,1,50,50,98,98,63.1,63.63,94.32,96.96,71.41,71.04,13.78,16.5,1026.08,902.44,77.4,77.13,33,26.33,19.06,19.63,80.62,78.91,0.77,0.77,93.9,93.9,564.45,605.61,-8,-8,64,64,61.27,55.75,366.46,322.3,613.21,612.59,0.34,0.34,79.75,81.49,9.96,9.9,32.78,32.78,459.68,459.68,2.04,2.04,41.22,38.5,50.8,49.34,51.48,51.48,43.01,43.01,106.51,106.51,37624.92,33091.03,25270.47,24310.66,53442,43493,1392.54,1224.73,2.89,2.81,146.58,128.92,900000000,1500000000,30438.56,26605.19,12.47,12.42,11.88,10.65
The Wisching Well,71.17,72.17,66.67,62.67,76,76,5.14,4.19,32.51,32.06,45.34,45.34,0,0,34.25,32.75,148.5,153,2292.4,2224.76,-4.9,-4.9,3591.43,3485.45,-4.9,-4.9,6189.49,6006.84,2605.7,2528.81,3056.54,2966.34,2005.85,1946.66,382.07,370.79,6113.08,5932.69,3820.67,3707.93,649.51,630.35,3056.54,2966.34,4202.74,4078.72,2024.96,1965.2,3988.78,3871.08,8940.38,8676.55,9.27,9.27,1814.82,1761.27,764.13,741.59,859.65,834.28,286.55,278.09,25.09,25.09,19.44,23.86,15.51,15.51,67.03,63.84,30.21,30.48,4.1,3.64,48.6,48.6,1,1,50.5,50.5,98,98,56.09,56.66,57.49,61.96,69.73,70.22,16.46,15.29,955.17,926.98,66.51,66.73,59,54,11.61,12.05,94.97,93.63,0.75,0.75,93.97,93.97,283.61,303.36,0,0,66,66,69.54,68.64,573.1,556.19,389.42,411.43,0.47,0.47,212.84,214.27,12.98,12.54,17.9,17.9,402.83,402.83,3.01,2.83,38.54,39.71,54.67,53.72,74.5,74.5,-29.15,-29.15,105.84,105.84,55143.78,53516.54,22770.81,24761.38,117115,103776,859.65,834.28,11.37,10.62,764.13,741.59,1.2783E+12,1.9939E+12,48747.1,47041.04,7.31,7.23,17.59,16.04
South Pacific Peasant Revolt,57,57,51.67,51.67,68.67,68.67,3.13,3.13,30.07,30.07,45.83,45.83,478.8,478.8,50.25,50.25,112.5,112.5,-6.16,-6.16,5148.08,5148.08,3753.81,3753.81,-9.17,-9.17,689.47,689.47,3799.77,3799.77,-8.37,-8.37,4404.98,4404.98,-6.48,-6.48,76.61,76.61,-7.62,-7.62,3830.42,3830.42,3523.98,3523.98,-6.16,-6.16,-1.98,-1.98,352.4,352.4,3753.81,3753.81,11.53,11.53,2106.73,2106.73,1149.12,1149.12,1532.17,1532.17,0,0,919.19,919.19,31.99,31.99,17.01,17.01,49.69,49.69,26.61,26.61,14.52,14.52,52.16,52.16,1,1,51.96,51.96,116,116,65.43,65.43,98.46,98.46,72.82,72.82,6.06,6.06,1436.41,1436.41,92.41,92.41,45.75,45.75,30.99,30.99,66.82,66.82,1.06,1.06,93.67,93.67,550.84,550.84,-8,-8,67,67,65.08,65.08,478.8,478.8,1021.14,1021.14,0.3,0.3,103.64,103.64,10,10,13.87,13.87,657.6,657.6,1.49,1.49,48.94,48.94,53.88,53.88,90.28,90.28,-57.01,-57.01,106.51,106.51,42605.71,42605.71,23157.58,23157.58,72389,72389,1627.93,1627.93,2.61,2.61,191.52,191.52,1.75E+11,1.751E+11,29397.94,29397.94,12.65,12.65,24.4,24.4
Fishmong,74.13,74.93,7.25,5.25,73.33,73.33,1.16,1.12,34.4,35.13,45.34,45.34,467.34,405.93,29.8,28.6,159.75,162,560.81,487.12,-8.67,-8.67,-4.47,-4.47,-6.63,-6.63,1588.96,1380.16,-6.13,-6.13,-11.14,-11.14,-4.24,-4.24,-2,-2,-8.6,-8.6,716.59,622.43,732.17,635.96,-9.7,-9.7,1028.15,893.05,654.28,568.3,99.7,86.6,560.81,487.12,14.73,14.73,1129.41,981,739.96,642.72,856.79,744.2,545.23,473.58,190.3,190.3,86.09,89.64,16.29,16.29,27.48,25.6,32.68,32.89,2.72,2.67,49.36,49.36,1,1,51.48,51.48,105,105,65.66,65.81,105.29,105.58,67.93,67.35,27.92,28.99,701.01,608.89,97.81,97.1,-92.75,-94.75,60.03,60.21,23.17,22.64,0.77,0.77,93.87,93.87,639.58,646.27,0,0,66,66,75.58,75.39,623.12,541.24,813.9,811.41,0.3,0.3,261.16,261.95,9.75,9.73,16.86,16.86,592.52,592.52,1.72,1.72,27.08,26.01,43.95,43.31,12.25,12.25,-33.91,-33.91,109.08,109.08,16367.86,14217.01,15126.02,13421.28,17569,14972,817.85,710.38,2.59,2.57,701.01,608.89,86900000000,1.053E+11,6547.15,5658.37,7.63,7.59,7.33,7.29
The Sigma Republic of Skibidi,75.5,76.5,42.67,36,74,74,2.51,2.17,33.87,33.7,41.43,41.43,388.41,357.03,27.75,26.25,164.25,166.5,1242.92,1142.48,-4.73,-4.73,-2.37,-2.37,-8.25,-8.25,-8,-8,8169.09,7508.97,-6.78,-6.78,-8.12,-8.12,-4.24,-4.24,-6.93,-6.93,2796.57,2570.59,2602.36,2392.07,-8.25,-8.25,-6.93,-6.93,-8.77,-8.77,3955.07,3431.97,1242.92,1142.48,10.39,10.39,388.41,357.03,776.82,714.05,1165.24,1071.08,388.41,357.03,1065.35,1065.35,39.79,45.99,14.64,14.64,52.96,49.54,29.87,30.14,4.82,4.24,52.16,52.16,1,1,52.44,52.44,106,106,59.09,59.6,79.94,84.61,68.39,68.55,18.29,20.46,971.03,892.56,66.13,66.44,39,34,29.93,30.54,70.31,68.86,0.77,0.77,93.9,93.9,382.53,405.41,0,0,71,71,64.62,62.2,776.82,714.05,764.95,767.43,0.4,0.4,242.12,246.69,9.65,9.6,13.2,13.2,588.18,588.18,1.78,1.77,36.71,34.54,49.9,48.83,52.15,52.15,-54.77,-54.77,89.65,89.65,34908.43,31884.07,21361.88,21097.42,53687,45872,776.82,714.05,6.43,4.85,388.41,357.03,62700000000,88500000000,24470.81,22159.43,2.74,2.68,17.29,15.76
Miterrister,67.33,69.33,61.33,54.67,64.67,64.67,4.03,3.36,33.31,33,42,42,441.99,420.03,40,37,135,141.75,5303.84,5040.39,-4.9,-4.9,-6.32,-6.32,3535.89,3360.26,0,0,707.18,672.05,-7.75,-7.75,0,0,5303.84,5040.39,-10.95,-10.95,3977.88,3780.3,-8.37,-8.37,3093.9,2940.23,7071.78,6720.52,-6.32,-6.32,-4,-4,5303.84,5040.39,9.43,9.43,994.47,945.07,883.97,840.07,1325.96,1260.1,662.98,630.05,119.98,119.98,24.8,29.75,12,12,54.61,51.86,25.87,26.45,15.85,14.83,50,50,1,1,50,50,104,104,55.56,56.12,52.59,57.44,68.92,69.22,6.89,7.56,1325.96,1260.1,62.11,61.17,53,48,20.72,21.16,83.04,81.71,1.97,1.97,93.42,93.42,465.52,479.84,0,0,64,64,68.49,67.46,883.97,840.07,468.9,480.57,0.4,0.41,167.7,181.21,12.2,11.76,17.16,17.16,558.52,558.52,2.49,2.44,48.11,47.44,53.18,52.17,-80,-80,66.33,66.33,100.2,100.2,43513.55,41352.23,20566.1,21601.91,82936,72611,883.97,840.07,12,11.32,110.5,105.01,72200000000,91900000000,34506.24,32585.56,6.64,6.5,13.46,12.26
Athipseo,72,73.33,11,8.33,72.67,72.67,1.25,1.19,32.23,32.66,45.83,45.83,379.49,343.38,33,31,150.75,155.25,1791.17,1620.76,-4.2,-4.2,157.87,142.85,-7.62,-7.62,1700.09,1538.35,1541.92,1395.23,2064.4,1868,721.02,652.43,-5.74,-5.74,-5.66,-5.66,1335.79,1208.7,403.77,365.36,-7.21,-7.21,1730.45,1565.82,607.18,549.41,-10.18,-10.18,4013.44,3631.6,15.72,15.72,1442.04,1304.85,834.87,755.44,607.18,549.41,303.59,274.71,1095.87,1095.87,80.27,84.27,17.36,17.36,30.32,28.07,33.13,33.47,2.61,2.54,51,51,1,1,52.44,52.44,101,101,69.31,69.45,102.65,103.02,70.04,69.58,25.24,26.8,834.87,755.44,60.64,59.47,-89,-91.67,52.92,53.13,23.58,22.94,0.82,0.82,93.8,93.8,643.34,648.92,-8,-8,67,67,75.97,75.78,569.23,515.07,1005.38,1002.48,0.36,0.37,221.59,231.86,9.68,9.66,13.06,13.06,540.84,540.84,1.53,1.54,29.76,28.2,45.7,45.1,45.5,45.5,-39.37,-39.37,109.7,109.7,22768.82,20602.62,20276.71,18825.95,25261,22339,948.71,858.45,2.34,2.33,455.38,412.06,200000000,300000000,10724.11,9662.63,13.58,13.53,8.99,8.72
Telos XVI,72.91,73.03,100.2,100.2,9.14,9.14,2.22,2.13,17.74,17.71,14.47,14.47,12085.55,12212.34,31.64,31.45,211.25,211.25,-21.49,-21.49,-11.73,-11.73,-5.42,-5.42,28791.26,29093.3,284.7,287.69,1369.99,1384.37,21013.7,21234.14,-16.48,-16.48,2836.31,2866.07,-22.41,-22.41,-11.49,-11.49,-8.85,-8.85,-6.48,-6.48,2222.67,2245.99,6270.57,6336.36,935.02,944.83,21013.7,21234.14,47.86,47.86,2051.42,2072.94,10524.69,10635.1,7938.11,8021.39,9766.55,9869.01,4.56,4.56,45.08,46.91,0.28,0.28,32.48,31.49,123.29,123.3,0.68,0.68,62.05,62.05,24.22,24.22,12.33,12.33,347,347,114.91,114.98,78.59,80.24,93.62,93.65,22.65,23.66,22164.28,22396.8,4.24,4.24,43.43,40.57,98.12,98.12,-609.87,-610.35,109.79,109.79,51.4,51.4,869.8,895.98,-15,-15,178,178,36.74,36.54,4236.63,4281.08,1637.48,1637.38,0.17,0.17,78.9,78.9,3.19,3.19,68.81,68.81,3313.7,3313.7,0.47,0.47,32.35,31.34,96.78,96.79,-370.38,-370.38,367.97,367.97,148.98,148.98,184337.51,186271.33,120664.42,124578.05,267675,265543,17660.07,17845.33,1.54,1.54,2319,2343.33,1.38785E+14,2.04171E+14,3502.41,3539.16,35.11,35.11,188.56,188.26
Free Guardians,55.39,56.12,24.29,21.43,62.13,62.13,1.39,1.35,26.79,26.89,44.83,44.83,2156.29,2022.79,51.45,50.91,44.25,44.5,-4.47,-4.47,0,0,1431.41,1342.79,2716,2547.86,0,0,-2,-2,2789.41,2616.72,-5.48,-5.48,0,0,-7.07,-7.07,917.57,860.76,1651.62,1549.37,1651.62,1549.37,1651.62,1549.37,0,0,369.96,347.06,4220.81,3959.51,24.52,24.52,2523.31,2367.1,2018.65,1893.68,2660.95,2496.21,1330.47,1248.1,658.89,658.89,71.79,74.09,18.34,18.34,36.13,34.37,34.33,34.42,2.39,2.38,46.97,46.97,5.22,5.22,54.76,54.76,119,119,76.79,76.87,116.52,116.94,78.95,78.72,10.94,11.71,3027.98,2840.51,41.8,41.94,-75.71,-78.57,80.07,80.13,-95.63,-96.11,0.61,0.61,94.67,94.67,817.22,839.14,-3,-3,68,68,79.26,79.03,1697.5,1592.41,1117.81,1117.72,0.47,0.47,188.92,190.26,9.37,9.34,15.09,15.09,714.94,714.94,1.13,1.13,44.06,43.29,53.49,52.75,-81.55,-81.55,102.71,102.71,111.5,111.5,42734.1,40088.44,35869.92,34219.06,49968,46183,2706.83,2539.25,2.05,2.05,1697.5,1592.41,3.161E+11,3.119E+11,8504.09,7977.6,19.18,19.16,14.22,13.45
Yellow Rose 1,48.33,50.33,66,61.33,49.33,49.33,4.93,4.03,32.4,32.01,43.68,43.68,264.55,254.39,56.75,55.25,99,101.25,3738.93,3595.32,3713.18,3570.56,-4.9,-4.9,1410.92,1356.72,-1.55,-1.55,5425.33,5216.94,-4.24,-4.24,3334.71,3206.62,4444.39,4273.68,-5.83,-5.83,2680.74,2577.77,148.15,142.46,3386.2,3256.14,6560.77,6308.76,1022.92,983.62,3499.08,3364.67,3738.93,3595.32,9.85,9.85,1410.92,1356.72,793.64,763.16,617.28,593.57,352.73,339.18,624.65,624.65,20.29,24.8,15.09,15.09,49.92,47.63,22.28,22.6,20.86,20.48,52.64,52.64,1,1,51.48,51.48,106,106,55.01,55.66,42.06,46.71,69.85,70.29,7.5,5.33,529.09,508.77,79.3,79.63,58,53,11.33,11.78,95.03,93.7,4.96,4.96,92.97,92.97,649.62,679.34,0,0,64,64,69.33,68.41,617.28,593.57,541.66,576.92,0.32,0.31,154.55,155.76,10.12,9.96,15.24,15.24,546.99,546.99,2.22,2.12,47.5,49.67,55.33,54.37,-63.25,-63.25,52.92,52.92,100.2,100.2,58929.82,56666.27,24920.57,26782.56,122816,108005,1234.55,1187.13,12.62,11.89,264.55,254.39,2.068E+11,2.212E+11,52270.75,49979.65,2.83,2.77,20.47,18.71
2nd South Pacific Peasant Revolt,60,60,42.33,42.33,72,72,2.5,2.5,30.39,30.39,45.34,45.34,455.33,455.33,48,48,117,117,1165.64,1165.64,2710.12,2710.12,437.12,437.12,-3.29,-3.29,-2.83,-2.83,116.56,116.56,815.95,815.95,5099.68,5099.68,-8.49,-8.49,3715.48,3715.48,-4.24,-4.24,2622.69,2622.69,3351.22,3351.22,568.25,568.25,-8.31,-8.31,3161.9,3161.9,2418.71,2418.71,10.15,10.15,2003.45,2003.45,1092.79,1092.79,728.53,728.53,455.33,455.33,12.84,12.84,39.94,39.94,15.09,15.09,49.64,49.64,28.68,28.68,8.47,8.47,51,51,1,1,50,50,113,113,62.06,62.06,89.36,89.36,72.36,72.36,10.62,10.62,1274.92,1274.92,68.46,68.46,38.75,38.75,24.58,24.58,76.65,76.65,0.86,0.86,93.77,93.77,548.91,548.91,-8,-8,64,64,63.26,63.26,455.33,455.33,711.67,711.67,0.35,0.35,106.69,106.69,9.96,9.96,18.75,18.75,643.56,643.56,1.85,1.85,44.38,44.38,52.31,52.31,9.49,9.49,22.58,22.58,106.51,106.51,37224.14,37224.14,22825.25,22825.25,57150,57150,1365.99,1365.99,3.09,3.09,182.13,182.13,7.171E+11,7.185E+11,28067,28067,13.27,13.27,16.06,16.06
Rainbow Hyacinth,74.13,74.93,5.5,3.75,80,80,1.12,1.08,33.46,34.65,47.2,47.2,559.94,457.23,29.8,28.6,159.75,162,-9.38,-9.38,26.88,21.95,29.12,23.78,-5.29,-5.29,-8.49,-8.49,4624.19,3775.97,-12.49,-12.49,867.9,708.7,582.34,475.52,-12.96,-12.96,-5.29,-5.29,94.07,76.81,-9.9,-9.9,-8.83,-8.83,-9.06,-9.06,322.52,263.36,29.12,23.78,18.44,18.44,1427.84,1165.93,839.91,685.84,839.91,685.84,615.93,502.95,9.5,9.5,89.42,92.8,17.69,17.69,27,25.19,35.54,35.74,2.22,2.2,49.36,49.36,1,1,51.48,51.48,105,105,70.08,70.21,109.48,109.67,68.77,67.73,31.88,32.86,727.92,594.4,108.34,108.09,-94.5,-96.25,69.4,69.45,-15.43,-15.92,0.7,0.7,94.2,94.2,572.7,577.05,0,0,66,66,75.09,74.89,671.93,548.67,972.35,969.9,0.27,0.27,261.16,261.95,9.27,9.26,24.32,24.32,640.55,640.55,1.57,1.57,23.12,22.14,44.56,43.77,-13.04,-13.04,17.32,17.32,112.37,112.37,16826.58,13740.05,15863.86,13210.27,17741,14235,951.89,777.29,2.3,2.29,811.91,662.98,1.108E+11,1.014E+11,5148.93,4190.71,8.64,8.61,13.52,13.03
Machinatia,55,57,74.44,72.78,66,66,1.8,1.74,26.31,26.25,40.11,40.11,3569.31,3525.03,51.75,50.25,110.25,112.5,-13.71,-13.71,-4.73,-4.73,128,126.41,4135.48,4084.18,5710.9,5640.05,-7.69,-7.69,7286.32,7195.93,-13.91,-13.91,1624.65,1604.5,-9.9,-9.9,98.46,97.24,2953.91,2917.27,-4.24,-4.24,-8.83,-8.83,3446.23,3403.48,-10.86,-10.86,7414.32,7322.34,12.88,12.88,246.16,243.11,3200.07,3160.37,2092.36,2066.4,1969.28,1944.85,919.19,919.19,55.66,57.44,13,13,49.16,47.87,27.7,27.98,12.08,11.23,47.8,47.8,3.93,3.93,51.96,51.96,198,198,64.88,64.96,101.67,102.45,80.11,80.26,4.2,4.53,2338.51,2309.5,56.89,55.99,48.67,46.17,45.86,46,47.76,47.35,1.26,1.26,93.59,93.59,571,578.89,-8,-8,67,67,65.08,64.4,615.4,607.76,1108.86,1109.06,0.32,0.33,42.66,43.3,10.98,10.76,13.87,13.87,1196.98,1196.98,1.16,1.16,50.8,50.47,61.56,61.17,-69.43,-69.43,70.36,70.36,104.1,104.1,47882.94,47288.92,35098.27,35251.03,63058,61370,1107.72,1093.98,2.66,2.65,861.56,850.87,4.116E+11,7.766E+11,25904.67,25536.02,15.22,15.2,25.82,24.97
1st Flyskistani Infantry Brigade,68.93,69.73,9.5,5.5,21,21,1.21,1.12,32.02,33.32,45.83,45.83,778.24,602.93,37.6,36.4,141.75,144,498.08,385.87,-7.9,-7.9,653.73,506.46,1214.06,940.56,1151.8,892.33,298.85,231.52,-11.4,-11.4,-8.12,-8.12,-8.49,-8.49,-10.39,-10.39,-2.83,-2.83,295.73,229.11,809.37,627.04,809.37,627.04,-9.54,-9.54,442.04,342.46,1151.8,892.33,18.52,18.52,1828.88,1416.88,1128.46,874.24,1439.75,1115.41,817.16,633.07,8.79,8.79,82.4,89.42,15.9,15.9,16.89,15.05,23.38,23.63,19.49,19.17,47.8,47.8,1,1,50.5,50.5,106,106,69.58,69.87,100.68,101.75,70.27,68.9,27.94,29.68,1478.67,1145.56,87.66,87.28,-90.5,-94.5,72,72.11,-19.64,-20.71,16.31,16.31,91.97,91.97,1574.97,1707.13,-4,-4,64,64,75.41,75.02,933.89,723.51,826.88,826.27,0.31,0.31,212.49,213.2,9.75,9.71,27.65,27.65,629.46,629.46,1.7,1.7,27.06,25.32,45.73,44.38,-57.45,-57.45,73.48,73.48,110,110,20173.66,15629.04,18216.52,14734.84,22107,16479,1245.19,964.68,2.32,2.31,817.16,633.07,21900000000,21500000000,5648.63,4360.5,16.42,16.4,7.23,7.16
Olsuzia,57.33,61.33,48,39.11,61.33,61.33,2.85,2.35,31.08,31.14,43.68,43.68,636.38,583.81,50,47,112.5,119.25,3818.27,3502.86,-2.83,-2.83,-4.47,-4.47,-6.32,-6.32,-7.35,-7.35,-5.29,-5.29,-3.61,-3.61,2651.57,2432.54,5091.02,4670.48,-9.49,-9.49,5091.02,4670.48,-4.47,-4.47,4242.52,3892.07,-5.48,-5.48,424.25,389.21,0,0,3818.27,3502.86,10.39,10.39,1803.07,1654.13,1272.76,1167.62,1272.76,1167.62,318.19,291.91,119.98,119.98,35.15,42.63,13.62,13.62,47.09,43.42,23.77,24.38,18.98,18.14,50,50,1,1,50,50,110,110,58.91,59.51,71.64,76.66,71.42,71.34,3.89,7.11,1272.76,1167.62,78.35,77.72,43,36.33,31.28,31.85,70.25,68.54,2.55,2.55,93.31,93.31,643.34,674.34,0,0,64,64,64.39,59.32,848.5,778.41,603.02,600.28,0.3,0.3,126.6,138.37,11.64,11.05,17.16,17.16,609.02,609.02,2.06,2.06,51.11,47.89,52.28,50.92,18.71,18.71,-36.74,-36.74,100.62,100.62,35743.21,32790.68,20450.09,20827.24,58181,48857,1378.82,1264.92,6.84,5.05,212.13,194.6,4800000000,11400000000,24555.58,22330.45,7.09,6.95,12.63,11.31
Bobogoobo,69.06,69.17,38.48,35.62,64.29,64.29,1.42,1.38,20.48,20.54,48.85,48.85,8668.53,8328.49,37.42,37.25,149.75,149.75,-23.96,-23.96,-17.53,-17.53,-18.22,-18.22,-10.22,-10.22,-19.08,-19.08,-14.89,-14.89,-21.45,-21.45,-19.25,-19.25,-19.97,-19.97,-24.17,-24.17,-21.54,-21.54,-17.72,-17.72,-18,-18,-26.98,-26.98,-2.62,-2.62,-30.58,-30.58,0,0,32.48,32.48,7645.54,7345.63,7968.59,7656,4953.45,4759.14,1561.41,1500.16,15.25,15.25,70.53,72.24,2.14,2.14,29.78,28.95,71.48,71.5,1.01,1.01,41.19,41.19,13.8,13.8,37.04,37.04,318,318,88.69,88.76,123.43,123.7,91.38,91.34,12.11,12.88,5276.5,5069.52,121.97,122.01,33.86,31.71,86.37,86.41,-201.44,-201.8,0.58,0.58,94.79,94.79,595.24,611.22,6,6,110,110,41.74,41.57,2476.72,2379.57,1372.37,1372.27,0.15,0.15,15.33,15.33,5.35,5.34,18.14,18.14,2468.37,2468.37,0.66,0.66,42.89,42.12,65.28,64.82,-149.09,-149.09,84.61,84.61,125.43,125.43,56803.12,54574.9,47235.01,45963.93,66971,63623,8237.8,7914.65,1.81,1.81,1722.94,1655.35,5.533E+11,5.485E+11,7725.22,7422.19,11.49,11.49,135.41,135.11
Cynfin,77.62,77.81,79.22,77.56,66.67,66.67,1.42,1.38,19.75,19.74,45.83,45.83,13136.41,13053.04,24.57,24.29,171,171,-26.68,-26.68,-15.8,-15.8,-17.94,-17.94,-14.32,-14.32,-17.74,-17.74,-14.31,-14.31,-21.31,-21.31,-25.43,-25.43,-20.12,-20.12,-23.71,-23.71,-24.74,-24.74,-17.66,-17.66,-18.49,-18.49,-25.46,-25.46,-8.34,-8.34,-26.77,-26.77,0,0,33.35,33.35,13061.77,12978.87,14405.27,14313.84,6792.12,6749.01,3657.3,3634.08,246.94,246.94,70.55,72.55,15.51,15.51,31.35,30.32,82.22,82.25,0.91,0.91,48.6,48.6,8.85,8.85,50,50,479,479,92.07,92.14,122.5,122.77,91.87,91.87,17.56,18.49,7837.06,7787.32,106.25,106.33,-66.17,-68.67,88.09,88.14,-214.39,-214.81,0.79,0.79,93.84,93.84,470.78,486.74,0,0,109,109,77.61,77.44,2015.24,2002.45,1491.51,1491.38,0.18,0.18,251.64,251.64,8.43,8.41,16.66,16.66,3369.27,3369.27,0.56,0.56,37.44,36.51,75.71,75.26,-147.11,-147.11,74.43,74.43,110,110,82998.23,82471.47,69027.55,69615.22,97843,95954,10598.7,10531.43,1.76,1.76,2612.35,2595.77,6.313E+11,6.43E+11,9876.79,9814.1,16.33,16.33,137.62,137.33
Frawley,77.5,77.61,99.51,99.45,72.19,72.19,1.7,1.66,22.87,22.84,11.6,11.6,1600.58,1593.37,24.75,24.58,201,201,6676.69,6646.65,9658.33,9614.87,3887.11,3869.62,18630.7,18546.87,9511.99,9469.19,-9.34,-9.34,6598.95,6569.25,7488.41,7454.71,1394.79,1388.51,5304.77,5280.9,6219.38,6191.4,4518.2,4497.87,4618.8,4598.02,2734.7,2722.39,13207.04,13147.61,3050.77,3011.43,17162.75,17085.52,20.76,20.76,-26.83,-26.83,7659.9,7625.43,3658.46,3642,4058.6,4040.34,9.84,9.84,58.73,60.1,0.29,0.29,101.53,99.3,83.24,83.26,0.9,0.9,56.66,56.66,1,1,35.59,35.59,183,183,63.67,63.75,119.18,119.5,90.14,90.15,15.05,15.73,800.29,796.69,6.26,6.26,49.38,47.5,14.93,15.05,90.94,90.6,0.64,0.64,94.5,94.5,316.93,327.03,-14,-14,78,78,70.91,70.61,743.12,739.78,1082.03,1081.88,0.65,0.65,229.34,229.34,15.28,15.12,22.94,22.94,1647.5,1647.5,1.25,1.25,39.95,39.27,89.48,89.49,-250.83,-250.83,274.14,274.14,18.72,18.72,137871.38,137225.42,104003.72,104796.53,177079,174366,6116.49,6088.96,2.81,2.8,-6.32,-6.32,1.6762E+13,1.93836E+13,117328.55,116641.61,0.57,0.57,81.2,79.54
Bruderheim,65.78,65.89,70.13,68.93,41.33,41.33,5.64,5.42,27.65,27.61,32.72,32.72,2094.96,2069.25,42.33,42.17,178.5,178.5,591.52,584.26,709.82,701.11,-6.16,-6.16,138.02,136.33,6112.36,6037.35,3312.51,3271.86,5254.66,5190.18,-2.45,-2.45,24.65,24.34,-10.86,-10.86,5027.91,4966.21,2050.6,2025.43,-2.83,-2.83,2050.6,2025.43,5767.31,5696.54,-3.73,-3.73,5846.18,5774.44,10.95,10.95,-5.48,-5.48,2094.96,2069.25,4559.62,4503.67,985.86,973.77,468.75,468.75,17.72,18.45,1.34,1.34,47.73,46.79,27.74,27.77,11.98,11.89,53.9,53.9,4.98,4.98,46.16,46.16,155,155,62.14,62.23,102.18,102.76,77.07,77.15,8.33,8.98,3820.23,3773.35,50.01,50.12,46.2,44.4,29.44,29.54,76.23,75.93,10.71,10.71,92.4,92.4,678.34,692.42,-2,-2,64,64,67.23,66.78,862.63,852.05,1032.11,1031.83,0.26,0.26,207.51,207.51,9.77,9.76,15.95,15.95,954.42,954.42,1.45,1.45,46.67,46.02,58.96,58.54,-66.38,-66.38,42.2,42.2,85.53,85.53,45827.93,45265.55,17966.37,18151.26,101385,98384,246.47,243.44,3.07,3.05,-3.16,-3.16,1.9781E+12,2.4883E+12,32354.52,31912.21,12.35,12.35,20.3,19.59
Soultak3r1,36.33,38.33,74.67,70.22,74,74,9.38,6.68,31.64,31.13,43.68,43.68,525.9,513.32,65.75,64.25,78.75,81,841.43,821.31,2271.87,2217.54,6100.39,5954.51,5048.6,4927.87,1752.99,1711.07,7516.81,7337.05,1051.79,1026.64,1928.29,1882.17,-4.9,-4.9,-10.3,-10.3,490.84,479.1,4733.06,4619.88,3295.62,3216.8,1402.39,1368.85,4873.3,4756.76,6492.15,6087.08,7993.62,7802.46,10.2,10.2,1402.39,1368.85,964.14,941.09,350.6,342.21,438.25,427.77,619.71,619.71,10.66,14.98,15.09,15.09,71.74,67.8,31.58,31.84,3.04,2.95,51,51,1,1,51.48,51.48,114,114,56.22,56.98,53.79,59.29,70.72,71.35,19.49,16.77,964.14,941.09,80.47,81.25,71,64.33,9.38,9.6,102.73,100.87,0.77,0.77,93.87,93.87,422.16,457.85,-4,-4,64,64,71.65,70.76,525.9,513.32,571.7,616.43,0.36,0.35,142.63,143.79,10.29,9.97,15.27,15.27,663.29,663.29,2.14,2.03,35.51,38.23,59.13,58.01,15.81,15.81,91.92,91.92,103.37,103.37,67194.58,65337.87,19723.78,23296.25,184992,155555,1314.74,1283.3,11.2,10.18,262.95,256.66,89300000000,2.27E+11,60878.29,59065.43,13.46,13.43,28.07,25.43
Haven and Sanctuary WA Puppet,79.67,80,72.78,71.11,64,64,1.49,1.45,21.5,21.51,42,42,8471.25,8356.75,21.5,21,177.75,177.75,-11.58,-11.58,-7.16,-7.16,-10,-10,-7.51,-7.51,-3.3,-3.3,-11.38,-11.38,-14.63,-14.63,-16.06,-16.06,-9.8,-9.8,-11.58,-11.58,-18.28,-18.28,-3.74,-3.74,-12.41,-12.41,-18.81,-18.81,-7.27,-7.27,-14.36,-14.36,0,0,17.52,17.52,1502.96,1482.65,13526.67,13343.84,2459.4,2426.15,2732.66,2695.72,105.17,105.17,67.15,69.1,12,12,33.95,32.93,43.68,43.75,1.61,1.61,50,50,7.73,7.73,50,50,301,301,66.33,66.43,104.28,104.84,90.79,90.78,15.75,16.75,2596.03,2560.94,75.99,75.79,38.17,35.67,52.37,52.51,14.74,14.32,0.98,0.98,93.7,93.7,446.76,460.8,0,0,66,66,53.65,52.95,683.17,673.93,1181.58,1181.32,0.32,0.32,239.85,239.85,9.14,9.12,17.24,17.24,1820.65,1820.65,0.96,0.96,39.25,38.25,67.88,67.21,-78.93,-78.93,35.07,35.07,101.04,101.04,41946.35,41379.37,33981.41,34036.76,50608,49258,5875.22,5795.81,2.53,2.52,409.9,404.36,8.096E+11,1.1184E+12,19966.46,19655.2,6.84,6.84,44.47,42.67
C123po,69.44,69.67,62.89,59.56,61.78,61.78,1.42,1.38,22.5,22.57,42,42,4928.38,4773.79,36.83,36.5,144,144,-16.43,-16.43,-9.38,-9.38,-5.83,-5.83,4390.74,4253.02,-6.84,-6.84,-8.72,-8.72,-13.42,-13.42,-17.54,-17.54,851.27,824.56,-5.48,-5.48,-7.07,-7.07,-6.32,-6.32,1792.14,1735.92,-14.83,-14.83,6138.08,5945.54,-15.18,-15.23,0,0,16.82,16.82,2240.17,2169.91,9632.75,9330.59,2128.17,2061.41,1904.15,1844.42,12.97,12.97,70.28,72.28,12,12,33.32,32.23,39.85,39.9,1.83,1.82,50,50,6.85,6.85,50,50,246,246,66.63,66.74,103.6,104.2,90.3,90.27,11.19,12.14,2464.19,2386.9,74.29,74.22,34.17,31.67,70.75,70.79,0.57,0.16,1.34,1.34,93.57,93.57,604.94,622.62,-4,-4,62,62,51.67,51.12,784.06,759.47,1128.27,1128.01,0.34,0.34,90.03,90.03,9.33,9.31,18.69,18.69,1464.89,1464.89,1.1,1.1,43.81,42.86,63.7,63.02,-97.21,-97.21,88.03,88.03,104.81,104.81,44870.69,43463.21,37243.42,36615.77,52989,50657,3472.27,3363.35,2.51,2.5,560.04,542.48,7.998E+11,1.1497E+12,13147.11,12691.26,14.03,14.03,22.94,21.77
Darksight1,60.22,61.56,35.56,33.78,64,64,1.45,1.43,28.66,28.63,43.68,43.68,1712.72,1692.8,47.83,46.83,119.25,121.5,-14.49,-14.49,4110.52,4062.73,-3.74,-3.74,435.96,430.9,-3.95,-3.95,9466.64,9356.58,-8,-8,-14.49,-14.49,77.85,76.95,-3.16,-3.16,311.4,307.78,-5.1,-5.1,2179.82,2154.48,-13.42,-13.42,1578.81,1560.46,784.21,759.7,0,0,12.29,12.29,1245.61,1231.13,1790.57,1769.75,856.36,846.4,467.1,461.67,624.65,624.65,69.1,70.15,15.09,15.09,42.7,41.91,28.46,28.65,9.24,8.58,52.16,52.16,2.52,2.52,51.48,51.48,168,168,63.44,63.48,93.06,93.82,75.12,75.18,8.33,9.1,1012.06,1000.29,75.76,75.02,33.67,32.33,36.13,36.22,55.06,54.83,2.15,2.15,93.38,93.38,687.23,690.11,-4,-4,68,68,53.84,53.58,544.95,538.62,1089.2,1088.66,0.33,0.33,190.4,191.07,9.4,9.39,15.24,15.24,1040.7,1040.7,1.23,1.23,46.67,45.9,52.32,52.12,-50.99,-50.99,43.59,43.59,96,96,37053.29,36607.1,30478.32,30354.15,44108,43269,1401.31,1385.02,2.84,2.83,233.55,230.84,1.7424E+12,2.0771E+12,23677.05,23355.33,12.38,12.35,23.58,23.18
Elputojack,47.67,49.67,18.25,16.25,65.33,65.33,1.47,1.41,31.53,31.64,43.68,43.68,961.35,911.58,57.25,55.75,96.75,101.25,-9.27,-9.27,358.9,340.32,1367.26,1296.47,-10.3,-10.3,2221.79,2106.76,11074.77,10501.37,-11.83,-11.83,-9.33,-9.33,469.99,445.66,-6,-6,-8.72,-8.72,-6.71,-6.71,1153.62,1093.89,-8.72,-8.72,-8.72,-8.72,-12.57,-12.64,1367.26,1296.47,13.82,13.82,1068.17,1012.86,907.94,860.93,694.31,658.36,480.68,455.79,1588.44,1588.44,67.86,71.01,15.09,15.09,35.64,34.17,23.22,23.53,19.7,19.3,51,51,1,1,51.48,51.48,143,143,65.17,65.31,94.94,95.66,70.86,70.72,15.92,16.09,961.35,911.58,99.73,98.86,18.25,16.25,43.12,43.3,41.87,41.34,2.15,2.15,93.38,93.38,898.55,903.49,-4,-4,64,64,50.35,50.02,587.49,557.08,1018.69,1019.71,0.28,0.28,158.69,161.16,9.46,9.44,10.96,10.96,858.67,858.67,1.5,1.49,39.08,38.91,47,46.51,87.75,87.75,-67.08,-67.08,104.81,104.81,28641.86,27158.94,23333.85,22666.23,34386,31918,854.53,810.29,2.63,2.62,373.86,354.5,3.88E+11,4.411E+11,16297.22,15399.12,13.86,13.81,14.1,13.59
The Mexican United-States,36.33,38.33,41.33,32.44,67.33,67.33,2.44,2.04,31.91,32,40.78,40.78,632.71,569.3,65.75,64.25,78.75,81,-6.48,-6.48,-4.2,-4.2,-1.41,-1.41,-2.83,-2.83,-1.41,-1.41,4409.29,3967.38,4555.51,4098.95,4499.27,4048.35,393.69,354.23,-6.48,-6.48,3599.42,3238.68,3908.74,3517,2755.81,2479.61,658.02,592.07,292.45,263.14,330.21,184.2,4555.51,4098.95,11.7,11.7,492.11,442.79,843.61,759.07,913.91,822.32,421.81,379.53,644.28,644.28,40.99,49.04,13,13,48.44,44.24,22.22,22.54,20.93,20.55,51,51,1,1,51.48,51.48,112,112,61.17,61.77,86.66,90.82,70.4,70.3,13.16,14.89,1335.72,1201.85,58.8,58.6,38,31.33,22.09,22.73,75.63,73.83,1.51,1.51,93.52,93.52,763.35,811.09,-8,-8,64,64,64.65,61.35,773.31,695.81,892.43,903.43,0.3,0.3,141.89,143.05,9.6,9.54,15.15,15.15,619.92,619.92,1.64,1.63,41.84,40.11,50.83,49.46,-18.71,-18.71,15.81,15.81,107.17,107.17,45955.66,41236.98,28579.39,28243.57,69715,57594,773.31,695.81,3.35,3.16,351.51,316.28,11700000000,19000000000,35799.46,31876.19,14.16,14.13,16.57,14.81
EPSA Lucklife,45.33,49.33,71.33,66.89,81.33,81.33,7.14,5.29,34.1,33.45,42,42,115.46,112.2,59,56,92.25,99,-7.07,-7.07,-7.28,-7.28,4618.5,4487.95,-5.48,-5.48,6465.9,6283.13,962.96,935.74,6465.9,6283.13,692.77,673.19,3232.95,3141.56,3232.95,3141.56,6465.9,6283.13,0,0,-7.75,-7.75,4156.65,4039.15,-6.32,-6.32,1477.92,1436.14,11084.4,10771.08,7.62,7.62,808.24,785.39,808.24,785.39,692.77,673.19,115.46,112.2,109.99,109.99,14.01,18.89,12,12,75.91,71.43,25.84,26.42,15.9,14.88,50,50,1,1,50,50,100,100,53.88,54.72,46.86,52.47,68.19,68.78,19.21,15.98,1154.62,1121.99,64.33,63.76,66,59.33,9.78,9.97,99.67,97.96,0.7,0.7,94.2,94.2,340.28,362.92,0,0,64,64,71.43,70.53,692.77,673.19,323.78,359.4,0.34,0.35,94.31,104.5,14.25,13.67,17.21,17.21,471.89,471.89,3.92,3.33,35.79,39.02,55.59,54.45,78.74,78.74,-34.64,-34.64,99.3,99.3,48422.66,47053.89,16622.7,19118.08,118662,101219,692.77,673.19,13.76,12.93,-3.16,-3.16,1300000000,1700000000,43677.24,42348.5,7.19,7.06,14.25,12.73
Xipz0r,77.56,78,77.33,72.89,15,15,10.58,7.39,35.36,34.38,42,42,-6.32,-6.32,24.67,24,171,171,83.04,80.87,1857.64,1809.09,4650.34,4528.79,83.04,80.87,1909.96,1860.04,365.38,355.83,7556.8,7359.28,373.69,363.92,871.94,849.15,1328.67,1293.94,5065.55,4933.14,-6.4,-6.4,-5.29,-5.29,6311.17,6146.21,4650.34,4528.79,6776.21,6599.09,12290.18,11968.94,6.93,6.93,1038.02,1010.89,519.01,505.45,622.81,606.53,207.6,202.18,8.34,8.34,9.45,13.54,13,13,35.95,34.26,22.29,22.43,20.85,20.68,47.8,47.8,1,1,50.5,50.5,101,101,50.12,51.94,20.11,23.78,67.18,67.95,28.34,26.34,1660.83,1617.42,21.7,22.42,73,66.33,7.17,7.36,112.53,110.82,19.57,19.57,91.75,91.75,506.67,552.13,-8,-8,64,64,72.83,72.03,103.8,101.09,237.29,263.44,3.12,2.95,269.98,269.98,13.03,12.45,30.1,30.1,432.79,432.79,54.92,18.35,26.66,28.66,57.25,56.18,72.11,72.11,20,20,104.1,104.1,58405.75,56879.15,15981.67,19148.37,169149,141458,622.81,606.53,16.16,15.3,-7.07,-7.07,1500000000,1900000000,54200.53,52670.09,14.29,14.29,21.69,19.5
Ericlandiawoof,49.67,51.67,18,13.33,78.67,78.67,1.45,1.32,31.15,31.57,44.28,44.28,591.17,522.37,55.75,54.25,101.25,103.5,2640.54,2333.27,-2.19,-2.19,275.88,243.77,472.93,417.9,-4,-4,-2.53,-2.53,945.86,835.8,2393.43,2114.91,1064.1,940.27,-2.45,-2.45,2049.37,1810.89,1261.15,1114.4,-4,-4,1655.26,1462.64,-7.48,-7.48,662.1,585.06,3862.28,3412.84,15,15,1576.44,1392.99,1034.54,914.15,1182.33,1044.75,689.69,609.43,13.71,13.71,68.84,75.81,14.16,14.16,38.77,34.88,28.93,29.2,7.59,6.68,50,50,1,1,50,50,100,100,66.44,66.78,107.03,107.48,71.33,70.81,22.21,23.26,936.01,827.09,98.61,98.06,-82,-86.67,48.64,49.03,31.1,29.92,0.71,0.71,94.13,94.13,700.97,728.86,0,0,64,64,76.55,76.17,837.48,740.03,830.66,837.13,0.24,0.24,53.63,54.35,9.74,9.7,18.42,18.42,544.65,544.65,1.7,1.69,32.79,31.74,47.37,46.31,-40,-40,47.96,47.96,104.1,104.1,28785.01,25435.38,23629.49,21976.5,34327,28989,1083.8,957.68,2.52,2.5,541.9,478.84,700000000,1300000000,14795.5,12972.04,8.22,8.19,8.24,7.84
A Bean,61.33,61.33,65.5,65.5,72.67,72.67,4.85,4.85,31.29,31.29,45.34,45.34,87.6,87.6,47,47,119.25,119.25,1401.62,1401.62,2102.43,2102.43,-4.47,-4.47,1822.11,1822.11,6026.97,6026.97,1121.3,1121.3,2102.43,2102.43,6352.84,6352.84,3854.46,3854.46,3854.46,3854.46,5606.48,5606.48,2803.24,2803.24,4204.86,4204.86,0,0,3118.61,3118.61,4373.06,4373.06,3504.05,3504.05,8.06,8.06,1752.03,1752.03,876.01,876.01,175.2,175.2,0,0,12.71,12.71,20.61,20.61,15.09,15.09,59.18,59.18,31.22,31.22,3.18,3.18,51,51,1,1,50,50,105,105,56.25,56.25,53.12,53.12,71.15,71.15,9.96,9.96,613.21,613.21,66.14,66.14,57.25,57.25,7.73,7.73,109.63,109.63,0.79,0.79,93.84,93.84,402.1,402.1,0,0,64,64,70.13,70.13,262.8,262.8,455.82,455.82,0.36,0.36,96.37,96.37,14.17,14.17,18.81,18.81,552.87,552.87,2.56,2.56,45.04,45.04,55.99,55.99,-67.45,-67.45,59.58,59.58,99.76,99.76,59344.61,59344.61,25317.42,25317.42,122820,122820,1138.82,1138.82,11.16,11.16,0,0,1.8186E+12,1.8205E+12,54775.08,54775.08,5.41,5.41,16.3,16.3
Hersman-topia,14.67,16.67,56,47.11,75.33,75.33,3.48,2.81,30.15,30.2,40.78,40.78,1327.57,1229.77,85.33,83.33,33.75,38.25,-8.94,-8.94,-7.48,-7.48,-7.07,-7.07,1137.92,1054.09,-6.63,-6.63,16678.04,15449.44,-6.78,-6.78,-7.25,-7.25,1517.22,1405.45,-11.83,-11.83,-8.94,-8.94,2655.14,2459.54,2655.14,2459.54,-10.49,-10.49,-8.94,-8.94,-10.46,-10.79,0,0,14.18,14.18,1137.92,1054.09,1612.05,1493.29,3129.27,2898.75,1043.09,966.25,13.63,13.63,28.72,35.53,10.55,10.55,60.88,56.41,20.85,21.29,22.47,22,46.97,46.97,1,1,50,50,110,110,62.39,62.94,106.74,107.84,72.71,72.63,20.06,21.61,2465.48,2283.86,104.53,104.22,49,42.33,46.14,46.72,43.79,42.08,0.75,0.75,93.97,93.97,732.57,774.77,0,0,64,64,63.97,58.02,1517.22,1405.45,632.57,641.52,0.21,0.21,27.47,31.14,9.72,9.65,18.44,18.44,662.49,662.49,1.99,1.98,34.94,33.39,54.29,52.93,-69.28,-69.28,47.96,47.96,103.37,103.37,46358.66,42943.61,23755.93,24712.16,82704,69562,1517.22,1405.45,3.02,2.92,758.61,702.73,2700000000,5100000000,24987.32,22888.95,11.79,11.73,19.42,17.41
Neuway,48.33,50.33,50.67,41.78,72,72,3.04,2.49,32.27,32.1,40.78,40.78,602.85,555.33,56.75,55.25,99,101.25,3375.94,3109.83,3327.71,3065.4,3315.65,3054.29,2773.09,2554.5,4822.77,4442.61,9180.45,8456.78,3195.09,2943.23,-6,-6,1265.98,1166.18,60.28,55.53,964.55,888.52,2501.81,2304.6,2471.67,2276.84,-5.29,-5.29,862.07,794.12,4851.82,4266.67,9886.68,9107.35,10.91,10.91,452.13,416.49,828.91,763.57,1054.98,971.82,226.07,208.25,639.39,639.39,32.94,40.19,13,13,55.94,51.59,26.01,26.3,15.6,15.09,52.16,52.16,1,1,51.48,51.48,113,113,58.24,58.92,74.61,80.43,69.99,70.18,10.14,11.86,979.63,902.4,77.34,78.11,45,38.33,16.17,16.84,85.1,83.25,0.82,0.82,93.8,93.8,568.37,609.67,0,0,68,68,67.08,65.5,753.56,694.16,662.42,673.79,0.29,0.29,153.22,154.43,9.99,9.93,15.18,15.18,642.5,642.5,1.94,1.92,44.86,43.14,51.97,50.7,20,20,71.41,71.41,91.29,91.29,53332.42,48925.71,29452.23,30101.89,89422,74900,753.56,694.16,8.17,6.82,301.42,277.66,12300000000,18200000000,44692.57,40706.19,5.47,5.41,17.17,15.36
Emmeria Turb,66.67,67.67,13,9.67,74,74,1.3,1.22,32.11,32.68,45.83,45.83,630.06,553.12,41,39.5,132.75,137.25,598.56,525.46,-3.1,-3.1,3339.33,2931.52,1071.11,940.3,1165.62,1023.27,-2.97,-2.97,2142.21,1880.6,945.09,829.67,1827.18,1604.04,-7.21,-7.21,598.56,525.46,-3.95,-3.95,1071.11,940.3,-1.41,-1.41,-6,-6,806.48,707.99,6080.11,5337.57,15.68,15.68,1457.02,1279.08,866.34,760.53,787.58,691.4,511.93,449.41,9.35,9.35,76.91,82.26,16.66,16.66,32.39,29.63,30.94,31.2,3.3,3.18,49.36,49.36,1,1,51.48,51.48,111,111,67.25,67.47,104.81,105.18,70.18,69.56,22.61,24.22,1023.85,898.81,81.76,80.95,-87,-90.33,49.67,49.95,25.51,24.66,0.77,0.77,93.9,93.9,677.19,693,-4,-4,66,66,76.02,75.73,708.82,622.26,1015.05,1014.08,0.34,0.35,250.44,253.54,9.83,9.8,25,25,649.45,649.45,1.51,1.51,32.39,30.78,45.94,45.06,77.78,77.78,67.45,67.45,112.08,112.08,25999.55,22824.34,22636.43,20591.12,29431,25032,905.72,795.1,2.46,2.45,787.58,691.4,7900000000,10500000000,13077.78,11412.17,14.86,14.81,9.69,9.22
Vipanderrawikifal,61.67,63.67,36,27.33,36,36,2.17,1.84,32.11,32.21,40.78,40.78,609.87,541.7,46.75,45.25,121.5,123.75,696.99,619.08,-4.9,-4.9,-6.32,-6.32,2718.27,2414.42,-8.37,-8.37,13519.91,12008.63,-9.8,-9.8,871.24,773.85,-9.49,-9.49,1045.49,928.62,-5.48,-5.48,-8.37,-8.37,-7.75,-7.75,-7.07,-7.07,-8,-8,-10.44,-10.79,696.99,619.08,11.49,11.49,696.99,619.08,1132.61,1006.01,1829.61,1625.09,609.87,541.7,13.33,13.33,45.99,54.49,10.55,10.55,34.94,31.81,22.02,22.34,21.17,20.79,50,50,1,1,50,50,106,106,60.05,60.68,78.25,83.04,70.18,70.06,12.34,15.06,1393.99,1238.16,80.2,80.98,34,27.33,36.51,37.08,60.62,58.91,8.82,8.82,92.57,92.57,866.74,917.57,0,0,64,64,57.68,54.99,1045.49,928.62,572.56,574.69,0.29,0.29,96.32,97.28,9.46,9.4,18.55,18.55,600.42,600.42,2.13,2.13,42.66,39.94,50.11,48.74,-81.85,-81.85,68.56,68.56,101.85,101.85,32791.76,29126.24,21698.03,21108.07,47178,38738,1045.49,928.62,4.01,3.56,348.5,309.54,2000000000,4700000000,20822.77,18320.4,7.48,7.44,15.1,13.49
Christ is Lord,32.67,34.67,20.25,17.25,45.33,45.33,1.54,1.44,31.22,31.38,45.83,45.83,582.68,539.77,68.5,67,72,74.25,-7.35,-7.35,-3.35,-3.35,1538.28,1425,3589.31,3325,195.78,181.36,-2.37,-2.37,-8.12,-8.12,-5.05,-5.05,-5.83,-5.83,-11.14,-11.14,139.84,129.55,2190.88,2029.55,2470.56,2288.64,2703.64,2504.55,-5.16,-5.16,-7.16,-7.16,1538.28,1425,14.18,14.18,1456.7,1349.43,874.02,809.66,1107.09,1025.57,466.14,431.82,950.54,950.54,64.78,69.43,17.01,17.01,29.31,27.62,20.82,21.15,22.5,22.15,47.8,47.8,1,1,51.96,51.96,107,107,65.63,65.87,94.54,95.63,71.24,71.03,19.66,20.16,815.75,755.68,113.87,113.66,-79.75,-82.75,48.81,49.07,36.11,35.31,5.98,5.98,92.85,92.85,1581.83,1651.78,0,0,69,69,76.92,76.65,699.22,647.73,1015.95,1017.47,0.22,0.22,32.49,33.04,9.73,9.7,13.73,13.73,640.12,640.12,1.51,1.5,35.34,34.84,47.94,47.2,-73.82,-73.82,93.54,93.54,107.82,107.82,28381.18,26291.27,22556.69,21680.49,34823,31227,990.56,917.61,2.59,2.57,1048.82,971.59,30500000000,36800000000,14531.17,13382.26,9.58,9.55,12.25,11.59
Opaliana,56.67,58.67,25,19,44,44,1.72,1.49,31.23,31.65,43.68,43.68,837.36,734.96,50.5,49,112.5,114.75,725.71,636.96,-7.69,-7.69,-3.74,-3.74,3516.91,3086.82,-1.55,-1.55,2054.32,1803.09,3405.26,2988.82,-5.74,-5.74,-4.58,-4.58,-5.83,-5.83,-2,-2,362.86,318.48,-8,-8,2679.55,2351.86,-3.74,-3.74,-10.66,-10.88,4130.97,3625.78,13.96,13.96,1604.94,1408.67,1256.04,1102.43,1604.94,1408.67,628.02,551.22,42.28,42.28,58.28,67.28,14.16,14.16,32.23,28.97,23.29,23.59,19.62,19.21,47.8,47.8,1,1,50.5,50.5,111,111,63.97,64.48,96.3,97.97,71.23,70.71,12.43,14.59,1953.84,1714.9,53.81,53.58,25,19,53.58,54.12,35.51,33.91,6.35,6.35,92.81,92.81,933.44,979.28,-4,-4,64,64,51.37,50.3,976.92,857.45,757.93,760.76,0.33,0.33,184.77,186.1,9.79,9.73,17.69,17.69,637.1,637.1,1.79,1.78,42.57,40.41,48.68,47.18,-89.16,-89.16,85.15,85.15,105.84,105.84,28272.05,24814.57,21239.2,20123.25,36443,29912,1325.82,1163.68,2.77,2.71,558.24,489.97,5400000000,16100000000,13118.23,11389.89,15.93,15.91,9.26,8.45
Millopoli,79.61,79.72,97.24,97.17,81.67,81.67,1.58,1.54,21.28,21.24,71.22,71.22,14851.55,14853.33,21.58,21.42,169.75,169.75,-29.93,-29.93,1885.29,1885.51,-17.67,-17.67,-12.87,-12.87,-25.02,-25.02,-8.39,-8.39,-44.9,-44.9,-27.06,-27.06,-13.58,-13.58,-28.39,-28.39,-36.41,-36.41,-24.88,-24.88,-18.6,-18.6,-8.53,-8.53,53421.38,53427.79,1055.76,1055.89,0,0,33.21,33.21,8346.32,8347.32,9389.61,9390.74,-39.62,-39.62,-19.24,-19.24,15.25,15.25,63.23,64.86,50.93,50.93,7.26,7.31,164.74,164.75,0.57,0.57,66.74,66.74,8.06,8.06,81.05,81.05,532,532,37.17,37.5,6.62,6.66,90.91,90.92,23.15,23.92,-30.82,-30.82,159.37,159.42,43.29,41.14,91.49,91.51,-245.2,-245.56,0.72,0.72,94.11,94.11,254.17,264.66,124,124,181,181,42.88,42.69,-27.2,-27.2,1495.13,1495.1,0.18,0.18,368.6,368.6,8.49,8.47,18.14,18.14,4160.96,4160.96,0.55,0.55,31.85,31.08,96.08,95.64,-249.39,-249.39,203.85,203.85,146.38,146.38,124053.56,124068.44,97338.4,98672.77,153933,152137,23688.83,23691.67,21.22,21.1,-28.28,-28.28,5.5953E+12,6.8179E+12,10544.55,10545.82,0.31,0.31,181.16,180.95
Turing machine,68.44,68.67,89.4,85.4,68.5,68.5,12.2,10.72,34.43,33.92,41.43,41.43,938.45,920.65,38.33,38,1215.5,1215.5,3432.06,3366.95,257.4,252.52,278.85,273.56,965.27,946.95,3753.81,3682.6,343.21,336.69,1930.53,1893.91,1971.29,1933.89,321.76,315.65,4504.58,4419.12,7722.13,7575.63,975.99,957.48,214.5,210.43,4343.7,4261.29,1769.65,1736.08,2574.04,2525.21,5641.44,5534.42,11.27,11.27,1608.78,1578.26,938.45,920.65,670.32,657.61,2815.36,2761.95,141.46,141.46,8.2,9.33,4.49,4.49,66.13,63.89,29.58,29.64,5.56,5.4,48.6,48.6,0.8,0.8,45.24,45.24,85,85,49,49.58,27.53,29.56,67.9,68.35,14.15,12.93,536.26,526.09,58.03,58.36,67.4,63.4,30.36,30.58,73,72.33,1.18,1.18,93.62,93.62,323.38,345.46,0,0,66,66,70.39,69.76,1340.65,1315.21,201.52,212.07,0.68,0.66,256.4,256.4,14.73,14.39,17.06,17.06,509.31,509.31,73.44,68.78,40.85,42.07,61.95,61.21,-39.24,-39.24,42.43,42.43,102.62,102.62,53135.76,52127.71,13376.46,14160.06,163213,151756,2145.04,2104.34,16.68,16.41,1340.65,1315.21,8.0852E+12,1.39375E+13,36982.49,36176.63,6.61,6.61,18.64,17.32
Kania,71,71.22,68.11,66.44,66.89,66.89,1.66,1.61,26.41,26.35,40.11,40.11,4179.39,4140.04,34.5,34.17,148.5,148.5,-7.07,-7.07,3235.66,3205.19,-7.35,-7.35,-2.45,-2.45,-3.95,-3.95,-7.48,-7.48,-3.74,-3.74,-9.49,-9.49,323.57,320.52,-10.95,-10.95,-7.75,-7.75,4853.49,4807.78,0,0,-11.4,-11.4,5554.55,5502.24,1035.41,1025.66,0,0,13.75,13.75,539.28,534.2,3640.12,3605.84,3235.66,3205.19,2561.56,2537.44,654.03,654.03,60.35,62.2,9.76,9.76,46.19,44.76,31.55,31.61,3.05,3.03,50,50,3.93,3.93,50,50,177,177,64.17,64.28,104.47,105.02,79.88,80.03,12.3,13.25,2966.02,2938.09,54,53.95,39.17,36.67,64.22,64.36,33.23,32.81,1.23,1.23,93.61,93.61,501.74,517.85,-1,-1,62,62,56.29,55.18,1078.55,1068.4,1062.8,1062.45,0.4,0.4,120.1,120.1,9.85,9.83,15.11,15.11,1083.94,1083.94,1.33,1.33,42.7,41.75,59.72,59.1,-57.45,-57.45,24.49,24.49,102.24,102.24,40483.5,40102.26,30983.64,31190.65,51343,50147,1617.83,1602.59,2.74,2.73,1213.37,1201.95,9.4651E+12,2.05403E+13,14493.09,14276.4,13.98,13.98,16.48,15.59
Neyshon29,56.33,58.33,66.67,64,50.67,50.67,9.66,8.61,32.95,32.57,39.43,39.43,920.33,901.94,50.75,49.25,112.5,114.75,1564.56,1533.3,220.88,216.47,4325.54,4239.13,1288.46,1262.72,3865.38,3788.16,294.5,288.62,239.29,234.5,4831.72,4735.2,1380.49,1352.91,2484.88,2435.24,2484.88,2435.24,239.29,234.5,184.07,180.39,2024.72,1984.27,239.29,234.5,7270.59,7125.34,6129.38,6006.93,10.3,10.3,920.33,901.94,1035.37,1014.68,920.33,901.94,920.33,901.94,158.85,158.85,10.35,11.62,8.23,8.23,52.86,50.93,21.76,22.08,21.47,21.1,50,50,2.52,2.52,49.5,49.5,108,108,52.12,52.46,32.19,34.27,69.27,69.66,5.43,4.1,920.33,901.94,73.64,73.01,59,55,24.01,24.23,80.94,80.28,4.34,4.34,93.04,93.04,584.19,604.26,-1,-1,64,64,69.74,69.07,920.33,901.94,404.35,419.55,0.39,0.39,126.01,129.87,12.33,11.97,16.98,16.98,595.04,595.04,2.88,2.77,49.57,50.9,54.84,54.08,52.92,52.92,43.59,43.59,101.85,101.85,46042.16,45122.35,13285.8,13918.34,128343,119789,920.33,901.94,15.19,14.94,920.33,901.94,1.9948E+12,3.2461E+12,34992.04,34202.74,6.48,6.44,16.7,15.51
Curious Observations,72.89,74.22,7.25,5.25,21,21,1.16,1.12,37.37,38.08,42,42,289.43,251.65,31.67,29.67,155.25,159.75,0,0,-7.48,-7.48,-8.37,-8.37,-3.16,-3.16,-7.48,-7.48,2161.06,1878.99,192.95,167.77,-8.22,-8.22,-9.49,-9.49,-7.07,-7.07,578.86,503.3,385.9,335.53,578.86,503.3,2122.47,1845.44,-3.16,-3.16,739.82,613.06,192.95,167.77,10.82,10.82,434.14,377.48,482.38,419.42,868.28,754.95,385.9,335.53,130.47,130.47,86.09,89.64,12,12,15.91,15.01,19.95,20.4,23.42,22.96,50,50,1,1,50,50,104,104,60.95,61.1,76.77,78.07,65.85,65.46,30.6,31.93,675.33,587.19,61.63,60.4,-92.75,-94.75,42.44,42.7,54.75,54.18,15.69,15.69,92.02,92.02,1414.2,1414.2,0,0,64,64,75.85,75.65,482.38,419.42,438.53,434.84,0.34,0.35,199.74,208.09,9.48,9.47,17.11,17.11,569.34,569.34,2.65,2.67,24.4,23.07,42.37,41.79,-59.16,-59.16,0,0,101.04,101.04,13754.43,11928.97,12710.87,11261.3,14764,12563,482.38,419.42,3.43,3.37,144.71,125.83,8.7158E+12,8.3152E+12,7922.55,6835.3,6.53,6.44,7.29,7.25
Thatcher 1,67.5,68.5,49.33,47.33,59.11,59.11,1.69,1.66,29.53,29.46,42,42,563.84,559.02,39.75,38.25,137.25,139.5,3608.6,3577.76,-5.22,-5.22,2706.45,2683.32,4360.39,4323.12,1556.21,1542.91,1563.73,1550.36,977.33,968.98,1221.66,1211.22,-7.94,-7.94,2856.81,2832.39,-4.9,-4.9,3232.7,3205.07,-4.9,-4.9,5863.97,5813.86,2255.37,2236.1,-6.19,-6.24,7292.38,7230.05,9.8,9.8,657.82,652.2,1785.5,1770.24,845.77,838.54,845.77,838.54,119.98,119.98,59.01,60.1,12,12,43.51,42.75,26.46,26.74,14.81,14.26,50,50,2.93,2.93,50,50,115,115,57.2,57.26,62.47,63.49,73.65,73.77,7.08,8.08,845.77,838.54,68.86,67.86,42,40.5,22.48,22.56,76.22,75.97,2.48,2.48,93.32,93.32,581.54,581.54,0,0,62,62,65.68,65.38,751.79,745.37,467.41,463.03,0.37,0.38,167.34,171.14,9.9,9.89,17.16,17.16,604.06,604.06,2.5,2.52,47.92,46.92,52.52,52.34,-50,-50,78.1,78.1,100.2,100.2,41329.73,40976.5,31254.32,31293,52969,52067,563.84,559.02,9.85,9.76,93.97,93.17,2.0796E+12,2.7193E+12,32030.54,31715.81,6.11,6.06,10.72,10.53
MTF Epsilon-11,78.67,79,70,66.67,66.89,66.89,6.46,5.14,30.42,30.12,42,42,805.9,789.14,23,22.5,173.25,175.5,2394.67,2344.89,3426.23,3354.99,-3.22,-3.22,5341.97,5230.9,-6.48,-6.48,-5.22,-5.22,1934.16,1893.95,2417.7,2367.43,46.05,45.09,-8.83,-8.83,5157.76,5050.52,5157.76,5050.52,1013.13,992.07,-6.16,-6.16,1796.01,1758.66,-3.58,-3.58,4328.84,4238.83,10.91,10.91,1381.54,1352.82,1842.06,1803.76,1842.06,1803.76,575.64,563.67,119.98,119.98,15.47,19.44,12,12,62.42,59.68,31.45,31.54,3.09,3.05,50,50,2.52,2.52,50,50,115,115,55.62,56.24,56,61.19,72.32,72.75,17.32,15.82,1842.06,1803.76,44.04,44.88,64,59,27.26,27.7,75.54,74.21,1.47,1.47,93.54,93.54,269.46,294.34,0,0,62,62,70.08,69.23,921.03,901.88,462.73,490.48,0.79,0.72,236.22,240.74,11.08,10.63,17.16,17.16,628.2,628.2,2.52,2.4,37.68,39.18,56.97,56,-82.58,-82.58,79.37,79.37,101.45,101.45,47801.39,46807.53,17360.7,19328.48,112207,99410,921.03,901.88,11.94,11.18,460.51,450.94,1.1678E+12,1.8776E+12,34751.61,33841.84,6.47,6.42,18.3,16.69
Deimos1,78.17,78.5,39.67,34.33,67.56,67.56,2.23,2,31.2,31.17,42,42,1333.52,1252.74,23.75,23.25,173.25,173.25,-5.1,-5.1,-4.56,-4.56,-6,-6,-5.48,-5.48,-2.16,-2.16,-6.81,-6.81,1511.32,1419.78,-5.2,-5.2,2578.14,2421.97,2400.34,2254.94,177.8,167.03,-8.12,-8.12,-6,-6,1511.32,1419.78,-3.35,-3.35,-2.09,-2.09,1511.32,1419.78,10.54,10.54,777.89,730.77,1444.65,1357.14,1555.77,1461.53,1000.14,939.56,119.98,119.98,44.87,50.09,12,12,43.16,40.83,32.63,32.71,2.73,2.71,50,50,2.52,2.52,50,50,126,126,58.72,59.16,78.36,82.34,71.26,71.3,17.84,19.34,1555.77,1461.53,48.08,48.78,34.75,30.75,40.24,40.59,63.29,62.22,1.13,1.13,93.64,93.64,449.09,473.85,0,0,64,64,60.54,56.43,889.01,835.16,713.58,718.38,0.48,0.46,231.56,231.56,9.9,9.86,17.16,17.16,751.9,751.9,1.85,1.84,37.16,35.66,51.7,50.82,-38.73,-38.73,-17.32,-17.32,99.3,99.3,29368.56,27589.58,19177.23,19113.68,42735,38155,1778.03,1670.32,7.25,6.25,-3.16,-3.16,9.5907E+12,1.09996E+13,17562.4,16388.21,6.14,6.14,11,10.24
The King of Boats in Paper Crowned,77.33,77.67,31.33,28.89,26.67,26.67,1.34,1.31,27.5,27.59,42,42,3925.65,3755.28,25,24.5,168.75,171,-14.56,-14.56,-9.03,-9.03,-12.33,-12.33,-6.48,-6.48,692.48,662.43,5527.31,5287.43,-11.92,-11.92,-9.95,-9.95,-8.37,-8.37,-15.23,-15.23,-13.49,-13.49,-3.46,-3.46,-8.49,-8.49,-13.11,-13.11,-8.77,-8.77,-2.41,-2.41,0,0,14.25,14.25,981.41,938.82,2747.95,2628.69,2453.53,2347.05,1472.12,1408.23,135.9,135.9,74.85,76.36,12,12,23.81,22.97,27.68,27.77,12.14,11.88,52.16,52.16,3.93,3.93,50,50,213,213,64.42,64.48,95.87,96.82,77.38,77.2,25.78,26.56,2060.97,1971.52,62.79,62.52,22.5,20.67,69.47,69.5,23.19,22.88,10.87,10.87,92.39,92.39,838.69,851.45,0,0,64,64,50.42,50.09,1079.55,1032.7,1089.39,1088.98,0.33,0.33,223.2,227.59,9.48,9.47,17.09,17.09,1339.82,1339.82,1.23,1.23,29.22,28.44,52.82,52.32,-83.96,-83.96,-23.45,-23.45,100.62,100.62,26142.47,25007.89,22435.7,21690.09,29973,28405,2060.97,1971.52,2.71,2.71,196.28,187.76,3.3757E+12,4.6546E+12,7973.45,7627.41,5.2,5.14,18.61,17.95
Lilpet,31,33,5.5,3.75,70.67,70.67,1.12,1.08,32.81,33.85,45.83,45.83,651.38,531.86,69.75,68.25,69.75,72,-9.06,-9.06,-9.03,-9.03,112.91,92.19,-9.59,-9.59,108.56,88.64,6000.63,4899.6,-9.17,-9.17,-1.22,-1.22,-7.87,-7.87,-1.41,-1.41,-10.1,-10.1,-9.75,-9.75,303.98,248.2,303.98,248.2,-7.07,-7.07,115.51,94.32,112.91,92.19,19.29,19.29,1329.9,1085.89,868.51,709.15,1058.49,864.28,651.38,531.86,8.83,8.83,89.42,92.8,15.9,15.9,22.38,20.45,27.14,27.43,13.43,12.78,52.16,52.16,1,1,50.5,50.5,111,111,72.41,72.53,110.86,111.04,69.42,68.41,27.07,27.15,895.65,731.31,114.05,113.78,-94.5,-96.25,70.91,70.97,-25.79,-26.29,0.79,0.79,93.84,93.84,1249.06,1258.49,0,0,68,68,75.4,75.21,705.66,576.18,1045.92,1046.79,0.2,0.2,117.3,118.36,9.14,9.13,27.43,27.43,713.16,713.16,1.39,1.39,27.93,27.85,45.08,44.3,55.86,55.86,-50.99,-50.99,102.62,102.62,17345.96,14163.23,16353.53,13617.13,18289,14673,1085.64,886.44,2.2,2.19,624.24,509.7,64100000000,55300000000,5047.67,4107.34,8.91,8.87,11.09,10.7
Big Meme,66.22,67.56,52.67,48.89,64.67,64.67,1.84,1.77,31.97,31.85,42,42,1356.55,1310.63,41.67,39.67,132.75,137.25,-9.17,-9.17,-5.93,-5.93,964.66,932,-8.94,-8.94,-7.62,-7.62,-1.26,-1.26,-5.83,-5.83,-7.94,-7.94,-8.6,-8.6,1567.57,1514.51,2170.48,2097.01,-8,-8,361.75,349.5,6390.87,6174.53,2351.36,2271.76,-6.91,-6.99,964.66,932,9.43,9.43,1356.55,1310.63,1055.1,1019.38,1356.55,1310.63,904.37,873.75,119.98,119.98,54.37,56.37,12,12,47.82,46.35,26.67,27.05,14.39,13.62,50,50,1,1,50,50,119,119,57.73,57.84,66.49,68.43,70.34,70.47,6.44,8.05,1356.55,1310.63,73.04,71.75,46.5,43.67,43.05,43.21,67.11,66.64,1.65,1.65,93.49,93.49,525.37,531.68,0,0,64,64,65.3,64.32,1205.82,1165.01,607.58,600.07,0.34,0.35,160.76,168.25,9.97,9.95,17.16,17.16,691.71,691.71,2.05,2.06,48.56,46.95,52.72,52.1,64.81,64.81,-58.31,-58.31,100.2,100.2,27872.63,26929.09,20176.45,19873.04,37108,35256,1507.28,1456.26,9.04,8.86,150.73,145.63,3.995E+11,7.293E+11,15887.4,15295.72,6.21,6.11,13.06,12.35
NUCL 32,63.33,64.67,50.67,44,15,15,3.04,2.59,33.18,32.91,38.06,38.06,521.17,484.26,45.5,44,123.75,126,-8.37,-8.37,-7.48,-7.48,2640.59,2453.61,2015.19,1872.49,4308.33,4003.25,7226.87,6715.14,451.68,419.7,5645.99,5246.2,521.17,484.26,-10.95,-10.95,0,0,-3.61,-3.61,3127.01,2905.59,694.89,645.69,2605.84,2421.32,-6.15,-6.6,3092.27,2873.3,10.3,10.3,-3.16,-3.16,781.75,726.4,1476.64,1372.08,86.86,80.71,1065.35,1065.35,32.94,38.6,11.33,11.33,29.39,27.84,19.13,19.48,24.23,23.89,51,51,1,1,52.44,52.44,118,118,59.05,59.57,61.41,65.52,69.04,69.31,15.39,17.56,1216.06,1129.95,55.99,56.27,45,40,19.51,19.95,81.31,79.98,19.57,19.57,91.75,91.75,933.44,968.99,-4,-4,67,67,67.44,66.24,694.89,645.69,825,827.59,0.43,0.43,190.8,192.15,9.88,9.83,13.2,13.2,682.36,682.36,1.7,1.7,39.61,37.44,51.84,50.82,17.32,17.32,59.16,59.16,101.45,101.45,46227.66,42954.27,25528.71,25858.04,77510,66985,694.89,645.69,6.5,4.91,0,0,5.682E+11,6.233E+11,37213.26,34363.42,13.19,13.16,20.22,18.47
Ville Mancheseva,79.73,80,79.33,78.67,56,56,20.53,13.82,77.52,57.75,37.37,37.37,-4.47,-4.47,21.4,21,177.75,177.75,-4.47,-4.47,971.54,971.61,5262.5,5262.9,-2.45,-2.45,3076.54,3076.78,7373.57,7374.14,4210,4210.32,3971.16,3971.47,6072.12,6072.58,2833.65,2833.87,809.62,809.68,-5.1,-5.1,0,0,7529.43,7530,2145.48,2145.65,4355.73,4356.07,9472.5,9473.23,4.24,4.24,-8.37,-8.37,202.4,202.42,-7.07,-7.07,0,0,744.82,744.82,4.87,7.24,10.55,10.55,67.65,65.23,28.05,28.13,10.98,10.67,52.16,52.16,1,1,52.44,52.44,108,108,35.2,36.72,8.13,9.13,62.19,63.56,21.06,19.53,303.61,303.63,27.17,27.88,82,77,4.64,4.69,130.66,129.33,3.76,3.76,93.12,93.12,221.68,244.82,0,0,64,64,74.82,74.26,202.4,202.42,209.83,229.01,3.06,2.92,293.79,293.79,13.37,12.93,14.68,14.68,523.25,523.25,69.79,60.26,33.94,35.47,55.98,56.21,81.24,81.24,-10,-10,93.65,93.65,61459.95,61464.66,11313.52,14372.33,232298,198647,202.4,202.42,21.98,21.39,-8.94,-8.94,4.178E+11,4.346E+11,58632.79,58575.82,1.62,1.62,27.25,25.08
Marvel 1,67.33,69.33,54.67,48,64.67,64.67,3.14,2.67,32.77,32.59,42,42,416.07,389.8,40,37,135,141.75,-4.47,-4.47,-2.83,-2.83,-5.48,-5.48,2496.42,2338.82,2579.63,2416.78,4701.59,4404.78,832.14,779.61,4659.98,4365.8,3328.56,3118.43,0,0,2496.42,2338.82,-6.32,-6.32,2080.35,1949.02,5408.91,5067.44,-6.32,-6.32,-5.29,-5.32,832.14,779.61,9.59,9.59,936.16,877.06,832.14,779.61,1248.21,1169.41,936.16,877.06,119.98,119.98,31.86,37.43,12,12,50.75,47.91,25.67,26.25,16.18,15.18,50,50,1,1,50,50,104,104,56.47,57,59.31,63.83,69.46,69.65,7.22,9.89,1248.21,1169.41,58.15,57.24,46,41,21.78,22.22,80.43,79.1,1.97,1.97,93.42,93.42,516.6,531.68,0,0,64,64,66.96,65.67,832.14,779.61,477.21,474.9,0.39,0.4,167.7,181.21,11.08,10.64,17.16,17.16,554.35,554.35,2.46,2.47,47.78,45.11,52.25,51.2,-70,-70,58.31,58.31,100.2,100.2,41815.04,39175.23,22675.82,23193.3,71181,61958,832.14,779.61,10.87,10.15,104.02,97.45,9.007E+11,1.4082E+12,32699.36,30478.33,6.64,6.5,13.71,12.49
Astravican Peoples Navy,63,64.5,5.25,3.5,61.33,61.33,1.12,1.07,32.53,33.49,45.83,45.83,862.97,704.64,45.75,44.25,123.75,126,-11.31,-11.31,457.08,373.22,618.96,505.4,333.28,272.14,-10.39,-10.39,-7.43,-7.43,357.09,291.58,-8.57,-8.57,-6.48,-6.48,-2.83,-2.83,-8.25,-8.25,261.87,213.82,737.99,602.59,499.93,408.21,107.13,87.47,-10.32,-10.32,976.05,796.97,18.89,18.89,1398.61,1142.01,862.97,704.64,1071.27,874.73,624.91,510.26,14.31,14.31,89.64,93.03,15.51,15.51,20.25,18.72,27.98,28.26,11.25,9.93,46.97,46.97,1,1,50,50,135,135,71.29,71.42,108.15,108.36,69.72,68.75,17.98,19.06,1041.52,850.43,86.1,85.1,-94.75,-96.5,72.86,72.91,-25.45,-25.94,2.15,2.15,93.38,93.38,953.67,956.22,-8,-8,64,64,74.99,74.79,714.18,583.15,1068.13,1067.72,0.28,0.28,100.85,101.83,9.51,9.49,18.22,18.22,854.33,854.33,1.31,1.31,37.02,35.94,44.65,43.89,-17.32,-17.32,53.85,53.85,112.37,112.37,15825.08,12921.68,14939.35,12439.53,16666,13371,952.24,777.54,2.24,2.24,624.91,510.26,34400000000,30400000000,4288.6,3501.78,16.71,16.68,8.96,8.69
Maggots One Maggie Nil,67.87,68.67,5.5,3.75,70.67,70.67,1.12,1.08,33.45,34.62,45.83,45.83,492.97,402.53,39.2,38,137.25,139.5,139.19,113.66,-10.5,-10.5,371.18,303.08,1345.52,1098.68,83.51,68.19,3886.58,3173.57,-7.03,-7.03,-10.61,-10.61,359.58,293.61,-4.24,-4.24,-10.86,-10.86,-11.27,-11.27,-6.93,-6.93,-9.06,-9.06,-8.66,-8.66,-10.64,-10.64,510.37,416.74,18.17,18.17,1362.92,1112.89,869.95,710.35,811.95,663,637.96,520.93,9.5,9.5,89.42,92.8,16.66,16.66,24.92,23.17,33.16,33.36,2.61,2.57,52.16,52.16,1,1,51.48,51.48,96,96,71.06,71.18,106.66,106.88,68.78,67.75,24.07,25.05,956.94,781.39,88.08,87.33,-94.5,-96.25,69.5,69.55,-11.64,-12.14,0.98,0.98,93.7,93.7,772.02,777.06,-8,-8,64,64,75.25,75.05,695.96,568.28,919.37,916.94,0.29,0.3,250.31,251.08,9.43,9.41,24.32,24.32,540.09,540.09,1.61,1.61,30.93,29.95,44.67,43.88,-77.46,-77.46,87.18,87.18,112.37,112.37,16242.16,13262.48,15312.88,12751.11,17125,13740,985.94,805.07,2.25,2.25,608.96,497.25,25800000000,23200000000,4953.86,4031.79,13.97,13.94,7.73,7.58
Polaris Dawn,67.33,69.33,61.33,54.67,64.67,64.67,4.03,3.36,33.31,32.99,42,42,421.1,400.12,40,37,135,141.75,842.2,800.24,4238.39,4027.22,3368.82,3200.97,1263.31,1200.36,3031.93,2880.87,2021.29,1920.58,-8.37,-8.37,6371.27,6053.84,-6.32,-6.32,-3.16,-3.16,2947.71,2800.85,-7.07,-7.07,421.1,400.12,5474.33,5201.58,3368.82,3200.97,-4.47,-4.47,4211.02,4001.21,9.43,9.43,947.48,900.27,842.2,800.24,1263.31,1200.36,631.65,600.18,119.98,119.98,24.8,29.75,12,12,54.61,51.86,27.32,27.88,13.04,11.57,50,50,1,1,50,50,104,104,55.56,56.12,52.59,57.44,68.92,69.23,6.89,7.56,1263.31,1200.36,72.07,71.05,53,48,18.67,19.11,85.04,83.71,1.97,1.97,93.42,93.42,465.52,479.84,0,0,64,64,68.6,67.6,842.2,800.24,441.76,453.09,0.4,0.41,167.7,181.21,11.46,11.02,17.16,17.16,552.87,552.87,2.63,2.57,48.11,47.44,53.18,52.17,45.83,45.83,43.59,43.59,100.2,100.2,45666.4,43391.18,21583.62,22667.03,87039,76191,842.2,800.24,12,11.32,105.28,100.03,79500000000,96100000000,37126.79,35103.46,6.64,6.5,16.71,15.23
Ravania Perdita,87.33,88,71,74.33,99,99,78.54,47.93,92.13,68.81,42,42,-3.16,-3.16,12.67,12,198,198,6160.22,6289.13,4061.01,4145.99,-5.48,-5.48,-3.16,-3.16,-2.83,-2.83,2705.76,2762.38,4264.77,4354.01,2909.52,2970.4,-6.32,-6.32,-8.94,-8.94,4738.63,4837.79,3790.91,3870.23,947.73,967.56,2369.32,2418.9,3317.04,3386.45,4549.09,4644.28,10425,10643.14,5.2,5.2,473.86,483.78,355.4,362.83,118.47,120.94,118.47,120.94,95.92,95.92,1.27,2.09,12,12,106.75,103.16,38.06,38.16,1.96,1.95,50,50,1,1,50,50,104,104,38.29,39.27,17.32,19.22,61.26,62.76,44.12,42.67,829.26,846.61,22.23,22.46,94.5,89.5,6.16,6.3,118.15,116.81,1.26,1.26,93.59,93.59,9.97,14.98,0,0,64,64,75.43,74.89,355.4,362.83,109.13,118.97,3.44,3.39,296.39,296.39,14.15,13.72,17.29,17.29,531.08,531.08,110.2,106.2,10.88,12.33,52.61,54.22,-33.91,-33.91,-18.71,-18.71,97.83,97.83,47182.58,48169.88,3591.51,5152.5,282084,246940,355.4,362.83,20.79,20.42,-6.32,-6.32,58800000000,61900000000,44257.26,45135.17,3.74,3.74,33.2,30.72
Vagora,81.78,82.33,66,59.11,78.67,78.67,5.37,4.14,34.02,33.48,43.68,43.68,0,0,18.33,17.67,184.5,186.75,-2,-2,5513.16,5274.21,2295.1,2195.63,4262.33,4077.6,1639.36,1568.31,1049.19,1003.72,172.13,164.67,6454.97,6175.21,-6,-6,655.74,627.32,2295.1,2195.63,5450.86,5214.62,1475.42,1411.48,1885.26,1803.55,319.67,305.82,7494.2,6883.19,2467.23,2360.3,6.71,6.71,1127.06,1078.21,614.76,588.11,102.46,98.02,-3.16,-3.16,8.36,8.36,18.61,24.17,14.16,14.16,68.87,64.52,35.53,35.64,2.22,2.21,52.64,52.64,1,1,50.5,50.5,109,109,54.43,55.29,45.57,51.48,68.26,68.75,23.43,21.43,1024.6,980.19,34.84,35.77,60,53.33,7.93,8.14,106.84,104.99,0.71,0.71,94.13,94.13,179.45,206.9,-4,-4,64,64,70.67,69.69,204.92,196.04,347.13,378.31,2.38,2.2,307.27,313.28,12.07,11.48,30,30,584.62,584.62,3.5,3.11,31.57,33.57,54.72,53.56,-56.12,-56.12,77.14,77.14,101.45,101.45,50737.14,48251.97,20446.31,22485.58,109848,93028,1127.06,1078.21,13.23,12.31,-6.32,-6.32,16100000000,19200000000,46728.91,44343.56,10.82,10.79,21.82,19.62
Anthrvx,9,11,75.33,70.89,4,4,8.85,6.36,32.5,31.94,37.37,37.37,811.25,789.66,91,89,20.25,24.75,-2.83,-2.83,2044.34,1989.95,-5.29,-5.29,486.75,473.8,405.62,394.83,17568.38,17100.93,-2.37,-2.37,4664.68,4540.56,2068.68,2013.64,-2.83,-2.83,2514.87,2447.95,-6.16,-6.16,892.37,868.63,-9.38,-9.38,-4.24,-4.24,-5.63,-6.22,0,0,11.14,11.14,101.41,98.71,1115.47,1085.79,2737.96,2665.11,1115.47,1085.79,7.98,7.98,11.3,15.72,6.84,6.84,26.29,24.99,1.03,1.07,37.97,37.64,46.97,46.97,1,1,50,50,110,110,57.54,58.21,54.87,60.01,69.74,70.37,36.29,33.4,2535.15,2467.69,69.22,69.48,70,63.33,20.08,20.65,83.09,81.38,27.84,27.84,91.24,91.24,2084.26,2368.07,-8,-8,64,64,71.54,70.65,1014.06,987.08,431.57,470.42,0.25,0.25,17.68,20.62,9.8,9.73,32.27,32.27,616.74,616.74,2.69,2.49,18.71,21.6,57.89,56.76,-50,-50,33.17,33.17,105.16,105.16,58049.65,56505.07,17617.06,20709.16,155965,131714,1014.06,987.08,9.34,8.22,-4.47,-4.47,2300000000,4500000000,46381.67,44865.03,17,16.96,35.99,32.88
Jogolia,75.11,75.56,20,15,74,74,1.52,1.36,30.83,31.38,45.83,45.83,460.37,399.06,28.33,27.67,162,164.25,531.99,461.13,2122.22,1839.57,2496.25,2163.78,2455.33,2128.31,73.66,63.85,2233.53,1936.05,-8.12,-8.12,-5.74,-5.74,265.99,230.57,736.6,638.49,122.77,106.42,1943.8,1684.91,1964.26,1702.65,859.36,744.91,-4.69,-4.69,302.82,262.49,3028.23,2624.92,15.33,15.33,1892.65,1640.57,1074.2,931.14,511.53,443.4,664.98,576.42,1220.81,1220.81,65.73,73.63,18.02,18.02,37.74,33.97,34.29,34.4,2.4,2.38,52.16,52.16,1,1,53.38,53.38,103,103,67.5,67.89,98.41,99.61,71.74,71.03,24.5,26.39,1074.2,931.14,82.1,82.33,-80,-85,49.23,49.68,30.6,29.27,0.77,0.77,93.87,93.87,519.1,552.13,-8,-8,67,67,76.87,76.42,716.14,620.76,888.37,889.92,0.39,0.38,250.73,256.16,9.76,9.71,12.51,12.51,540.22,540.22,1.64,1.64,30.5,28.61,48.21,46.86,-34.64,-34.64,85.44,85.44,109.39,109.39,30707.53,26617.73,24596.58,22644.93,37420,30755,1227.66,1064.16,2.45,2.42,562.68,487.74,300000000,600000000,15599.42,13388.72,12.59,12.56,12.04,10.99
Enfieldco,73.07,73.87,8.25,4.5,76.67,76.67,1.19,1.1,31.19,32.58,47.2,47.2,1391.64,1037.48,31.4,30.2,155.25,157.5,-9.06,-9.06,916.1,682.96,349.9,260.85,-6.78,-6.78,-6.57,-6.57,-0.89,-0.89,-6.45,-6.45,-6.82,-6.82,-11.05,-11.05,-11.92,-11.92,-14.21,-14.21,1033.79,770.7,-9.59,-9.59,-5.66,-5.66,-9.95,-9.95,394.43,294.05,349.9,260.85,19.18,19.18,2027.82,1511.75,1232.6,918.91,1272.36,948.55,954.27,711.41,74.94,74.94,84.35,91.21,17.01,17.01,30.41,26.69,33.55,33.75,2.53,2.49,48.6,48.6,1,1,50.5,50.5,154,154,70.09,70.37,108.5,108.93,71.28,69.66,28.76,30.41,1033.79,770.7,105.55,105.39,-91.75,-95.5,77.09,77.2,-33.11,-34.14,0.75,0.75,93.97,93.97,603.45,624.26,0,0,66,66,74.66,74.24,954.27,711.41,1069.48,1069.42,0.27,0.27,219.22,219.94,9.58,9.55,17.42,17.42,1004.81,1004.81,1.3,1.3,26.24,24.59,45.84,44.41,43.59,43.59,-28.28,-28.28,112.37,112.37,17771.67,13248.9,16246.49,12622.71,19262,13838,1272.36,948.55,2.3,2.29,1153.08,859.63,36300000000,34800000000,4069.71,3020.75,9.21,9.17,12.8,11.88
Triguriyyah Mujahideen,15.67,17.67,12.5,8.25,6,6,1.29,1.19,31.41,32.05,39.43,39.43,1385.21,1152.66,84.33,82.33,36,40.5,-12.96,-12.96,-9.72,-9.72,-11.92,-11.92,-7.21,-7.21,-6.16,-6.16,1895.35,1577.16,-2.37,-2.37,-8.57,-8.57,114.64,95.39,-8.83,-8.83,-6.16,-6.16,-7.03,-7.03,38.21,31.8,420.34,349.77,223.54,186.02,619.05,515.12,0,0,19,19,1098.62,914.18,1194.15,993.67,2053.94,1709.12,1003.09,834.69,1012.66,1012.66,77.33,84.35,12,12,13.89,12.94,1.65,1.79,34.46,34.11,46.97,46.97,1,1,51.96,51.96,130,130,70.57,70.85,99.31,100.76,71,70.24,39.26,40.01,1862.87,1550.13,90.33,89.22,-87.5,-91.75,76.31,76.43,-29.31,-30.42,27.02,27.02,91.28,91.28,7044.49,7409.89,-8,-8,67,67,75.82,75.44,1241.92,1033.42,1029.48,1030.9,0.21,0.21,29.08,32.85,9.66,9.61,13.44,13.44,822.55,822.55,1.46,1.45,15.74,14.99,46.15,45,-74.83,-74.83,-38.73,-38.73,110.31,110.31,21357.13,17771.65,18647.64,16246.47,24115,19262,1146.38,953.93,2.28,2.26,859.79,715.44,20300000000,20000000000,5061.64,4194.11,17.91,17.87,11.24,10.46
Daeman,68.67,69,79.33,74.89,77.33,77.33,17.35,11.04,38.03,36.35,37.37,37.37,0,0,38,37.5,139.5,141.75,6204.94,6055.18,1654.65,1614.71,2413.03,2354.79,3447.19,3363.99,5584.44,5449.66,6379.02,6225.06,5998.11,5853.34,3447.19,3363.99,4412.4,4305.91,-5.48,-5.48,1034.16,1009.2,5515.5,5382.38,0,0,0,0,0,0,9376.35,8944.65,14616.08,14263.32,6.08,6.08,-8.37,-8.37,258.54,252.3,861.8,841,-3.16,-3.16,12.64,12.64,5.76,9.06,6.84,6.84,85.02,80.71,28.97,29.06,7.45,7.14,46.97,46.97,1,1,50,50,110,110,46.65,48.63,28.25,32.71,65.48,66.48,22.88,20.83,1378.88,1345.6,19.42,20.11,80,73.33,4.68,4.75,132.35,130.52,0.73,0.73,94.07,94.07,186.88,215.68,-4,-4,64,64,74.78,74.09,172.36,168.2,369.08,401.6,2.26,2.04,87.79,88.71,12.69,12.1,18.84,18.84,583.96,583.96,3.21,2.9,32.12,34.17,56.71,55.71,-40,-40,71.41,71.41,98.83,98.83,72168.61,70221.4,14720.96,18749,255454,206952,172.36,168.2,17.63,16.83,-10,-10,20800000000,22600000000,68776.68,66850.78,15,14.97,27.94,25.3
Zilpower,58,60,33.33,31,44,44,2.06,1.98,29.16,29.13,41.43,41.43,1019.09,1005.99,49.5,48,114.75,117,2445.82,2414.37,652.22,643.83,3152.39,3111.85,2826.28,2789.94,652.22,643.83,869.63,858.44,1141.38,1126.71,-3.87,-3.87,271.76,268.26,271.76,268.26,543.52,536.53,543.52,536.53,3261.1,3219.16,2989.34,2950.9,461.99,456.05,2243.82,2178.75,6739.6,6652.93,14,14,1834.37,1810.78,1698.49,1676.65,1154.97,1140.12,815.27,804.79,8.05,8.05,48.6,50.43,11.33,11.33,36.41,35.52,23.53,23.84,19.29,18.89,50,50,1,1,50,50,127,127,62.72,62.82,90.3,91.17,74.25,74.3,10.1,11.18,1630.55,1609.58,68.96,67.99,32,30.25,41.35,41.51,45.08,44.67,6.35,6.35,92.81,92.81,854.66,857.07,-4,-4,62,62,53.08,52.84,951.15,938.92,831.87,827.14,0.34,0.34,101.48,102.46,9.94,9.92,31.86,31.86,747.47,747.47,1.7,1.7,44.9,43.82,51.1,50.89,-15.81,-15.81,77.78,77.78,103,103,38523.53,37991.91,26257.33,26414.77,54030,52378,1019.09,1005.99,2.96,2.94,543.52,536.53,5.627E+12,7.4552E+12,22613.31,22225.27,14.53,14.51,9.75,9.59
Kultexia,82.33,83,40.89,39.11,35.11,35.11,1.41,1.39,29.85,29.78,42,42,4341.07,4303.2,17.67,17,186.75,186.75,-11.75,-11.75,-2.53,-2.53,-13.34,-13.34,-6,-6,3830.66,3797.25,-7.69,-7.69,-4.24,-4.24,-13.64,-13.64,-11.31,-11.31,-14.42,-14.42,-9.9,-9.9,-4.24,-4.24,631.43,625.92,-13.49,-13.49,-2.37,-2.37,-10.83,-10.86,0,0,12.88,12.88,1315.47,1304,1447.02,1434.4,2762.5,2738.4,1841.66,1825.6,130.47,130.47,70.68,71.75,12,12,35.83,35.13,28,28.12,11.19,10.71,51,51,1,1,50,50,189,189,63.01,63.07,87.18,88,73.15,73.25,23.44,24.11,3025.59,2999.2,43.6,43.28,29.67,28.33,76.34,76.42,37.04,36.82,11.55,11.55,92.33,92.33,648.92,654.53,0,0,64,64,51.58,51.39,1315.47,1304,1063.65,1063.29,0.4,0.4,264.02,264.02,9.98,9.96,17.11,17.11,1208.34,1208.34,1.32,1.32,31.56,30.89,52.28,52.09,-90,-90,-28.28,-28.28,100.62,100.62,26298.97,26069.6,21894,21875.98,30975,30490,1841.66,1825.6,2.91,2.9,263.09,260.8,3.28373E+13,3.58706E+13,6232.86,6152.42,6.62,6.62,12.67,12.44
U-No-Poo,65.83,65.83,75.5,75.5,71.33,71.33,9.18,9.18,33.22,33.22,42,42,157.26,157.26,42.25,42.25,130.5,130.5,1446.76,1446.76,5973.21,5973.21,4906.39,4906.39,4591.87,4591.87,4088.66,4088.66,6848.81,6848.81,3019.31,3019.31,629.02,629.02,3333.83,3333.83,2390.29,2390.29,2704.8,2704.8,-2.28,-2.28,2075.78,2075.78,2893.51,2893.51,4906.39,4906.39,8786.71,8786.71,9372.46,9372.46,7.75,7.75,1022.16,1022.16,629.02,629.02,235.88,235.88,393.14,393.14,22.03,22.03,10.9,10.9,13,13,67.55,67.55,31.25,31.25,3.16,3.16,51,51,1,1,50.5,50.5,109,109,51.74,51.74,32.42,32.42,69,69,15.25,15.25,707.65,707.65,57.11,57.11,70.25,70.25,4.92,4.92,129.54,129.54,0.86,0.86,93.77,93.77,304.8,304.8,0,0,64,64,72.94,72.94,314.51,314.51,469.1,469.1,0.53,0.53,210.71,210.71,11.43,11.43,17.95,17.95,566.39,566.39,2.49,2.49,39.75,39.75,57.54,57.54,12.25,12.25,87.46,87.46,98.83,98.83,76107.37,76107.37,22623.96,22623.96,207608,207608,550.4,550.4,15.43,15.43,-4.47,-4.47,2.4282E+12,2.4298E+12,72378.11,72378.11,5.51,5.51,24.71,24.71
Secret Agent 99,35.52,36.24,96.74,96.66,17.6,17.6,3.63,3.47,31.79,31.41,20.6,20.6,-5.48,-5.48,66.36,65.82,42.5,42.75,3174.28,3174.93,5265.11,5266.19,2096.22,2096.65,4252.33,4253.21,7438.59,7440.12,-9.3,-9.3,13775.17,13778,4626.66,4627.61,1706.92,1707.27,5270.5,5271.58,8564.56,8566.32,6618.07,6619.43,4072.66,4073.49,2275.9,2276.36,3114.39,3115.03,3636.52,3602.6,19045.66,19049.58,13.27,13.27,-21.68,-21.68,-13.04,-13.04,6962.45,6963.88,1871.63,1872.01,687.84,687.84,27.57,28.8,0.75,0.75,46.96,46.09,4.95,5.3,32.54,32.44,54.66,54.66,0.62,0.62,43.04,43.04,81,81,69.08,69.16,116.21,116.57,70.55,71,23.65,22.65,4042.71,4043.54,13.67,13.72,70.29,67.86,9.72,9.77,98.46,98.03,19.16,19.16,91.78,91.78,864.11,882.44,-11,-11,56,56,72.43,72.04,0,0,408.5,418.15,0.27,0.27,23.68,24.15,19.62,19.43,14.95,14.95,248.64,248.64,2.85,2.78,31.35,32.35,65.3,64.79,-54.37,-54.37,86.06,86.06,67.4,67.4,101634.25,101620.47,50925.47,52146.39,184693,181084,-17.03,-17.03,2.35,2.35,-7.07,-7.07,1.7288E+12,1.9557E+12,91775.72,91661.66,19.03,19,8.47,8.13
Neyshon25,68.5,69.5,64.83,59,77.78,77.78,3,2.56,31.96,31.64,40.78,40.78,1389.13,1340.64,38.25,36.75,139.5,144,2525.69,2437.54,4243.16,4095.06,2020.55,1950.03,3535.97,3412.55,0,0,0,0,0,0,1262.84,1218.77,5051.38,4875.07,-5.48,-5.48,5051.38,4875.07,0,0,0,0,656.68,633.76,2525.69,2437.54,0,0,4546.24,4387.57,10.63,10.63,1010.28,975.01,1010.28,975.01,1010.28,975.01,1767.98,1706.28,152.93,152.93,33.35,39.05,10.55,10.55,59.34,55.81,30.93,31.19,3.31,3.19,52.16,52.16,1,1,50,50,118,118,56.04,56.62,61.94,66.64,70.34,70.72,14.85,17.02,1010.28,975.01,69.67,69.9,44.25,39.25,32.73,33.17,71.18,69.85,0.71,0.71,94.12,94.12,379.85,402.65,0,0,64,64,66.18,64.67,1010.28,975.01,496.2,498.02,0.41,0.4,171.7,179.45,11.72,11.27,17.01,17.01,680.83,680.83,2.38,2.37,40.15,37.98,54.55,53.56,-43.59,-43.59,62.45,62.45,101.85,101.85,41143.49,39707.47,22874.55,24051.66,68598,61598,1010.28,975.01,11.42,10.68,1010.28,975.01,4.1119E+12,5.8424E+12,27689.57,26524.59,2.98,2.86,14.35,13.06
Kalevasi,62.93,64.27,56,49.33,12,12,3.04,2.59,30.81,30.69,42,42,1090.35,1026.55,45.8,44.6,123.75,126,-7.62,-7.62,3244.88,3055.01,-7.62,-7.62,-4.9,-4.9,732.71,689.84,837.39,788.39,-7.62,-7.62,2289.73,2155.76,-6.48,-6.48,-4.24,-4.24,87.23,82.12,5757.04,5420.19,523.37,492.74,1831.79,1724.6,6760.16,6364.61,3339.19,2909.75,0,0,9.75,9.75,1526.49,1437.17,981.31,923.9,1853.59,1745.14,763.24,718.59,12.84,12.84,32.94,38.6,12,12,27.18,25.74,19.18,19.45,24.19,23.92,50,50,1,1,50,50,141,141,58.47,58.99,57.92,62.16,71.77,71.94,16.29,18.36,1417.45,1334.52,55.27,55.75,45,40,24.47,25.06,77.56,76.11,22.41,22.41,91.57,91.57,966.94,1018.9,-4,-4,64,64,65.44,63.62,545.17,513.28,696.75,700.22,0.44,0.43,98.14,98.63,10.57,10.12,18.75,18.75,839.65,839.65,1.88,1.87,38.71,36.64,53.45,52.4,-46.9,-46.9,-26.46,-26.46,102.62,102.62,40646.56,38034.2,22446.61,22896.21,68152,59312,872.28,821.24,7.75,6.65,-3.16,-3.16,2.1888E+12,3.5472E+12,30688.15,28487.61,13.47,13.45,18.36,16.75
A fairytale,57.33,61.33,57.33,48.44,57.33,57.33,3.61,2.91,32.61,32.43,42,42,568.01,527.43,50,47,112.5,119.25,2650.71,2461.32,1363.22,1265.82,1514.69,1406.47,2650.71,2461.32,2120.57,1969.05,5452.9,5063.28,-8.37,-8.37,2366.71,2197.6,0,0,-13.04,-13.04,2650.71,2461.32,3786.74,3516.17,4544.08,4219.4,-5.48,-5.48,2650.71,2461.32,1817.63,1687.76,4165.41,3867.78,9.49,9.49,852.02,791.14,852.02,791.14,1136.02,1054.85,284.01,263.71,119.98,119.98,27.72,34.4,12,12,49.93,46.46,24.36,24.96,18.17,17.3,50,50,1,1,50,50,110,110,56.72,57.4,57.19,62.55,69.62,69.82,0.56,3.78,1136.02,1054.85,79.83,79.19,50,43.33,16.22,16.79,87.24,85.53,3.24,3.24,93.2,93.2,610.35,640.56,0,0,64,64,68.08,66.75,757.35,703.23,632.38,630.53,0.32,0.32,126.48,138.24,9.99,9.92,17.16,17.16,620.8,620.8,1.99,2,54.44,51.22,52.75,51.48,-43.59,-43.59,62.45,62.45,100.2,100.2,47466.73,44075.16,23851.44,24924.76,86058,72448,757.35,703.23,10.54,9.56,94.67,87.9,1.0223E+12,1.462E+12,39777.12,36670.53,7.09,6.95,16.05,14.35
Vil Fook Katia,90,90.67,6,4.67,85,85,1.12,1.1,34.18,34.66,45.83,45.83,392.12,358.08,10,9.33,202.5,204.75,648.31,592.03,1154.4,1054.19,920.18,840.3,1254.79,1145.86,1589.4,1451.42,1204.6,1100.02,-4.84,-4.84,26.14,23.87,-8.25,-8.25,-12.96,-12.96,-4.24,-4.24,951.55,868.94,1066.57,973.98,857.44,783,909.72,830.75,-4.23,-4.23,1568.48,1432.32,16.43,16.43,1045.66,954.88,627.39,572.93,339.84,310.34,261.41,238.72,1233.61,1233.61,88.97,91.06,18.02,18.02,29.06,27.66,42.81,42.91,1.66,1.65,53.09,53.09,1,1,53.38,53.38,112,112,68.04,68.11,105.29,105.43,68.12,67.71,40.27,40.94,496.69,453.57,81.97,81.56,-94,-95.33,54.02,54.13,16.02,15.69,0.73,0.73,94.07,94.07,384.14,388.46,0,0,67,67,75.34,75.24,444.4,405.82,881.58,879.22,0.37,0.37,359.53,366.03,9.69,9.68,12.45,12.45,659.16,659.16,1.65,1.65,14.73,14.06,44.4,44.04,-57.88,-57.88,88.03,88.03,105.16,105.16,18080.43,16510.86,17001,15716.81,19109,17259,810.38,740.03,2.41,2.41,365.98,334.21,1700000000,2100000000,8317,7578.49,2.02,1.98,8.36,8.24
Grasswalkia,75.64,76,80.56,78.67,70.57,70.57,2.26,2.17,23.93,23.9,44.28,44.28,6915.72,6829.97,27.55,27,210.25,210.25,-13.04,-13.04,-7.48,-7.48,-9.7,-9.7,-6.93,-6.93,-10.45,-10.45,-5.66,-5.66,5623.27,5553.55,-9.08,-9.08,-7.25,-7.25,-16.12,-16.12,-8.94,-8.94,-14.93,-14.93,-9.49,-9.49,-14.21,-14.21,-3.83,-3.83,533.3,526.69,5623.27,5553.55,20.98,20.98,2494.19,2463.27,7029.09,6941.93,5328.5,5262.43,3968.03,3918.83,421.35,421.35,44.19,45.99,14.64,14.64,59.65,58.01,44.26,44.34,1.59,1.59,35.68,35.68,4.98,4.98,50.5,50.5,167,167,66.3,66.42,113.07,113.54,87.28,87.37,14.94,14.18,2040.7,2015.4,62.66,62.87,55.83,53,79.76,79.81,-43.81,-44.28,0.76,0.76,93.91,93.91,309.73,323.14,6,6,77,77,55.9,54.87,3401.17,3359,1115.54,1116.93,0.36,0.36,101.32,101.32,9.69,9.66,16.14,16.14,1243.58,1243.58,1.14,1.13,40.06,40.82,69.11,68.48,-99.37,-99.37,60,60,113.24,113.24,56040.42,55345.56,36291.52,36621.69,82127,79626,5668.62,5598.33,2.53,2.52,2607.56,2575.23,1.197E+11,1.302E+11,11320.17,11179.8,19.44,19.44,58.5,56.4
Flitswarm Kappa,97,97,19,19,97,97,1.49,1.49,32.75,32.75,44.28,44.28,127.09,127.09,3,3,218.25,218.25,-6.16,-6.16,-2.53,-2.53,50.84,50.84,3812.69,3812.69,-2.19,-2.19,3702.63,3702.63,660.87,660.87,-4.58,-4.58,1321.73,1321.73,50.84,50.84,559.19,559.19,2618.05,2618.05,-8.25,-8.25,1321.73,1321.73,1982.6,1982.6,278.06,278.06,711.7,711.7,10.25,10.25,1525.08,1525.08,889.63,889.63,190.63,190.63,127.09,127.09,9.08,9.08,67.28,67.28,15.51,15.51,44.77,44.77,43.62,43.62,1.62,1.62,51.62,51.62,1,1,51.48,51.48,109,109,61.07,61.07,96.06,96.06,69.48,69.48,42.19,42.19,698.99,698.99,50.37,50.37,-81,-81,29.42,29.42,67.11,67.11,1.06,1.06,93.67,93.67,205.32,205.32,0,0,64,64,76.93,76.93,444.81,444.81,422.89,422.89,0.84,0.84,405.8,405.8,9.76,9.76,26.22,26.22,582.17,582.17,2.75,2.75,12.81,12.81,46.91,46.91,-91.92,-91.92,92.47,92.47,101.45,101.45,24099,24099,19542.97,19542.97,29049,29049,1080.26,1080.26,3.39,3.39,254.18,254.18,5.406E+11,5.453E+11,17013.9,17013.9,2.39,2.39,8.51,8.51
EagleBoy Hooters,53.33,57.33,28,21.67,67.33,67.33,1.85,1.59,33.8,33.88,42,42,257.24,229.51,53,50,105.75,112.5,2400.95,2142.13,1481.73,1322,-5.48,-5.48,685.99,612.04,1714.96,1530.09,1015.26,905.81,-6.32,-6.32,-9.67,-9.67,1714.96,1530.09,-4.47,-4.47,-4.47,-4.47,1714.96,1530.09,-10,-10,342.99,306.02,2743.94,2448.14,-3.71,-4.5,2400.95,2142.13,9.27,9.27,771.73,688.54,771.73,688.54,943.23,841.55,257.24,229.51,119.98,119.98,54.02,62.95,12,12,41.58,37.35,25.49,26.08,16.47,15.49,50,50,1,1,50,50,100,100,59.41,59.98,77.71,82.45,68.45,68.38,12.22,13.33,1028.98,918.05,81.54,80.84,28,21.67,27.74,28.29,73.1,71.45,1.38,1.38,93.56,93.56,738.53,768.67,0,0,64,64,56.55,54.38,685.99,612.04,563.02,574.99,0.28,0.28,114.94,126.16,9.93,9.86,17.16,17.16,519.03,519.03,2.16,2.13,42.78,41.67,47.47,46.11,-53.85,-53.85,37.42,37.42,100.2,100.2,26184.07,23361.42,18889,18286.22,34964,29050,685.99,612.04,5.51,4.11,85.75,76.5,13700000000,22000000000,18931.08,16750.14,7.21,7.09,8.16,7.61
