Nation,s0,f0,s1,f1,s2,f2,s4,f4,s5,f5,s6,f6,s7,f7,s8,f8,s9,f9,s10,f10,s11,f11,s12,f12,s13,f13,s14,f14,s15,f15,s16,f16,s17,f17,s18,f18,s19,f19,s20,f20,s21,f21,s22,f22,s23,f23,s24,f24,s25,f25,s26,f26,s27,f27,s28,f28,s29,f29,s30,f30,s31,f31,s32,f32,s33,f33,s34,f34,s35,f35,s36,f36,s37,f37,s38,f38,s39,f39,s40,f40,s41,f41,s42,f42,s43,f43,s44,f44,s45,f45,s46,f46,s47,f47,s48,f48,s49,f49,s50,f50,s51,f51,s52,f52,s53,f53,s54,f54,s55,f55,s56,f56,s57,f57,s58,f58,s59,f59,s60,f60,s61,f61,s62,f62,s63,f63,s64,f64,s67,f67,s68,f68,s69,f69,s70,f70,s71,f71,s72,f72,s73,f73,s74,f74,s75,f75,s77,f77,s78,f78,s79,f79,s85,f85,s87,f87,s88,f88
The Winged Reapers,76.22,73.67,74.83,82.25,74,74,53.56,29.9,58.73,38.22,37.37,37.37,-7.75,-7.75,26.67,30.5,166.5,157.5,5684.03,5933.16,-3.1,-3.1,3066.38,3200.78,2692.43,2810.44,2767.22,2888.51,1675.29,1748.72,7703.35,8040.99,3141.17,3278.85,2056.72,2146.87,1570.59,1639.43,9049.57,9446.22,1234.03,1288.12,74.79,78.07,448.74,468.41,3440.33,3591.12,7224.7,7541.36,16453.77,17174.94,6,6.24,-12.65,-12.65,373.95,390.34,0,0,186.97,487.92,8.94,8.94,1.87,3.34,8.98,8.98,85.27,82.39,32.33,31.67,2.81,3.01,51.62,51.62,2.52,2.52,51.48,51.48,99,99,41.12,42.97,16,18.8,63.48,65.43,28.59,25.65,2056.72,2146.87,8.79,9.69,90.75,85.75,4.93,5.15,127.5,125.17,0.76,0.76,93.94,93.94,117.87,151.57,-8,-8,64,64,76.29,75.75,93.49,97.58,132.82,153.92,3.97,3.46,261.63,231.05,14.67,14.24,26.89,26.89,282.75,282.75,100.71,92.5,26.41,29.35,55,58.09,15.81,15.81,62.05,62.05,101.85,101.85,63095.7,66153.96,6262.48,9626.88,335407,287850,467.44,487.92,19.72,19.03,-16.43,-16.43,143100000000,198800000000,60004.01,62780.11,13.02,13.12,29.51,27.22
Tinell,78.44,75.5,23,21.33,75.33,75.33,1.63,1.44,30.98,30.65,44.83,44.83,293.89,287.2,23.33,27.75,173.25,164.25,509.42,497.82,-5.93,-5.93,2390.33,2335.92,438.88,428.89,1018.83,995.64,2382.5,2328.27,1528.25,1493.46,3268.88,3194.47,1038.42,1014.79,2664.63,2603.98,2860.56,2795.45,2449.11,2393.36,509.42,497.82,2468.7,2412.51,-3.55,-3.55,885.6,865.44,4427.99,4327.2,14.11,14.21,1665.4,1627.49,881.68,861.61,489.82,478.67,489.82,622.27,1207.99,1207.99,61.21,69.36,17.36,17.36,42.25,37.81,34.68,33.94,2.34,2.46,51.62,51.62,1,1,53.38,53.38,110,110,66.6,67.13,98.8,100.18,71.56,71.99,25.83,26.25,881.68,861.61,61.04,65.22,-77,-82.67,34.01,35.02,50.83,48.39,0.76,0.76,93.94,93.94,446.76,519.73,-8,-8,67,67,77.27,76.82,538.8,526.54,874.28,895.32,0.49,0.43,277.8,244.73,9.85,9.8,12.56,12.56,572.42,572.42,1.65,1.63,29.17,28.75,48.75,48.67,61.07,61.07,48.68,48.68,108.45,108.45,36883.62,36187.67,28442.59,29826.33,46469,43001,1028.63,1005.21,2.51,2.47,391.86,382.94,42200000000,94000000000,24343.19,23521.99,12.56,12.68,13.34,12.16
Cosmo Kramerica,48.36,48.36,100.01,100.02,56.53,56.53,1.39,1.38,22.45,22.43,15.98,15.98,844.04,843.1,56.73,56.73,61,61,15162,15145.16,2357.17,2354.55,-2.05,-2.05,601.57,600.9,-4.5,-4.5,-10.7,-10.7,21054.92,21031.53,-12.73,-12.73,-3.67,-3.67,-8.72,-8.72,21300.46,21276.8,5745.6,5739.22,-5.1,-5.1,-14.66,-14.66,4272.37,4267.62,-9.62,-9.62,36216.92,36176.69,20.35,20.42,-16.12,-16.12,6061.73,6055,7135.96,7128.03,5140.96,5365.19,239.44,239.44,72.15,72.55,0.49,0.49,41.33,41.04,57.69,57.69,1.21,1.21,49.36,49.36,7.03,7.03,31.88,31.88,143,143,77.13,77.15,121.54,121.6,90.32,90.33,9.23,9.4,7903.27,7894.49,5.64,5.64,31.83,31.33,52.85,53.32,3.57,2.49,5.84,5.84,92.87,92.87,835.45,840.22,-8,-8,74,74,54.86,54.76,-17.61,-17.61,1134.9,1134.87,1.2,1.2,9.97,9.97,9.29,9.28,16.68,16.68,1273.33,1273.33,1.08,1.08,45.77,45.6,88.02,88.02,-116.12,-116.12,115.03,115.03,60.89,60.89,102260.62,102376.96,86065.12,86417.7,119289,119113,4680.58,4675.38,2.04,2.04,-16.73,-16.73,3946600000000,4072300000000,48164.75,47810.04,21.02,21.02,40.28,40.28
State Peace and Development Council,66.86,66.86,65.67,69.33,60,60,1.41,1.4,21.23,21.15,46.76,46.76,6920.53,7051.47,40.71,40.71,135,135,-9.49,-9.49,-6.32,-6.32,-5.92,-5.92,-9.17,-9.17,-13.1,-13.1,-11.31,-11.31,-14.7,-14.7,-17.96,-17.96,0,0,-10.49,-10.49,-17.32,-17.32,-9.75,-9.75,-7.07,-7.07,-19.49,-19.49,-3.83,-3.83,-14.89,-14.89,0,0,20.71,20.78,4064.44,4141.34,12742.56,12983.66,2526.54,2574.35,1867.44,2238.56,1052.22,1052.22,70.81,71.21,18.02,18.02,27.15,26.97,51.38,51.38,1.35,1.35,52.64,52.64,8.06,8.06,52.44,52.44,285,285,76.08,76.1,106.81,106.9,90.93,90.98,9.87,10.04,2636.39,2686.28,111.38,111.39,33.5,33,68.16,68.32,-27.71,-28.79,1.16,1.16,93.63,93.63,653.52,657.74,-8,-8,77,77,49.72,49.52,549.25,559.64,1246.67,1246.64,0.22,0.22,187.8,187.8,8.99,8.98,13.26,13.26,1818.93,1818.93,0.83,0.83,45.13,44.96,67.35,68.48,-68.92,-68.92,54.77,54.77,108.14,108.14,47125.49,48352.95,39271.24,40414.41,55456,56751,9007.67,9178.11,2.07,2.07,768.95,783.5,309100000000,321400000000,14985.91,15327.89,12.81,12.81,79.56,78.74
Ugg Lands,68.47,68.47,64.19,67.9,65,65,1.32,1.31,20.59,20.52,44.28,44.28,12077.79,12330.78,38.3,38.3,139.5,139.5,-23.54,-23.54,-13.39,-13.39,-15.68,-15.68,-12.59,-12.59,-18.53,-18.53,-13.48,-13.48,-17.32,-17.32,-22.98,-22.98,-20.05,-20.05,-18.55,-18.55,-24.17,-24.17,-17.49,-17.49,-17.15,-17.15,-24.47,-24.47,-8.96,-8.96,-25.06,-25.06,0,0,28.6,28.65,5920.48,6044.5,12077.79,12330.78,6867.76,7011.62,2052.43,2337.21,74.94,74.94,75.85,76.2,15.9,15.9,27.41,27.23,82.74,82.74,0.9,0.9,53.51,53.51,9.3,9.3,51.96,51.96,436,436,87.95,87.96,119.28,119.34,91.31,91.35,14.35,14.49,7025.64,7172.81,100.92,100.95,27.29,26.86,78.15,78.29,-132.04,-133.11,4.8,4.8,92.99,92.99,647.64,651.24,-2,-2,108,108,43.78,43.66,868.34,886.53,1459.64,1459.63,0.18,0.18,162.19,162.19,8.23,8.23,17.42,17.42,3128.46,3128.46,0.58,0.58,40.65,40.51,70.82,71.95,-151.18,-151.18,96.82,96.82,106.84,106.84,64572.75,66167.15,55807.01,57326.05,73575,75227,10656.87,10880.1,1.82,1.82,1578.8,1611.87,734400000000,758100000000,14141.43,14358.27,17.47,17.47,135.59,135.44
Turmissia,74.89,72.5,24.17,23,75.33,75.33,1.42,1.4,32.67,32.7,39.43,39.43,1262.99,1207.83,28.67,32.25,162,153,1886.06,1803.7,2667.42,2550.94,-6.16,-6.16,-8.6,-8.6,-6,-6,-7.04,-7.04,262.7,251.23,1515.58,1449.4,606.23,579.76,-2,-2,-13.56,-13.56,-9.95,-9.95,202.08,193.25,-8,-8,2862.77,2737.75,-10.57,-10.66,2148.76,2054.92,12.33,12.45,168.4,161.04,1010.39,966.27,1347.18,1288.35,336.8,563.65,1078.45,1078.45,70.28,71.21,13,13,45.16,44.22,32.54,31.92,2.75,2.93,47.8,47.8,1,1,52.44,52.44,132,132,63.97,64.12,103.02,103.34,69.56,69.53,23.58,22.78,2020.78,1932.53,43.64,46.01,-75.83,-77,54.16,54.88,44.33,43.13,0.76,0.76,93.94,93.94,476.24,511,-8,-8,67,67,77.22,77.04,926.19,885.74,987,1000.34,0.47,0.43,249.28,220.17,9.89,9.88,13.14,13.14,787.95,787.95,1.55,1.54,31.42,32.22,47.48,47.02,35.36,35.36,-56.12,-56.12,105.5,105.5,23965.06,23160.1,19891.4,19357.69,28301,27183,926.19,885.74,2.77,2.75,252.6,241.57,262300000000,298000000000,10976,10445.2,15.07,15.16,15.48,14.91
Etruriia,51,51,42.67,33.78,65.33,65.33,2.51,2.1,32.02,32.11,43,43,401.68,362.82,54.75,54.75,103.5,103.5,321.35,290.26,968.86,875.13,964.04,870.77,-7.21,-7.21,-7.48,-7.48,3549.28,3205.9,4755.94,4295.82,-8.35,-8.35,0,0,3534.82,3192.84,3213.47,2902.58,2474.37,2234.99,2892.13,2612.32,-7.07,-7.07,1799.54,1625.44,2399.98,1947.2,6041.33,5456.85,10.63,10.77,482.02,435.39,1044.38,943.34,1365.73,1233.6,401.68,580.52,32.69,32.69,39.79,47.72,13.62,13.62,46.9,42.94,25.36,25.36,16.68,16.68,51,51,1,1,50.5,50.5,99,99,61.42,62.04,90.66,94.75,70.27,70.18,8.16,10.38,1526.4,1378.73,55.03,55.89,39,32.33,22.14,23.47,76.66,73.79,1.81,1.81,93.45,93.45,683.64,742.26,-8,-8,64,64,65.54,63.13,803.37,725.64,704.54,710.97,0.34,0.34,178.88,178.88,9.75,9.69,17.79,17.79,501.41,501.41,1.86,1.85,46.84,44.62,51.09,49.73,58.31,58.31,-43.59,-43.59,106.84,106.84,42160.28,38078.51,25799.57,25701.42,64840,53857,803.37,725.64,3.26,3.1,160.67,145.13,39000000000,53700000000,32842.86,29130.06,13.87,13.87,13.15,11.77
New Golcondan sultinate,73,71.33,62.67,61.78,76.67,76.67,5.37,4.14,33.51,32.54,42,42,-5.48,-5.48,31.5,34,155.25,148.5,-4.9,-4.9,-3.35,-3.35,1571.6,1578.58,4976.73,4998.84,4452.87,4472.64,419.09,420.95,2881.27,2894.06,-1.73,-1.73,-6,-6,-2,-2,5064.04,5086.54,3492.44,3507.96,-2,-2,-4.9,-4.9,-1.67,-1.67,7176.23,6835.39,4452.87,4472.64,7,7,1200.53,1205.86,654.83,657.74,436.56,438.49,-5.48,0,439.84,439.84,18.61,24.17,13.62,13.62,68.2,63.9,32.06,31.62,2.89,3.03,50,50,1,1,50.99,50.99,108,108,55.43,56.36,51.92,58.68,68.73,69.7,18.04,14.98,982.25,986.61,38.48,41.5,60,53.33,9.13,9.36,101.38,99.49,0.73,0.73,94.04,94.04,257.87,308.64,-4,-4,64,64,70.6,69.62,218.28,219.25,461.19,507.73,1.45,1.24,109,101.02,11.8,11.21,16.07,16.07,554.43,554.43,2.53,2.33,36.96,40.02,53.64,53.97,-66.71,-66.71,79.06,79.06,101.45,101.45,45457.78,45286.98,18318.81,21103.88,98418,87311,763.97,767.37,12.16,11.02,-4.47,-4.47,2000000000,2800000000,41321.13,41030,12.73,12.81,15.04,13.44
Nikolia,62.44,62.44,97.7,97.89,77.05,77.05,1.51,1.5,19.75,19.74,38.75,38.75,11672.38,11650.93,46.17,46.17,157.5,157.5,-18.81,-18.81,-12.13,-12.13,-13.07,-13.07,-12.82,-12.82,-17.96,-17.96,-13.77,-13.77,-17.72,-17.72,-23.94,-23.94,-14.49,-14.49,-21.77,-21.77,-23.75,-23.75,-16.85,-16.85,-15.94,-15.94,-22.69,-22.69,4339.79,4331.82,-9.28,-9.28,0,0,27.46,27.51,4571.68,4563.28,14590.48,14563.66,6128,6116.74,6808.89,7087.65,1698.53,1698.53,66.41,66.69,15.09,15.09,40.01,39.83,68.18,68.18,1.05,1.05,56.34,56.34,12.67,12.67,54.76,54.76,414,414,75.05,75.06,117.91,117.97,91.87,91.87,13.91,14.04,7295.24,7281.83,98.27,98.3,39.12,38.75,90.27,90.31,-135.56,-136.62,4.27,4.27,93.05,93.05,476.03,478.73,8,8,105,105,47.13,46.98,2334.48,2330.19,1348.19,1348.18,0.19,0.19,46.63,46.63,7.61,7.6,10.52,10.52,2619.06,2619.06,0.68,0.68,41.09,40.96,89.75,89.75,-125.97,-125.97,69.8,69.8,104.81,104.81,79025.93,79171.94,63643.4,63908.69,95841,95823,10894.23,10874.2,2.11,2.1,1750.86,1747.64,926200000000,939800000000,7665.52,7679.68,13.78,13.78,133.45,133.3
Blitz the O is silent 8,57.33,57.33,64,64,57.33,57.33,4.36,4.36,32.76,32.76,42,42,119.51,119.51,50,50,112.5,112.5,2390.12,2390.12,764.84,764.84,4780.24,4780.24,4302.22,4302.22,3154.96,3154.96,764.84,764.84,-6.32,-6.32,1075.55,1075.55,-4.47,-4.47,-5.48,-5.48,3824.19,3824.19,0,0,3346.17,3346.17,-6.32,-6.32,3824.19,3824.19,-2,-2,7170.36,7170.36,9.22,9.22,1075.55,1075.55,1075.55,1075.55,1434.07,1434.07,358.52,358.52,119.98,119.98,22.94,22.94,12,12,52.47,52.47,24.8,24.8,17.53,17.53,50,50,1,1,50,50,94,94,56.09,56.09,53.59,53.59,69.46,69.46,2.22,2.22,1434.07,1434.07,80.38,80.38,55,55,21.68,21.68,83.08,83.08,3.24,3.24,93.2,93.2,570.34,570.34,0,0,64,64,69,69,956.05,956.05,443.16,443.16,0.33,0.33,125.79,125.79,11.96,11.96,17.16,17.16,387.54,387.54,2.63,2.63,52.78,52.78,53.81,53.81,10,10,70,70,100.2,100.2,42209.54,42209.54,19109.79,19109.79,83298,83298,956.05,956.05,11.36,11.36,119.51,119.51,488900000000,490000000000,33050.07,33050.07,7.09,7.09,12.91,12.91
Caffeinneburg,58.44,58.44,74.76,78.48,31.81,31.81,1.32,1.31,20.49,20.43,40.78,40.78,9236.3,9479.42,49.17,49.17,192.75,192.75,-29.43,-29.43,-22.2,-22.2,-20.64,-20.64,-22.26,-22.26,-22.05,-22.05,-17.73,-17.73,-27.42,-27.42,-27.6,-27.6,-26.93,-26.93,-27.13,-27.13,-22.93,-22.93,-20.42,-20.42,-23.37,-23.37,-33.62,-33.62,-23.71,-23.71,-35.07,-35.07,0,0,21.79,21.79,1224.09,1256.31,10905.51,11192.56,5786.6,5938.91,-10.95,-9.49,3.19,3.19,75.97,76.32,0.82,0.82,21.47,21.29,72.74,72.74,0.99,0.99,61.07,61.07,11.08,11.08,32.53,32.53,553,553,87.48,87.5,108.89,108.97,91.37,91.41,15.21,15.36,20253.08,20786.19,5.5,5.5,27.14,26.71,27.73,27.75,48.36,48.3,6.04,6.04,92.84,92.84,991.34,995.79,4,4,109,109,54.11,53.86,-18.44,-18.44,1527.49,1527.47,7.9,7.9,102.24,102.24,5.64,5.64,90.7,90.7,3714.37,3714.37,0.53,0.53,39.79,39.64,73.5,74.63,-30.55,-30.55,-177.73,-177.73,78.21,78.21,52858.32,54249.68,45720.38,47039.52,60184,61633,5452.75,5596.28,1.83,1.83,-16.12,-16.12,892700000000,926500000000,38216.57,39222.52,16.8,16.8,140.96,140.82
Varna Mamluks,66,64.89,57.33,48.44,57.33,57.33,3.61,2.91,32.85,32.57,42,42,258.58,240.08,42,43.67,130.5,128.25,2758.14,2560.8,-4.84,-4.84,344.77,320.1,4481.98,4161.31,4481.98,4161.31,3096.02,2874.5,3102.91,2880.9,2178.93,2023.04,1723.84,1600.5,4137.22,3841.21,4481.98,4161.31,344.77,320.1,3102.91,2880.9,0,0,-7.07,-7.07,4439.81,3869.27,6205.83,5761.81,9.33,9.49,775.73,720.23,775.73,720.23,1034.3,960.3,258.58,480.15,119.98,119.98,27.72,34.4,12,12,51.46,47.86,24.76,24.43,17.59,18.08,50,50,1,1,50,50,100,100,56.47,57.28,55.13,61.12,69.37,69.66,3.22,4.89,1034.3,960.3,55.83,58.83,50,43.33,11.74,13.03,93.56,90.69,3.5,3.5,93.16,93.16,546.98,613.07,0,0,64,64,68.58,67.26,689.54,640.2,533.37,546.39,0.39,0.36,158.55,151.88,11.23,10.63,17.16,17.16,468.59,468.59,2.25,2.21,51.78,50.11,52.67,51.43,-80,-80,83.07,83.07,100.2,100.2,52131.57,48388.85,26195.47,27364.18,94515,79538,689.54,640.2,10.87,9.74,86.19,80.03,164200000000,224100000000,46032.18,42098.3,6.73,6.78,12.22,10.95
The Zohan,53.33,53.33,64.67,68.11,3,3,1.92,1.9,27.88,27.64,38.75,38.75,1835.43,1887.43,53,53,105.75,105.75,2844.91,2925.52,1211.38,1245.7,4221.49,4341.09,4863.89,5001.69,3946.17,4057.98,-7.95,-7.95,1312.33,1349.51,-10.17,-10.17,-8.94,-8.94,2386.06,2453.66,-10.86,-10.86,-7.62,-7.62,-6.16,-6.16,-14.42,-14.42,1312.33,1349.51,1150.09,1159.08,8378.73,8616.12,12.25,12.37,0,0,2523.71,2595.22,2638.43,2713.18,1950.14,2359.29,130.47,130.47,51.96,52.53,8.23,8.23,17.57,17.41,19.99,19.99,23.38,23.38,52.16,52.16,3.3,3.3,50,50,134,134,61.55,61.6,77.83,78.4,76.6,77.08,19.93,20.21,1950.14,2005.4,78.91,78.98,42,41.17,40.36,41.06,54.41,53.26,27.02,27.02,91.28,91.28,1616.49,1655.74,0,0,64,64,64.29,64.15,1147.14,1179.64,794.04,793.67,0.27,0.27,114.39,114.39,9.99,9.98,17.11,17.11,819.63,819.63,1.74,1.74,35.07,34.79,58.28,59.77,-48.99,-48.99,83.67,83.67,98.34,98.34,45594.99,47217.12,32211.39,33553.13,61998,63879,2523.71,2595.22,3.22,3.21,-5.48,-5.48,1946800000000,2272800000000,27174.61,27810.88,6.04,6.04,12.22,12.22
Videomapistan,55,55,17,12.67,20,20,1.42,1.3,30.79,31.28,45.83,45.83,480.21,418.96,51.75,51.75,110.25,110.25,2573.92,2245.62,772.75,674.19,-4.47,-4.47,-2.45,-2.45,-6,-6,-6.11,-6.11,322.7,281.54,-5.2,-5.2,-5.1,-5.1,2573.92,2245.62,-6.78,-6.78,-8.25,-8.25,1805.59,1575.28,653.08,569.78,1786.38,1558.52,-6.29,-6.29,2896.62,2527.15,16.43,16.52,1824.8,1592.04,1056.46,921.71,1248.54,1089.29,480.21,544.65,1867.79,1867.79,70.42,77.19,17.01,17.01,20.09,18.06,21.11,21.11,22.2,22.2,50,50,1,1,51.96,51.96,101,101,69.06,69.39,91.23,92.4,71.81,71.16,22.2,23.64,816.36,712.23,103.99,104.3,-83,-87.33,60,60.89,13.3,11.18,16.94,16.94,91.93,91.93,1957.91,2207.24,0,0,67,67,76.34,75.96,720.31,628.44,1021.34,1022.01,0.23,0.23,55.85,55.85,9.66,9.62,9.88,9.88,533.52,533.52,1.49,1.48,32.8,31.36,47.5,46.39,-44.16,-44.16,30.82,30.82,104.46,104.46,27792.02,24372.8,23090.89,21260.52,32792,27543,1200.52,1047.4,2.35,2.33,576.25,502.75,500000000,700000000,11116.81,9529.76,7.81,7.81,8.64,8.17
Geozonya,64,62.67,57.33,48.44,57.33,57.33,3.61,2.91,32.87,32.61,42,42,278.67,258.78,45,46,123.75,121.5,1114.69,1035.11,0,0,3715.63,3450.37,-6.32,-6.32,2972.5,2760.3,3459.25,3212.3,-3.16,-3.16,4287.84,3981.73,-6.32,-6.32,4458.76,4140.45,3715.63,3450.37,-7.07,-7.07,2229.38,2070.22,4087.19,3795.41,2600.94,2415.26,5048.67,4415.67,4830.32,4485.49,9.33,9.49,836.02,776.33,836.02,776.33,1114.69,1035.11,278.67,517.56,119.98,119.98,27.72,34.4,12,12,49.93,46.46,24.62,24.42,17.8,18.08,50,50,1,1,50,50,100,100,56.57,57.37,56.33,62.38,69.35,69.63,2.22,4.11,1114.69,1035.11,74.8,77.74,50,43.33,14.69,16.03,89.35,86.49,3.24,3.24,93.2,93.2,570.34,632.25,0,0,64,64,68.39,67.03,743.13,690.07,424.5,434.65,0.35,0.33,145.93,140.69,11.56,10.97,17.16,17.16,478.97,478.97,2.74,2.68,52.78,50.89,52.66,51.42,81.24,81.24,-40,-40,100.2,100.2,48372.93,44905.82,24306.79,25394.5,87701,73813,743.13,690.07,10.75,9.6,92.89,86.26,3700000000,6000000000,41262.11,37720.89,6.87,6.91,13.83,12.36
Obenhor,64,62.67,57.33,48.44,57.33,57.33,3.61,2.91,32.91,32.66,42,42,303.92,281.33,45,46,123.75,121.5,2836.57,2625.76,773.98,716.46,0,0,3241.79,3000.86,1215.67,1125.32,2727.16,2524.48,4862.69,4501.3,2763.63,2558.24,405.22,375.11,3241.79,3000.86,2431.34,2250.65,0,0,1215.67,1125.32,4862.69,4501.3,-7.07,-7.07,-2,-2,7699.25,7127.05,9.33,9.49,911.75,843.99,911.75,843.99,1215.67,1125.32,303.92,562.66,119.98,119.98,27.72,34.4,12,12,49.93,46.46,23.65,23.44,19.14,19.41,50,50,1,1,50,50,100,100,56.57,57.37,56.33,62.38,69.32,69.58,2.22,4.11,1215.67,1125.32,54.67,57.17,50,43.33,18.17,19.44,85.21,82.5,3.24,3.24,93.2,93.2,570.34,632.25,0,0,64,64,68.14,66.75,810.45,750.22,515.55,526.77,0.37,0.35,145.93,140.69,10.63,10.03,17.16,17.16,492.17,492.17,2.31,2.27,52.78,50.89,52.65,51.4,-66.33,-66.33,66.33,66.33,100.2,100.2,44367.96,41351.92,22294.35,23384.75,80439,67972,810.45,750.22,10.75,9.6,101.31,93.78,3600000000,6200000000,36292.99,33329.65,6.87,6.91,13.84,12.37
WAtheregionofducks,77.5,75.33,78.89,80.67,82,82,4.22,3.96,37.74,36.23,37.37,37.37,731.88,737.42,24.75,28,171,162,-3.16,-3.16,4918.24,4955.45,1171.01,1179.87,5269.54,5309.41,9016.77,9085,-5.66,-5.66,5503.74,5545.39,-6.12,-6.12,-4.47,-4.47,2342.02,2359.74,0,0,0,0,585.5,589.93,-7.07,-7.07,0,0,-3.16,-3.16,6674.75,6725.26,4,4.36,-8.94,-8.94,292.75,294.97,0,0,292.75,737.42,7.84,7.84,23.71,25.27,6.84,6.84,89.26,86.87,32.29,31.73,2.82,2.99,50,50,1,1,50,50,130,130,47.5,48.36,26.86,29.23,65.64,66.56,28.07,25.87,439.13,442.45,29.91,32,75.33,72,7.05,7.44,107.58,106.02,0.71,0.71,94.13,94.13,123.29,148.55,0,0,64,64,73.06,72.53,146.38,147.48,351.93,373.92,1.57,1.36,155.56,143.07,14.52,14.24,33.18,33.18,743.12,743.12,3.43,3.16,26.93,29.13,56.5,57.25,-59.58,-59.58,67.45,67.45,92.89,92.89,42507.61,43271.73,19597.21,20667.09,82667,81776,146.38,147.48,17.29,16.94,-10.49,-10.49,70800000000,79100000000,39532.08,40069.62,3.66,3.89,21.34,19.88
Lamoris,71.89,71.78,57.33,64.33,60,60,1.36,1.35,22.8,22.55,42,42,3102.19,3301.43,33.17,33.33,150.75,150.75,1813.59,1930.07,-4.2,-4.2,-6,-6,-2.68,-2.68,-7.56,-7.56,-10.24,-10.24,-3.46,-3.46,-12,-12,-8.83,-8.83,1336.33,1422.15,-11.49,-11.49,-7.21,-7.21,-6.48,-6.48,-15.87,-15.87,7111.18,7567.89,304.68,324.25,1813.59,1930.07,15.13,15.23,3221.51,3428.41,9187.27,9777.31,1312.47,1396.76,1551.1,2031.65,158.85,158.85,73.63,74.04,12,12,29.74,29.53,37.24,37.22,2.03,2.04,52.16,52.16,6.28,6.28,50,50,179,179,64.83,64.85,99.74,99.93,90.17,90.28,13.47,13.58,835.21,888.85,82.71,82.89,30,29.5,69.31,69.49,16.43,15.34,1.38,1.38,93.56,93.56,619.88,625.36,0,0,62,62,52.22,52.15,357.95,380.93,1054.14,1054.16,0.3,0.3,120.81,120.27,9.32,9.31,16.98,16.98,1050.23,1050.23,1.36,1.36,41.53,41.42,62.06,63.43,-61.16,-61.16,44.05,44.05,101.45,101.45,37888.96,40703.28,32233.89,34729.41,43778,46909,3340.82,3555.39,2.67,2.67,835.21,888.85,3800900000000,4998000000000,11631.91,12414.5,2.52,2.52,13.94,13.94
Fynnigan,7,7,6,4,1,1,1.12,1.08,33.85,34.74,43.68,43.68,422.63,344.12,93,93,15.75,15.75,-4.9,-4.9,717.82,584.48,-5.83,-5.83,-6,-6,234.07,190.59,4804.43,3911.97,-6.16,-6.16,-7.94,-7.94,-11.22,-11.22,-9.17,-9.17,-11.14,-11.14,-10.2,-10.2,-9.17,-9.17,-9.7,-9.7,-9.9,-9.9,-13.9,-13.9,0,0,15.72,15.81,877.76,714.71,715.22,582.36,1137.84,926.48,422.63,423.53,8.11,8.11,88.97,92.58,13.62,13.62,11.36,11.13,1.3,1.3,35.85,35.85,46.97,46.97,1,1,50,50,98,98,69.17,69.32,91.42,92.13,68.41,67.65,45.95,46.62,1072.82,873.54,106.28,106.41,-94,-96,66.01,66.24,12.57,11.04,31.2,31.2,91.04,91.04,10924.18,11390.62,-8,-8,64,64,75.37,75.16,585.18,476.48,619.73,621.39,0.2,0.2,14.7,14.7,9.27,9.25,31.45,31.45,581.9,581.9,2.02,2.02,9.05,8.38,44.05,43.35,-35.36,-35.36,-21.21,-21.21,109.7,109.7,14514.45,11897.69,13647.92,11424.15,15340,12340,747.73,608.83,2.35,2.34,390.12,317.65,40800000000,46400000000,4934.91,4021.42,17.66,17.66,9.34,9.04
Wabacha,58,58,96.5,96.69,64.48,64.48,1.31,1.31,19.52,19.52,50.37,50.37,11082.28,11055.01,49.5,49.5,20.75,20.75,-20.98,-20.98,-15.75,-15.75,-13.49,-13.49,-10.95,-10.95,-19.88,-19.88,-13.27,-13.27,-19.34,-19.34,-23.4,-23.4,-16.06,-16.06,-17.32,-17.32,-19.75,-19.75,-17.78,-17.78,-13.78,-13.78,-23.75,-23.75,-12.91,-12.91,-30.61,-30.61,0,0,24.64,24.7,1791.08,1786.67,15671.92,15633.34,8283.73,8263.34,4589.63,4913.34,543.93,543.93,76.09,76.4,19.85,19.85,22.47,22.32,59.59,59.59,1.17,1.17,42.83,42.83,14.65,14.65,50.99,50.99,326,326,81.88,81.89,127.33,127.38,92.03,92.04,10.56,10.68,8171.79,8151.67,108.32,108.33,27,26.62,67.05,67.19,-45.26,-46.32,0.53,0.53,95.15,95.15,754.6,757.99,1,1,112,112,56.64,56.49,1791.08,1786.67,1352.09,1352.08,0.18,0.18,93.69,93.69,5.13,5.13,15.62,15.62,2124.16,2124.16,0.68,0.68,44.44,44.32,83.54,84.88,-97.66,-97.66,49.03,49.03,106.84,106.84,67948.96,68116.7,58821.49,59093.78,77309,77352,12313.65,12283.34,1.93,1.93,111.94,111.67,354200000000,357100000000,22355.21,22342.28,21.12,21.12,132.42,132.42
Percanaypso,57.33,57.33,53,46.33,57.33,57.33,3.23,2.75,32.83,32.55,42,42,298.61,280.89,50,50,112.5,112.5,4777.77,4494.22,4278.09,4024.2,3981.47,3745.19,1592.59,1498.07,-7.75,-7.75,889.86,837.05,-7.75,-7.75,-5,-5,4379.62,4119.7,4379.62,4119.7,3185.18,2996.15,1194.44,1123.56,-4.47,-4.47,-6.32,-6.32,-4.47,-4.47,0,0,8759.24,8239.41,9.33,9.49,895.83,842.67,895.83,842.67,1194.44,1123.56,298.61,561.78,119.98,119.98,30.93,36.43,12,12,49.72,46.99,22.27,22.27,20.87,20.87,50,50,1,1,50,50,100,100,57.1,57.7,59.02,63.97,69.39,69.69,1.64,3.31,1194.44,1123.56,84.98,86.69,46.75,41.75,19.18,20.33,83.61,81.28,3.5,3.5,93.16,93.16,637.09,679.34,0,0,64,64,67.39,66.11,796.29,749.04,527.78,534.99,0.32,0.31,126.07,126.07,10.86,10.41,17.16,17.16,476.61,476.61,2.26,2.24,53.36,51.69,52.01,50.99,50.99,50.99,48.99,48.99,100.2,100.2,42080.19,39863.76,22453.23,23253.86,72603,63839,796.29,749.04,10,9.09,99.54,93.63,93800000000,146300000000,34000.79,31771.42,7.09,7.09,13.52,12.31
Zhonghua-Diguo,39.33,39.33,51.11,57.56,44,44,1.91,1.88,27.59,27.22,43,43,1251.04,1329.18,63.5,63.5,83.25,83.25,-6.32,-6.32,2144.65,2278.6,0,0,-5.29,-5.29,4074.83,4329.33,-9.38,-9.38,3860.36,4101.47,1340.4,1424.12,822.11,873.46,1429.76,1519.06,-12.25,-12.25,-10.54,-10.54,1429.76,1519.06,-12.41,-12.41,4217.8,4481.24,1258.19,1336.78,3860.36,4101.47,13.34,13.45,1519.12,1614.01,2144.65,2278.6,1161.68,1234.24,982.96,1329.18,1199.43,1199.43,52.41,53.21,16.29,16.29,39.25,38.72,23.94,23.94,18.75,18.75,52.16,52.16,3.3,3.3,53.38,53.38,139,139,65.25,65.3,89.41,90.03,77.18,77.98,11.31,11.7,1429.76,1519.06,74.63,74.72,41.33,40.17,39.35,40,51.34,50.15,6.35,6.35,92.81,92.81,900.19,911.76,-8,-8,67,67,58.09,57.2,804.24,854.47,1057.01,1056.9,0.28,0.28,166.85,166.85,10.06,9.99,12.6,12.6,807.18,807.18,1.35,1.35,43.69,43.3,55.67,57.05,14.14,14.14,-14.14,-14.14,106.51,106.51,45848.95,48997.42,32542.87,35062,62091,65888,1608.48,1708.95,2.63,2.62,536.16,569.65,244000000000,299600000000,27830.31,29398.45,13.1,13.1,19.05,18.71
The Baltic Confederation,16,16,60.67,59.56,53.33,53.33,2.39,2.29,29.32,29.12,43,43,1076.43,1064.96,84,84,36,36,4853.7,4802,4885.02,4832.98,6967.41,6893.2,4775.42,4724.55,3992.56,3950.03,-7.1,-7.1,1252.57,1239.23,-3.46,-3.46,1800.57,1781.39,939.43,929.42,-9.27,-9.27,704.57,697.06,1330.85,1316.68,-11.66,-11.66,-2.8,-2.8,-8.49,-8.59,13073.68,12934.43,10.63,10.77,587.14,580.89,1272.14,1258.59,1467.85,1452.22,489.28,774.52,468.75,468.75,41.91,43.67,14.16,14.16,47.76,46.43,15.84,15.84,27.11,27.11,47.8,47.8,2.52,2.52,50.99,50.99,130,130,62.13,62.27,89.51,91.42,73.99,74.32,13.72,13,1467.85,1452.22,106.41,106.5,52.5,49.67,22.99,23.79,76.06,74.58,3.76,3.76,93.12,93.12,923.4,951.98,-8,-8,66,66,68.07,67.39,685,677.7,960.56,974.75,0.24,0.24,29.54,29.54,11.87,11.62,15.95,15.95,764.82,764.82,1.57,1.56,41.28,42,55.17,55.06,47.43,47.43,81.55,81.55,105.5,105.5,49104.6,48871.99,30904.14,31446.66,73740,72016,685,677.7,3.08,3.05,782.86,774.52,148800000000,183600000000,37810.54,37240.46,15.71,15.71,21.39,20.29
Greece-Cyprus,17.25,17.25,66.89,64.67,30.67,30.67,2.77,2.63,31.07,30.78,40.78,40.78,1008.65,992.05,82.75,82.75,40.5,40.5,4181.31,4112.49,1056.33,1038.94,5648.43,5555.46,5355.01,5266.87,-1.9,-1.9,-9.08,-9.08,1393.77,1370.83,2475.77,2435.02,2274.04,2236.62,1247.06,1226.53,-8.72,-8.72,-5.66,-5.66,5281.65,5194.72,190.73,187.59,5978.54,5880.13,5342.86,5182.77,11223.51,11038.78,9.54,9.7,275.09,270.56,733.56,721.49,825.26,811.67,183.39,450.93,468.75,468.75,36.09,38.02,12,12,44.38,43.09,17.9,17.9,25.37,25.37,51,51,1,1,50.99,50.99,129,129,59.1,59.28,59.77,62.14,71.43,71.82,21.23,20.12,1375.43,1352.79,92.21,92.79,59.33,56,11.6,12.41,94.22,92.62,11.73,11.73,92.32,92.32,1045.1,1157.93,-8,-8,64,64,70.06,69.36,641.87,631.3,751.72,769.66,0.26,0.26,26.14,26.14,12.04,11.74,15.95,15.95,763.7,763.7,1.8,1.77,33.77,34.88,56.06,55.3,-15.81,-15.81,89.16,89.16,105.84,105.84,57543.2,56794.47,33399.86,33907.15,92539,89191,641.87,631.3,6.39,5.92,91.7,90.19,104600000000,119400000000,50868.19,49751.95,14.25,14.25,21.69,20.21
Dniesteria,57.33,57.33,50,45.56,57.33,57.33,2.07,1.98,31.7,31.5,42,42,1067.29,1025.61,50,50,112.5,112.5,-6.48,-6.48,455.38,437.6,-4.69,-4.69,-9.06,-9.06,-6.63,-6.63,-6.39,-6.39,1328.18,1276.32,-5.61,-5.61,1328.18,1276.32,5122.99,4922.95,-6.48,-6.48,-1.41,-1.41,3699.94,3555.46,-6.48,-6.48,-9.06,-9.06,5838.15,5519.02,1328.18,1276.32,9.64,9.8,1067.29,1025.61,1067.29,1025.61,1423.05,1367.49,355.76,683.74,119.98,119.98,48.27,50.49,12,12,48.5,46.66,21.59,21.59,21.66,21.66,50,50,1,1,50,50,120,120,58.79,58.97,69.54,72.15,70.65,70.89,2.36,3.47,1423.05,1367.49,71.27,71.8,44.5,41.17,30.97,32.03,71.53,69.94,3.5,3.5,93.16,93.16,655.93,684.35,0,0,64,64,65.25,64.12,948.7,911.66,764.31,763.37,0.3,0.3,127.3,127.3,10.3,10,17.16,17.16,688.65,688.65,1.78,1.78,52.64,51.53,51.98,51.39,50.99,50.99,-60.83,-60.83,100.2,100.2,34228.07,33142.23,23244.44,23056.66,48157,45669,948.7,911.66,7.1,6.7,118.59,113.96,174900000000,284600000000,23617.37,22536.71,7.09,7.09,12.82,12.12
Ducal Imperium,40.33,40.33,77.33,72.89,12,12,12.04,8.22,35.5,34.43,38.75,38.75,186.94,182.12,62.75,62.75,85.5,85.5,4710.97,4589.31,-3.82,-3.82,972.11,947,2766.76,2695.31,1645.1,1602.62,6135.86,5977.39,1719.88,1675.46,3542.2,3450.72,2018.99,1966.85,2467.65,2403.92,-3.74,-3.74,1383.38,1347.65,3589.31,3496.62,5832.64,5682,6430.85,6264.77,7731.98,7325.37,7402.96,7211.77,9.33,9.49,-4.47,-4.47,747.77,728.46,1495.55,1456.92,186.94,455.29,624.65,624.65,8.31,12.17,10.55,10.55,35.77,34.13,17.01,17.01,26.15,26.15,47.8,47.8,1,1,51.48,51.48,101,101,52.53,53.62,27.56,32.1,67.07,67.91,25.83,23.61,1869.43,1821.15,43.35,44.88,75,68.33,8.95,9.35,104.61,101.78,22.41,22.41,91.57,91.57,837.89,902.66,-4,-4,64,64,73.1,72.28,654.3,637.4,262.96,291.74,0.47,0.44,144.13,144.13,12.74,12.15,15.24,15.24,494.68,494.68,18.85,4.94,29.17,31.39,57.76,56.7,-54.31,-54.31,65.19,65.19,101.04,101.04,64731.11,63125.63,16424.31,19995.02,197740,164323,654.3,637.4,14.89,13.99,-5.48,-5.48,10000000000,20600000000,58970.04,57191.82,15.58,15.58,25.01,22.57
Breizhann,78.44,75.5,66.67,63.11,80.67,80.67,5.62,4.3,32.24,31.62,44.28,44.28,-5.48,-5.48,23.33,27.75,173.25,164.25,2425.08,2366.37,-3.46,-3.46,4850.17,4732.75,3556.79,3470.68,3314.28,3234.04,5919.22,5775.92,3395.12,3312.92,3811.42,3719.15,808.36,788.79,6871.07,6704.72,0,0,3920.55,3825.64,0,0,-4.47,-4.47,1050.87,1025.43,-2.37,-2.37,10670.37,10412.04,7.62,7.75,1919.86,1873.38,909.41,887.39,202.09,197.2,-3.16,197.2,8.36,8.36,17.8,23.25,14.64,14.64,70.6,66.19,36.25,35.52,2.14,2.22,52.64,52.64,1,1,50.5,50.5,99,99,55.25,56.22,51.49,58.64,70.03,70.75,23.1,19.41,404.18,394.4,54.74,59.87,61,54.33,8.8,9.14,103.21,100.83,0.69,0.69,94.23,94.23,183.89,236.73,0,0,64,64,70.31,69.26,202.09,197.2,322.42,365.8,0.97,0.59,277.74,244.67,11.75,11.16,30,30,427.42,427.42,3.95,3.25,31.9,35.59,55.91,55.26,24.49,24.49,73.48,73.48,99.3,99.3,52218.11,51151.12,20523.54,23327.62,115293,100352,1616.72,1577.58,12.36,11.2,-3.16,-3.16,1200000000,1600000000,47622.91,46496.36,1.52,1.56,16.98,15.18
The Untitled Region,57.33,57.33,44,40,57.33,57.33,1.88,1.8,31.66,31.54,42,42,1388.67,1325.05,50,50,112.5,112.5,3610.55,3445.13,-7.59,-7.59,4536.34,4328.5,-1.41,-1.41,3110.63,2968.11,-7.8,-7.8,2684.77,2561.76,-6.82,-6.82,-3.46,-3.46,-7.87,-7.87,370.31,353.35,-9.06,-9.06,1296.1,1236.71,-9.06,-9.06,-7.21,-7.21,2711.46,2507.73,10831.66,10335.39,9.8,9.95,1041.51,993.79,1041.51,993.79,1388.67,1325.05,347.17,662.53,119.98,119.98,53.33,55.42,12,12,46.01,44.33,21.76,21.76,21.47,21.47,50,50,1,1,50,50,130,130,59.2,59.36,72.73,75.08,70.7,70.84,3.86,4.86,1388.67,1325.05,78.91,79.41,40,37,34.71,35.77,68.18,66.64,3.5,3.5,93.16,93.16,694.44,720.73,0,0,64,64,62.49,57.91,925.78,883.37,775.86,774.95,0.3,0.3,127.71,127.71,11.52,11.25,17.16,17.16,770.3,770.3,1.76,1.76,51.14,50.14,50.89,50.27,67.82,67.82,17.32,17.32,100.2,100.2,30725.65,29569.67,22012.4,21625.58,41276,39018,925.78,883.37,6.14,5.68,115.72,110.42,370300000000,485700000000,20063.85,18983.73,7.09,7.09,10.39,9.87
Tatarica,82.17,82.17,96.42,96.61,79.47,79.47,1.53,1.53,20.39,20.36,42,42,13337.14,13385.37,17.83,17.83,220.75,220.75,-11.92,-11.92,-11.38,-11.38,-13.54,-13.54,-7.43,-7.43,-16.04,-16.04,-12.52,-12.52,-20.3,-20.3,-21.94,-21.94,-15.3,-15.3,-19.8,-19.8,-22.41,-22.41,-9.67,-9.67,-11.49,-11.49,-19.52,-19.52,20916.91,20992.54,-9.57,-9.57,0,0,26.78,26.83,8891.43,8923.58,12003.43,12046.83,7379.89,7406.57,2311.77,2587.84,501.72,501.72,65.18,65.51,18.34,18.34,39.7,39.5,96.63,96.63,0.81,0.81,62.05,62.05,8.22,8.22,56.53,56.53,434,434,85.85,85.87,123.2,123.25,91.43,91.45,23.97,24.11,6490.74,6514.21,72.21,72.24,40.71,40.29,87.41,87.55,-140.12,-141.19,0.89,0.89,93.75,93.75,265.43,267.74,7,7,120,120,44.6,44.57,-11.83,-11.83,1461.49,1461.47,0.22,0.22,131.96,131.96,8.76,8.75,15.8,15.8,3146.33,3146.33,0.58,0.58,31.03,30.89,85.6,86.94,-153.66,-153.66,120.17,120.17,65.19,65.19,84668.45,85242.31,67518.12,68157.5,103580,104037,13337.14,13385.37,1.86,1.85,-7.75,-7.75,860200000000,871500000000,10668.22,10655.29,0.76,0.76,143.02,143.02
Chicken Burger,72,70.89,35.11,36.67,41.33,41.33,1.64,1.62,28.96,28.81,42,42,1016.42,1025.68,33,34.67,150.75,148.5,993.83,1002.89,-6.2,-6.2,2800.81,2826.32,-7.87,-7.87,973.96,982.83,-10.16,-10.16,-8.83,-8.83,3501.01,3532.9,-9.49,-9.49,-6.16,-6.16,-9.9,-9.9,-5.29,-5.29,-6.16,-6.16,-10.39,-10.39,-5.16,-5.16,-7.5,-7.55,3794.64,3829.2,10.54,10.68,903.49,911.72,2258.72,2279.29,1355.23,1367.57,677.61,1025.68,119.98,119.98,60.96,61.58,12,12,31.68,31.34,26.88,26.56,13.99,14.62,50,50,3.3,3.3,50,50,120,120,60.39,60.46,79.74,80.49,74.6,74.85,15.76,15.48,1355.23,1367.57,78.36,79.96,33.33,32.5,45.6,46.42,59.2,58.06,5.63,5.63,92.89,92.89,708.99,731.08,0,0,64,64,57.81,57.01,903.49,911.72,734.55,739.88,0.34,0.33,192.91,185.54,9.78,9.78,17.16,17.16,702.49,702.49,1.82,1.81,39.24,39.52,52.14,52.45,70.71,70.71,-43.59,-43.59,99.76,99.76,26117.98,26697.76,20097.42,20654.24,32968,33541,1806.97,1823.43,3.73,3.68,0,0,2097300000000,2330800000000,14208.18,14310,6.31,6.36,10.74,10.55
Nova Phoenixia,72,71.83,40.44,47.78,42.67,42.67,1.68,1.67,28.78,28.37,44.28,44.28,1065.12,1146.38,33,33.25,150.75,150.75,473.39,509.5,-2.83,-2.83,-4.9,-4.9,-4.9,-4.9,4449.83,4789.32,-8.94,-8.94,-6.78,-6.78,-2.74,-2.74,3597.73,3872.22,-4.47,-4.47,-3.16,-3.16,3077.01,3311.76,-7.75,-7.75,-12.65,-12.65,800.02,861.06,492.32,529.88,473.39,509.5,9.43,9.59,1065.12,1146.38,1893.54,2038.01,355.04,382.13,236.69,636.88,1034.67,1034.67,59.49,59.86,16.29,16.29,34.51,34.29,29.06,29.02,7.14,7.29,52.64,52.64,3.3,3.3,52.44,52.44,142,142,62.67,62.69,79.9,80.21,74.91,75.65,14.7,14.78,1183.46,1273.76,60.12,60.33,35.33,34.83,35.92,36.8,68.13,67.05,5.98,5.98,92.85,92.85,682.92,689.39,-4,-4,67,67,62.27,61.02,118.35,127.38,1027.64,1027.73,0.44,0.44,211.81,211.1,10.64,10.6,13.34,13.34,835.42,835.42,1.46,1.46,40.3,40.22,53.5,54.86,-38.73,-38.73,17.32,17.32,100.62,100.62,27759.35,30259.34,21084.21,23058.32,35441,38522,2130.24,2292.76,2.97,2.96,-4.47,-4.47,1497800000000,1798400000000,17793.74,19123.9,11.28,11.28,15.07,14.79
Bisofeyri World Assembly Mission,77.78,77.11,68.67,71.56,83,83,2.8,2.73,29.62,29.29,42,42,113.4,115.57,24.33,25.33,171,168.75,2358.75,2403.75,-7.38,-7.38,-4.24,-4.24,-2.19,-2.19,-2.5,-2.5,-3.35,-3.35,-6.93,-6.93,1814.43,1849.04,1360.82,1386.78,3265.97,3328.27,5534,5639.57,2358.75,2403.75,3719.57,3790.53,-10.86,-10.86,4445.34,4530.15,7720.91,7808.11,2358.75,2403.75,6.78,7,340.2,346.7,1701.02,1733.48,113.4,115.57,453.61,808.96,95.92,95.92,35.71,36.66,12,12,70.5,69.39,35.79,35.63,2.19,2.21,50,50,3.3,3.3,50,50,112,112,55.22,55.37,55.54,57.13,73.5,74.04,23.37,22.48,793.81,808.96,50.51,51.45,60,58.33,9.15,9.44,99.38,98.07,0.7,0.7,94.17,94.17,179.45,191.41,0,0,64,64,70.88,70.68,340.2,346.7,491.84,502.49,0.69,0.64,230.08,223.48,9.94,9.92,17.29,17.29,575.68,575.68,2.39,2.35,31.63,32.52,57.01,58.31,-34.79,-34.79,17.61,17.61,97.28,97.28,48028.37,49231.23,27717.86,28820.27,77611,78605,793.81,808.96,12.39,12.23,-7.07,-7.07,402200000000,479700000000,43657.79,44603.5,4.8,4.88,16.58,16.27
Cabbages,79.33,77.56,70.67,69.78,88,88,3.14,2.97,31.58,31.15,42,42,738.78,730.07,22,24.67,175.5,171,1654.87,1635.35,567.39,560.69,5201.04,5139.66,661.95,654.14,3546.16,3504.32,-6.39,-6.39,-7.21,-7.21,9456.43,9344.84,709.23,700.86,2836.93,2803.45,-1.41,-1.41,-3.46,-3.46,-6.48,-6.48,-7.21,-7.21,5555.65,5490.1,-3.74,-3.74,6855.91,6775.01,6.4,6.63,443.27,438.04,1329.81,1314.12,147.76,146.01,147.76,584.05,95.92,95.92,31.86,33.67,12,12,76.4,74.12,37,36.57,2.06,2.1,50,50,2.52,2.52,50,50,124,124,54.47,54.79,51.71,54.79,70.8,71.33,27.46,25.46,1034.3,1022.09,54.92,57.35,65,61.67,12.66,13.83,93.98,92.42,0.74,0.74,94,94,129.15,152.59,0,0,64,64,70.95,70.46,443.27,438.04,410.8,431.73,0.99,0.73,245.81,230.77,12.98,12.69,17.29,17.29,702.05,702.05,2.83,2.69,27.54,29.54,56.78,56.73,57.36,57.36,33.32,33.32,97.28,97.28,37902.54,37893.34,20554.12,21177.54,64521,62905,1034.3,1022.09,13.19,12.86,-7.07,-7.07,1887700000000,2534400000000,33088.92,32664.06,4.64,4.8,21.09,20
James Forsyte II,64.11,64,37.78,45.11,28.44,28.44,1.48,1.47,25.89,25.58,37.37,37.37,1133.18,1214.67,44.83,45,126,123.75,259.01,277.64,3418.97,3664.84,2201.61,2359.94,815.89,874.57,2085.05,2235,-8.76,-8.76,4921.24,5275.15,-3,-3,793.23,850.27,2849.14,3054.04,-8.49,-8.49,485.65,520.57,-3.46,-3.46,-13.86,-13.86,-2.9,-2.9,-7.38,-7.42,7381.86,7912.73,12.08,12.21,-10.49,-10.49,4208.96,4511.64,1214.12,1301.44,485.65,780.86,8.41,8.41,67.79,68.18,7.52,7.52,30.19,29.99,21.88,21.85,21.32,21.37,51,51,5.66,5.66,50.5,50.5,153,153,60.35,60.4,77.34,77.84,81.2,82.04,15.05,15.16,2023.54,2169.06,27.9,28.07,33.33,32.83,34.27,34.92,57.52,56.44,10.05,10.05,92.46,92.46,910.1,916.74,-8,-8,64,64,64.95,64.52,404.71,433.81,936.9,938.31,0.44,0.43,189.76,188.42,9.45,9.44,29.68,29.68,846.23,846.23,1.6,1.59,39.95,39.84,54.52,55.91,33.76,33.76,47.54,47.54,103.74,103.74,39178.91,42256.76,31901.89,34513.19,47057,50617,1133.18,1214.67,3.76,3.72,-14.83,-14.83,10531300000000,11996200000000,25740.54,27509.15,14.13,14.16,17.59,17.27
Sabanalarga,65.6,65.33,38.22,39.33,68.67,68.67,1.73,1.71,28.34,28.19,44.28,44.28,1095.06,1106.13,42.6,43,130.5,128.25,-7.87,-7.87,-3.1,-3.1,3106,3137.38,4220.97,4263.62,-1.25,-1.25,-8.99,-8.99,-3.95,-3.95,-3,-3,79.64,80.45,-3.46,-3.46,-11.92,-11.92,3106,3137.38,-7.21,-7.21,-12.73,-12.73,2946.72,2976.49,-11.2,-11.24,3106,3137.38,11.31,11.45,2289.68,2312.81,1891.47,1910.58,796.41,804.46,497.76,804.46,7.94,7.94,57.8,58.64,14.16,14.16,44.9,44.21,31.26,31.19,3.16,3.19,50,50,2.52,2.52,50,50,138,138,63.49,63.56,94.52,95.24,75.71,75.99,11.76,12.02,1592.82,1608.91,73.1,73.55,35.67,34.5,41.15,41.92,57.52,56.32,1.06,1.06,93.67,93.67,569.82,582.2,-8,-8,64,64,55.37,54.93,696.86,703.9,1019.91,1020.22,0.36,0.35,96.67,95.24,9.9,9.89,32.57,32.57,826.75,826.75,1.49,1.49,43.24,42.98,52.76,53.08,-49.5,-49.5,79.69,79.69,106.84,106.84,31474.13,32093.77,23540.35,24190.08,40728,41250,1692.37,1709.47,2.83,2.82,298.65,301.67,1707100000000,2051800000000,18506.79,18646.48,13.66,13.69,13.88,13.62
Nunchia,65.6,65.33,17,18.5,68.67,68.67,1.26,1.25,29.07,28.76,44.83,44.83,1145.22,1206.96,42.6,43,130.5,128.25,-9.49,-9.49,1832.36,1931.14,1526.97,1609.28,1483.34,1563.3,-6.48,-6.48,-7.48,-7.48,-3.61,-3.61,545.34,574.74,-7.14,-7.14,218.14,229.9,-13.42,-13.42,2181.38,2298.98,-8.94,-8.94,-6.32,-6.32,567.16,597.73,-11.26,-11.26,1526.97,1609.28,15.94,16.03,2126.84,2241.5,1581.5,1666.76,981.62,1034.54,818.02,1034.54,8.1,8.1,79.42,79.85,14.64,14.64,32.81,32.46,31.66,31.6,3.01,3.03,50,50,2.52,2.52,50,50,138,138,68.57,68.61,103.3,103.42,74.4,74.94,18.05,18.09,1417.9,1494.34,82.77,83.19,-83,-83.5,66.32,66.5,11.92,10.84,1.06,1.06,93.67,93.67,726.05,734.06,-8,-8,64,64,76.24,76.23,927.09,977.07,1056.36,1056.61,0.3,0.3,96.56,95.13,9.6,9.6,31.56,31.56,858.58,858.58,1.35,1.35,36.95,36.91,48.72,49.34,-38.08,-38.08,70.36,70.36,110,110,24562.32,26058.9,21751.71,23141.86,27387,28983,1472.43,1551.81,2.38,2.38,708.95,747.17,172200000000,199000000000,8277.5,8729.73,14.53,14.55,12.04,12.04
Ivernia,66.61,66.56,92.88,94.75,75.05,75.05,1.46,1.46,20.6,20.56,49.24,49.24,7903.8,7964.16,41.08,41.17,156.75,156.75,-17.15,-17.15,-10.35,-10.35,-8,-8,2451.39,2470.12,-14.24,-14.24,-10.08,-10.08,-10.45,-10.45,-18.04,-18.04,-11.75,-11.75,-15.62,-15.62,-19.6,-19.6,-13.19,-13.19,-7.35,-7.35,-15.84,-15.84,2137.19,2153.51,-18.22,-18.22,0,0,20,20.07,1580.76,1592.83,12646.08,12742.66,6931.03,6983.96,3647.91,4043.34,1095.87,1095.87,68.35,68.64,21.25,21.25,32.6,32.45,55.52,55.51,1.25,1.25,48.6,48.6,11.58,11.58,54.76,54.76,323,323,75.47,75.49,123.37,123.43,91.3,91.32,15.33,15.43,5471.86,5513.65,116.26,116.27,36.62,36.25,76.27,76.41,-28.23,-29.3,0.61,0.61,94.64,94.64,479.03,482.34,4,4,74,74,64.22,64.09,729.58,735.15,1259.85,1259.86,0.17,0.17,18.68,18.47,7.86,7.86,13.06,13.06,1878.66,1878.66,0.8,0.8,39.67,39.57,76.32,77.66,-128.16,-128.16,111.02,111.02,98.83,98.83,59978.42,60804.05,49049.52,49838.14,71765,72607,8025.4,8086.69,2.09,2.09,729.58,735.15,308100000000,314700000000,14214.89,14349.76,0.7,0.7,90.64,90.64
Anselm,21.25,21.25,79.33,77.56,72,72,14.87,9.76,34.01,32.93,40.78,40.78,93.43,92.67,78.75,78.75,49.5,49.5,2317.12,2298.33,5996.1,5947.5,4559.49,4522.53,3064.57,3039.73,269.08,266.9,3263.4,3236.94,6577.62,6524.3,2947.97,2924.07,2915.08,2891.45,3438.3,3410.43,-4.24,-4.24,4708.98,4670.81,3438.3,3410.43,-2.83,-2.83,4185.76,4151.83,2586.2,2565.24,13454.22,13345.17,8.83,9,186.86,185.35,654.02,648.72,1214.62,1204.77,467.16,741.4,463.1,463.1,6.73,10.25,12,12,78.35,74.34,22.7,22.7,20.36,20.36,50,50,1,1,50.99,50.99,102,102,56.18,56.97,58.3,64.18,68.27,69.29,25.18,22.96,1308.05,1297.45,63.35,65.23,78,71.33,8.02,8.41,109.74,107.03,0.86,0.86,93.77,93.77,485.27,534.85,-8,-8,64,64,73.59,72.81,560.59,556.05,364.27,397.49,0.32,0.31,27.25,27.25,13.31,12.73,15.97,15.97,485.97,485.97,3.27,2.94,29.82,32.04,58.28,58.18,41.23,41.23,66.33,66.33,105.5,105.5,66357.71,66097.86,14856.2,18963.4,220862,185019,560.59,556.05,11.25,10.19,0,0,48000000000,80100000000,61049.09,60545.64,14.42,14.42,30.8,27.98
Hansaria,57.33,57.33,61.33,54.67,57.33,57.33,4.03,3.36,32.83,32.49,42,42,288.12,273.57,50,50,112.5,112.5,4609.95,4377.08,4677.18,4440.91,4609.95,4377.08,1920.81,1823.78,4225.78,4012.32,-5.89,-5.89,-7.07,-7.07,1286.94,1221.93,1536.65,1459.03,384.16,364.76,-3.16,-3.16,4225.78,4012.32,1152.49,1094.27,-7.07,-7.07,3841.62,3647.56,6529.86,5981.15,9219.89,8754.15,9.33,9.49,864.37,820.7,864.37,820.7,1152.49,1094.27,288.12,547.13,119.98,119.98,24.8,29.75,12,12,53.04,50.39,24.88,24.88,17.42,17.42,50,50,1,1,50,50,100,100,56.35,56.97,54,58.8,69.4,69.76,1.56,1.22,1152.49,1094.27,83.66,85.35,53,48,14.41,15.6,90.17,87.72,3.5,3.5,93.16,93.16,586.18,626.74,0,0,64,64,68.9,67.86,768.32,729.51,446.83,466.71,0.33,0.32,126.07,126.07,13.71,13.28,17.16,17.16,511.39,511.39,2.61,2.5,53.44,53.78,53.34,52.35,55.68,55.68,53.85,53.85,100.2,100.2,50045.84,47572.48,23653.51,24851.3,95387,83533,768.32,729.51,11.04,10.19,96.04,91.19,23900000000,29400000000,42839.24,40151.18,7.09,7.09,13.27,12.09
Hulvin,65.94,65.94,90.38,92.24,65.71,65.71,1.32,1.31,18.61,18.59,67.99,67.99,16642.09,16712.44,42.08,42.08,68.5,68.5,-22.89,-22.89,-19.27,-19.27,-20.4,-20.4,-16.14,-16.14,-23.59,-23.59,-15.15,-15.15,-26.23,-26.23,-28.64,-28.64,-23.69,-23.69,-25.77,-25.77,-28.35,-28.35,-20.25,-20.25,-21.77,-21.77,-28.02,-28.02,-10,-10,-34.64,-34.64,0,0,34.67,34.71,14870.02,14932.88,13020.9,13075.94,12096.34,12147.47,3081.87,3327.01,1082.81,1082.81,75.97,76.32,35.15,35.15,8.23,8.24,98.25,98.25,0.8,0.8,52.16,52.16,16.08,16.08,55.65,55.65,579,579,109.12,109.13,134.4,134.44,92.78,92.8,13.64,13.78,6086.69,6112.42,146.86,146.86,27.14,26.71,85.86,85.99,-204.19,-205.26,1.77,1.77,93.46,93.46,671.79,675.46,10,10,123,123,40.48,40.37,2388.45,2398.55,1641.21,1641.2,0.12,0.12,81.36,81.36,6.33,6.33,13.12,13.12,3782.4,3782.4,0.47,0.47,41.36,41.22,81.09,82.21,-198.12,-198.12,109.23,109.23,113.24,113.24,92610.17,93233.78,80104.18,80842.36,105445,105923,14638.88,14700.76,1.58,1.58,1232.75,1237.96,487200000000,492100000000,13058.03,13052.73,0.75,0.75,155.65,155.53
QuietNation5,78.17,75.87,8,6,77.33,77.33,1.17,1.12,32.81,33.63,43.68,43.68,464.48,401.85,23.75,27.2,173.25,164.25,135.12,116.9,162.14,140.28,135.12,116.9,135.12,116.9,979.62,847.53,1683.6,1456.59,-3.95,-3.95,168.9,146.13,135.12,116.9,135.12,116.9,135.12,116.9,135.12,116.9,135.12,116.9,810.72,701.41,135.12,116.9,70.26,60.79,270.24,233.8,15.2,15.3,1900.13,1643.92,971.18,840.23,422.25,365.32,464.48,511.44,14.13,14.13,85.44,88.97,13.62,13.62,30.72,28.74,34.97,34.4,2.3,2.38,50,50,1,1,50,50,100,100,65.48,65.73,100.97,101.41,69.42,68.61,31.68,31.19,760.05,657.57,77.63,80.97,-92,-94,67.34,67.57,15.34,13.81,0.73,0.73,94.04,94.04,537.4,579.82,0,0,64,64,75.33,75.12,675.6,584.5,600.91,614.23,0.33,0.31,309.3,290.73,9.69,9.67,18.28,18.28,552.49,552.49,2.06,2.03,23.32,23.81,44.76,44.05,-36.06,-36.06,41.23,41.23,104.81,104.81,15561.48,13572.78,14322.76,12762.46,16764,14345,1097.85,949.82,2.6,2.58,548.93,474.91,12968000000000,12838400000000,5088.6,4397.58,6.78,6.95,7.29,7.25
Emo Cactus Wolf,78.22,71.33,56.89,63.33,90,90,2.13,2.1,26.93,26.53,42,42,1343.58,1424.13,23.67,34,173.25,148.5,-7.48,-7.48,1827.27,1936.81,-7.21,-7.21,3941.17,4177.44,-8.98,-8.98,-6.2,-6.2,-6.78,-6.78,-5.2,-5.2,537.43,569.65,3762.03,3987.55,-13.27,-13.27,2866.31,3038.14,3762.03,3987.55,-11.66,-11.66,6852.26,7263.04,-3.95,-3.95,0,0,9,9,447.86,474.71,3694.85,3916.35,447.86,474.71,-5.48,0,95.92,95.92,46.85,47.61,12,12,52.8,52.22,38.14,36.48,1.95,2.11,50,50,4.21,4.21,50,50,146,146,57.53,57.92,80.7,83.9,78.64,79.57,24.33,20.5,1119.65,1186.77,51.16,59.13,55.67,54.5,21.5,21.57,80.61,80.42,0.7,0.7,94.17,94.17,165.04,217.29,0,0,66,66,69.62,69.46,335.9,356.03,859.62,910.39,0.52,0.39,266.98,195.32,9.73,9.72,17.29,17.29,848.71,848.71,1.67,1.62,30.67,34.5,55.76,57.18,-86.02,-86.02,69.28,69.28,97.83,97.83,40195.47,42605.1,26863.64,28721.35,57336,60323,671.79,712.06,9.36,8.73,-6.32,-6.32,2660800000000,3066100000000,31553.44,33402.4,5.41,6.02,25.1,24.68
Andech,65.22,65,31.78,38.89,70.89,70.89,1.67,1.66,30.14,29.51,45.83,45.83,474.67,530.55,43.17,43.5,128.25,128.25,-5.48,-5.48,3797.38,4244.42,3987.25,4456.64,443.03,495.18,2025.27,2263.69,-9.38,-9.38,-3.61,-3.61,-5.48,-5.48,443.03,495.18,1898.69,2122.21,-3.16,-3.16,886.06,990.36,-7.07,-7.07,-5.48,-5.48,1835.4,2051.47,1459.98,1617.7,3987.25,4456.64,8.25,8.31,1107.57,1237.96,949.34,1061.1,-3.16,-3.16,-4.47,88.43,896.67,896.67,59.86,60.35,17.01,17.01,44.73,44.33,30.26,30.2,4.02,4.13,50,50,2.52,2.52,51.96,51.96,136,136,63.22,63.25,87.95,88.36,72.72,73.68,12.9,13.02,395.56,442.13,80.83,81.16,34.83,34.17,16.33,16.62,84.61,84.16,0.85,0.85,93.78,93.78,554.71,562.5,-8,-8,67,67,62.57,62.48,0,0,1052.56,1052.64,0.36,0.36,96.37,95.42,9.84,9.84,13.97,13.97,784.13,784.13,1.37,1.37,42.1,41.98,50.44,52.1,68.56,68.56,40,40,103.74,103.74,32028.88,35873.7,24406.75,27455.58,40775,45497,949.34,1061.1,2.87,2.87,-7.75,-7.75,1876900000000,2427200000000,26808.17,29918.67,12.69,12.69,16.42,16.42
Shirentwis,66,64.89,57.33,48.44,57.33,57.33,3.61,2.91,32.92,32.68,42,42,334.11,309.51,42,43.67,130.5,128.25,4454.75,4126.84,-2.83,-2.83,2227.37,2063.42,1781.9,1650.74,4009.27,3714.15,6205.46,5748.69,5791.17,5364.89,-5.81,-5.81,-6.32,-6.32,-4.47,-4.47,-5.48,-5.48,-5.48,-5.48,2672.85,2476.1,-8.37,-8.37,445.47,412.68,-4.69,-4.69,12473.29,11555.15,9.33,9.49,1002.32,928.54,1002.32,928.54,1336.42,1238.05,334.11,619.03,119.98,119.98,27.72,34.4,12,12,51.46,47.86,24.22,23.88,18.37,18.83,50,50,1,1,50,50,100,100,56.47,57.28,55.13,61.12,69.3,69.55,3.22,4.89,1336.42,1238.05,54.92,57.89,50,43.33,22.17,23.49,81.45,78.74,3.5,3.5,93.16,93.16,546.98,613.07,0,0,64,64,67.84,66.38,890.95,825.37,456.75,468.77,0.4,0.37,158.55,151.88,10.86,10.26,17.16,17.16,518.52,518.52,2.55,2.49,51.78,50.11,52.64,51.39,10,10,48.99,48.99,100.2,100.2,40395.63,37731.68,20298.3,21337.49,73238,62021,890.95,825.37,10.87,9.74,111.37,103.17,7100000000,14600000000,31427.8,28864.74,6.73,6.78,12.56,11.25
Scambunny,66,64.89,57.33,48.44,57.33,57.33,3.61,2.91,32.87,32.59,42,42,268.91,249.73,42,43.67,130.5,128.25,2151.3,1997.81,2940.11,2730.34,2509.85,2330.78,4661.15,4328.59,1792.75,1664.84,3800.63,3529.47,-4.47,-4.47,2653.27,2463.97,-7.07,-7.07,1434.2,1331.87,-5.48,-5.48,1434.2,1331.87,3944.05,3662.65,3226.95,2996.72,2868.4,2663.75,6410.04,5689.65,4661.15,4328.59,9.33,9.49,806.74,749.18,806.74,749.18,1075.65,998.91,268.91,499.45,119.98,119.98,27.72,34.4,12,12,51.46,47.86,26.75,26.43,14.25,14.86,50,50,1,1,50,50,100,100,56.47,57.28,55.13,61.12,69.36,69.64,3.22,4.89,1075.65,998.91,70.69,74.09,50,43.33,13.28,14.59,91.28,88.41,3.5,3.5,93.16,93.16,546.98,613.07,0,0,64,64,68.44,67.1,717.1,665.94,448.13,460.03,0.37,0.34,158.55,151.88,10.79,10.19,17.16,17.16,512.76,512.76,2.6,2.54,51.78,50.11,52.66,51.42,-58.31,-58.31,83.07,83.07,100.2,100.2,50135.23,46544.89,25192.33,26321.4,90896,76507,717.1,665.94,10.87,9.74,89.64,83.24,7400000000,11600000000,43467.25,39749.33,6.73,6.78,15.16,13.55
Wheeljack86,82.33,78.67,65.33,64.89,60,60,6.16,4.66,36.08,34.42,42,42,-7.07,-7.07,17.67,23,186.75,173.25,5131.63,5133.44,4700.94,4702.6,2199.27,2200.05,4325.23,4326.76,1392.87,1393.36,-2,-2,5498.17,5500.12,916.36,916.69,2859.05,2860.06,1099.63,1100.02,1099.63,1100.02,4655.12,4656.77,4765.08,4766.77,1832.72,1833.37,-2.65,-2.65,2536.49,2537.39,12829.07,12833.61,5.1,5.1,824.73,825.02,366.54,366.67,-3.16,-3.16,-5.48,0,17.41,17.41,16.23,21.45,13,13,59.43,55.93,30.3,29.34,3.95,6.27,51,51,1,1,50.5,50.5,107,107,49.99,52.21,24.47,29.51,66.66,67.92,16.31,12.31,733.09,733.35,21.32,24.67,63,56.33,5.32,5.51,120.66,118.94,3,3,93.23,93.23,285.93,356.67,-4,-4,64,64,71.86,71,0,0,376.08,426.81,3.64,2.9,312.12,264.16,12.26,11.67,18.06,18.06,542.56,542.56,3.14,2.72,38.69,42.69,53.43,53.84,-57.88,-57.88,79.69,79.69,100.62,100.62,55877.93,55897.7,20849.97,24379.92,128462,113664,458.18,458.34,16.19,15.12,-7.75,-7.75,6200000000,8000000000,52916.4,52823.32,11.85,12.02,19.26,17.26
Tairain,66,64.89,57.33,48.44,57.33,57.33,3.61,2.91,32.96,32.7,42,42,307.8,285.05,42,43.67,130.5,128.25,5335.2,4940.9,4928.91,4564.63,4514.4,4180.76,-7.07,-7.07,5335.2,4940.9,3705.92,3432.02,0,0,-5.46,-5.46,-8.37,-8.37,0,0,3283.2,3040.55,2462.4,2280.41,-5.48,-5.48,2462.4,2280.41,-8.37,-8.37,-4.69,-4.69,9849.61,9121.65,9.33,9.49,923.4,855.16,923.4,855.16,1231.2,1140.21,307.8,570.1,119.98,119.98,27.72,34.4,12,12,51.46,47.86,23.34,23,19.54,19.98,50,50,1,1,50,50,100,100,56.47,57.28,55.13,61.12,69.27,69.53,3.22,4.89,1231.2,1140.21,72.08,75.51,50,43.33,18.69,19.96,84.67,81.96,3.5,3.5,93.16,93.16,546.98,613.07,0,0,64,64,68.04,66.63,820.8,760.14,427.07,438.68,0.37,0.34,158.55,151.88,11.68,11.09,17.16,17.16,501,501,2.72,2.65,51.78,50.11,52.63,51.38,87.18,87.18,-45.83,-45.83,100.2,100.2,43826.66,40872.61,22022.35,23113.7,79458,67184,820.8,760.14,10.87,9.74,102.6,95.02,6300000000,11600000000,35631.07,32698.09,6.73,6.78,12.95,11.59
Daingor,72.67,70,80.67,76.22,67.33,67.33,17.35,11.04,35.61,34.49,42,42,110.77,107.7,32,36,153,144,2658.47,2584.91,3996.57,3885.98,-4.47,-4.47,-6.32,-6.32,6203.1,6031.45,4014.29,3903.21,1329.24,1292.45,-5.44,-5.44,4873.86,4739,0,0,443.08,430.82,6646.18,6462.27,6646.18,6462.27,2215.39,2154.09,2215.39,2154.09,6468.95,6289.94,3987.71,3877.36,7.81,8,775.39,753.93,775.39,753.93,996.93,969.34,110.77,430.82,109.99,109.99,5.76,9.06,12,12,73.7,70.05,28.2,27.45,10.32,12.73,50,50,1,1,50,50,100,100,49.13,51.4,28.15,33.35,66.99,67.86,19.87,16.32,1107.7,1077.04,42.59,46.79,80,73.33,8.47,8.88,107.27,104.56,1.51,1.51,93.52,93.52,229.6,285.93,0,0,64,64,73.39,72.59,664.62,646.23,254.44,292.23,1.16,0.64,204.53,180.21,15.39,14.83,17.21,17.21,501.8,501.8,29.44,4.92,35.13,38.68,58.3,57.26,26.46,26.46,-41.23,-41.23,99.3,99.3,57569.18,56299.28,11742.97,15031.81,203777,165922,664.62,646.23,16.62,15.63,-3.16,-3.16,5500000000,6500000000,52675.8,51288.64,5.92,6.12,21.68,19.49
Octs Ove,68.67,67.6,22,20.67,69.33,69.33,1.59,1.41,31.26,30.99,45.83,45.83,517.58,504.78,38,39.6,139.5,137.25,-6.63,-6.63,1579.45,1540.42,3049,2973.63,338.78,330.4,1543.32,1505.17,-2.37,-2.37,3463.06,3377.46,1317.47,1284.9,809.3,789.3,-4.9,-4.9,3877.12,3781.29,1035.15,1009.57,2747.86,2679.94,-2,-2,734.02,715.87,82.21,80.18,6512.05,6351.09,16.16,16.25,1458.62,1422.57,894,871.9,1176.31,1147.23,705.79,826.01,1229.34,1229.34,62.7,70.68,18.02,18.02,38.29,34.45,30.12,29.84,4.28,4.91,51.62,51.62,1,1,53.38,53.38,106,106,68.94,69.37,104.79,105.37,71.19,71.54,18.3,19.55,1646.83,1606.13,50.26,52.01,-78,-83.33,46.27,47.23,28.14,25.75,1.16,1.16,93.63,93.63,635.01,693.87,-8,-8,67,67,77.07,76.61,752.84,734.23,1022.4,1024.37,0.35,0.33,265.03,257.94,9.92,9.87,12.47,12.47,541.11,541.11,1.48,1.48,36.7,35.45,48.21,48.1,78.1,78.1,44.72,44.72,110,110,36692.36,35923.1,28660.2,29906.13,45712,42311,1223.36,1193.12,2.36,2.34,-5.48,-5.48,800000000,1200000000,19703.8,18967.4,14.48,14.5,11.3,10.33
Foreveria,19.5,19.5,49.33,40.44,69.33,69.33,2.94,2.42,32.85,32.64,38.75,38.75,373.45,342.35,80.5,80.5,45,45,-7.07,-7.07,-4,-4,2539.45,2327.99,2688.83,2464.93,2091.31,1917.17,7086.19,6496.12,5228.28,4792.92,4201.3,3851.45,2166,1985.64,-5.48,-5.48,0,0,-6.32,-6.32,0,0,-3.16,-3.16,2091.31,1917.17,2750.93,2261.67,7767.73,7120.91,9.22,9.38,0,0,933.62,855.88,1120.35,1027.05,560.17,770.29,13.11,13.11,34.03,41.4,8.23,8.23,56.07,51.63,19.14,19.14,24.22,24.22,51.62,51.62,1,1,50,50,102,102,58.73,59.42,73.7,79.35,69.37,69.6,17.07,19.29,1587.16,1454.99,63.93,65.82,44,37.33,17.9,19.3,84.65,81.79,1.16,1.16,93.63,93.63,816.58,880.53,-4,-4,68,68,67.59,66.07,840.26,770.29,529.81,536.98,0.28,0.27,23.03,23.03,10.2,9.96,18.64,18.64,563.66,563.66,2.26,2.23,37.93,35.71,50.96,49.7,-21.21,-21.21,62.05,62.05,92.89,92.89,41393.53,37943.24,23270.99,23722.39,68376,57300,840.26,770.29,7.22,5.46,-5.48,-5.48,5700000000,10200000000,33984.09,30620.19,14.01,14.01,17.19,15.38
Dasaah,66,64.89,74,73.56,69.33,69.33,7.93,5.79,31.71,30.91,45.34,45.34,87.64,87.68,42,43.67,130.5,128.25,3295.34,3296.66,5317.41,5319.54,2944.77,2945.95,2594.2,2595.24,1191.93,1192.41,2700.77,2701.85,343.56,343.69,4885.51,4887.47,4697.61,4699.49,140.23,140.28,3996.47,3998.07,5398.74,5400.9,-6.78,-6.78,4347.04,4348.78,1542.5,1543.12,5290.82,5015.88,6583.66,6586.3,9.33,9.49,1314.63,1315.16,1051.7,1052.12,876.42,876.77,613.49,876.77,12.9,12.9,12.62,17.27,15.09,15.09,66.78,63.02,28.41,28.11,9.42,10.77,50,50,1,1,50,50,100,100,55.59,56.45,52.03,58.25,70.63,71.64,13.59,10.81,876.42,876.77,71.6,75.01,68,61.33,8.55,8.95,106.03,103.16,1.16,1.16,93.63,93.63,334.23,386.3,0,0,64,64,71.58,70.64,525.85,526.06,474.03,517.33,0.39,0.36,158.55,151.88,12.53,11.95,18.72,18.72,478.78,478.78,2.47,2.3,41.41,44.19,57.84,58.17,-7.07,-7.07,65.19,65.19,99.76,99.76,66458.56,66471.15,21491.57,25684.54,170348,148726,964.06,964.45,11.97,10.91,0,0,6000000000,7900000000,60809.58,60488.75,6.42,6.47,23.13,20.83
Krus Newifria,74.67,72.33,60,51.11,58.67,58.67,3.88,3.1,30.76,30.69,45.34,45.34,-3.16,-3.16,29,32.5,159.75,153,-5.83,-5.83,-4.01,-4.01,1867.48,1741.28,5469.06,5099.46,3001.31,2798.48,325.48,303.48,6536.2,6094.47,4396.59,4099.47,-8.12,-8.12,1200.53,1119.39,867.05,808.45,1100.48,1026.11,4868.8,4539.76,4868.8,4539.76,3734.97,3482.56,3863.19,3337.81,8403.68,7835.75,10.1,10.25,1750.77,1632.45,917.07,855.09,1584.03,1476.98,83.37,310.94,8.39,8.39,25.75,32.21,15.51,15.51,51.47,47.99,32.48,31.88,2.77,2.94,47.8,47.8,1,1,50.5,50.5,99,99,61.16,61.86,86.7,91.24,71.84,71.94,8.56,8.28,1584.03,1476.98,38.28,41.06,52,45.33,12.7,13.96,92,89.11,3.24,3.24,93.2,93.2,430.66,502.97,-8,-8,64,64,68.31,66.94,333.48,310.94,617.32,645.53,0.81,0.6,241.02,217.42,11.19,10.59,29.79,29.79,481.05,481.05,2.03,1.97,46.44,46.72,54.81,53.51,-79.37,-79.37,95.39,95.39,106.18,106.18,56518.24,52667.59,27274.97,28735.71,105912,89202,1167.18,1088.3,3.35,3.14,83.37,77.74,2200000000,5800000000,49340.43,45294.12,14.67,14.75,15.3,13.67
Versord,66.33,65.6,62.67,53.78,41.33,41.33,4.19,3.32,31.43,31.27,43.68,43.68,206.59,192.57,41.5,42.6,132.75,130.5,2727.04,2541.9,-3.77,-3.77,5619.36,5237.86,925.54,862.71,-3.46,-3.46,-2.13,-2.13,4214.52,3928.39,2298.98,2142.9,4792.99,4467.58,661.1,616.22,2313.86,2156.76,2355.17,2195.28,1074.29,1001.36,4792.99,4467.58,-5.29,-5.29,-1.25,-1.25,12560.93,11708.15,10.34,10.49,1652.75,1540.55,1136.27,1059.13,1136.27,1059.13,206.59,481.42,624.65,624.65,23.86,30.1,15.09,15.09,46.14,43.18,24.28,24.05,18.29,18.6,52.64,52.64,1,1,51.48,51.48,101,101,57.64,58.4,56.54,62.19,70.98,71.17,8.75,7.94,1032.97,962.84,70.79,73.74,54,47.33,22.02,23.25,79.97,77.26,7.53,7.53,92.69,92.69,606.29,670.92,0,0,64,64,68,66.58,723.08,673.99,452.17,480.3,0.37,0.35,197.68,192.91,13.08,12.5,15.24,15.24,498.69,498.69,2.58,2.44,46.25,47.06,55.12,53.85,68.41,68.41,46.04,46.04,100.2,100.2,48034.81,45062.52,22225.06,23689.59,93146,78712,1652.75,1540.55,9.18,7.88,309.89,288.85,5100000000,7300000000,37467.15,34562.96,2.74,2.79,13.93,12.45
Rhaval,49,49,82,81.56,11,11,17.35,11.04,36.6,34.87,37.37,37.37,-3.16,-3.16,56.25,56.25,99,99,475.65,474.63,5903.64,5890.9,1664.78,1661.19,5787.11,5774.62,1347.68,1344.77,3282.8,3275.71,7768.99,7752.22,654.02,652.61,-3.46,-3.46,475.65,474.63,3250.29,3243.28,5232.18,5220.89,2853.92,2847.76,6262.76,6249.24,1783.7,1779.85,5739.54,5727.15,9909.43,9888.04,6.93,7.14,-7.07,-7.07,495.47,494.4,891.85,889.92,495.47,791.04,7.89,7.89,5.76,9.06,6.84,6.84,36.37,34.79,13.72,13.72,28.67,28.67,51,51,1,1,50,50,99,99,48.75,50.8,17.63,20.96,66.32,67.55,25.66,23.43,1288.23,1285.45,27.44,28.59,80,73.33,5.94,6.34,121.14,118.43,23.9,23.9,91.47,91.47,740.77,801.74,-8,-8,64,64,74.43,73.69,396.38,395.52,207,232.31,1.2,1.08,58.24,58.24,13.28,12.7,32.88,32.88,471.8,471.8,71.06,58.3,29.34,31.57,58.52,58.93,-74.16,-74.16,87.18,87.18,103,103,65147.75,65303.79,13288.85,17436,230602,192459,396.38,395.52,16.78,15.93,-8.94,-8.94,6300000000,7500000000,61304.04,61189.65,13.39,13.39,29.13,26.42
Trigall,66.5,65.73,82,81.56,11,11,17.35,11.04,37.76,35.62,37.37,37.37,-3.16,-3.16,41.25,42.4,132.75,130.5,6319.18,6322.37,5716.42,5719.31,1111.06,1111.62,4583.14,4585.45,5485.88,5488.65,3469.3,3471.05,4027.61,4029.64,833.3,833.72,1770.76,1771.65,3194.31,3195.92,3888.72,3890.69,6006.69,6009.72,763.86,764.24,5624.76,5627.6,69.44,69.48,10189.89,9920.6,11457.85,11463.63,7.55,7.75,-7.07,-7.07,434.01,434.23,1041.62,1042.15,434.01,694.77,9.01,9.01,5.76,9.06,8.98,8.98,36.37,34.79,15.41,15.1,27.45,27.68,48.6,48.6,1,1,51.48,51.48,103,103,47.66,49.69,17.61,21.05,65.63,66.98,26.5,23.9,1649.24,1650.07,22.15,23.65,80,73.33,5.3,5.7,125.63,122.76,23.15,23.15,91.52,91.52,612.39,677.76,-8,-8,64,64,74.55,73.81,347.21,347.38,182.83,208.69,1.78,1.58,249.03,243.68,14.99,14.42,26.56,26.56,431.88,431.88,81.17,70.31,28.5,31.1,58.01,58.46,-72.11,-72.11,82.46,82.46,103,103,74321.2,74344.82,15160.04,19849.94,263073,219104,347.21,347.38,17.22,16.36,-8.94,-8.94,4700000000,6400000000,70382.17,70107.16,14.62,14.65,26.9,24.34
Eprithea,78.44,75.5,6,4.67,75.33,75.33,1.12,1.1,34.06,34.47,47.2,47.2,313.22,285.4,23.33,27.75,173.25,164.25,20.88,19.03,-2.53,-2.53,1837.58,1674.35,647.33,589.83,1545.24,1407.98,1190.46,1084.71,1294.66,1179.66,905.01,824.62,480.28,437.61,1169.37,1065.5,960.55,875.23,-6.86,-6.86,-8.25,-8.25,-7.62,-7.62,27.15,24.73,196.29,178.85,3153.12,2873.03,15.84,15.94,1148.49,1046.47,626.45,570.8,417.63,380.53,313.22,356.75,9.32,9.32,88.97,91.06,17.69,17.69,27.05,25.73,35.05,34.32,2.28,2.39,49.36,49.36,1,1,51.48,51.48,101,101,68.72,68.9,103.68,103.85,68.23,67.88,31.5,30.47,678.65,618.37,72.76,76.65,-94,-95.33,49.64,50.26,23.42,22.1,0.76,0.76,93.94,93.94,572.96,619.2,-8,-8,66,66,75.36,75.25,443.73,404.32,867.26,884.92,0.45,0.4,278.39,245.28,9.71,9.7,25.11,25.11,538.53,538.53,1.66,1.64,23.5,24.53,43.98,43.64,65.95,65.95,66.71,66.71,110.31,110.31,18116.85,16578.92,17035.25,15781.59,19147,17330,704.75,642.15,2.37,2.36,574.24,523.23,1700000000,1900000000,9130.89,8239.72,14.4,14.5,8.11,8.01
Loshiche,21.25,21.25,79.33,77.56,10,10,14.87,9.76,33.95,32.86,38.06,38.06,88.28,87.74,78.75,78.75,49.5,49.5,6073.61,6036.55,681.16,677.01,4873.01,4843.28,-2.83,-2.83,42.37,42.12,4374.06,4347.37,6850.47,6808.66,5882.22,5846.33,1271.22,1263.46,-4.24,-4.24,4308.03,4281.74,4943.64,4913.47,3954.91,3930.78,6426.73,6387.51,91.81,91.25,5370.54,5071.04,17797.1,17688.49,9.9,10.05,-5.48,-5.48,617.95,614.18,1500.75,1491.59,441.4,701.92,923.69,923.69,6.73,10.25,10.55,10.55,34.72,33.19,1.36,1.36,35.55,35.55,46.97,46.97,1,1,51.96,51.96,101,101,56.33,57.12,43.09,48.15,68.32,69.37,32.85,30.63,1677.31,1667.07,55.31,57.06,78,71.33,8.7,9.1,106.34,103.48,23.9,23.9,91.47,91.47,987.02,1181.67,-8,-8,67,67,73.65,72.86,529.68,526.44,322.91,354.19,0.32,0.31,26.71,26.71,13.26,12.68,13.85,13.85,475.1,475.1,3.94,3.4,22.15,24.37,58.3,58.21,83.67,83.67,-10,-10,103.74,103.74,70221.9,69789.85,15721.32,20022.63,233724,195353,529.68,526.44,11.05,9.98,-4.47,-4.47,1100000000,1900000000,64112.59,63438.97,16.22,16.22,35.74,32.65
Hoonis Fristland,66,64.89,57.33,48.44,57.33,57.33,3.61,2.91,32.95,32.7,42,42,324.71,300.77,42,43.67,130.5,128.25,2597.67,2406.19,-5.39,-5.39,2597.67,2406.19,-7.07,-7.07,1298.83,1203.1,989.28,916.36,3463.55,3208.26,948.15,878.26,2597.67,2406.19,3896.5,3609.29,-6.32,-6.32,-7.75,-7.75,-6.32,-6.32,3030.61,2807.22,2164.72,2005.16,-1.67,-1.67,8658.88,8020.64,9.33,9.49,974.12,902.32,974.12,902.32,1298.83,1203.1,324.71,601.55,119.98,119.98,27.72,34.4,12,12,51.46,47.86,24.73,24.4,17.64,18.12,50,50,1,1,50,50,100,100,56.47,57.28,55.13,61.12,69.28,69.53,3.22,4.89,1298.83,1203.1,60.28,63.41,50,43.33,20.94,22.24,82.51,79.8,3.5,3.5,93.16,93.16,546.98,613.07,0,0,64,64,67.91,66.47,865.89,802.06,563.84,577.23,0.39,0.36,158.55,151.88,10.8,10.21,17.16,17.16,506.78,506.78,2.16,2.12,51.78,50.11,52.63,51.38,71.41,71.41,-45.83,-45.83,100.2,100.2,41556.15,38793.83,20881.45,21938.14,75342,63767,865.89,802.06,10.87,9.74,108.24,100.26,4300000000,8700000000,32870.91,30181.6,6.73,6.78,12.23,10.95
Eastern Feo Hil,66,64.89,57.33,48.44,57.33,57.33,3.61,2.91,32.94,32.68,42,42,287.6,266.65,42,43.67,130.5,128.25,4601.59,4266.44,-4.66,-4.66,1150.4,1066.61,1533.86,1422.15,1150.4,1066.61,4406.02,4085.12,1917.33,1777.69,0,0,3834.65,3555.37,2300.79,2133.22,3834.65,3555.37,-5.48,-5.48,766.93,711.07,4601.59,4266.44,383.47,355.54,4371.51,3942.07,7669.31,7110.74,9.33,9.49,862.8,799.96,862.8,799.96,1150.4,1066.61,287.6,533.31,119.98,119.98,27.72,34.4,12,12,51.46,47.86,24.22,23.88,18.37,18.83,50,50,1,1,50,50,100,100,56.47,57.28,55.13,61.12,69.28,69.55,3.22,4.89,1150.4,1066.61,61,64.15,50,43.33,15.93,17.22,87.77,85,3.5,3.5,93.16,93.16,546.98,613.07,0,0,64,64,68.23,66.86,766.93,711.07,485.03,497.43,0.38,0.35,158.55,151.88,11.24,10.65,17.16,17.16,484.65,484.65,2.42,2.37,51.78,50.11,52.63,51.39,-30,-30,48.99,48.99,100.2,100.2,46890.15,43630.68,23561.72,24673.4,85012,71717,766.93,711.07,10.87,9.74,95.87,88.88,4400000000,7500000000,39434.62,36126.2,6.73,6.78,13.03,11.66
Terre des Dieu,70.67,69.33,74.67,74.22,75.33,75.33,8.37,6.07,31.66,30.91,44.28,44.28,-6.32,-6.32,35,37,146.25,141.75,4708.54,4712.73,-3.79,-3.79,3447.32,3450.39,3363.24,3366.24,302.69,302.96,4732.5,4736.72,-3.22,-3.22,-5.34,-5.34,4119.97,4123.64,1765.7,1767.28,-4.24,-4.24,2606.51,2608.83,4288.13,4291.95,84.08,84.16,-3.55,-3.55,7826.44,7488.38,8155.86,8163.13,7.42,7.62,1891.82,1893.51,840.81,841.56,210.2,210.39,210.2,525.97,7.84,7.84,11.95,16.49,14.16,14.16,73.65,69.49,31.48,31.13,3.08,3.22,50,50,1,1,50,50,106,106,56.11,56.97,52.8,58.67,70.7,71.64,19.23,16.34,1051.01,1051.95,51.93,55.12,69,62.33,8.14,8.58,107.35,104.48,0.76,0.76,93.94,93.94,239.69,285.93,-8,-8,64,64,71.8,70.88,105.1,105.19,467.21,511.26,1.19,0.81,104.92,99.03,11.81,11.22,33.18,33.18,550.93,550.93,2.5,2.32,35.77,38.66,58.42,58.74,-25.5,-25.5,68.92,68.92,105.16,105.16,56125.5,56146.09,17591.58,21136.26,147247,128197,1156.11,1157.14,11.33,10.19,-4.47,-4.47,2500000000,4000000000,51579.34,51317.52,12.93,12.99,22.15,19.92
Alla Deme,47.67,47.67,68.67,64.22,71.33,71.33,5.88,4.48,31.73,31.25,42,42,0,0,57.25,57.25,96.75,96.75,3700.97,3586.2,2070.69,2006.48,3330.88,3227.58,7327.93,7100.67,0,0,3991.5,3867.71,4811.27,4662.06,4141.39,4012.95,555.15,537.93,4811.27,4662.06,-3.16,-3.16,-4.8,-4.8,5921.56,5737.91,1480.39,1434.48,3182.84,3084.13,355.29,344.27,11843.11,11475.83,9.11,9.27,1295.34,1255.17,832.72,806.89,1202.82,1165.51,185.05,448.27,8.41,8.41,17.01,22.34,13,13,65.08,61.12,29.91,29.91,4.75,4.75,52.64,52.64,1,1,50.5,50.5,99,99,59.47,60.14,79.36,84.71,70.62,71.2,12.32,10.1,1295.34,1255.17,58.85,60.66,62,55.33,9.62,10.03,99.69,96.97,0.86,0.86,93.77,93.77,453.17,501.12,-8,-8,64,64,70.71,69.69,462.62,448.27,468.46,505.06,0.36,0.35,169.01,169.01,11.88,11.29,29.68,29.68,462.49,462.49,2.5,2.34,42.68,44.9,56.63,55.49,-79.37,-79.37,103.92,103.92,105.5,105.5,58541.99,56995.43,22426.53,25425.82,131867,113821,1295.34,1255.17,5.28,3.93,-3.16,-3.16,700000000,1600000000,52921.96,51295.88,12.36,12.36,22.65,20.39
Puppeneppestioia,8,8,3,2.33,3,3,1.06,1.05,37.6,37.47,42,42,169.89,169.45,92,92,18,18,582.47,580.96,555.77,554.33,-8.37,-8.37,97.08,96.83,485.39,484.13,3317.64,3309.03,-5.48,-5.48,-8.69,-8.69,-8.94,-8.94,-7.07,-7.07,194.16,193.65,-6.32,-6.32,-10.49,-10.49,-8.94,-8.94,0,0,-11.46,-11.48,582.47,580.96,12.04,12.17,315.5,314.68,315.5,314.68,533.93,532.54,169.89,242.06,141.46,141.46,94.4,95.02,12,12,11.23,11.14,1.04,1.04,37.95,37.95,50,50,1,1,50,50,100,100,64.09,64.12,81.5,81.68,65.72,65.79,45.92,46.14,388.31,387.3,109.31,109.33,-97,-97.67,40.02,40.7,49.42,48.31,28.66,28.66,91.19,91.19,10924.18,11077.86,0,0,64,64,75.37,75.36,291.23,290.48,473.57,473.12,0.2,0.2,16.56,16.56,9.26,9.26,17.06,17.06,538.13,538.13,2.47,2.47,9.08,8.86,41.4,41.42,-67.82,-67.82,33.17,33.17,101.85,101.85,10130.1,10176.41,9827.71,9906.39,10410,10426,291.23,290.48,2.75,2.75,121.35,121.03,4100000000,4800000000,6078.06,6034.61,9.2,9.2,7.53,7.53
Buried Alive,57.33,57.33,65.33,57.78,57.33,57.33,4.73,3.7,33.69,33.19,40.78,40.78,341.36,324.38,50,50,112.5,112.5,2275.75,2162.54,3989.38,3790.93,4551.49,4325.07,-5.48,-5.48,0,0,1954.87,1857.62,-4,-4,-6.69,-6.69,4096.34,3892.57,5916.94,5622.6,3641.19,3460.06,910.3,865.01,0,0,4551.49,4325.07,-7.75,-7.75,728.24,692.01,6827.24,6487.61,9,9.17,455.15,432.51,1024.09,973.14,1365.45,1297.52,341.36,648.76,119.98,119.98,21.16,27.05,10.55,10.55,54.14,50.72,21.71,21.71,21.53,21.53,50,50,1,1,50,50,100,100,55.1,55.95,47.67,53.93,68.55,69.03,2.89,0.67,1365.45,1297.52,73.36,75.39,57,50.33,17.89,19.2,87.27,84.55,3.24,3.24,93.2,93.2,554.71,607.64,0,0,64,64,69.71,68.58,910.3,865.01,393.51,429.01,0.35,0.33,126.07,126.07,12.89,12.3,17.16,17.16,478.5,478.5,2.97,2.71,52.11,54.33,53.95,52.77,78.1,78.1,-33.17,-33.17,100.2,100.2,45018.81,43103.69,19485.75,21373.14,92103,79004,910.3,865.01,12.53,11.54,0,0,1400000000,2300000000,36960.44,34827.78,7.09,7.09,15.15,13.54
Marraine,77.17,74.93,66,59.11,80,80,4.93,3.84,36.64,35.74,38.75,38.75,0,0,25.25,28.6,168.75,162,-9.7,-9.7,263.44,250.18,4719.98,4482.32,-4,-4,878.14,833.92,-2.53,-2.53,3073.48,2918.72,-6.05,-6.05,3622.31,3439.92,1975.81,1876.32,3622.31,3439.92,-3.74,-3.74,-3.74,-3.74,3073.48,2918.72,-3.13,-3.13,-4.98,-4.98,7793.46,7401.04,6.71,6.93,-6.32,-6.32,823.25,781.8,548.83,521.2,274.42,651.5,7.9,7.9,20.29,26.07,8.23,8.23,71.77,67.07,33.32,32.75,2.57,2.7,52.16,52.16,1,1,50,50,98,98,52.11,53.39,38.41,44.5,66.29,66.9,21.15,17.81,1234.88,1172.7,39.47,43.05,58,51.33,12.4,13.9,95.37,92.66,0.7,0.7,94.2,94.2,211.26,261.94,0,0,64,64,70.65,69.63,686.04,651.5,307.84,347.61,1.23,0.86,149.65,137.97,12.25,11.66,32.78,32.78,488.61,488.61,4.34,3.49,33.85,37.19,53.9,52.77,66.71,66.71,-12.25,-12.25,96,96,37927.79,36408.96,16039.11,17691.25,79046,67848,1234.88,1172.7,15.19,14.2,-8.37,-8.37,1500000000,2500000000,33224.74,31348.11,2.46,2.61,13.58,12.14
Aypumpy,78.5,76.13,52,43.11,48,48,3.14,2.56,35.16,34.66,37.37,37.37,85.59,78.71,23.25,26.8,173.25,166.5,-4.69,-4.69,3458.19,3180.02,3697.5,3400.08,-1.1,-1.1,273.89,251.86,5718.45,5258.47,4519.16,4155.65,2910.07,2675.99,1985.69,1825.97,1985.69,1825.97,4724.58,4344.55,1780.28,1637.08,3355.14,3085.26,-7.87,-7.87,3218.19,2959.33,262.93,241.78,8216.66,7555.73,7.55,7.75,-5.48,-5.48,599.13,550.94,427.95,393.53,85.59,314.82,463.1,463.1,31.86,39,8.23,8.23,46.24,42.84,28.83,28.17,7.94,10.46,50,50,1,1,50.99,50.99,108,108,52.52,53.74,31.49,36.91,67.33,67.72,13.14,14.18,770.31,708.35,35.07,38.52,46,39.33,8.73,9.14,101.78,99.07,5.29,5.29,92.93,92.93,488.91,566.15,0,0,64,64,69.1,67.88,513.54,472.23,384.96,402.23,1.36,1.17,154.7,142.24,9.95,9.89,15.97,15.97,562.68,562.68,3.05,2.9,41.86,40.82,51.3,50.1,70.43,70.43,20.98,20.98,96.68,96.68,47985.99,44362.22,26022.25,26852.75,81686,68859,513.54,472.23,14.9,13.89,-6.32,-6.32,2100000000,3800000000,43811.21,40325.26,5.2,5.39,16.48,14.73
Curious Inquiry,77.39,77.39,86,90.52,76.57,76.57,1.42,1.41,20.06,19.97,27.9,27.9,12877.4,13211.05,24.92,24.92,219,219,-24.25,-24.25,-11.59,-11.59,-14.28,-14.28,-12.44,-12.44,-16.12,-16.12,-12.93,-12.93,-16.85,-16.85,-21.7,-21.7,-15.49,-15.49,-19.44,-19.44,-20.45,-20.45,-15.1,-15.1,-16.37,-16.37,-22.96,-22.96,-7.27,-7.27,-22.58,-22.58,0,0,23.6,23.66,3411.96,3500.36,16509.49,16937.24,2641.52,2709.96,3191.83,3613.28,10.29,10.29,70.42,70.76,1.34,1.34,43.24,42.99,75.1,75.1,0.97,0.97,50,50,10.55,10.55,50,50,397,397,69.08,69.1,111.93,112,91.65,91.71,22.41,22.55,5062.91,5194.09,67.82,67.85,34,33.57,66.82,66.96,-41,-42.07,0.67,0.67,94.33,94.33,371.72,374.44,16,16,101,101,50.1,50.05,2531.45,2597.04,1328.38,1328.36,0.23,0.23,120.71,120.71,8.17,8.17,21.31,21.31,2711.16,2711.16,0.71,0.71,32.59,32.45,76.13,77.48,-146.04,-146.04,87.9,87.9,79.01,79.01,61305.24,63232.38,50935.2,52671.18,72334,74439,11996.9,12307.73,2.35,2.35,1210.7,1242.06,1839100000000,1944900000000,20353.34,20866.69,10.26,10.26,129.25,129.25
Nova Universo Headquarters,76.89,76.67,42.67,50,41.33,41.33,1.47,1.46,27.18,26.76,42,42,1908.92,2072.77,25.67,26,168.75,166.5,3777.65,4101.9,-6.69,-6.69,-10.49,-10.49,-1.9,-1.9,-9.49,-9.49,-8.39,-8.39,-8.72,-8.72,-7.55,-7.55,1446.76,1570.94,3777.65,4101.9,-13.64,-13.64,1768.26,1920.04,3375.77,3665.52,-14.7,-14.7,2411.27,2618.23,1667.58,1784.53,3777.65,4101.9,12.57,12.69,1105.16,1200.02,2913.61,3163.7,1908.92,2072.77,1004.69,1418.21,119.98,119.98,68.05,68.45,12,12,32.37,32.17,29.32,29.26,6.32,6.51,50,50,3.93,3.93,50,50,154,154,63.11,63.16,95.9,96.25,78.07,79.03,17.55,17.61,1908.92,2072.77,61.09,61.4,35,34.5,48.8,49.5,45.91,44.82,5.63,5.63,92.89,92.89,632.25,639.17,0,0,62,62,55.87,55.74,803.76,872.74,1009.58,1010.06,0.34,0.34,220.72,215.68,9.77,9.77,17.16,17.16,912.62,912.62,1.52,1.52,37.45,37.39,54.28,55.93,-80.12,-80.12,30.33,30.33,101.04,101.04,34388.45,37641.22,28058.24,30805.88,41229,45008,1406.57,1527.3,2.89,2.88,301.41,327.28,2182000000000,2601600000000,17606.89,19008.82,7.01,7.06,12.31,12.31
Zulankan Peoples Militia,77.22,77.11,21.33,26.83,64,64,1.19,1.18,25.74,25.29,43,43,1960.5,2164.88,25.17,25.33,168.75,168.75,-5.1,-5.1,-3.58,-3.58,-5.81,-5.81,-3.95,-3.95,411.71,454.63,-9.3,-9.3,-7.62,-7.62,-3.46,-3.46,-4.9,-4.9,833.21,920.08,-9.27,-9.27,588.15,649.47,-5.1,-5.1,-13.53,-13.53,1107.68,1223.16,-6.47,-6.47,0,0,20.3,20.37,4043.54,4465.07,3553.41,3923.85,1715.44,1894.27,1470.38,1826.62,15.84,15.84,84.27,84.71,13,13,29.79,29.48,38.75,38.72,1.91,1.91,50,50,4.48,4.48,50,50,157,157,71.96,71.97,106.51,106.61,81.62,82.88,21.42,21.53,2205.57,2435.49,83.59,83.78,-82.67,-83.17,80.32,80.45,-47.71,-48.79,1.65,1.65,93.49,93.49,633.63,639.17,0,0,60,60,76.82,76.73,1347.85,1488.36,1075.45,1075.47,0.27,0.27,279.96,279.15,9.59,9.59,18.11,18.11,975.53,975.53,1.28,1.28,33.58,33.47,53.47,55,-61.32,-61.32,45.5,45.5,107.5,107.5,28182.24,31323.16,25751.93,28699.91,30557,33881,2389.36,2638.45,2.22,2.22,1286.58,1420.7,569300000000,655200000000,5551.9,6108.02,9.19,9.19,8.64,8.51
League of Christian Nations Guardian,60.53,60.22,34.33,28.67,33.78,33.78,2.11,1.89,30.6,30.69,37.37,37.37,1214.35,1106.64,47.6,47.83,119.25,119.25,841.95,767.27,2564.7,2337.22,3108.73,2832.99,1036.24,944.33,3885.91,3541.24,-3.1,-3.1,673.56,613.81,-1.73,-1.73,-6.32,-6.32,-2,-2,-7.35,-7.35,3108.73,2832.99,3432.55,3128.09,1489.6,1357.47,-6.08,-6.08,2137.25,1947.68,4624.23,4214.07,11.7,11.83,323.83,295.1,1619.13,1475.52,1700.08,1549.29,566.69,737.76,8.01,8.01,47.45,52.98,6.84,6.84,35.47,33.4,18.47,18.42,24.85,24.9,46.97,46.97,2.52,2.52,50,50,129,129,58.14,58.6,66.77,70.83,72.06,71.93,13.02,14.36,1457.22,1327.96,67.43,68.87,32.75,28.5,33.91,34.93,61.3,59.2,10.05,10.05,92.46,92.46,903.65,948.59,0,0,64,64,57.23,55.33,971.48,885.31,597.95,604.29,0.32,0.31,59.81,59.07,10,9.96,32.07,32.07,755.39,755.39,2.07,2.06,41.98,40.64,49.78,48.85,52.92,52.92,44.72,44.72,100.2,100.2,35183.66,32284.28,23674.58,23048.73,49895,43501,809.56,737.76,8.35,7.49,80.96,73.78,10776700000000,12384700000000,23256.4,21017.07,9.79,9.79,11,10.24
HC Jesus saves,90,81.33,6.5,5,80.67,80.67,1.14,1.1,38.37,39.86,42,42,644.66,541.72,10,19,202.5,182.25,-3.46,-3.46,979.88,823.42,-9.06,-9.06,816.56,686.18,1444.03,1213.46,-8.29,-8.29,-4.69,-4.69,752.1,632.01,1031.45,866.76,1031.45,866.76,-10.1,-10.1,-3.46,-3.46,-3.46,-3.46,-13.11,-13.11,-7.87,-7.87,-5.61,-6.02,0,0,8.94,9.11,429.77,361.15,429.77,361.15,376.05,316.01,107.44,225.72,114.92,114.92,87.64,90.76,12,12,30.54,28.93,34.9,33.39,2.31,2.56,50,50,1,1,50,50,134,134,60.08,60.5,87.33,90.01,65.41,65.22,38.35,35.85,590.93,496.58,46.65,53.51,6.5,5,37.94,39.01,64.65,63.2,0.7,0.7,94.2,94.2,413.74,487.09,0,0,64,64,50.34,49.96,376.05,316.01,563.59,596.36,0.62,0.44,328.65,260.96,9.91,9.89,17.19,17.19,796.5,796.5,2.16,2.07,16.65,19.15,41.68,41.17,-79.69,-79.69,47.43,47.43,99.76,99.76,10954.86,9341.11,10219.08,8876.38,11661,9780,376.05,316.01,3.98,3.66,0,0,3845200000000,3437100000000,6802.97,5698.08,4.75,5.37,7.52,7.39
Feyris Kirara,72.13,72,4,7.25,67.33,67.33,1.08,1.07,32.91,30.99,45.83,45.83,520.92,735.05,32.8,33,153,150.75,538.28,759.55,125.02,176.41,-3.55,-3.55,-7.07,-7.07,729.29,1029.07,4056.23,5723.56,-8.37,-8.37,-3.67,-3.67,-8.83,-8.83,-9.38,-9.38,-12.96,-12.96,133.7,188.66,-5.29,-5.29,-12.17,-12.17,-6.32,-6.32,135.44,191.11,538.28,759.55,19.65,19.72,998.43,1408.84,781.38,1102.57,781.38,1102.57,499.21,796.3,846.72,846.72,92.58,93.26,17.36,17.36,23.19,22.38,34.32,34.28,2.39,2.4,51.62,51.62,2.52,2.52,52.44,52.44,121,121,73.38,73.42,108.49,108.57,69.31,71.53,25.04,25.23,759.67,1071.94,85.25,85.52,-96,-96.75,71.35,71.51,-30.25,-31.38,1.51,1.51,93.52,93.52,772.93,781.66,-8,-8,68,68,75.09,75.09,520.92,735.05,1066.46,1066.57,0.29,0.29,252.76,251.21,9.2,9.2,14.21,14.21,758.64,758.64,1.31,1.31,29.96,29.77,44.89,46.52,-20.74,-20.74,-14.14,-14.14,107.17,107.17,14460.73,20496.78,13885.18,19757.47,14999,21186,911.61,1286.33,2.16,2.16,477.51,673.79,18900000000,27600000000,4150.23,5841.58,14.32,14.35,12.51,12.51
NAC Flotilla,84.33,79.83,6.5,5,78.67,78.67,1.14,1.1,33.31,34.12,44.83,44.83,599.9,506.34,15.67,21.25,191.25,177.75,-5.29,-5.29,1394.29,1176.83,1540.79,1300.49,1136.65,959.37,2096.48,1769.51,-7.16,-7.16,17.68,14.92,1136.65,959.37,151.55,127.92,-6.16,-6.16,-9.38,-9.38,-6.4,-6.4,-2.83,-2.83,277.85,234.51,858.8,724.86,601.16,507.4,1558.47,1315.41,15.91,16,1294.52,1092.62,789.34,666.23,568.32,479.69,410.46,426.39,8.66,8.66,87.64,90.76,15.09,15.09,29.3,27.76,39.7,38.83,1.84,1.9,51,51,1,1,50.5,50.5,127,127,66.9,67.17,105.13,105.36,68.92,68.17,35.56,34.2,694.62,586.28,81.55,86.83,-93.5,-95,57.96,58.64,16.21,14.76,0.72,0.72,94.1,94.1,473.85,526,0,0,64,64,75.07,74.86,568.32,479.69,858.61,883.4,0.35,0.32,325.7,275.86,9.95,9.94,28.3,28.3,787.23,787.23,1.67,1.64,19.44,20.8,44.72,44.03,0,0,78.1,78.1,105.5,105.5,17730.44,15045.13,16539.59,14296.62,18873,15751,884.06,746.18,2.49,2.47,473.6,399.74,69700000000,69000000000,7446.79,6228.68,6.37,6.65,7.62,7.48
Talravin Island,79.56,76.5,29,24,76.67,76.67,1.89,1.67,31.13,31.26,44.28,44.28,408.2,371.38,21.67,26.25,177.75,166.5,849.07,772.47,2194.51,1996.55,522.5,475.37,2416.57,2198.58,979.69,891.32,-1.26,-1.26,-7.75,-7.75,-6.36,-6.36,914.38,831.9,-2,-2,-10.68,-10.68,-6.08,-6.08,849.07,772.47,3135.01,2852.21,3004.39,2733.37,163.02,148.32,1371.57,1247.84,10.72,10.86,1959.38,1782.63,1142.97,1039.87,489.85,445.66,163.28,371.38,8.45,8.45,52.81,59.73,14.64,14.64,47.51,43.89,36.87,36.13,2.07,2.15,51,51,1,1,50.5,50.5,117,117,61.49,62.09,88.95,92.82,71.36,71.19,25.07,25.12,1224.61,1114.15,55.06,59.11,28.75,24,33.9,35.05,64.35,62.06,0.74,0.74,94,94,383.6,446.18,-4,-4,64,64,54.03,52.72,571.49,519.93,665.84,688.68,0.77,0.57,288.9,249.73,9.93,9.88,29.47,29.47,673.57,673.57,1.93,1.89,29.93,29.88,49.75,48.59,-62.85,-62.85,68.92,68.92,104.46,104.46,28427.11,26085.63,20259.62,19856.23,38362,33241,1387.9,1262.7,3.24,3.09,326.56,297.11,209000000000,279200000000,18790.32,16955.66,12.62,12.76,10.29,9.46
South Gufand,76.67,75.11,36.89,44.22,41.33,41.33,1.63,1.62,28.94,28.4,42,42,1388.47,1525.33,26,28.33,166.5,162,4681.14,5142.54,-7.59,-7.59,-9.06,-9.06,1555.09,1708.37,-5,-5,-8.05,-8.05,-6.48,-6.48,396.71,435.81,1428.14,1568.91,1507.49,1656.07,-13.11,-13.11,317.37,348.65,714.07,784.46,-13.11,-13.11,-8.37,-8.37,-9.47,-9.52,4681.14,5142.54,11.18,11.31,793.41,871.62,1983.53,2179.04,1487.65,1634.28,892.59,1307.43,119.98,119.98,61.45,61.83,12,12,32.51,32.29,28.51,28.08,9.06,10.87,50,50,3.3,3.3,50,50,136,136,61.29,61.37,85.74,86.3,74.63,75.59,18.31,17.69,1487.65,1634.28,58.63,60.4,32.67,32.17,41.37,42.11,57.48,56.4,5.98,5.98,92.85,92.85,654.53,678.62,0,0,64,64,56.46,56.31,793.41,871.62,969.91,979.08,0.36,0.35,224.22,210.57,9.74,9.73,17.16,17.16,816.16,816.16,1.57,1.56,36.69,37.31,52.38,54.03,-85.21,-85.21,56.21,56.21,99.76,99.76,30391.7,33714.17,23486.79,26138.27,38218,42277,1586.83,1743.24,3.31,3.28,0,0,3637500000000,4260800000000,17809.54,19520.51,6.45,6.55,11.73,11.73
DysonsphereConstructors,76.89,76.67,32.44,39.78,41.33,41.33,1.33,1.33,28.67,28.17,42,42,2141.82,2344.82,25.67,26,168.75,166.5,-10.77,-10.77,-8.76,-8.76,2885.82,3159.34,883.78,967.55,-8.72,-8.72,6060.22,6634.62,-8.12,-8.12,-12.12,-12.12,-9.38,-9.38,-11.22,-11.22,-14.7,-14.7,-11.22,-11.22,-8.72,-8.72,-14.83,-14.83,-4.27,-4.27,-6.06,-6.11,2885.82,3159.34,11.31,11.45,901.82,987.29,2254.55,2468.23,1240,1357.53,1127.27,1604.35,119.98,119.98,74.99,75.4,12,12,30.13,29.9,29.08,29.02,7.09,7.29,51,51,3.3,3.3,50,50,151,151,61.67,61.71,82.98,83.42,75.11,76.03,20.05,20.11,1803.64,1974.59,71.07,71.41,27.33,26.83,55.76,56.49,51.68,50.6,6.35,6.35,92.81,92.81,697.34,704.61,0,0,64,64,53.49,53.19,901.82,987.29,971.88,973.72,0.36,0.36,223.91,218.84,9.5,9.49,17.16,17.16,948.18,948.18,1.57,1.56,34.95,34.89,52,53.41,30.33,30.33,47.75,47.75,99.76,99.76,24258.91,26928.44,20839.33,23199.55,27790,30769,1803.64,1974.59,3.19,3.18,0,0,4699100000000,5477500000000,10722.44,11713.87,5.86,5.92,13.13,12.89
Dolgavakia,58.33,58.33,73.42,77.17,65.22,65.22,1.32,1.31,20.31,20.25,50,50,11326.7,11533.67,49.25,49.25,30.75,30.75,-20.2,-20.2,-12.26,-12.26,-16.25,-16.25,-12.44,-12.44,-15.55,-15.55,-13.24,-13.24,-18.17,-18.17,-24.16,-24.16,-17.92,-17.92,-17.26,-17.26,-20.69,-20.69,-16.19,-16.19,-14.76,-14.76,-22.54,-22.54,-9.34,-9.34,-23.86,-23.86,0,0,29.14,29.19,5704.69,5808.93,12897.56,13133.23,5870.04,5977.3,3803.13,4125.18,355.06,355.06,75.98,76.29,21.25,21.25,23.15,23,63.81,63.81,1.11,1.11,53.51,53.51,10.42,10.42,53.84,53.84,423,423,83.6,83.61,118.27,118.33,91.48,91.52,10.84,10.96,6862.16,6987.55,112.77,112.78,27.12,26.75,79.53,79.66,-136.09,-137.15,0.84,0.84,93.79,93.79,741.14,744.51,3,3,81,81,44.09,43.96,2232.27,2273.06,1370.31,1370.3,0.17,0.17,51.95,51.95,8.1,8.1,16.33,16.33,2668.28,2668.28,0.66,0.66,44.16,44.04,72.01,73.13,-135.12,-135.12,62.97,62.97,109.7,109.7,70192.5,71727.66,60720,62181.81,79913,81505,9755.85,9934.11,1.9,1.9,2397.62,2441.43,523800000000,539600000000,14389.46,14560.71,17.26,17.26,112.36,112.12
Brunswick and Nassau,60.27,60.27,79.33,83.57,58.86,58.86,1.49,1.48,20.2,20.11,42,42,8948.56,9198.93,47.8,47.8,87.25,87.25,-10.68,-10.68,-11.45,-11.45,-12.08,-12.08,-10.22,-10.22,-12.28,-12.28,-11.38,-11.38,-10.68,-10.68,-19.82,-19.82,-17.15,-17.15,-12.41,-12.41,-16.25,-16.25,-13.19,-13.19,-12.41,-12.41,-20.71,-20.71,-2.62,-2.62,-13.7,-13.7,0,0,21.98,22.05,1246,1280.86,16990.94,17466.32,4530.92,4657.68,2265.46,2678.17,82.96,82.96,67.28,67.61,12,12,31.14,30.98,62.09,62.09,1.13,1.13,54.29,54.29,10.95,10.95,50,50,318,318,72.65,72.67,111.49,111.56,91.56,91.62,5.83,5.97,5097.28,5239.89,99.5,99.53,38,37.57,67.51,67.67,-30.76,-31.83,2.89,2.89,93.25,93.25,682.84,686.53,-4,-4,83,83,52.95,52.87,113.27,116.44,1257.36,1257.34,0.2,0.2,70.76,70.76,8.12,8.11,17.37,17.37,2074.61,2074.61,0.81,0.81,49.17,49.03,73.34,74.69,-126.4,-126.4,84.14,84.14,106.18,106.18,54710.82,56590.86,44367.48,46012.76,65949,68057,10647.65,10945.56,2.19,2.19,906.18,931.54,1210200000000,1275500000000,17781.02,18278.85,6.87,6.87,108.58,108.58
Deleted One More Time,65.11,65.11,76.76,80.48,58.67,58.67,1.52,1.52,19.93,19.85,30.24,30.24,12375.37,12672.43,43.33,43.33,140.25,140.25,-22.8,-22.8,-14.14,-14.14,-15.65,-15.65,-12.49,-12.49,-17.66,-17.66,-14,-14,-12,-12,-21.21,-21.21,-20.02,-20.02,-19.49,-19.49,-23.24,-23.24,-17,-17,-17.03,-17.03,-24.37,-24.37,-7.34,-7.34,-21.11,-21.11,0,0,30.58,30.63,8598.47,8804.87,14062.92,14400.48,11250.33,11520.39,2169.71,2468.65,37.24,37.24,65.62,65.95,1.23,1.23,37.51,37.32,85.97,85.97,0.88,0.88,50,50,9.73,9.73,46.62,46.62,420,420,95.97,95.98,130.68,130.73,91.74,91.79,6.55,6.69,10687.82,10944.37,54.21,54.24,40.14,39.71,84.28,84.41,-177.01,-178.08,0.66,0.66,94.37,94.37,628.31,631.85,-5,-5,119,119,43,42.88,964.31,987.46,1511.06,1511.05,0.16,0.16,101.46,101.46,8.29,8.28,17.74,17.74,3189.09,3189.09,0.54,0.54,48.45,48.31,75.5,76.63,-176.77,-176.77,117.21,117.21,101.45,101.45,75136.15,77186.59,60130.28,61935.79,91631,93911,10527.1,10779.79,1.71,1.71,1446.47,1481.19,578700000000,597300000000,11796.38,12041.11,22.51,22.51,144.23,144.09
North Ariguana,53.33,53.33,3,2.33,5,5,1.06,1.05,36.69,36.58,44.28,44.28,253.19,252.58,53,53,105.75,105.75,-3.74,-3.74,-10.22,-10.22,-6.32,-6.32,-3.74,-3.74,-11.05,-11.05,3175.09,3167.51,460.34,459.25,-8.05,-8.05,-12.49,-12.49,147.31,146.96,515.59,514.35,-10,-10,-10.68,-10.68,-8,-8,-6.16,-6.16,-7.24,-7.24,460.34,459.25,15.1,15.2,483.36,482.21,391.29,390.36,713.53,711.83,207.15,275.55,517.74,517.74,94.4,95.02,15.09,15.09,11.55,11.44,11.52,11.52,30.06,30.06,47.8,47.8,1,1,50.99,50.99,100,100,67.72,67.75,90.04,90.22,66.26,66.33,32.27,32.5,552.41,551.09,79.61,79.66,-97,-97.67,60.68,61.26,19.25,18.14,27.84,27.84,91.24,91.24,4317.07,4388.03,-8,-8,66,66,75.22,75.21,368.28,367.4,744.34,743.77,0.28,0.28,63.28,63.28,9.07,9.06,15.73,15.73,548.5,548.5,1.81,1.81,22.73,22.5,41.91,41.94,-45.83,-45.83,10,10,108.77,108.77,10363.82,10407.97,10054.45,10131.8,10650,10663,368.28,367.4,2.43,2.43,437.33,436.28,9100000000,11600000000,4072.98,4027.88,15.68,15.68,9.39,9.39
Algae Islands,78.44,75.5,61.33,62.67,75.33,75.33,6.16,4.93,35.03,33.71,44.28,44.28,-7.07,-7.07,23.33,27.75,173.25,164.25,-7.87,-7.87,-4.2,-4.2,8052.66,8190.13,4778.5,4860.08,4955.48,5040.08,4981.14,5066.18,1858.31,1890.03,2553.84,2597.44,2831.7,2880.04,-5.66,-5.66,-4.69,-4.69,-8.77,-8.77,-7.87,-7.87,2566.23,2610.04,-1.18,-1.18,654.83,666.01,9910.96,10080.16,6.71,6.71,995.52,1012.52,442.45,450.01,110.61,112.5,-7.07,-4.47,1030.28,1030.28,16.23,20.29,16.29,16.29,69.91,66.73,31.65,30.88,3.01,3.33,52.16,52.16,1,1,52.44,52.44,102,102,57.28,57.98,58.47,64.01,67.42,68.54,21.05,17.91,774.29,787.51,50.84,55.4,63,58,8.95,9.1,102.46,101.13,0.76,0.76,93.94,93.94,211.66,259.2,-8,-8,71,71,71.16,70.4,0,0,578.34,626.08,1.53,1.25,275.69,242.75,12.89,12.45,13.36,13.36,527.14,527.14,2.12,2.01,33.95,37.09,52.31,52.91,58.74,58.74,75.17,75.17,96.68,96.68,43310.91,44050.28,16160.79,18628.23,99570,91806,553.07,562.51,9.74,8.62,-4.47,-4.47,4700000000,9900000000,39456.24,40041.71,11.1,11.22,25.62,23.54
Ivabi,37.33,37.33,50.67,41.78,41.33,41.33,3.04,2.49,32.23,32.06,40.78,40.78,425.8,391.69,65,65,78.75,78.75,-3.16,-3.16,3491.53,3211.87,-5.48,-5.48,4360.16,4010.92,4428.29,4073.59,2639.94,2428.49,1498.8,1378.75,-2.74,-2.74,-5.48,-5.48,0,0,4428.29,4073.59,2384.46,2193.47,1703.19,1566.77,-4.47,-4.47,3951.39,3634.9,3843.1,3297.13,1498.8,1378.75,10.86,11,510.96,470.03,936.75,861.72,1277.39,1175.08,425.8,626.71,1008.25,1008.25,32.94,40.19,10.55,10.55,41.88,38.81,22.22,22.22,20.93,20.93,50,50,1,1,50,50,98,98,58.99,59.68,68.47,73.76,70.04,70.23,11.24,13.46,1192.23,1096.74,79.17,81.28,45,38.33,21.59,22.9,77.82,74.95,7.12,7.12,92.73,92.73,898.55,965.58,0,0,64,64,66.84,65.09,851.59,783.38,533.75,540.8,0.26,0.25,75.06,75.06,10.56,10,13.46,13.46,515.43,515.43,2.25,2.22,43.76,41.54,52.35,51.08,-92.74,-92.74,84.26,84.26,101.04,101.04,47206.25,43422.03,26069.12,26715.71,79150,66474,851.59,783.38,6.64,4.69,170.32,156.68,2300000000,3900000000,37009.7,33478.38,7.97,7.97,11.8,10.59
Figure Humaine,73.17,71.47,2.5,1.75,76,76,1.05,1.04,34.83,36.01,44.83,44.83,482.37,392.66,31.25,33.8,155.25,150.75,-10.39,-10.39,-7.9,-7.9,333.28,271.29,701.63,571.14,368.36,299.85,449.04,365.53,12.28,9.99,-6.6,-6.6,-6.93,-6.93,368.36,299.85,-12.96,-12.96,73.67,59.97,-4.24,-4.24,17.54,14.28,-10.63,-10.63,-13.55,-13.55,345.55,281.29,19.16,19.24,1030.52,838.86,679.71,553.29,657.78,535.45,372.74,356.96,1263.39,1263.39,94.86,96.48,17.36,17.36,24.3,23.4,35.95,35.54,2.17,2.22,51.62,51.62,1,1,53.38,53.38,120,120,71.65,71.75,108.56,108.65,67.58,66.71,30.39,29.79,570.08,464.05,99.56,101.69,-97.5,-98.25,75.33,75.5,-32.14,-33.37,0.75,0.75,93.97,93.97,658.04,686.22,0,0,67,67,74.79,74.68,526.22,428.36,1049.23,1050.78,0.26,0.25,269.36,257.49,9.63,9.62,12.32,12.32,734.36,734.36,1.38,1.37,24.61,25.21,43.7,43.19,-63.25,-63.25,76.81,76.81,107.5,107.5,10739.36,8795.58,10445.5,8631.48,11011,8946,745.48,606.84,2.23,2.22,460.45,374.81,22400000000,18900000000,2652.62,2154.92,7.07,7.16,7.6,7.53
Desolous,62.44,62.44,49.11,56.44,27.33,27.33,1.57,1.56,26.6,26.28,40.78,40.78,1504.73,1617.53,46.17,46.17,121.5,121.5,0,0,3159.93,3396.8,2482.8,2668.92,0,0,1158.64,1245.49,-8.94,-8.94,6169.39,6631.85,-8.22,-8.22,376.18,404.38,3385.64,3639.43,-10,-10,2257.09,2426.29,0,0,-8.37,-8.37,2971.84,3194.61,421.32,452.91,8652.2,9300.77,12.45,12.57,-5.48,-5.48,3103.51,3336.15,2633.28,2830.67,658.32,1010.95,919.19,919.19,63.58,63.95,10.55,10.55,30.16,29.99,23.39,23.39,19.48,19.48,50,50,4.48,4.48,50,50,161,161,65.98,66,100.67,100.91,79.41,80.2,12.68,12.85,1880.91,2021.91,50.28,50.31,39.83,39.33,39.47,40.12,52.67,51.58,10.05,10.05,92.46,92.46,869.17,874.03,-4,-4,62,62,65.07,64.96,470.23,505.48,1066.06,1066.01,0.34,0.34,39.58,39.58,9.74,9.74,13.87,13.87,936.92,936.92,1.31,1.31,42.32,42.15,55.63,57.23,48.48,48.48,30.82,30.82,97.83,97.83,41022.69,44401.07,32280.71,35049.6,50776,54805,846.41,909.86,2.56,2.56,-6.32,-6.32,3095500000000,3502000000000,24818.73,26596.24,14.11,14.11,14.23,14.23
SL Communications Authority,69.33,68.93,48,55.11,65.33,65.33,1.76,1.74,27.57,27.15,45.83,45.83,950.17,1024.36,37,37.6,141.75,141.75,1658.48,1787.97,1575.55,1698.57,4768.12,5140.42,1838.14,1981.67,2073.1,2234.96,-7.8,-7.8,-1.61,-1.61,2504.99,2700.58,587.38,633.24,4422.6,4767.93,-7.87,-7.87,3282.4,3538.69,-4.69,-4.69,-12.73,-12.73,2418.61,2607.46,104.48,112.64,6426.6,6928.39,11.66,11.79,1813.96,1955.59,2159.47,2328.09,1122.93,1210.61,691.03,1024.36,23.5,23.5,56.84,57.32,15.9,15.9,41.44,41.09,32.93,32.83,2.66,2.68,51,51,3.3,3.3,50.5,50.5,137,137,64.19,64.22,98.37,98.7,77.24,78.15,11.55,11.57,1382.06,1489.98,74.31,74.84,37,36.33,29.66,30.32,64.36,63.25,1.51,1.51,93.52,93.52,554.71,564.59,-4,-4,64,64,57.42,57.22,431.89,465.62,1026.56,1026.82,0.38,0.38,196.94,194.89,9.89,9.89,17.93,17.93,795.26,795.26,1.47,1.47,43.45,43.43,55.44,57.08,51.87,51.87,64.88,64.88,103.37,103.37,44043.75,47762.09,32649.35,35564.15,57437,62044,1986.72,2141.84,2.74,2.74,86.38,93.12,780700000000,1013000000000,30962.76,33290.18,13.15,13.15,14.43,14.43
A Qartographer,91,82,73.17,79.17,97,97,36.45,21.71,61.93,40.06,42,42,490.65,509.79,9,18,204.75,184.5,2453.25,2548.95,-5.66,-5.66,-3.16,-3.16,6378.44,6627.26,2060.73,2141.11,0,0,-6.32,-6.32,3679.87,3823.42,1471.95,1529.37,3434.55,3568.52,-9.49,-9.49,4906.49,5097.89,5397.14,5607.68,4415.84,4588.1,-4.47,-4.47,-3.74,-3.74,2453.25,2548.95,5.66,5.74,490.65,509.79,490.65,509.79,122.66,127.45,-4.47,127.45,95.92,95.92,2.74,4.61,12,12,103.7,99.96,37.99,36.55,1.97,2.1,50,50,1,1,50,50,120,120,41.16,43.54,20.41,24.58,63.25,65.19,42.26,37.59,858.64,892.13,30.17,36.19,87.25,82.25,7.03,7.27,113.51,111.84,1.16,1.16,93.63,93.63,16.62,40.73,0,0,64,64,74.37,73.78,367.99,382.34,230.95,272.15,3.14,1.98,334.29,265.99,14.27,13.84,17.29,17.29,675.04,675.04,59.13,10.85,12.74,17.41,53.94,56.59,-84.56,-84.56,81.55,81.55,97.83,97.83,46857.01,48812.31,6002.83,8681.79,218830,188487,367.99,382.34,19.71,18.81,-6.32,-6.32,46500000000,51400000000,43577.02,45249.02,3.56,4.24,27.8,25.6
Keobia,60,59.73,42.44,43.56,64.67,64.67,1.82,1.8,28.38,28.24,43.68,43.68,783.76,791.73,48,48.2,117,117,4180.07,4222.57,-5.66,-5.66,5503.76,5559.71,487.67,492.63,-3.95,-3.95,-6.93,-6.93,4389.07,4433.7,4354.24,4398.51,-8.49,-8.49,1741.7,1759.4,-7.07,-7.07,-3.61,-3.61,-6.32,-6.32,-10.49,-10.49,-4.88,-4.88,2840.28,2844.52,14072.9,14215.98,10.34,10.49,1132.1,1143.61,1741.7,1759.4,957.93,967.67,261.25,527.82,457.39,457.39,54.84,55.66,14.64,14.64,44.65,44.01,26.08,26.04,15.49,15.56,51.62,51.62,3.3,3.3,50.99,50.99,134,134,63.11,63.16,93.82,94.54,75.63,75.9,6.92,7.24,1132.1,1143.61,67.69,67.93,38.83,37.67,24.91,25.66,72.87,71.66,1.81,1.81,93.45,93.45,636.39,647.8,-8,-8,68,68,64.11,63.56,435.42,439.85,1035.71,1035.7,0.36,0.35,64.36,63.97,9.73,9.72,15.99,15.99,779.58,779.58,1.43,1.43,48.08,47.76,53.19,53.5,79.37,79.37,40,40,98.83,98.83,39154.63,39791.99,28473.15,29167.59,51922,52403,1219.19,1231.58,2.89,2.88,0,0,515200000000,679400000000,29405.13,29565.45,12.8,12.8,18.81,18.47
On Virtue and Vices,57.33,57.33,57.33,57.33,57.33,57.33,3.61,3.61,32.46,32.46,42,42,1064,1064,50,50,112.5,112.5,-6.78,-6.78,1929.38,1929.38,2553.59,2553.59,662.04,662.04,-1.9,-1.9,4842.37,4842.37,-8.72,-8.72,2009.77,2009.77,3972.25,3972.25,-7.48,-7.48,2553.59,2553.59,3026.48,3026.48,-4,-4,-4,-4,-5.1,-5.1,4842.37,4842.37,2553.59,2553.59,9.64,9.64,1064,1064,1064,1064,1418.66,1418.66,354.67,354.67,119.98,119.98,27.72,27.72,12,12,49.93,49.93,21.98,21.98,21.22,21.22,50,50,1,1,50,50,120,120,56.72,56.72,57.19,57.19,69.79,69.79,0.52,0.52,1418.66,1418.66,81.55,81.55,50,50,26.89,26.89,77.11,77.11,3.24,3.24,93.2,93.2,610.35,610.35,0,0,64,64,67.29,67.29,945.77,945.77,643.07,643.07,0.32,0.32,126.75,126.75,11.16,11.16,17.16,17.16,696.11,696.11,1.97,1.97,54.48,54.48,52.8,52.8,40,40,33.17,33.17,100.2,100.2,38048.52,38048.52,19118.91,19118.91,68982,68982,945.77,945.77,10.54,10.54,118.22,118.22,594600000000,595800000000,27813.47,27813.47,7.09,7.09,17.21,17.21
Butterfly Ballot,70.29,70.29,75.22,78.89,59,59,1.39,1.38,20.98,20.89,40.78,40.78,8427.75,8621.9,35.57,35.57,174.25,174.25,-11.05,-11.05,-10.28,-10.28,-11.83,-11.83,-9.86,-9.86,-8,-8,-11.87,-11.87,-11.75,-11.75,-21.25,-21.25,-8.83,-8.83,-11.05,-11.05,-16.19,-16.19,-6.71,-6.71,-10.58,-10.58,-18.84,-18.84,2126.94,2175.94,-15.76,-15.76,0,0,21.14,21.21,1460.81,1494.46,14046.25,14369.83,5056.65,5173.14,2696.88,3103.88,190.3,190.3,72.15,72.55,11.33,11.33,29.42,29.22,58.09,58.09,1.2,1.2,48.6,48.6,8.85,8.85,50.5,50.5,298,298,73.85,73.87,112.5,112.57,91.07,91.12,11.95,12.12,3483.47,3563.72,89.45,89.49,31.83,31.33,83.14,83.27,-60.41,-61.5,1.24,1.24,93.6,93.6,630.77,634.91,0,0,80,80,49.12,49.07,449.48,459.83,1254.84,1254.82,0.24,0.24,68.49,68.49,8.83,8.82,16.86,16.86,1988.96,1988.96,0.81,0.81,43.05,42.88,71.11,72.46,-102.66,-102.66,59.5,59.5,102.24,102.24,52356.34,53907.34,44064.42,45503.87,61075,62720,8540.12,8736.86,2.14,2.14,1348.44,1379.5,1188000000000,1243600000000,8848.22,9002.53,9.9,9.9,80.99,80.99
Bee do Bee do Vieors,60,59.73,32,24.33,66.67,66.67,2,1.7,30.92,31.25,45.34,45.34,487.34,430.19,48,48.2,117,117,1559.48,1376.6,-5.1,-5.1,5913.02,5219.62,-4.69,-4.69,1169.61,1032.45,-2.19,-2.19,-8.49,-8.49,1137.12,1003.77,-8.83,-8.83,-5.66,-5.66,584.8,516.23,-8.43,-8.43,3508.83,3097.36,-7.87,-7.87,-6,-6,-5.93,-5.93,7472.5,6596.23,13.11,13.23,1949.35,1720.75,1218.34,1075.47,1299.57,1147.17,487.34,645.28,644.28,644.28,49.93,58.76,16.29,16.29,41.83,37.68,25.66,25.62,16.2,16.26,48.6,48.6,1,1,51.48,51.48,101,101,63.51,64.09,97.38,99.5,71.63,71.2,10.59,12.75,1462.01,1290.57,101.52,102.3,31,24.33,48.43,49.62,44.77,42.06,1.51,1.51,93.52,93.52,677.19,737.33,-4,-4,66,66,53.27,51.88,893.45,788.68,739.46,744.88,0.33,0.32,187.08,186.42,9.93,9.86,15.15,15.15,532.28,532.28,1.81,1.8,44.41,42.25,49.93,48.45,96.95,96.95,-17.32,-17.32,110,110,31027.12,27603.77,21456.57,20828.71,42975,35445,1299.57,1147.17,2.83,2.75,1218.34,1075.47,1300000000,2700000000,16009.99,13912.3,14.71,14.71,12.22,10.95
Minion with a guitar,73.56,71.5,2,1.67,5,5,1.04,1.04,36.52,36.41,45.83,45.83,281.94,281.28,30.67,33.75,157.5,150.75,451.11,450.05,-4.73,-4.73,-7.87,-7.87,513.76,512.56,-6.48,-6.48,818.07,816.16,626.54,625.07,172.3,171.9,100.25,100.01,12.53,12.5,325.8,325.04,-3.22,-3.22,325.8,325.04,451.11,450.05,-4.43,-4.43,180.44,180.02,1077.65,1075.13,19.21,19.29,720.52,718.84,469.9,468.81,563.88,562.57,250.62,296.91,1259.14,1259.14,96.25,96.56,18.02,18.02,11.24,11.19,22.57,21.92,20.51,21.29,48.6,48.6,1,1,53.38,53.38,104,104,72.28,72.35,95.98,96.07,66.37,66.44,38.08,37.17,563.88,562.57,58.51,60.84,-98,-98.33,70.77,70.93,-25.6,-26.65,27.02,27.02,91.28,91.28,2499.2,2737.19,-8,-8,67,67,75.03,75.03,360.26,359.42,988.41,999.73,0.33,0.31,237.46,214.75,9.54,9.54,12.34,12.34,575.48,575.48,1.55,1.54,16.92,17.83,42.82,42.84,-94.07,-94.07,75.83,75.83,112.08,112.08,10020.66,10044.13,9821.24,9860.91,10204,10212,516.89,515.69,2.2,2.2,313.27,312.54,100000000,100000000,2926.03,2922.84,15.76,15.83,9.03,9.03
Saint Vectoria,64,62.67,57.33,48.44,57.33,57.33,3.61,2.91,32.85,32.59,42,42,280.81,259.97,45,46,123.75,121.5,2995.32,2773.02,-8.24,-8.24,-8.37,-8.37,1872.08,1733.14,4492.98,4159.53,979.1,906.43,4118.57,3812.9,5020.91,4648.27,3744.15,3466.27,-7.07,-7.07,2620.91,2426.39,2995.32,2773.02,748.83,693.25,4118.57,3812.9,-7.75,-7.75,1797.19,1663.81,7113.89,6585.92,9.33,9.49,842.43,779.91,842.43,779.91,1123.25,1039.88,280.81,519.94,119.98,119.98,27.72,34.4,12,12,49.93,46.46,23.32,23.11,19.58,19.84,50,50,1,1,50,50,100,100,56.57,57.37,56.33,62.38,69.37,69.65,2.22,4.11,1123.25,1039.88,50.89,53.29,50,43.33,14.99,16.21,88.96,86.25,3.24,3.24,93.2,93.2,570.34,632.25,0,0,64,64,68.36,67.02,748.83,693.25,519.33,530.59,0.37,0.35,145.93,140.69,12.64,12.05,17.16,17.16,513.03,513.03,2.29,2.26,52.78,50.89,52.67,51.43,-80,-80,53.85,53.85,100.2,100.2,48005.63,44702.77,24122.23,25279.68,87035,73479,748.83,693.25,10.75,9.6,93.6,86.66,2400000000,3700000000,40804.78,37460.92,6.87,6.91,12.12,10.86
Kevin Has a Chubby Banana,27.33,27.33,22,16.67,16,16,1.59,1.41,31.27,31.63,45.83,45.83,377.08,330.84,72.67,72.67,63,63,344.76,302.48,2359.89,2070.49,2628.81,2306.43,-2.9,-2.9,-7.21,-7.21,2727.06,2392.64,543,476.41,700.3,614.42,603.33,529.34,2068.57,1814.89,991.19,869.64,2456.43,2155.19,344.76,302.48,1422.14,1247.74,582.65,511.2,327.52,287.36,3516.57,3085.32,14,14.11,1131.25,992.52,969.64,850.73,1238.99,1087.05,269.35,378.1,950.54,950.54,62.7,70.68,17.01,17.01,19.76,17.72,12.26,12.26,29.62,29.62,50,50,1,1,51.96,51.96,99,99,67.29,67.72,87.03,88.49,71.18,70.74,28.8,30.58,1023.51,897.99,105.97,106.3,-78,-83.33,40.67,41.69,43.83,41.44,18.89,18.89,91.8,91.8,3333.5,3814.7,-8,-8,67,67,77.28,76.83,646.43,567.15,880.18,884.37,0.24,0.24,54.7,54.7,9.62,9.57,13.73,13.73,520.63,520.63,1.65,1.64,26.2,24.42,48.14,46.88,73.96,73.96,25.1,25.1,107.82,107.82,32066.71,28276.05,25047.14,23539.93,39949,33304,915.77,803.47,2.46,2.43,538.69,472.63,400000000,800000000,19015.56,16484.93,14.7,14.7,14.11,12.85
Sam Porter Bridges,57.33,57.33,57.33,48.44,57.33,57.33,3.61,2.91,32.75,32.55,42,42,345.1,319.48,50,50,112.5,112.5,2300.69,2129.9,552.17,511.18,-7.75,-7.75,3681.11,3407.84,920.28,851.96,-5.8,-5.8,-7.07,-7.07,-3.87,-3.87,3681.11,3407.84,-8.37,-8.37,-7.75,-7.75,5061.53,4685.77,3220.97,2981.86,-7.75,-7.75,1840.55,1703.92,2944.89,2726.27,2300.69,2129.9,9.33,9.49,1035.31,958.45,1035.31,958.45,1380.42,1277.94,345.1,638.97,119.98,119.98,27.72,34.4,12,12,49.93,46.46,23.73,23.73,19.03,19.03,50,50,1,1,50,50,100,100,56.72,57.49,57.19,63.08,69.48,69.69,0.56,2.78,1380.42,1277.94,70.02,72,50,43.33,23.63,24.97,80.31,77.6,3.24,3.24,93.2,93.2,610.35,665.81,0,0,64,64,67.83,66.37,920.28,851.96,537.83,545.96,0.32,0.31,126.07,126.07,12.2,11.61,17.16,17.16,529.92,529.92,2.23,2.21,54.44,52.22,52.7,51.44,-86.02,-86.02,66.33,66.33,100.2,100.2,39088.78,36506.43,19641.63,20644.6,70868,60007,920.28,851.96,10.54,9.42,115.03,106.49,49100000000,91200000000,29863.83,27379.82,7.09,7.09,11.92,10.69
Petalumadom,76.78,76.78,100.12,100.12,91,91,1.55,1.54,227.69,226.55,11.18,11.18,-34.93,-34.93,25.83,25.83,214.75,214.75,3781.99,3787.59,3729.22,3734.74,-11.16,-11.16,19147.44,19175.75,4573.57,4580.34,-33.66,-33.66,32358.03,32405.88,-15.73,-15.73,-3.81,-3.81,11477.91,11494.88,14776.16,14798.01,7102.23,7112.73,3342.23,3347.17,1200.56,1202.34,32665.87,32714.17,7527.05,7538.18,36140.02,36193.46,23.02,23.09,-21.91,-21.91,4782.46,4789.53,-18.44,-18.44,3902.93,4073.86,791.5,791.5,64.49,64.78,0.3,0.3,121.67,121.04,112.46,112.46,0.73,0.73,59.25,59.25,0.39,0.39,51.48,51.48,-451,-451,3.92,3.92,4.04,4.04,28.32,28.35,25.39,25.51,14402.36,14423.65,3.23,3.23,41.62,41.25,17.21,17.62,82.47,81.41,11.04,11.04,92.38,92.38,235.67,237.57,47,47,151,151,62.34,62.1,-16.73,-16.73,12.84,12.84,16.87,16.87,371.37,371.37,50.23,50.22,14.47,14.47,2.57,2.57,439.08,439.08,29.61,29.49,70.77,70.78,-321.79,-321.79,306.29,306.29,19.85,19.85,170816.8,171234.54,135442.42,136093.12,210019,210098,6046.79,6055.73,55.51,55.5,-23.87,-23.87,1.2414153e+15,1.274237e+15,141436.31,141097.26,12.77,12.77,15.33,15.33
Titanica,68.28,68.28,100.39,100.39,54.48,54.48,1.31,1.31,25.17,25.12,14.91,14.91,9047.24,9036.38,38.58,38.58,131.5,131.5,42918.83,42867.34,-16.2,-16.2,-17.55,-17.55,-13.37,-13.37,-10.58,-10.58,-15.85,-15.85,82.54,82.44,-23.04,-23.04,-11.14,-11.14,-24.04,-24.04,-14.42,-14.42,-18.6,-18.6,-16.37,-16.37,-24.52,-24.52,6545.12,6537.27,-26.32,-26.33,43001.37,42949.78,24.92,24.98,3571.28,3566.99,3174.47,3170.66,8888.52,8877.85,13888.31,14109.44,1923.71,1923.71,76.2,76.56,0.71,0.71,40.03,39.76,63.8,63.8,1.11,1.11,76.85,76.85,0.46,0.46,52.91,52.91,480,480,76.15,76.16,124.31,124.36,83.22,83.36,13.14,13.29,714.26,713.4,9.28,9.29,26.86,26.43,76.08,76.22,-88.97,-90.05,1.21,1.21,93.61,93.61,728.44,732.25,0,0,104,104,43.57,43.54,-27.02,-27.02,1413.66,1413.64,0.26,0.26,165.3,165.3,25.14,25.1,9.68,9.68,3339.38,3339.38,0.62,0.62,41.86,41.71,86.06,86.11,-142.53,-142.53,8.68,8.68,13.36,13.36,98830.14,98949.36,85624.69,85938.96,112363,112253,4920.43,4914.52,2.07,2.07,-24.9,-24.9,1954000000000,1979900000000,23620.4,23549.95,0.32,0.32,118.96,118.96
Fleeb,61.78,61.78,98.15,98.33,66.19,66.19,1.53,1.52,19.77,19.76,12.59,12.59,11110.28,11091.43,46.67,46.67,63.5,63.5,-32.8,-32.8,-15.13,-15.13,-14.39,-14.39,-7.97,-7.97,146.39,146.15,-15.57,-15.57,-14.87,-14.87,-15.87,-15.87,-26.72,-26.72,-19.65,-19.65,-13.27,-13.27,-22.74,-22.74,-18.6,-18.6,-17.67,-17.67,-10.75,-10.75,-25.31,-25.31,0,0,29.66,29.72,5041.64,5033.08,11110.28,11091.43,16618.74,16590.54,373.45,652.44,4388.24,4388.24,65.4,65.73,0.49,0.49,70.08,69.69,95.1,95.1,0.82,0.82,67.36,67.36,13.24,13.24,61.83,61.83,524,524,98.32,98.33,135.63,135.68,91.85,91.86,8.03,8.17,11857.19,11837.07,6.47,6.47,40.43,40,91.55,91.59,-156.18,-157.25,11.24,11.24,92.36,92.36,593.8,597.25,-31,-31,144,144,46.03,45.88,2894.27,2889.36,1571.63,1571.62,0.18,0.18,114.08,114.08,7.44,7.44,3.61,3.61,3505.36,3505.36,0.51,0.51,46.97,46.83,93.15,93.15,-190.29,-190.29,150.03,150.03,11.06,11.06,82306.45,82446.4,65751.56,66039.16,100532,100467,12697.46,12675.92,1.68,1.68,-23.24,-23.24,591300000000,594700000000,6996.05,6925.5,0.56,0.56,161.03,160.91
Brantionian Mountasia,71.33,69.87,66,59.11,79.33,79.33,4.93,3.84,32.16,31.73,43.68,43.68,-3.16,-3.16,34,36.2,148.5,144,4588.12,4367.19,5754.38,5477.29,2901.31,2761.6,4183.29,3981.85,5937.57,5651.65,2689.11,2559.62,141.69,134.87,657.86,626.18,2226.59,2119.37,2901.31,2761.6,1551.86,1477.14,4925.48,4688.3,4250.76,4046.07,4250.76,4046.07,1416.92,1348.69,1578.85,1502.83,7631.12,7263.66,7.94,8.12,1096.43,1043.63,674.72,642.23,590.38,561.95,84.34,321.12,12.77,12.77,20.29,26.07,13.62,13.62,70.34,65.75,34.28,33.91,2.4,2.46,52.16,52.16,1,1,50,50,98,98,56.26,57.11,59.76,66.16,70.12,70.62,17.89,14.93,674.72,642.23,65.45,69.2,58,51.33,7.34,7.72,111.19,108.48,0.71,0.71,94.13,94.13,260.53,309.8,0,0,64,64,70.54,69.51,337.36,321.12,407.01,448.61,0.44,0.4,91.91,85.94,12.92,12.34,18.78,18.78,449.62,449.62,2.86,2.6,37.11,40.07,55.5,54.33,-52.44,-52.44,83.96,83.96,98.83,98.83,61630.59,58903.7,26062.69,28621.53,128445,109768,1096.43,1043.63,11.15,9.99,-4.47,-4.47,9000000000,11200000000,57131.56,54368.11,2.75,2.86,15.4,13.76
Menexenus,57.33,57.33,57.33,57.33,57.33,57.33,3.61,3.61,32.71,32.71,42,42,288.63,288.63,50,50,112.5,112.5,4618.07,4618.07,4612.29,4612.29,1924.19,1924.19,3001.74,3001.74,1539.36,1539.36,4985.59,4985.59,-7.07,-7.07,4991.36,4991.36,-4.47,-4.47,4233.23,4233.23,-6.32,-6.32,769.68,769.68,3463.55,3463.55,-6.32,-6.32,-3.74,-3.74,-3.9,-3.9,6542.26,6542.26,9.54,9.54,865.89,865.89,865.89,865.89,1154.52,1154.52,288.63,288.63,119.98,119.98,27.72,27.72,12,12,49.93,49.93,24.77,24.77,17.58,17.58,50,50,1,1,50,50,98,98,57.27,57.27,60.37,60.37,69.52,69.52,0.56,0.56,1154.52,1154.52,80.32,80.32,50,50,17.15,17.15,86.05,86.05,3.24,3.24,93.2,93.2,610.35,610.35,0,0,64,64,68.19,68.19,769.68,769.68,532.89,532.89,0.31,0.31,125.96,125.96,10.1,10.1,17.16,17.16,498.93,498.93,2.25,2.25,54.44,54.44,53.45,53.45,-46.9,-46.9,68.56,68.56,100.2,100.2,46696.34,46696.34,23464.33,23464.33,84661,84661,1154.52,1154.52,9.75,9.75,96.21,96.21,624600000000,626300000000,38711.27,38711.27,7.09,7.09,16.95,16.95
Almighty Bush,64,62.67,57.33,48.44,57.33,57.33,3.61,2.91,32.88,32.63,42,42,304.6,281.96,45,46,123.75,121.5,4467.49,4135.46,-5.13,-5.13,0,0,1218.41,1127.85,-8.37,-8.37,3699.89,3424.91,4467.49,4135.46,3143.49,2909.86,2436.81,2255.7,-6.32,-6.32,-6.32,-6.32,4467.49,4135.46,-6.32,-6.32,3249.08,3007.61,3249.08,3007.61,-2.83,-2.83,8934.98,8270.91,9.33,9.49,913.8,845.89,913.8,845.89,1218.41,1127.85,304.6,563.93,119.98,119.98,27.72,34.4,12,12,49.93,46.46,25.2,25,16.93,17.24,50,50,1,1,50,50,100,100,56.57,57.37,56.33,62.38,69.34,69.61,2.22,4.11,1218.41,1127.85,55.58,58.1,50,43.33,18.26,19.53,85.12,82.41,3.24,3.24,93.2,93.2,570.34,632.25,0,0,64,64,68.13,66.74,812.27,751.9,529.35,540.72,0.37,0.35,145.93,140.69,9.99,9.93,17.16,17.16,521.53,521.53,2.26,2.22,52.78,50.89,52.66,51.41,-43.59,-43.59,43.59,43.59,100.2,100.2,44268.77,41260.59,22244.51,23333.1,80260,67821,812.27,751.9,10.75,9.6,101.53,93.99,100900000000,155500000000,36167.58,33214.77,6.87,6.91,15.24,13.62
Westnesia,69.56,69.56,91.58,93.46,73.05,73.05,1.28,1.28,18.88,18.85,59.95,59.95,14630.65,14769.85,36.67,36.67,188,188,-25.5,-25.5,-14.97,-14.97,-14,-14,-12,-12,-13.68,-13.68,-14,-14,-27.82,-27.82,-24.95,-24.95,-13.42,-13.42,-18.17,-18.17,-25.88,-25.88,-16.73,-16.73,-15.49,-15.49,-27.64,-27.64,11166.49,11272.73,-28.96,-28.96,0,0,32,32.05,7236.67,7305.51,16282.5,16437.41,4562.25,4605.65,4798.23,5082.1,9.48,9.48,77.95,78.27,26.81,26.81,11.76,11.74,98.11,98.11,0.8,0.8,42.01,42.01,15.58,15.58,50,50,423,423,87.98,87.99,126.95,127,92.55,92.57,19.66,19.79,2438.44,2461.64,145.22,145.23,24.75,24.38,95.02,95.03,-274.78,-275.84,0.41,0.41,96.12,96.12,557.4,560.32,18,18,120,120,42.2,42.17,3303.7,3335.13,1465.24,1465.23,0.15,0.15,104.9,104.9,6.87,6.87,24.43,24.43,3016.48,3016.48,0.58,0.58,35.34,35.21,81.1,82.44,-187.92,-187.92,141.42,141.42,116.29,116.29,91713.75,92824.51,80420.64,81567.8,103164,104216,15417.25,15563.92,1.82,1.82,2674.42,2699.86,459600000000,467200000000,4585.69,4641.23,0.77,0.77,145.31,145.31
Protagoras-,57.33,57.33,57.33,57.33,57.33,57.33,3.61,3.61,32.72,32.72,42,42,322.5,322.5,50,50,112.5,112.5,-4.47,-4.47,-4.44,-4.44,1290.01,1290.01,3784.02,3784.02,-4.47,-4.47,3908.73,3908.73,-3.16,-3.16,1745.81,1745.81,1290.01,1290.01,2580.02,2580.02,3010.02,3010.02,3440.02,3440.02,3870.03,3870.03,0,0,3268.02,3268.02,825.61,825.61,1290.01,1290.01,9.54,9.54,967.51,967.51,967.51,967.51,1290.01,1290.01,322.5,322.5,119.98,119.98,27.72,27.72,12,12,49.93,49.93,26.68,26.68,14.39,14.39,50,50,1,1,50,50,98,98,57.27,57.27,60.37,60.37,69.51,69.51,0.56,0.56,1290.01,1290.01,75.05,75.05,50,50,21.86,21.86,81.23,81.23,3.24,3.24,93.2,93.2,610.35,610.35,0,0,64,64,67.89,67.89,860.01,860.01,474.48,474.48,0.32,0.32,125.96,125.96,11.13,11.13,17.16,17.16,502.54,502.54,2.47,2.47,54.44,54.44,53.44,53.44,-60.83,-60.83,72.11,72.11,100.2,100.2,41804.88,41804.88,21006.43,21006.43,75793,75793,1290.01,1290.01,9.75,9.75,107.5,107.5,616400000000,617800000000,32649.61,32649.61,7.09,7.09,13.99,13.99
Maybe I am Planet Duke,57.33,57.33,57.33,57.33,57.33,57.33,3.61,3.61,32.82,32.82,42,42,305.03,305.03,50,50,112.5,112.5,-7.75,-7.75,-8.37,-8.37,1220.11,1220.11,5287.16,5287.16,-6.32,-6.32,4874.36,4874.36,1220.11,1220.11,2029.46,2029.46,-5.48,-5.48,3660.34,3660.34,2846.93,2846.93,1626.82,1626.82,1220.11,1220.11,2033.52,2033.52,3253.64,3253.64,-2,-2,2440.23,2440.23,9.33,9.33,915.09,915.09,915.09,915.09,1220.11,1220.11,305.03,305.03,119.98,119.98,27.72,27.72,12,12,49.93,49.93,25.2,25.2,16.93,16.93,50,50,1,1,50,50,100,100,56.72,56.72,57.19,57.19,69.41,69.41,0.56,0.56,1220.11,1220.11,69.58,69.58,50,50,18.32,18.32,85.05,85.05,3.24,3.24,93.2,93.2,610.35,610.35,0,0,64,64,68.13,68.13,813.41,813.41,553.38,553.38,0.33,0.33,126.07,126.07,9.88,9.88,17.16,17.16,499.7,499.7,2.19,2.19,54.44,54.44,52.68,52.68,-73.48,-73.48,83.07,83.07,100.2,100.2,44202.72,44202.72,22211.32,22211.32,80140,80140,813.41,813.41,10.54,10.54,101.68,101.68,52600000000,54400000000,36113.62,36113.62,7.09,7.09,14.07,14.07
Cekan,72.97,72.97,81.75,87.25,72.95,72.95,1.63,1.62,20.11,20,46.76,46.76,10198.82,10543.87,31.55,31.55,97.25,97.25,-12.33,-12.33,-11.03,-11.03,-13.49,-13.49,-5.02,-5.02,-15.88,-15.88,-12.36,-12.36,-15.75,-15.75,-21.6,-21.6,-8.31,-8.31,-13.11,-13.11,-16.79,-16.79,-13.42,-13.42,-13.49,-13.49,-19.47,-19.47,-0.99,-0.99,-14.62,-14.62,0,0,26.81,26.87,5801.17,5997.43,14596.48,15090.31,4865.49,5030.1,2807.02,3192.18,17.41,17.41,61.49,61.76,18.34,18.34,35.7,35.56,71.31,71.31,1.01,1.01,45.31,45.31,10.82,10.82,52.91,52.91,361,361,80.13,80.14,117.16,117.23,91.62,91.69,14.42,14.54,7204.67,7448.42,105.76,105.77,45.62,45.25,91.06,91.1,-146.95,-148.01,1.09,1.09,93.66,93.66,374.47,376.86,12,12,84,84,46.77,46.73,1684.21,1741.19,1333.13,1333.12,0.18,0.18,185.77,185.77,8.27,8.27,18.06,18.06,2346.98,2346.98,0.7,0.7,40.58,40.46,75.03,76.39,-168.39,-168.39,123.49,123.49,109.7,109.7,68729.97,71345.43,53128.95,55283.83,86409,89508,11321.63,11704.66,1.97,1.97,1871.34,1934.65,526900000000,551500000000,6116.97,6349.74,20.14,20.14,116.03,116.03
Everrly,15,15,65,64.22,9,9,2.61,2.49,28.91,28.65,42,42,1335.92,1335.18,85,85,33.75,33.75,-4.69,-4.69,-5.8,-5.8,5672.5,5669.38,-7.87,-7.87,6247.98,6244.53,-9.63,-9.63,1973.04,1971.96,924.86,924.35,2137.47,2136.29,5261.45,5258.55,-9.06,-9.06,3206.2,3204.43,2795.15,2793.61,-8.49,-8.49,-5.66,-5.66,5935.52,5854.19,7645.55,7641.33,11.05,11.18,1027.63,1027.06,1644.2,1643.3,1746.97,1746,719.34,1027.06,125.17,125.17,38.31,40.19,12,12,26.31,25.58,1.21,1.21,36.46,36.46,50,50,2.52,2.52,50,50,132,132,59.21,59.38,62.31,64.59,74.68,75.14,28.04,26.98,1335.92,1335.18,106.74,106.93,56.5,53.33,25.86,26.71,72.67,71.1,23.15,23.15,91.52,91.52,2232.54,2432.9,0,0,64,64,68.17,67.49,924.86,924.35,618.01,633.44,0.22,0.22,28.19,28.19,13.37,13.09,17.14,17.14,767.29,767.29,2.02,1.99,26.96,28.02,56.1,56.03,97.72,97.72,-51.48,-51.48,100.62,100.62,49913.87,50116.41,29923.49,30834.47,78111,76723,924.86,924.35,6.1,5.59,205.53,205.41,182900000000,286300000000,36986.18,36735.33,8.6,8.6,14.39,13.6
Staple Stable,66,64.89,57.33,48.44,57.33,57.33,3.61,2.91,33.12,32.86,42,42,329.66,305.72,42,43.67,130.5,128.25,5714.18,5299.2,5751.54,5333.85,-4.47,-4.47,-2.45,-2.45,-7.75,-7.75,2749.4,2549.73,2637.31,2445.78,5788.9,5368.49,439.55,407.63,439.55,407.63,1318.66,1222.89,-7.07,-7.07,-3.16,-3.16,-7.35,-7.35,4087.84,3790.96,-2.59,-2.59,8351.49,7744.98,9.06,9.22,988.99,917.17,988.99,917.17,769.22,713.35,329.66,611.45,119.98,119.98,27.72,34.4,12,12,51.46,47.86,26.39,26.07,14.93,15.51,51,51,1,1,50,50,99,99,55.3,56.17,44.87,51.01,69.1,69.36,3.21,4.87,1318.66,1222.89,54.07,57.03,50,43.33,19.35,20.67,85.9,83.18,3.76,3.76,93.12,93.12,546.98,613.07,0,0,64,64,68.06,66.65,879.1,815.26,425.55,437.91,0.41,0.38,159.15,152.46,10.54,9.99,17.16,17.16,506.17,506.17,2.73,2.66,51.79,50.13,52.78,51.54,-34.64,-34.64,14.14,14.14,100.2,100.2,41014.62,38341.73,20609.34,21682.47,74360,63024,879.1,815.26,12.3,11.26,109.89,101.91,204800000000,386300000000,33098.8,30404.99,6.06,6.11,17.73,15.87
Burenguhong Shiheyishangzhi,72.33,70.8,66,61.78,75.33,75.33,5.37,4.14,33.11,32.42,42,42,-5.48,-5.48,32.5,34.8,153,148.5,1084.53,1057.7,6572.65,6410.06,1918.78,1871.31,8092.24,7892.06,1585.08,1545.87,4618,4503.76,250.28,244.08,-1.73,-1.73,2002.2,1952.67,1084.53,1057.7,1084.53,1057.7,4004.41,3905.35,2753.03,2684.93,4838.66,4718.96,-4.24,-4.24,-2.8,-2.8,3253.58,3173.09,6.71,6.86,1147.1,1118.72,625.69,610.21,417.13,406.81,-3.16,203.4,7.86,7.86,18.61,24.17,12,12,67.13,62.91,32.2,31.8,2.84,2.97,50,50,1,1,50,50,106,106,56.38,57.22,56.69,62.95,69.11,69.82,17.04,14.05,1147.1,1118.72,43.61,46.68,60,53.33,8.09,8.44,105.98,103.6,0.75,0.75,93.97,93.97,273.99,325.06,-8,-8,64,64,70.91,69.93,208.56,203.4,409.13,451.1,1.23,0.95,143.09,135.05,12.05,11.46,33.08,33.08,556.73,556.73,2.85,2.58,37.96,40.95,54.66,54.01,-89.16,-89.16,101.24,101.24,104.46,104.46,49837.33,48807.89,20083.7,22744.64,107900,94099,729.97,711.91,11,9.83,-6.32,-6.32,55800000000,63600000000,45800.51,44708.03,12.94,13,21.95,19.73
Parmenide-s,57.33,57.33,57.33,57.33,57.33,57.33,3.61,3.61,32.7,32.7,42,42,333.67,333.67,50,50,112.5,112.5,4004.06,4004.06,-5.32,-5.32,4448.95,4448.95,6139.55,6139.55,1779.58,1779.58,-6.7,-6.7,-7.75,-7.75,-4.07,-4.07,1779.58,1779.58,0,0,889.79,889.79,444.9,444.9,-6.32,-6.32,4448.95,4448.95,-2.65,-2.65,854.2,854.2,8453.01,8453.01,9.54,9.54,1001.01,1001.01,1001.01,1001.01,1334.69,1334.69,333.67,333.67,119.98,119.98,27.72,27.72,12,12,49.93,49.93,25.38,25.38,16.65,16.65,50,50,1,1,50,50,98,98,57.27,57.27,60.37,60.37,69.53,69.53,0.56,0.56,1334.69,1334.69,85.46,85.46,50,50,23.38,23.38,79.95,79.95,3.24,3.24,93.2,93.2,610.35,610.35,0,0,64,64,67.81,67.81,889.79,889.79,556.05,556.05,0.31,0.31,125.96,125.96,11.97,11.97,17.16,17.16,511.11,511.11,2.18,2.18,54.44,54.44,53.45,53.45,-51.96,-51.96,87.75,87.75,100.2,100.2,40409.83,40409.83,20305.44,20305.44,73263,73263,1334.69,1334.69,9.75,9.75,111.22,111.22,638600000000,639700000000,30953.93,30953.93,7.09,7.09,11.02,11.02
Angels of Desecration,57.33,57.33,46.67,46.67,57.33,57.33,2.76,2.76,32.97,32.97,42,42,296.05,296.05,50,50,112.5,112.5,-4.47,-4.47,0,0,2368.39,2368.39,3157.85,3157.85,3552.58,3552.58,-4.48,-4.48,2763.12,2763.12,-6.59,-6.59,4342.04,4342.04,-4.47,-4.47,789.46,789.46,394.73,394.73,1578.93,1578.93,789.46,789.46,1578.93,1578.93,-4,-4,5131.51,5131.51,9.33,9.33,888.15,888.15,888.15,888.15,1184.19,1184.19,296.05,296.05,119.98,119.98,36.28,36.28,12,12,45.75,45.75,23.73,23.73,19.03,19.03,50,50,1,1,50,50,100,100,57.68,57.68,63.36,63.36,69.25,69.25,3.22,3.22,1184.19,1184.19,70.26,70.26,42,42,21.78,21.78,80.26,80.26,3.24,3.24,93.2,93.2,677.19,677.19,0,0,64,64,66.1,66.1,789.46,789.46,608.49,608.49,0.32,0.32,126.07,126.07,11.46,11.46,17.16,17.16,519.53,519.53,2.05,2.05,51.78,51.78,50.85,50.85,-37.42,-37.42,66.33,66.33,100.2,100.2,37653.41,37653.41,21917.66,21917.66,60408,60408,789.46,789.46,9.11,9.11,98.68,98.68,1296800000000,1298700000000,29444.97,29444.97,7.09,7.09,9.45,9.45
Introversion,57.33,57.33,57.33,57.33,57.33,57.33,3.61,3.61,32.81,32.81,42,42,306.95,306.95,50,50,112.5,112.5,4092.64,4092.64,4151.99,4151.99,4911.17,4911.17,-8.37,-8.37,2864.85,2864.85,-5.97,-5.97,-7.75,-7.75,-5.21,-5.21,1227.79,1227.79,-3.16,-3.16,1637.06,1637.06,409.26,409.26,2455.59,2455.59,409.26,409.26,2864.85,2864.85,7136.61,7136.61,9003.81,9003.81,9.33,9.33,920.84,920.84,920.84,920.84,1227.79,1227.79,306.95,306.95,119.98,119.98,27.72,27.72,12,12,49.93,49.93,23.58,23.58,19.24,19.24,50,50,1,1,50,50,100,100,56.72,56.72,57.19,57.19,69.42,69.42,0.56,0.56,1227.79,1227.79,85.62,85.62,50,50,18.58,18.58,84.78,84.78,3.24,3.24,93.2,93.2,610.35,610.35,0,0,64,64,68.11,68.11,818.53,818.53,475.23,475.23,0.32,0.32,126.07,126.07,12.87,12.87,17.16,17.16,509.71,509.71,2.47,2.47,54.44,54.44,52.68,52.68,95.39,95.39,-55.68,-55.68,100.2,100.2,43927.42,43927.42,22072.98,22072.98,79641,79641,818.53,818.53,10.54,10.54,102.32,102.32,53300000000,54800000000,35756.92,35756.92,7.09,7.09,12.05,12.05
Greek People Nation,64.83,64.83,89.33,91.61,30.1,30.1,1.38,1.37,20.3,20.26,14.57,14.57,12448,12562.57,43.75,43.75,134.25,134.25,-22.58,-22.58,-13.27,-13.27,-15.75,-15.75,-6.93,-6.93,-14.95,-14.95,-14.28,-14.28,-9.54,-9.54,-21.21,-21.21,-21.75,-21.75,-17.32,-17.32,-21.45,-21.45,-16.31,-16.31,-16.12,-16.12,-21.61,-21.61,-10.62,-10.62,-20.25,-20.25,0,0,28.6,28.65,7524.54,7593.79,11240.36,11343.81,15049.07,15187.58,743.16,1031.26,658.89,658.89,72.55,72.95,0.63,0.63,35.31,35.07,77.72,77.72,0.94,0.94,57.85,57.85,10.01,10.01,50.99,50.99,480,480,93.17,93.19,117.42,117.48,91.49,91.52,15.94,16.11,20901.49,21093.86,6.25,6.25,31.33,30.83,79.17,79.31,-134.42,-135.5,53.1,53.1,86.4,86.4,906.91,911.88,-12,-12,95,95,41.58,41.47,-9.49,-9.49,1467.96,1467.94,0.18,0.18,129.44,129.44,8.16,8.15,15.09,15.09,3231.85,3231.85,0.57,0.57,39.06,38.89,77.88,78.99,-180.92,-180.92,127.8,127.8,52.17,52.17,75988.53,76969.16,64142.89,65162.11,88411,89319,8081.91,8156.29,1.75,1.75,-11.4,-11.4,1410700000000,1446100000000,15805.61,15932.62,23.31,23.31,130.69,130.53
Cherno Alpha,69.33,69.2,53.11,60.44,39.11,39.11,1.34,1.33,22.74,22.49,40.78,40.78,4046.95,4321.15,37,37.2,141.75,141.75,-9.06,-9.06,-7.59,-7.59,-5.1,-5.1,-5.02,-5.02,-9.12,-9.12,-10.43,-10.43,-1.18,-1.18,-14.28,-14.28,214.25,228.77,-8.49,-8.49,-11.49,-11.49,1333.11,1423.44,-8.49,-8.49,-12.33,-12.33,346.61,370.09,-13.31,-13.31,0,0,16.7,16.79,1428.34,1525.11,9879.32,10548.69,2499.59,2668.95,2023.47,2541.85,152.93,152.93,74.58,74.99,10.55,10.55,25.22,25.03,30.96,30.92,3.29,3.31,50,50,6.85,6.85,50,50,195,195,65.69,65.71,101.62,101.79,90.19,90.3,16.47,16.57,2737.64,2923.13,61.24,61.43,28.83,28.33,76.59,76.72,-4.07,-5.15,4.85,4.85,92.98,92.98,800.96,807.5,-2,-2,62,62,51.87,51.81,952.22,1016.74,1076.77,1076.8,0.36,0.36,169.61,168.98,9.25,9.25,17.01,17.01,1159.23,1159.23,1.27,1.27,38.53,38.43,61.31,62.68,-47.33,-47.33,30.66,30.66,103.37,103.37,35102.77,37862.44,30067.3,32525.28,40315,43373,2856.67,3050.22,2.59,2.58,1428.34,1525.11,4636300000000,5597900000000,8214.05,8821.95,14.14,14.14,15.23,15.23
Cupcake Alice,69.83,69.17,36.22,37.33,64.44,64.44,1.68,1.65,28.36,28.27,42,42,791.78,790.85,36.25,37.25,144,141.75,-4.69,-4.69,3724.55,3720.16,-5.83,-5.83,798.12,797.18,558.68,558.02,-7.27,-7.27,3420.5,3416.47,4275.63,4270.59,-6.93,-6.93,-1.41,-1.41,-4.69,-4.69,2787.07,2783.79,-3.46,-3.46,-7.21,-7.21,5637.49,5630.85,-9.39,-9.44,3420.5,3416.47,11.36,11.49,554.25,553.6,2137.81,2135.3,950.14,949.02,475.07,711.77,119.98,119.98,59.61,60.47,12,12,45.08,44.36,35.96,35.8,2.17,2.19,50,50,3.93,3.93,50,50,120,120,61.16,61.24,86.39,87.35,75.67,75.84,12.28,12.33,950.14,949.02,58.43,59.26,34.17,33,29.67,30.37,64.9,63.71,2.22,2.22,93.37,93.37,581.54,598.88,0,0,68,68,61.98,58.19,633.43,632.68,976.7,980.35,0.33,0.33,179.97,173.49,9.61,9.59,17.16,17.16,725.63,725.63,1.56,1.56,42.72,42.67,53.41,53.47,-68.99,-68.99,55.32,55.32,100.2,100.2,37889.65,38082.29,28809.95,29177.48,48328,48252,1900.28,1898.04,3.35,3.32,79.18,79.09,19838300000000,22300900000000,26636.42,26505.27,6.45,6.5,19.24,18.56
Kultexia,95,85,30.89,33.33,36.89,36.89,1.42,1.42,31.22,31.03,42,42,2243.16,2257.83,5,15,213.75,191.25,-2,-2,-1.79,-1.79,-12,-12,-5.66,-5.66,3908.09,3933.65,-7.59,-7.59,299.09,301.04,-10.39,-10.39,-11.14,-11.14,-7.35,-7.35,-9.7,-9.7,-3.74,-3.74,797.57,802.79,-11.75,-11.75,-1.67,-1.67,-9.7,-9.85,299.09,301.04,11.66,11.79,1246.2,1254.35,1246.2,1254.35,2118.54,2132.4,996.96,1379.79,130.47,130.47,70.28,70.42,12,12,35.83,35.75,30.55,28.74,3.54,8.23,51,51,1,1,50,50,139,139,61.32,61.57,80.46,81.56,71.24,71.49,27.11,23.83,2367.78,2383.27,36.99,42.96,30.17,30,68.99,69.59,47.44,46.41,10.38,10.38,92.43,92.43,532.95,613.07,0,0,64,64,53.25,52.96,1246.2,1254.35,775.27,813.94,0.67,0.46,358.93,280.61,9.99,9.99,17.11,17.11,870.65,870.65,1.76,1.72,27.89,31.17,50.09,50.4,-81.24,-81.24,-24.49,-24.49,100.62,100.62,21953.07,22472.98,18221.42,18671.58,25925,26516,1744.68,1756.09,3.3,3.22,249.24,250.87,29989100000000,30398700000000,6805.45,6831.79,5.29,5.86,9.65,9.49
World Assembly Administered Territory,77,76.83,43.56,50.89,54.67,54.67,1.38,1.38,23.22,22.92,42,42,2960.82,3204.95,25.5,25.75,168.75,168.75,-12.33,-12.33,-7.59,-7.59,-12.49,-12.49,-7.01,-7.01,720.4,779.8,-11.17,-11.17,-4.69,-4.69,-14.28,-14.28,-12.96,-12.96,735.1,795.71,-14.21,-14.21,-9.06,-9.06,-10.1,-10.1,-12.33,-12.33,3896.03,4217.28,192.11,207.95,0,0,16.06,16.16,1327.27,1436.7,8576.18,9283.32,2246.14,2431.34,1225.17,1657.74,119.98,119.98,72.28,72.69,12,12,29.3,29.1,38.25,38.21,1.95,1.95,50,50,6.85,6.85,50,50,185,185,65.84,65.86,104.61,104.72,89.94,90.12,15.4,15.49,2246.14,2431.34,57.08,57.29,31.67,31.17,71.65,71.82,6.33,5.25,1.97,1.97,93.42,93.42,576.91,582.86,0,0,62,62,53.1,53.02,816.78,884.13,1077.83,1077.88,0.32,0.32,218.84,218.12,9.17,9.16,17.16,17.16,1101.6,1101.6,1.27,1.27,39.6,39.51,60.03,61.42,-89.11,-89.11,11.83,11.83,101.85,101.85,33943.03,37073.32,28595.46,31324.81,39561,43097,2858.73,3094.44,2.57,2.57,510.49,552.58,1283600000000,1522400000000,9605.88,10454.68,7.44,7.44,13.52,13.52
Deimos2,66,64.89,57.33,48.44,57.33,57.33,3.61,2.91,32.94,32.67,42,42,281.25,260.44,42,43.67,130.5,128.25,3375.01,3125.3,4387.52,4062.88,3750.01,3472.55,3375.01,3125.3,-5.48,-5.48,-7,-7,-6.32,-6.32,-6.78,-6.78,3375.01,3125.3,3750.01,3472.55,4875.02,4514.32,3000.01,2778.04,3375.01,3125.3,1875.01,1736.28,1875.01,1736.28,-1.67,-1.67,7125.03,6597.85,9.33,9.49,843.75,781.32,843.75,781.32,1125,1041.77,281.25,520.88,119.98,119.98,27.72,34.4,12,12,51.46,47.86,25.67,25.34,16.18,16.71,50,50,1,1,50,50,100,100,56.47,57.28,55.13,61.12,69.29,69.57,3.22,4.89,1125,1041.77,74.83,78.32,50,43.33,15.05,16.27,88.89,86.18,3.5,3.5,93.16,93.16,546.98,613.07,0,0,64,64,68.3,66.94,750,694.51,466.52,478.68,0.37,0.34,158.55,151.88,12.27,11.68,17.16,17.16,472.36,472.36,2.51,2.45,51.78,50.11,52.64,51.4,10,10,70,70,100.2,100.2,47943.94,44657,24091.23,25253.79,86923,73404,750,694.51,10.87,9.74,93.75,86.81,1808000000000,2662100000000,40752.35,37377.91,6.73,6.78,12.85,11.5
The Kock,72.8,71.44,10,7.25,30.22,30.22,1.22,1.16,31.82,32.26,45.83,45.83,859.72,766.91,31.8,33.83,155.25,150.75,-8.25,-8.25,-2.53,-2.53,437.68,390.43,262.61,234.26,1438.08,1282.83,-2.68,-2.68,-12.25,-12.25,-9.8,-9.8,-2.83,-2.83,31.26,27.89,1281.77,1143.4,953.51,850.57,-6.16,-6.16,-5.66,-5.66,1828.86,1631.43,-12.87,-12.87,437.68,390.43,18.38,18.47,1719.44,1533.82,1094.19,976.07,898.8,801.77,625.25,662.33,1259.14,1259.14,81.97,86.09,18.02,18.02,19.81,18.13,30.76,30.4,3.39,3.78,52.16,52.16,1,1,53.38,53.38,114,114,68.9,69.13,92.18,93.17,70.51,70.01,26.81,27.05,859.72,766.91,105.55,106.4,-90,-92.75,71.48,71.7,-15.85,-17.51,11.9,11.9,92.31,92.31,1004.17,1163.82,0,0,67,67,75.24,75.04,898.8,801.77,1014.71,1016.91,0.27,0.26,244.33,233.03,9.85,9.82,12.34,12.34,679.95,679.95,1.51,1.5,28.19,27.95,46.29,45.67,-37.28,-37.28,52.82,52.82,106.51,106.51,20098.74,18033.58,18098.87,16665.36,22079,19357,1367.74,1220.09,2.36,2.35,703.41,627.47,166100000000,189100000000,5728.14,5103.5,5.75,5.86,7.53,7.4
PH 25,68,66.44,49.67,43,57.33,57.33,3,2.56,32.94,32.7,42,42,282.82,263.52,39,41.33,137.25,132.75,1131.27,1054.07,-7.63,-7.63,3770.91,3513.58,4751.35,4427.11,754.18,702.72,2094.74,1951.79,3016.73,2810.87,2779.16,2589.51,0,0,1885.46,1756.79,-4.47,-4.47,2639.64,2459.51,3770.91,3513.58,-4.47,-4.47,-5.74,-5.74,4975.87,4404.41,7918.92,7378.52,9.22,9.38,848.46,790.56,848.46,790.56,1131.27,1054.07,282.82,527.04,119.98,119.98,33.35,39.05,12,12,49.76,46.9,24.34,23.87,18.2,18.85,50,50,1,1,50,50,101,101,56.76,57.43,56.74,62.01,69.29,69.53,6.14,7.03,1131.27,1054.07,61.68,65.02,44.25,39.25,17.33,18.58,85.38,82.91,3.76,3.76,93.12,93.12,568.37,627.42,0,0,64,64,67.03,65.65,754.18,702.72,477.19,491.08,0.4,0.37,171.76,159.85,10.35,9.99,17.16,17.16,511.94,511.94,2.46,2.4,48.86,47.97,51.01,49.98,-38.73,-38.73,80.62,80.62,100.2,100.2,42901.84,40005.77,23852.14,24232.35,71530,62061,565.64,527.04,10.48,9.51,94.27,87.84,1706300000000,2586200000000,35479.82,32564.7,6.59,6.69,11.87,10.84
Grand Admiral Mitthrawnuruodo,54.67,54.67,6.67,8.33,7,7,1.14,1.14,32.09,31.51,42,42,475.52,537.62,52,52,108,108,175.57,198.51,-6.2,-6.2,-10.39,-10.39,-10.2,-10.2,389.19,440.02,7198.13,8138.23,-8.83,-8.83,-10.54,-10.54,-8.37,-8.37,-10.86,-10.86,-2.83,-2.83,1053.45,1191.03,-10.39,-10.39,555.99,628.6,-5.92,-5.92,4.92,5.56,175.57,198.51,12.45,12.57,438.94,496.26,877.87,992.53,658.41,744.4,329.2,496.26,135.9,135.9,87.49,87.78,12,12,12.02,11.96,11.75,11.75,29.93,29.93,51,51,3.3,3.3,50,50,125,125,63.23,63.25,80.56,80.67,70.19,70.88,29.99,30.1,694.98,785.75,83.08,83.11,6.67,6.33,41.09,41.74,49.14,48.08,23.9,23.9,91.47,91.47,3658.49,3689.29,0,0,64,64,50.31,50.26,402.36,454.91,699.37,699.11,0.26,0.26,117.23,117.23,9.07,9.07,17.09,17.09,729.81,729.81,1.87,1.87,25.01,24.9,43.87,44.54,-29.15,-29.15,-67.45,-67.45,101.45,101.45,15661.36,17830.86,14596.49,16648.05,16684,18965,402.36,454.91,2.87,2.87,146.31,165.42,3007000000000,3523900000000,9224.54,10395.39,7.56,7.56,9.75,9.75
Kulusuk,57.33,57.33,49,42.33,57.33,57.33,2.93,2.5,32.58,32.33,42,42,953.88,893.69,50,50,112.5,112.5,3357.66,3145.81,-7.04,-7.04,686.79,643.46,3586.59,3360.29,2365.63,2216.36,3540.81,3317.4,1831.45,1715.89,4197.08,3932.26,-7.21,-7.21,-9.06,-9.06,686.79,643.46,-7.87,-7.87,-5.66,-5.66,3739.22,3503.28,2861.64,2681.08,-1.5,-1.5,5875.91,5505.16,9.59,9.75,858.49,804.33,858.49,804.33,1144.66,1072.43,286.16,536.22,119.98,119.98,34.17,39.94,12,12,48.09,45.31,23.69,23.69,19.09,19.09,50,50,1,1,50,50,125,125,57.19,57.78,59.75,64.69,69.66,69.92,2.61,4.28,1144.66,1072.43,68,69.54,43.75,38.75,20.69,21.83,81.08,78.75,3.5,3.5,93.16,93.16,662.27,705.34,0,0,64,64,66.01,64.33,763.11,714.96,757.28,765.9,0.32,0.32,127.08,127.08,9.9,9.85,17.16,17.16,725.96,725.96,1.79,1.78,52.39,50.72,50.91,49.89,-63.25,-63.25,70,70,100.2,100.2,40681.14,38382.41,22921.09,23535.48,67075,58928,572.33,536.22,9.87,8.95,95.39,89.37,865100000000,1415100000000,32260.15,30015.04,7.09,7.09,14.44,13.15
Saint Clair Avenue,53.78,53.78,40,47.33,7,7,1.42,1.41,27.47,27.01,37.37,37.37,2436.92,2658.02,52.67,52.67,108,108,-11.31,-11.31,2433.02,2653.77,-7.87,-7.87,655.05,714.48,-11.49,-11.49,5739.44,6260.17,-2.37,-2.37,-14.44,-14.44,-7.75,-7.75,-9.9,-9.9,-11.75,-11.75,-12.17,-12.17,-9.38,-9.38,-15.43,-15.43,-2.7,-2.7,-10.51,-10.51,0,0,15.52,15.62,877.29,956.89,3021.79,3295.95,3899.08,4252.84,1754.59,2232.74,8.08,8.08,70.42,70.81,6.84,6.84,17.47,17.36,17.68,17.68,25.57,25.57,46.97,46.97,3.3,3.3,50,50,146,146,66.09,66.11,101.86,102.02,77.45,78.45,21.45,21.62,3021.79,3295.95,72.2,72.24,33,32.5,69.81,69.98,13.13,12.04,22.41,22.41,91.57,91.57,1846.67,1872.87,0,0,62,62,52.39,52.32,1559.63,1701.13,1019.95,1019.88,0.24,0.24,116.55,116.55,9.5,9.49,31.66,31.66,912.79,912.79,1.49,1.49,33.55,33.38,54.12,55.79,-73.76,-73.76,48.37,48.37,102.24,102.24,32319.46,35570.72,26852.48,29642.26,38134,41859,2144.49,2339.06,2.55,2.55,584.86,637.93,341800000000,408500000000,9760.48,10671.22,11.31,11.31,13.97,13.97
Xanthe the Divine,16,16,66.89,67.33,1,1,2.81,2.67,30.89,30.5,39.43,39.43,1156.9,1153.82,84,84,36,36,2187.6,2181.78,-2.53,-2.53,2860.7,2853.09,-6.93,-6.93,1884.7,1879.69,15616.07,15574.53,-8.37,-8.37,4312.09,4300.62,-6.93,-6.93,1346.21,1342.63,-9.38,-9.38,-9.49,-9.49,-7.62,-7.62,2187.6,2181.78,-9.95,-9.95,-9.77,-9.87,5048.3,5034.87,11.83,11.96,105.17,104.89,1156.9,1153.82,2524.15,2517.44,946.56,1258.72,941.61,941.61,35.53,37.43,12,12,21.55,20.74,1.07,1.07,37.6,37.6,50,50,1,1,51.96,51.96,121,121,60.93,61.1,68.44,70.67,71.67,72.21,31.37,30.26,1262.07,1258.72,109.47,109.56,59.33,56,30.98,31.8,65.93,64.38,32.07,32.07,90.99,90.99,2499.2,2731.16,0,0,67,67,68.6,67.77,1051.73,1048.93,656.8,673.26,0.21,0.21,29.49,29.49,9.87,9.83,13.77,13.77,701.65,701.65,1.95,1.92,23.63,24.74,55.86,56.04,72.8,72.8,-43.59,-43.59,98.83,98.83,50012.65,50194.31,28780.08,29717.03,81013,79385,1051.73,1048.93,3.44,3.38,210.35,209.79,66700000000,115100000000,34508.73,34232.52,8.44,8.44,30.07,28.21
Froggit,76.22,76,36.67,38,48,48,1.66,1.64,30.31,30.05,42,42,1233.69,1263.93,26.67,27,166.5,164.25,-9.06,-9.06,-1.26,-1.26,1691.92,1733.4,3313.35,3394.57,3947.82,4044.59,-10.62,-10.62,2044.4,2094.52,-6.82,-6.82,3595.33,3683.47,-4.69,-4.69,-7.21,-7.21,2396.89,2455.64,-4.69,-4.69,-11.49,-11.49,2114.9,2166.75,-2.41,-2.41,3736.33,3827.92,10.77,10.91,704.97,722.25,1233.69,1263.93,1321.81,1354.22,528.73,812.53,119.98,119.98,60.1,60.84,12,12,37.59,37.09,31.23,31.17,3.17,3.2,50,50,2.52,2.52,50,50,134,134,61.08,61.15,84.98,85.82,72.47,72.84,15.81,16.03,1321.81,1354.22,59.22,59.57,34.5,33.5,31.65,32.39,65.2,64.04,4.96,4.96,92.97,92.97,603.59,614.43,0,0,64,64,57.81,57.01,704.97,722.25,928.5,930.15,0.38,0.37,219.09,214.07,11.23,11.14,17.16,17.16,819.54,819.54,1.6,1.6,39.19,38.97,51.66,52,-59.16,-59.16,76.81,76.81,99.76,99.76,33993.52,35097.66,25960.22,26978.05,43194,44344,1409.93,1444.5,3.38,3.35,0,0,1442200000000,1664900000000,23251.57,23726.02,6.45,6.5,9.97,9.8
Piano Mania,78.5,77.33,26.5,27.83,77.33,77.33,1.46,1.45,31.36,31.14,40.78,40.78,1140.67,1157.24,23.25,25,173.25,168.75,-9.06,-9.06,-5.8,-5.8,-7.87,-7.87,393.09,398.8,3369.36,3418.32,-6.39,-6.39,1825.07,1851.59,-7.84,-7.84,140.39,142.43,1684.68,1709.16,-13.49,-13.49,1579.39,1602.34,3439.55,3489.53,-13.86,-13.86,2807.8,2848.6,-9.01,-9.07,1825.07,1851.59,10.2,10.34,350.97,356.07,1316.15,1335.28,614.21,623.13,614.21,890.19,8.49,8.49,68.45,68.97,11.33,11.33,44.76,44.27,37.04,36.76,2.05,2.08,52.64,52.64,2.52,2.52,50.5,50.5,129,129,60.06,60.15,86.95,87.76,71.06,71.34,25.62,25.26,965.18,979.21,49.03,50.38,26.5,25.83,36.22,37.03,63.33,62.22,0.72,0.72,94.1,94.1,402.1,418.22,0,0,64,64,54.65,54.27,789.69,801.17,655.08,661.34,0.43,0.41,266.68,251.77,9.99,9.98,29.26,29.26,781.81,781.81,1.95,1.94,29.38,29.74,49.47,49.79,-70.07,-70.07,42.54,42.54,100.2,100.2,25347.38,25982.77,20744.5,21350.68,30308,30957,1491.64,1513.32,4,3.92,0,0,1361600000000,1487100000000,16171.63,16369.14,2.04,2.12,8.77,8.64
ERN Alba 7,57.33,57.33,58.33,53.07,57.33,57.33,2.26,2.14,31.72,31.62,42,42,634.33,599.74,50,50,112.5,112.5,2875.61,2718.8,3450.74,3262.56,2452.73,2318.98,4567.15,4318.1,-3.63,-3.63,-4.98,-4.98,4990.04,4717.92,-6.82,-6.82,-5.66,-5.66,-3.46,-3.46,-7.21,-7.21,1184.08,1119.51,1606.96,1519.33,-5.66,-5.66,2029.85,1919.15,2655.71,2510.89,10318.38,9755.7,9.49,9.64,951.49,899.6,951.49,899.6,1268.65,1199.47,317.16,599.74,119.98,119.98,44.24,46.77,12,12,51.86,49.74,24.21,24.21,18.38,18.38,50,50,1,1,50,50,110,110,58.44,58.66,66.39,69.19,70.63,70.75,0.78,1.59,1268.65,1199.47,67.22,67.82,50.75,46.8,21.06,21.99,80.09,78.43,3.5,3.5,93.16,93.16,604.26,636.67,0,0,64,64,67.56,66.59,845.77,799.65,769.11,772.03,0.32,0.31,126.89,126.89,9.96,9.92,17.16,17.16,615.34,615.34,1.77,1.77,54.22,53.41,53.31,52.46,-53.85,-53.85,76.16,76.16,100.2,100.2,43971.52,41873.54,28493.98,27957.36,64405,59781,845.77,799.65,7.8,7.37,105.72,99.96,109200000000,153900000000,34693.53,32661.36,7.09,7.09,13.98,12.97
Ter Schetorn,57.33,57.33,44.33,37.67,57.33,57.33,2.64,2.28,32.58,32.38,42,42,867.7,810.55,50,50,112.5,112.5,-3.16,-3.16,-2.83,-2.83,-7.07,-7.07,3470.81,3242.22,-2.45,-2.45,-6.63,-6.63,1156.94,1080.74,5302.63,4953.38,1928.23,1801.23,3856.45,3602.46,-9.49,-9.49,-8.37,-8.37,2699.52,2521.72,3470.81,3242.22,-6.32,-6.32,3668.52,3210.75,1156.94,1080.74,9.64,9.8,867.7,810.55,867.7,810.55,1156.94,1080.74,289.23,540.37,119.98,119.98,37.87,43.93,12,12,46.15,43.33,22.74,22.74,20.3,20.3,50,50,1,1,50,50,120,120,57.84,58.41,64.09,68.97,69.66,69.88,3.81,5.47,1156.94,1080.74,66.33,67.85,40.25,35.25,23.46,24.77,77.79,75.34,3.5,3.5,93.16,93.16,692.28,736.29,0,0,64,64,64.98,62.71,771.29,720.49,642.97,650.67,0.31,0.31,126.89,126.89,11.34,10.9,17.16,17.16,691.48,691.48,1.97,1.96,51.19,49.53,50.76,49.72,-86.02,-86.02,70,70,100.2,100.2,37219.67,34822.35,22174.41,22478.61,58554,51172,771.29,720.49,8.85,7.85,96.41,90.06,281000000000,399900000000,28473.05,26186.41,7.09,7.09,13.22,12.05
Santravalley,60,59.73,30.44,27.83,66.67,66.67,1.55,1.52,30.78,30.85,42,42,590.29,561.34,48,48.2,117,117,2518.55,2395.05,1762.99,1676.54,-8.6,-8.6,1416.69,1347.22,1731.51,1646.6,-5.8,-5.8,2518.55,2395.05,196.76,187.11,-8.12,-8.12,2780.9,2644.53,2518.55,2395.05,970.69,923.09,3305.6,3143.5,-3.74,-3.74,-6.93,-6.93,-8.07,-8.07,5037.11,4790.1,12.77,12.88,1311.75,1247.42,983.81,935.57,1049.4,997.94,393.52,561.34,644.28,644.28,64.33,65.86,14.16,14.16,43.65,42.32,27.36,27.32,12.94,13.03,51,51,1,1,51.48,51.48,119,119,63.85,63.94,98.2,99.23,71.82,71.73,10.96,11.56,1180.57,1122.68,54.97,55.24,29.83,27.83,33.79,34.48,55.62,54.29,1.65,1.65,93.49,93.49,687.23,706.36,-4,-4,64,64,53.65,53.09,721.46,686.08,1007.45,1007.24,0.34,0.34,188.35,187.68,9.77,9.75,15.15,15.15,661,661,1.53,1.53,44.04,43.44,50.06,49.59,-86.02,-86.02,60.83,60.83,104.81,104.81,37515.96,35863.38,29707.91,28756.13,46179,43663,1049.4,997.94,2.78,2.77,459.11,436.6,121600000000,180900000000,24835.57,23490.51,13.62,13.62,10.19,9.84
Momia Berg Dorpistan,62,61.33,37.56,33.11,66.67,66.67,1.74,1.67,30.21,30.37,42,42,1007.41,925.93,46.5,47,121.5,119.25,-4.9,-4.9,4271.4,3925.94,-2,-2,2820.74,2592.6,-1.55,-1.55,-7.85,-7.85,3559.5,3271.62,1930.86,1774.7,-10.3,-10.3,873.08,802.47,-2,-2,2249.87,2067.91,2216.29,2037.05,2887.9,2654.33,-1.67,-1.67,-10.58,-10.69,3559.5,3271.62,12.88,13,1679.01,1543.22,1259.26,1157.41,1343.21,1234.57,503.7,694.45,644.28,644.28,57.44,59.86,14.16,14.16,47.09,44.95,28.02,27.93,11.09,11.41,51,51,1,1,51.48,51.48,129,129,63.37,63.55,96.48,98.42,72.61,72.38,9.68,10.63,1511.11,1388.89,57.13,57.75,35.17,31.83,42.37,43.17,48.98,47.42,1.65,1.65,93.49,93.49,629.49,661.57,-4,-4,64,64,54.34,53.25,923.46,848.77,906.19,906.7,0.36,0.35,191.54,188.85,9.96,9.93,15.15,15.15,754.59,754.59,1.62,1.62,45.32,44.37,51.66,50.69,-73.48,-73.48,72.11,72.11,104.81,104.81,36625.91,33895.21,27302.4,25828.93,47532,43151,1343.21,1234.57,2.85,2.82,587.65,540.13,46900000000,86000000000,21096.52,19252.48,13.57,13.6,14.23,13.2
Zekhaphierre,26.75,26.75,27.5,29.56,74.67,74.67,1.53,1.49,29.46,28.97,47.2,47.2,814.09,854.99,73.25,73.25,60.75,60.75,1823.56,1915.17,2709.29,2845.39,3994.46,4195.13,-4,-4,729.42,766.07,1180.97,1240.3,2518.25,2644.76,3636.26,3818.94,1953.81,2051.97,2040.65,2143.16,521.02,547.19,60.79,63.84,3126.1,3283.15,-5.1,-5.1,-5.67,-5.67,425.5,446.87,8336.27,8755.06,16.03,16.12,2225.18,2336.96,1139.72,1196.98,759.82,797.99,705.54,911.99,1220.81,1220.81,65.35,67.15,18.96,18.96,43.92,42.26,24.64,24.64,17.77,17.77,49.36,49.36,1,1,53.38,53.38,122,122,69.4,69.49,102.08,102.76,73.77,74.58,22.86,23.63,1139.72,1196.98,108.91,108.97,-72.5,-74.83,46.96,47.6,28,26.62,0.77,0.77,93.9,93.9,828.38,850.65,-8,-8,69,69,77.27,77.09,759.82,797.99,1043.95,1043.72,0.24,0.24,154.85,154.85,10,9.97,12.51,12.51,701.29,701.29,1.4,1.4,32.14,31.37,50.53,51.25,93.81,93.81,20,20,109.39,109.39,40491.7,42696.86,32332.93,34589.41,49478,51513,1302.54,1367.98,2.33,2.33,1031.18,1082.98,13500000000,17900000000,21460.6,22373.15,15.24,15.24,20.6,19.88
Falefon 38,55.67,55.67,42.67,36,41.33,41.33,2.51,2.17,32.63,32.52,40.78,40.78,385.53,352.49,51.25,51.25,110.25,110.25,3701.12,3383.95,4486.07,4101.63,2467.42,2255.96,-7.21,-7.21,4009.55,3665.94,2960.9,2707.16,1665.51,1522.78,-7.25,-7.25,-7.07,-7.07,2158.99,1973.97,4009.55,3665.94,0,0,-7.07,-7.07,616.85,563.99,1110.34,1015.18,-5.31,-5.85,7834.05,7162.69,10.2,10.34,462.64,422.99,848.17,775.49,1156.6,1057.48,385.53,563.99,13.18,13.18,39.79,45.99,10.55,10.55,39.12,36.74,21.68,21.68,21.56,21.56,50,50,1,1,50,50,106,106,58.16,58.72,63.86,68.61,69.6,69.72,8.66,10.32,1079.49,986.98,73.43,75.03,39,34,18,19.07,82.42,80.08,7.12,7.12,92.73,92.73,823.65,871.6,0,0,64,64,65.78,64.01,771.07,704.99,683.88,691.68,0.31,0.3,82.84,82.84,9.81,9.76,18.61,18.61,572.54,572.54,1.9,1.89,46.34,44.68,50.87,49.8,76.81,76.81,-43.59,-43.59,101.04,101.04,44026.42,40464.96,26941.54,26775.32,67710,58217,771.07,704.99,8.31,7.25,154.21,141,44600000000,65200000000,36101.66,32736.15,7.41,7.41,11.17,10.22
Debohills,56.67,56.67,27.75,23.25,66.67,66.67,1.85,1.66,31.38,31.45,45.34,45.34,397.01,367.61,50.5,50.5,112.5,112.5,476.42,441.13,2710.54,2509.8,2064.47,1911.57,-7.21,-7.21,4128.94,3823.14,338.78,313.69,-8.49,-8.49,-5.76,-5.76,-4.24,-4.24,-4.69,-4.69,2593.82,2401.72,4208.34,3896.67,-1.41,-1.41,3123.17,2891.87,-5.66,-5.66,455.24,421.53,2540.89,2352.7,12.73,12.85,1323.38,1225.37,1124.87,1041.56,1058.7,980.29,397.01,551.42,644.28,644.28,54.2,60.29,16.29,16.29,41.06,38.11,25.15,25.15,17.01,17.01,51,51,1,1,51.48,51.48,103,103,63.54,63.93,97,98.92,71.04,70.96,11.18,12.68,1191.04,1102.83,88.28,89.02,27.75,23.25,36.75,37.74,53.91,51.76,1.65,1.65,93.49,93.49,727.38,767.91,-4,-4,64,64,53.51,52.5,727.86,673.95,685.71,689.23,0.32,0.31,184.82,184.82,10.59,10.19,15.15,15.15,524.99,524.99,1.9,1.89,43.82,42.32,49.06,48.15,75.5,75.5,-42.43,-42.43,104.81,104.81,33412.92,31122.11,24145.41,23806.09,44551,39489,1058.7,980.29,2.83,2.77,463.18,428.88,27500000000,50900000000,21116.97,19389.07,13.68,13.68,8.63,8.16
Troskwauntalki,54.67,54.67,18,19,72,72,1.45,1.36,30.8,30.38,44.83,44.83,514.47,527.39,52,52,108,108,1795.98,1841.08,-6.57,-6.57,1908.23,1956.15,-6.78,-6.78,411.58,421.91,1077.59,1104.65,1459.23,1495.88,-6.36,-6.36,1085.07,1112.32,1047.65,1073.96,2170.14,2224.64,2338.51,2397.24,860.57,882.18,112.25,115.07,954.11,978.07,-2.64,-2.64,5163.44,5293.1,16.43,16.52,1824.04,1869.85,1075.72,1102.73,982.18,1006.84,701.55,863.01,1229.34,1229.34,68.84,73.63,17.36,17.36,36.97,34.63,30.6,30.6,3.47,3.47,51.62,51.62,1,1,53.38,53.38,110,110,69.87,70.1,104.33,104.79,71.79,72.37,17.63,18.63,1075.72,1102.73,88.78,89.3,-82,-85,55.56,56.34,16.93,15.13,0.86,0.86,93.77,93.77,756.54,783.96,-8,-8,67,67,76.6,76.32,748.32,767.12,1029.66,1030.19,0.27,0.27,217.29,217.29,9.86,9.83,12.47,12.47,599.17,599.17,1.46,1.45,37.37,36.37,48.01,48.43,76.81,76.81,-28.28,-28.28,110,110,30206.11,31108.48,24796.06,26465.42,36021,35944,1216.03,1246.56,2.31,2.3,608.01,623.28,3800000000,4800000000,13411.51,13594.41,13.8,13.8,9.92,9.44
Jubburpitergen,57.33,57.33,61.33,54.67,57.33,57.33,4.03,3.36,32.87,32.54,42,42,315.25,299.33,50,50,112.5,112.5,420.33,399.11,846.97,804.21,2521.99,2394.66,-8.37,-8.37,840.66,798.22,2961.24,2811.74,840.66,798.22,2954.93,2805.75,420.33,399.11,1260.99,1197.33,4203.32,3991.11,3362.65,3192.89,-8.37,-8.37,2942.32,2793.78,3782.98,3592,6303.99,5746.26,3782.98,3592,9.33,9.49,945.75,898,945.75,898,1260.99,1197.33,315.25,598.67,119.98,119.98,24.8,29.75,12,12,53.04,50.39,24.07,24.07,18.58,18.58,50,50,1,1,50,50,100,100,56.35,56.97,54,58.8,69.35,69.7,1.56,1.22,1260.99,1197.33,72.03,73.62,53,48,18.03,19.29,85.88,83.43,3.5,3.5,93.16,93.16,586.18,626.74,0,0,64,64,68.65,67.58,840.66,798.22,440.88,460.62,0.33,0.32,126.07,126.07,11.77,11.33,17.16,17.16,501.41,501.41,2.64,2.53,53.44,53.78,53.33,52.33,78.1,78.1,-55.68,-55.68,100.2,100.2,45747.91,43498.15,21622.15,22722.91,87195,76379,840.66,798.22,11.04,10.19,105.08,99.78,24300000000,30400000000,37513.29,35103.01,7.09,7.09,14.91,13.58
Adar Geopique,57.33,57.33,61.33,54.67,57.33,57.33,4.03,3.36,32.84,32.5,42,42,288.77,274.18,50,50,112.5,112.5,4620.26,4386.87,4618.33,4385.04,4235.23,4021.29,3080.17,2924.58,-8.37,-8.37,-3.19,-3.19,-7.07,-7.07,4616.4,4383.21,-5.48,-5.48,1925.11,1827.86,1155.06,1096.72,3465.19,3290.15,-7.07,-7.07,1155.06,1096.72,3465.19,3290.15,6159.44,5628.96,8855.49,8408.16,9.33,9.49,866.3,822.54,866.3,822.54,1155.06,1096.72,288.77,548.36,119.98,119.98,24.8,29.75,12,12,53.04,50.39,24.94,24.94,17.33,17.33,50,50,1,1,50,50,100,100,56.35,56.97,54,58.8,69.38,69.75,1.56,1.22,1155.06,1096.72,82.81,84.5,53,48,14.5,15.69,90.06,87.6,3.5,3.5,93.16,93.16,586.18,626.74,0,0,64,64,68.89,67.85,770.04,731.14,485.57,506.32,0.33,0.32,126.07,126.07,10.72,10.27,17.16,17.16,499.7,499.7,2.42,2.34,53.44,53.78,53.34,52.35,33.17,33.17,66.33,66.33,100.2,100.2,49934.43,47466.87,23600.85,24796.12,95174,83347,770.04,731.14,11.04,10.19,96.26,91.39,24100000000,29600000000,42693.94,40014.57,7.09,7.09,17.28,15.75
Pachlite,75.33,73.33,17,13,80,80,1.42,1.3,31.95,32.43,45.34,45.34,446.49,391.07,28,31,162,155.25,-5.66,-5.66,-5.06,-5.06,2341.62,2050.92,1627.22,1425.22,2619.44,2294.25,2018.75,1768.14,-10.1,-10.1,2457.11,2152.08,-6.48,-6.48,-4.69,-4.69,1944.73,1703.31,250.04,219,555.64,486.66,-6,-6,-7,-7,144.47,126.53,2341.62,2050.92,13.6,13.71,1537.93,1347,1041.82,912.49,396.88,347.61,446.49,521.42,9.25,9.25,70.42,76.91,16.29,16.29,39.16,35.67,35.47,34.97,2.23,2.3,52.16,52.16,1,1,51.48,51.48,102,102,63.71,64.14,98.46,99.9,70.36,69.82,28.57,28.9,793.77,695.23,97.93,101.09,-83,-87,40.13,41.06,46.57,44.51,0.71,0.71,94.13,94.13,472.66,524.12,0,0,64,64,76.4,76.02,694.55,608.32,726.71,741.47,0.32,0.31,284.59,269.98,9.63,9.59,25.45,25.45,541.06,541.06,1.83,1.81,26.43,26.1,47.08,46.01,22.36,22.36,73.48,73.48,104.1,104.1,27409.02,24136.72,22772.66,21014.56,32340,27322,1190.65,1042.84,2.8,2.75,545.72,477.97,46600000000,63000000000,16418,14216.53,3.97,4.36,7.84,7.52
Covelandian Forces,75.17,73.2,69.33,75.11,70,70,80.76,41.47,62.6,42.71,43,43,-3.16,-3.16,28.25,31.2,162,155.25,-3.74,-3.74,3820.57,3977.52,2697.82,2808.65,1978.4,2059.68,-3.74,-3.74,-6.86,-6.86,-6,-6,2874.98,2993.09,5665.43,5898.17,-3.74,-3.74,1169.06,1217.08,5845.28,6085.41,-5.83,-5.83,2967.6,3089.52,6654.63,6928,336.69,350.52,2697.82,2808.65,7.42,7.55,449.64,468.11,562.05,585.14,1011.68,1053.24,-3.16,234.05,451.62,451.62,1.24,2.41,14.16,14.16,84.28,80.63,32.84,32.33,2.68,2.81,47.8,47.8,1,1,50.99,50.99,98,98,44.34,46.03,21.08,24.25,63.2,64.89,27.47,24.27,786.86,819.19,53.56,56.97,95,88.33,8.52,8.87,109.02,106.64,1.06,1.06,93.67,93.67,130.09,168.73,0,0,66,66,75.13,74.44,449.64,468.11,240.28,269.35,1.41,1.23,136.12,126.08,16.15,15.59,16.02,16.02,490.96,490.96,52.31,12.91,27.53,30.73,53.5,55.84,20,20,50.99,50.99,104.81,104.81,48185.71,50399.27,3595.95,5934.24,290417,246110,449.64,468.11,18.51,17.86,674.46,702.16,1100000000,3100000000,44089.92,45913.73,7.23,7.35,37.99,34.77
Divarial,62,61.33,36,27.33,73.33,73.33,2.17,1.84,31.11,31.43,43.68,43.68,443.35,391.18,46.5,47,121.5,119.25,-4.47,-4.47,3013,2658.45,-7.07,-7.07,2766.49,2440.95,1702.46,1502.13,-3.89,-3.89,1631.52,1439.54,3188.56,2813.36,532.02,469.41,354.68,312.94,0,0,1666.99,1470.83,354.68,312.94,-3.16,-3.16,-5.83,-5.83,-9.21,-9.63,1631.52,1439.54,11.49,11.62,1684.72,1486.48,1241.38,1095.3,1330.05,1173.54,443.35,625.89,32.69,32.69,45.99,54.49,14.16,14.16,49.76,45.02,29.55,29.46,5.65,5.91,51,51,1,1,50.5,50.5,99,99,62.35,62.97,97.03,100.09,71.38,70.97,13.41,15.46,1596.05,1408.24,57.28,58.55,34,27.33,37.75,39,59.86,57.15,0.79,0.79,93.84,93.84,558.6,615.79,-4,-4,64,64,55.86,53.85,886.7,782.36,676.65,684.46,0.36,0.35,190.03,187.35,9.99,9.93,17.79,17.79,527.57,527.57,1.91,1.9,41.59,39.54,50.73,49.26,-85.73,-85.73,69.64,69.64,104.46,104.46,32022.17,28488.75,21188.8,20646.08,46071,37891,1330.05,1173.54,3.03,2.91,354.68,312.94,3500000000,8700000000,19949.81,17378.14,13.57,13.6,11.15,10.02
Group Theory,57.33,57.33,57.33,57.33,57.33,57.33,3.61,3.61,32.8,32.8,42,42,312.24,312.24,50,50,112.5,112.5,416.32,416.32,-7.58,-7.58,-4.47,-4.47,-7.07,-7.07,-4.47,-4.47,2406.35,2406.35,832.65,832.65,1465.46,1465.46,2497.94,2497.94,-7.75,-7.75,3746.91,3746.91,3746.91,3746.91,832.65,832.65,4995.88,4995.88,-5.48,-5.48,3996.7,3996.7,1248.97,1248.97,9.33,9.33,936.73,936.73,936.73,936.73,1248.97,1248.97,312.24,312.24,119.98,119.98,27.72,27.72,12,12,49.93,49.93,21.76,21.76,21.46,21.46,50,50,1,1,50,50,100,100,56.72,56.72,57.19,57.19,69.43,69.43,0.56,0.56,1248.97,1248.97,66.78,66.78,50,50,19.29,19.29,84.06,84.06,3.24,3.24,93.2,93.2,610.35,610.35,0,0,64,64,68.07,68.07,832.65,832.65,614.34,614.34,0.33,0.33,126.07,126.07,9.98,9.98,17.16,17.16,515.95,515.95,2.03,2.03,54.44,54.44,52.68,52.68,33.17,33.17,-45.83,-45.83,100.2,100.2,43185.2,43185.2,21700.03,21700.03,78295,78295,832.65,832.65,10.54,10.54,104.08,104.08,48900000000,50400000000,34850.46,34850.46,7.09,7.09,13.12,13.12
Polly Plummer,62,61.33,36,29.33,66.67,66.67,2.17,1.9,31.14,31.34,42,42,378.72,339.99,46.5,47,121.5,119.25,2726.77,2447.92,1454.27,1305.55,2474.29,2221.26,2928.75,2629.24,403.97,362.65,3815.7,3425.49,-1.41,-1.41,3092.86,2776.57,-7.94,-7.94,3484.2,3127.89,-3.46,-3.46,1994.58,1790.6,1716.85,1541.28,2979.24,2674.57,2120.82,1903.93,1267.34,994.94,5201.05,4669.17,12.65,12.77,1262.39,1133.29,946.79,849.97,1009.91,906.64,378.72,509.98,644.28,644.28,45.99,52.64,14.16,14.16,46.35,43.1,30.16,30.07,4.2,4.39,51,51,1,1,51.48,51.48,109,109,62.59,63.08,93.94,96.86,71.35,71.09,10.09,11.59,1136.15,1019.96,74.27,75.51,34,29,26.11,27.2,66.64,64.18,1.65,1.65,93.49,93.49,639.17,685.79,-4,-4,64,64,56.63,54.63,694.32,623.31,764.52,772.56,0.35,0.34,190.03,187.35,9.72,9.67,15.15,15.15,581.47,581.47,1.78,1.77,44.91,43.41,50.79,49.6,-43.59,-43.59,82.46,82.46,104.81,104.81,44911.5,40345.86,29717.56,28703.77,64615,54528,1009.91,906.64,2.98,2.89,441.84,396.65,44600000000,51600000000,33189.6,29371.79,13.57,13.6,14.01,12.75
Vetrahjart,44.33,44.33,38.89,40,60,60,1.74,1.72,30.28,30.15,43.68,43.68,865.97,865.16,59.75,59.75,92.25,92.25,-8.12,-8.12,4307.78,4303.79,3589.82,3586.49,3274.92,3271.88,4471.53,4467.38,-5.87,-5.87,6297.93,6292.09,-3.46,-3.46,31.49,31.46,2015.34,2013.47,-4,-4,-5.81,-5.81,1385.54,1384.26,-12.49,-12.49,-2.45,-2.45,2189.68,2165.62,9887.75,9878.57,11.22,11.36,629.79,629.21,1023.41,1022.46,1102.14,1101.11,393.62,629.21,624.65,624.65,57.44,58.28,15.09,15.09,41.59,40.97,22.19,22.19,20.97,20.97,51,51,2.52,2.52,51.48,51.48,135,135,62.64,62.69,93.56,94.32,72.51,72.7,9.08,9.47,2125.55,2123.58,46.54,46.62,36.17,35,26.96,27.67,68.22,67.01,2.55,2.55,93.31,93.31,798.63,809.53,-8,-8,64,64,62.69,60.11,551.07,550.56,899.42,898.79,0.32,0.32,174.17,174.17,10.9,10.8,15.24,15.24,763.23,763.23,1.63,1.63,45.92,45.53,51.22,51.28,-10,-10,76.16,76.16,106.18,106.18,40400.48,40576.91,30116.11,30483.15,52430,52304,944.69,943.81,2.97,2.96,-11.4,-11.4,711900000000,894900000000,29492.35,29337.11,14.69,14.69,13.86,13.35
-ECW Paul Heyman-,75.33,75.24,62.22,66.78,37.33,37.33,1.57,1.56,24.01,23.86,41.43,41.43,3485.29,3582.85,28,28.14,162,162,1886.16,1938.95,-5.93,-5.93,-5.55,-5.55,-4.52,-4.52,-6.24,-6.24,-8.58,-8.58,1148.1,1180.23,-10.02,-10.02,-8.37,-8.37,-2,-2,-8.6,-8.6,-6.63,-6.63,656.05,674.42,-12.88,-12.88,2494.65,2564.48,-9.93,-9.93,3034.25,3119.18,20.25,20.32,6765.57,6954.94,5022.92,5163.51,5125.43,5268.89,1845.15,2212.93,196.95,196.95,63.7,64.08,11.33,11.33,33.24,33.05,49.32,49.3,1.41,1.41,50,50,3.93,3.93,50,50,129,129,74.24,74.26,109.2,109.28,86.98,87.52,16.22,16.34,7073.09,7271.07,29.37,29.39,39.67,39.17,79.75,79.89,-47.41,-48.49,8.37,8.37,92.61,92.61,637.78,643.14,-1,-1,77,77,47.57,47.53,1127.59,1159.16,1140.8,1140.8,0.4,0.4,253.65,252.88,9.78,9.78,16.83,16.83,1082.33,1082.33,1.06,1.06,38.78,38.66,64.49,66.01,-80.75,-80.75,70.57,70.57,103.74,103.74,48213.48,49879.13,37979.11,39415.27,59621,61510,4920.41,5058.14,2.13,2.13,1332.61,1369.91,665200000000,701700000000,9787.34,10025.7,17.64,17.64,36.47,36.47
Beth Phoenixxx,67.83,67.33,20.83,26.33,68.67,68.67,1.23,1.22,27.13,26.55,45.83,45.83,1461.51,1652.82,39.25,40,137.25,135,-8.6,-8.6,415.72,470.13,3161.2,3574.98,485.01,548.49,-8.22,-8.22,-4.2,-4.2,545.63,617.05,-6.93,-6.93,-9.06,-9.06,-2,-2,-12.81,-12.81,1602.25,1811.97,2078.6,2350.67,-12,-12,1182.2,1336.94,675.54,763.97,3706.83,4192.03,18.79,18.87,2327.6,2632.26,2435.86,2754.69,1569.77,1775.25,974.34,1285.52,977.25,977.25,81.26,81.69,17.01,17.01,31.45,31.16,33.64,33.51,2.51,2.54,51.62,51.62,3.93,3.93,51.96,51.96,151,151,72.04,72.07,108.16,108.24,78.19,79.52,17.85,17.77,1461.51,1652.82,106.01,106.28,-79.17,-79.67,71.33,71.49,-20.39,-21.48,0.86,0.86,93.77,93.77,663.69,674.34,0,0,69,69,77.04,77.04,974.34,1101.88,1109.48,1109.78,0.24,0.24,165.48,159.89,9.45,9.44,13.6,13.6,935.09,935.09,1.16,1.16,37.15,37.23,51.24,53.02,65.42,65.42,54.95,54.95,100.2,100.2,30440.63,34608.72,27285.51,31107.67,33578,38081,1840.42,2081.32,2.21,2.21,920.21,1040.66,61000000000,71300000000,8736.46,9863.49,7.55,7.59,14.55,14.55
Alumin 6,13,13,70.67,70.22,15,15,6.16,4.66,30.21,29.7,44.28,44.28,389.15,389.26,87,87,29.25,29.25,77.83,77.85,1778,1778.54,1634.41,1634.9,-6.78,-6.78,-6,-6,14128.69,14132.93,1400.92,1401.34,-8.4,-8.4,-9.33,-9.33,-8.83,-8.83,4358.42,4359.73,-4.24,-4.24,4747.57,4748.99,1634.41,1634.9,-6.63,-6.63,3151.44,2856.55,3113.16,3114.09,12.21,12.33,1751.15,1751.68,1167.44,1167.79,1945.73,1946.31,972.86,1265.1,7.97,7.97,16.23,21.45,14.16,14.16,32.82,31.08,1.46,1.46,35.11,35.11,50,50,1,1,50,50,102,102,60.73,61.36,70.77,74.99,72.62,73.38,28.95,26.73,2918.59,2919.46,74.2,75.35,63,56.33,26.06,27.35,72.45,69.59,19.57,19.57,91.75,91.75,1663.68,2008.59,-8,-8,64,64,69.35,68.16,875.58,875.84,458.91,494.4,0.24,0.24,18.51,18.51,9.73,9.66,32.37,32.37,521.48,521.48,2.54,2.38,26.05,28.27,57.73,57.99,60.42,60.42,-39.37,-39.37,107.82,107.82,57272.96,57286.24,21370.51,24985.54,131669,116488,1848.44,1848.99,3.53,3.28,-10,-10,500000000,900000000,42324.72,41589.81,15.97,15.97,25.61,23.13
First Isomorphism Theorem,57.33,57.33,57.33,57.33,57.33,57.33,3.61,3.61,32.8,32.8,42,42,313.2,313.2,50,50,112.5,112.5,-3.16,-3.16,3852.31,3852.31,-4.47,-4.47,1252.79,1252.79,3758.36,3758.36,4457.83,4457.83,417.6,417.6,3946.27,3946.27,1670.38,1670.38,-8.37,-8.37,5428.74,5428.74,5428.74,5428.74,-3.16,-3.16,835.19,835.19,-4.47,-4.47,-4.47,-4.47,417.6,417.6,9.33,9.33,939.59,939.59,939.59,939.59,1252.79,1252.79,313.2,313.2,119.98,119.98,27.72,27.72,12,12,49.93,49.93,22.16,22.16,21,21,50,50,1,1,50,50,100,100,56.72,56.72,57.19,57.19,69.42,69.42,0.56,0.56,1252.79,1252.79,67.79,67.79,50,50,19.42,19.42,83.94,83.94,3.24,3.24,93.2,93.2,610.35,610.35,0,0,64,64,68.06,68.06,835.19,835.19,500.78,500.78,0.32,0.32,126.07,126.07,11.58,11.58,17.16,17.16,514.1,514.1,2.36,2.36,54.44,54.44,52.68,52.68,-53.85,-53.85,43.59,43.59,100.2,100.2,43054.05,43054.05,21634.12,21634.12,78057,78057,835.19,835.19,10.54,10.54,104.4,104.4,51300000000,52800000000,34701.56,34701.56,7.09,7.09,15.05,15.05
Sperni,49,49,48,48,48,48,2.85,2.85,33.91,33.91,40.78,40.78,170.57,170.57,56.25,56.25,99,99,3752.61,3752.61,3515.51,3515.51,-6.32,-6.32,2660.94,2660.94,-7.07,-7.07,-4,-4,443.49,443.49,4643,4643,4093.75,4093.75,3070.31,3070.31,2729.17,2729.17,1705.73,1705.73,2729.17,2729.17,4776.04,4776.04,2251.56,2251.56,327.5,327.5,4196.1,4196.1,7.94,7.94,255.86,255.86,682.29,682.29,511.72,511.72,170.57,170.57,12.97,12.97,35.15,35.15,10.55,10.55,43.46,43.46,22.69,22.69,20.36,20.36,50,50,1,1,50,50,106,106,55.24,55.24,43.48,43.48,68.36,68.36,7.3,7.3,938.15,938.15,65,65,43,43,9.72,9.72,96.72,96.72,5.29,5.29,92.93,92.93,786.27,786.27,0,0,64,64,67.92,67.92,597.01,597.01,437.06,437.06,0.32,0.32,76.78,76.78,11.52,11.52,18.69,18.69,562.84,562.84,2.66,2.66,47.7,47.7,51.08,51.08,-80.31,-80.31,66.71,66.71,99.76,99.76,44459.85,44459.85,25437.23,25437.23,72369,72369,597.01,597.01,12.37,12.37,-3.16,-3.16,3400000000,4100000000,40147.24,40147.24,7.2,7.2,14.57,14.57
Korallia,69.17,69.17,89.29,91.62,30.1,30.1,1.96,1.95,25.29,25.2,34.68,34.68,1638.53,1653.75,37.25,37.25,205.75,205.75,1310.83,1323,-4.38,-4.38,3024.98,3053.07,12422.6,12537.95,-3.3,-3.3,-8.81,-8.81,3014.9,3042.9,-13.25,-13.25,-6.63,-6.63,-3.74,-3.74,1310.83,1323,917.58,926.1,1814.99,1831.84,-12.08,-12.08,1351.16,1363.71,2044.51,2046.48,7350.71,7418.97,15.84,15.94,2268.74,2289.81,4915.6,4961.24,1764.57,1780.96,3024.98,3434.71,9.32,9.32,51.08,51.37,9.76,9.76,41.32,41.16,48.32,48.32,1.44,1.44,52.16,52.16,3.3,3.3,53.84,53.84,108,108,59.99,60.02,62.2,62.52,82.87,83.15,14.66,14.52,2016.66,2035.38,50.1,50.15,59.29,58.86,56.54,57.11,36.7,35.62,46.32,46.32,90.12,90.12,597.34,600.8,10,10,66,66,63.56,62.94,756.25,763.27,708.39,710.63,0.47,0.47,313.45,313.45,6.77,6.76,25.11,25.11,744.64,744.64,1.86,1.86,40.34,40.48,70.92,72.12,-122.35,-122.35,134.05,134.05,112.08,112.08,59502.06,60419.21,41655.67,42426.57,81548,82587,7184.34,7251.05,4.09,4.05,1008.33,1017.69,55140600000000,58440300000000,25883.4,25919.84,4.88,4.88,12.06,11.84
Angels of Harm,57.33,57.33,57.33,57.33,57.33,57.33,3.61,3.61,32.81,32.81,42,42,301.98,301.98,50,50,112.5,112.5,-3.16,-3.16,1226.05,1226.05,3221.15,3221.15,402.64,402.64,1207.93,1207.93,-4.32,-4.32,-4.47,-4.47,4867.96,4867.96,5234.36,5234.36,3623.79,3623.79,805.29,805.29,4831.72,4831.72,0,0,2818.5,2818.5,1610.57,1610.57,3221.15,3221.15,3221.15,3221.15,9.33,9.33,905.95,905.95,905.95,905.95,1207.93,1207.93,301.98,301.98,119.98,119.98,27.72,27.72,12,12,49.93,49.93,23.01,23.01,19.97,19.97,50,50,1,1,50,50,100,100,56.72,56.72,57.19,57.19,69.42,69.42,0.56,0.56,1207.93,1207.93,78.54,78.54,50,50,17.91,17.91,85.49,85.49,3.24,3.24,93.2,93.2,610.35,610.35,0,0,64,64,68.15,68.15,805.29,805.29,460.6,460.6,0.32,0.32,126.07,126.07,13.4,13.4,17.16,17.16,503.59,503.59,2.53,2.53,54.44,54.44,52.68,52.68,55.68,55.68,30,30,100.2,100.2,44647.11,44647.11,22434.62,22434.62,80946,80946,805.29,805.29,10.54,10.54,100.66,100.66,412600000000,414400000000,36655.28,36655.28,7.09,7.09,13.62,13.62
Odd-Eyes Pendulum Dragon,57.33,57.33,57.33,57.33,57.33,57.33,3.61,3.61,32.7,32.7,42,42,262.22,262.22,50,50,112.5,112.5,-8.37,-8.37,3940.33,3940.33,4195.57,4195.57,4545.2,4545.2,2447.41,2447.41,-2,-2,-8.37,-8.37,4384.37,4384.37,-6.32,-6.32,-6.32,-6.32,3496.3,3496.3,3845.93,3845.93,2447.41,2447.41,3496.3,3496.3,2447.41,2447.41,6096.74,6096.74,4195.57,4195.57,9.33,9.33,786.67,786.67,786.67,786.67,1048.89,1048.89,262.22,262.22,119.98,119.98,27.72,27.72,12,12,49.93,49.93,24.96,24.96,17.3,17.3,50,50,1,1,50,50,100,100,56.72,56.72,57.19,57.19,69.54,69.54,0.56,0.56,1048.89,1048.89,86.57,86.57,50,50,12.29,12.29,92.72,92.72,3.24,3.24,93.2,93.2,610.35,610.35,0,0,64,64,68.59,68.59,699.26,699.26,471.88,471.88,0.32,0.32,126.07,126.07,12.07,12.07,17.16,17.16,516.47,516.47,2.48,2.48,54.44,54.44,52.72,52.72,-30,-30,83.07,83.07,100.2,100.2,51394.86,51394.86,25825.28,25825.28,93179,93179,699.26,699.26,10.54,10.54,87.41,87.41,54900000000,56500000000,45073.29,45073.29,7.09,7.09,14.52,14.52
Novatiankodania,35,35,17,12.67,72,72,1.42,1.3,30.51,31,47.2,47.2,477.28,416.35,66.75,66.75,76.5,76.5,1794.57,1565.48,-4.64,-4.64,99.27,86.6,-8.12,-8.12,160.37,139.89,122.18,106.59,588.01,512.94,-2.12,-2.12,515.46,449.66,2367.31,2065.1,1412.75,1232.4,2710.95,2364.88,76.36,66.62,1221.84,1065.86,-7.55,-7.55,-7.59,-7.59,2481.85,2165.03,16.03,16.12,1813.66,1582.14,1145.47,999.24,1050.01,915.97,477.28,541.26,963.92,963.92,70.42,77.19,18.02,18.02,34.09,30.86,25.22,25.22,16.89,16.89,50,50,1,1,51.96,51.96,101,101,70.44,70.76,105.05,105.52,72.19,71.52,22.86,24.31,1050.01,915.97,102.83,103.19,-83,-87.33,56.38,57.28,18.63,16.51,0.82,0.82,93.8,93.8,905.97,949.44,-8,-8,67,67,76.59,76.21,715.92,624.53,1038.01,1038.53,0.24,0.24,45.4,45.4,9.7,9.65,13.66,13.66,525.33,525.33,1.42,1.42,32.14,30.69,47.62,46.52,48.06,48.06,-45.28,-45.28,109.7,109.7,27952.15,24508.78,23223.93,21379.13,32981,27697,1193.2,1040.88,2.28,2.27,572.74,499.62,200000000,200000000,12187.14,10465.25,14.8,14.8,9.44,8.86
Danny G from Smethwick,77.56,74.83,74.67,74.22,15,15,8.37,6.07,31.94,31.09,45.83,45.83,-6.32,-6.32,24.67,28.75,171,162,3177.11,3176.55,1762.52,1762.21,3719.55,3718.89,7439.09,7437.78,5346.85,5345.91,3582.78,3582.14,5424.34,5423.38,3835.01,3834.33,38.75,38.74,1627.3,1627.02,1239.85,1239.63,-3.22,-3.22,464.94,464.86,3952.02,3951.32,-2.37,-2.37,5703.31,5548.45,12321,12318.83,8.19,8.37,2130.99,2130.62,774.91,774.77,387.45,387.38,193.73,484.23,8.94,8.94,11.95,16.49,16.66,16.66,33.72,32.07,22.5,21.63,20.59,21.61,49.36,49.36,1,1,51.48,51.48,101,101,55.01,56,32.2,37.85,70.37,71.41,27.01,23.43,968.63,968.46,39.08,43.13,69,62.33,8.21,8.62,107.46,104.67,19.57,19.57,91.75,91.75,536.76,621.93,-8,-8,66,66,71.6,70.66,96.86,96.85,287.39,327.82,2,1.63,272.35,240.36,13.8,13.22,26.89,26.89,439.65,439.65,5.16,3.84,27.99,31.57,57.97,58.32,-73.14,-73.14,100.75,100.75,105.16,105.16,60854.89,60980.86,19073.92,22956.31,159655,139236,1065.5,1065.31,12.63,11.48,581.18,581.08,900000000,1900000000,55864.79,55736.51,13.02,13.12,24.57,22.17
Progression of Animals,57.33,57.33,57.33,57.33,57.33,57.33,3.61,3.61,32.79,32.79,42,42,325.43,325.43,50,50,112.5,112.5,5640.72,5640.72,-5.22,-5.22,867.8,867.8,1735.61,1735.61,3037.31,3037.31,-7.18,-7.18,4339.02,4339.02,1544.69,1544.69,3905.12,3905.12,-4.47,-4.47,-5.48,-5.48,-7.75,-7.75,2603.41,2603.41,-4.47,-4.47,3905.12,3905.12,1388.49,1388.49,10847.54,10847.54,9.33,9.33,976.28,976.28,976.28,976.28,1301.71,1301.71,325.43,325.43,119.98,119.98,27.72,27.72,12,12,49.93,49.93,24.54,24.54,17.91,17.91,50,50,1,1,50,50,100,100,56.72,56.72,57.19,57.19,69.43,69.43,0.56,0.56,1301.71,1301.71,61.82,61.82,50,50,21.04,21.04,82.42,82.42,3.24,3.24,93.2,93.2,610.35,610.35,0,0,64,64,67.96,67.96,867.8,867.8,499.81,499.81,0.34,0.34,126.07,126.07,13.26,13.26,17.16,17.16,516.99,516.99,2.36,2.36,54.44,54.44,52.69,52.69,-37.42,-37.42,48.99,48.99,100.2,100.2,41441.96,41441.96,20824.07,20824.07,75135,75135,867.8,867.8,10.54,10.54,108.48,108.48,600700000000,602000000000,32739.15,32739.15,7.09,7.09,11.23,11.23
Valiant Cavalry,44,44,57.33,57.33,50.67,50.67,3.61,3.61,32.54,32.54,42,42,481.72,481.72,60,60,90,90,4855.74,4855.74,277.47,277.47,2158.11,2158.11,-3.74,-3.74,-8.49,-8.49,6559.49,6559.49,2928.86,2928.86,3661.07,3661.07,231.23,231.23,-5.83,-5.83,-8.6,-8.6,231.23,231.23,4855.74,4855.74,616.6,616.6,2158.11,2158.11,-2.7,-2.7,9942.71,9942.71,9.43,9.43,867.1,867.1,867.1,867.1,1156.13,1156.13,289.03,289.03,119.98,119.98,27.72,27.72,12,12,44.41,44.41,20.06,20.06,23.31,23.31,50,50,1,1,50,50,106,106,56.88,56.88,57.71,57.71,69.7,69.7,5.55,5.55,1156.13,1156.13,75.08,75.08,50,50,16.68,16.68,86.74,86.74,4.04,4.04,93.08,93.08,738.53,738.53,0,0,64,64,68.29,68.29,770.75,770.75,659.31,659.31,0.29,0.29,90.83,90.83,9.73,9.73,17.16,17.16,582.87,582.87,1.94,1.94,49.45,49.45,52.77,52.77,55.68,55.68,-17.32,-17.32,100.2,100.2,46619.35,46619.35,23425.64,23425.64,84521,84521,770.75,770.75,10.32,10.32,96.34,96.34,757200000000,758400000000,38833.92,38833.92,7.51,7.51,18.01,18.01
Decode Talker,57.33,57.33,57.33,57.33,57.33,57.33,3.61,3.61,32.82,32.82,42,42,312.82,312.82,50,50,112.5,112.5,-6.32,-6.32,-5.48,-5.48,-8.37,-8.37,0,0,-4.47,-4.47,417.09,417.09,4587.99,4587.99,3753.81,3753.81,0,0,1668.36,1668.36,5005.08,5005.08,4170.9,4170.9,-7.07,-7.07,2919.63,2919.63,2085.45,2085.45,4004.06,4004.06,4587.99,4587.99,9.33,9.33,938.45,938.45,938.45,938.45,1251.27,1251.27,312.82,312.82,119.98,119.98,27.72,27.72,12,12,49.93,49.93,23.16,23.16,19.78,19.78,50,50,1,1,50,50,100,100,56.72,56.72,57.19,57.19,69.41,69.41,0.56,0.56,1251.27,1251.27,54.55,54.55,50,50,19.37,19.37,83.99,83.99,3.24,3.24,93.2,93.2,610.35,610.35,0,0,64,64,68.06,68.06,834.18,834.18,539.4,539.4,0.34,0.34,126.07,126.07,10.54,10.54,17.16,17.16,500,500,2.23,2.23,54.44,54.44,52.68,52.68,-62.45,-62.45,20,20,100.2,100.2,43106.22,43106.22,21660.34,21660.34,78152,78152,834.18,834.18,10.54,10.54,104.27,104.27,52100000000,53900000000,34743.61,34743.61,7.09,7.09,13.44,13.44
Ionysia,68.78,68.78,86.43,90.67,30.67,30.67,1.53,1.52,20.73,20.66,39.43,39.43,9167.17,9335.1,37.83,37.83,141.75,141.75,-13.93,-13.93,-9.96,-9.96,-13.04,-13.04,-9.61,-9.61,-11.17,-11.17,-11.03,-11.03,-14.35,-14.35,-21.11,-21.11,-11.87,-11.87,-6.63,-6.63,-15.62,-15.62,-12,-12,-12.41,-12.41,-18.19,-18.19,3432.19,3495.06,-12.3,-12.3,0,0,17.86,17.94,3384.8,3446.81,15231.61,15510.63,3666.87,3734.04,2397.57,2872.34,74.94,74.94,65.4,65.73,8.98,8.98,27.43,27.3,52.82,52.82,1.31,1.31,52.64,52.64,8.38,8.38,50,50,300,300,70.01,70.03,100.82,101.04,91.22,91.26,14.62,14.76,1833.43,1867.02,91.64,91.67,40.43,40,77.32,77.45,-14.05,-15.12,8.82,8.82,92.57,92.57,760.21,764.11,0,0,76,76,51.81,51.57,-7.75,-7.75,1226.37,1226.35,0.25,0.25,69.3,69.3,8.88,8.88,17.42,17.42,1961.78,1961.78,0.86,0.86,40.38,40.24,74.1,75.22,-107.14,-107.14,54.59,54.59,94.38,94.38,48421.85,49739.72,38682.42,39841.27,59144,60612,9026.14,9191.48,2.3,2.3,282.07,287.23,1446000000000,1551800000000,10991.76,11191.44,3.08,3.08,76.62,75.81
Siovanna,52.33,52.33,26.5,26.75,41.33,41.33,1.79,1.71,32.97,32.68,40.78,40.78,329.99,329.92,53.75,53.75,105.75,105.75,791.97,791.81,312.83,312.76,2375.91,2375.42,-4.69,-4.69,2375.91,2375.42,-4.94,-4.94,3273.47,3272.8,-2.74,-2.74,791.97,791.81,2375.91,2375.42,791.97,791.81,-3.16,-3.16,2111.92,2111.49,-8.94,-8.94,2798.29,2797.72,1688.2,1628.47,6441.35,6440.03,10.82,10.95,395.98,395.9,725.97,725.82,1253.95,1253.69,527.98,725.82,13.18,13.18,55.78,58.46,10.55,10.55,33,32.09,22.96,22.96,20.03,20.03,46.97,46.97,1,1,50,50,98,98,59.79,59.98,78.9,80.54,69.26,69.55,13.66,14.24,1319.95,1319.68,68.83,69.41,26.5,24.75,25.34,26.19,70.66,69.13,7.12,7.12,92.73,92.73,971.56,989.61,0,0,64,64,56.21,55.32,659.97,659.84,592.8,595.54,0.29,0.28,80.62,80.62,9.92,9.9,18.61,18.61,511.94,511.94,2.08,2.08,41.34,40.76,48.09,48.18,70,70,-20,-20,101.04,101.04,33080.55,33212.33,24275.53,24991.87,43522,42749,659.97,659.84,4.48,4.11,131.99,131.97,642600000000,731200000000,24711.17,24510.7,10.2,10.2,7.84,7.67
Magna Moralia,57.33,57.33,57.33,57.33,57.33,57.33,3.61,3.61,32.6,32.6,42,42,394.37,394.37,50,50,112.5,112.5,1577.47,1577.47,3344.24,3344.24,525.82,525.82,-7.75,-7.75,2103.3,2103.3,-2,-2,2103.3,2103.3,-4.77,-4.77,3154.94,3154.94,-4.47,-4.47,-4.47,-4.47,1051.65,1051.65,-3.16,-3.16,-3.16,-3.16,5258.24,5258.24,-3.46,-3.46,4206.59,4206.59,9.33,9.33,1183.1,1183.1,1183.1,1183.1,1577.47,1577.47,394.37,394.37,119.98,119.98,27.72,27.72,12,12,49.93,49.93,24.32,24.32,18.23,18.23,50,50,1,1,50,50,100,100,56.72,56.72,57.19,57.19,69.63,69.63,0.56,0.56,1577.47,1577.47,67.03,67.03,50,50,30.16,30.16,76.34,76.34,3.24,3.24,93.2,93.2,610.35,610.35,0,0,64,64,67.57,67.57,1051.65,1051.65,499.54,499.54,0.33,0.33,126.07,126.07,12.36,12.36,17.16,17.16,521.03,521.03,2.36,2.36,54.44,54.44,52.75,52.75,55.68,55.68,-50.99,-50.99,100.2,100.2,34236.39,34236.39,17203.36,17203.36,62071,62071,1051.65,1051.65,10.54,10.54,131.46,131.46,577900000000,579200000000,23897,23897,7.09,7.09,12.45,12.45
Encode Talker,57.33,57.33,57.33,57.33,57.33,57.33,3.61,3.61,32.72,32.72,42,42,361.76,361.76,50,50,112.5,112.5,4341.14,4341.14,578.82,578.82,964.7,964.7,-7.75,-7.75,482.35,482.35,3774.38,3774.38,-4.47,-4.47,4606.43,4606.43,-7.75,-7.75,-3.16,-3.16,-4.47,-4.47,2411.74,2411.74,-8.37,-8.37,4823.49,4823.49,1447.05,1447.05,-5.29,-5.29,5305.83,5305.83,9.33,9.33,1085.28,1085.28,1085.28,1085.28,1447.05,1447.05,361.76,361.76,119.98,119.98,27.72,27.72,12,12,49.93,49.93,22.59,22.59,20.48,20.48,50,50,1,1,50,50,100,100,56.72,56.72,57.19,57.19,69.51,69.51,0.56,0.56,1447.05,1447.05,73.69,73.69,50,50,25.82,25.82,78.78,78.78,3.24,3.24,93.2,93.2,610.35,610.35,0,0,64,64,67.73,67.73,964.7,964.7,478.99,478.99,0.32,0.32,126.07,126.07,10.54,10.54,17.16,17.16,516.73,516.73,2.45,2.45,54.44,54.44,52.71,52.71,60,60,-50.99,-50.99,100.2,100.2,37297.6,37297.6,18741.58,18741.58,67621,67621,964.7,964.7,10.54,10.54,120.59,120.59,48800000000,50500000000,27674.82,27674.82,7.09,7.09,14.69,14.69
Sperni II,75,75,42.67,42.67,36,36,2.51,2.51,33.05,33.05,40.78,40.78,298.2,298.2,28.5,28.5,162,162,1848.85,1848.85,-5.61,-5.61,5964.02,5964.02,3339.85,3339.85,1252.44,1252.44,5709.65,5709.65,1371.72,1371.72,1937.71,1937.71,-7.62,-7.62,3638.05,3638.05,2743.45,2743.45,2743.45,2743.45,954.24,954.24,3638.05,3638.05,-2.37,-2.37,2003.91,2003.91,9184.59,9184.59,9.8,9.8,372.75,372.75,745.5,745.5,1341.9,1341.9,298.2,298.2,13.11,13.11,39.79,39.79,10.55,10.55,37.18,37.18,24.39,24.39,18.13,18.13,51.62,51.62,1,1,50,50,100,100,57.77,57.77,62.64,62.64,69.18,69.18,16.71,16.71,969.15,969.15,64.92,64.92,39,39,14.64,14.64,87.49,87.49,8.82,8.82,92.57,92.57,655.93,655.93,0,0,68,68,66.28,66.28,670.95,670.95,489.46,489.46,0.46,0.46,139.26,139.26,9.84,9.84,18.64,18.64,534.71,534.71,2.4,2.4,38.29,38.29,50.26,50.26,62.85,62.85,77.78,77.78,90.47,90.47,45554.67,45554.67,27876.74,27876.74,70060,70060,670.95,670.95,8.97,8.97,74.55,74.55,4000000000,4700000000,38903.68,38903.68,4.46,4.46,13.62,13.62
TesGay,77.33,77.17,21.67,27.17,74,74,1.27,1.26,28.58,27.98,45.83,45.83,1404.72,1577.39,25,25.25,168.75,168.75,686.75,771.17,-8.39,-8.39,1298.59,1458.21,-5.66,-5.66,-4.67,-4.67,-7.69,-7.69,1560.8,1752.66,-11.87,-11.87,1248.64,1402.13,-7.62,-7.62,-11.75,-11.75,43.7,49.07,1311.08,1472.23,-12.57,-12.57,2597.18,2916.43,-4.83,-4.83,3546.15,3982.04,13.15,13.27,1794.93,2015.56,1951.01,2190.83,546.28,613.43,546.28,876.33,1190.86,1190.86,78.86,79.28,18.02,18.02,35.21,34.89,37.19,37.15,2.04,2.04,51.62,51.62,3.3,3.3,53.38,53.38,156,156,66.17,66.19,99.98,100.39,75.26,76.4,24.9,24.99,1014.52,1139.23,75.06,75.3,-78.33,-78.83,62.1,62.73,35.08,34,0.74,0.74,94,94,482.25,487.69,0,0,71,71,77.13,77.12,546.28,613.43,1072.83,1072.88,0.32,0.32,250.36,249.59,9.79,9.78,12.64,12.64,955,955,1.29,1.29,30.1,30.01,50.23,51.94,45.06,45.06,7.07,7.07,91.29,91.29,22247.71,25245.32,19628.16,22335.62,24889,28172,1951.01,2190.83,2.54,2.54,234.12,262.9,331500000000,444300000000,8431.88,9416.5,4.09,4.09,12.92,12.92
Generation of Animals,57.33,57.33,57.33,57.33,57.33,57.33,3.61,3.61,32.79,32.79,42,42,284.75,284.75,50,50,112.5,112.5,1898.32,1898.32,1896.42,1896.42,2277.98,2277.98,759.33,759.33,0,0,1892.63,1892.63,1898.32,1898.32,-7.75,-7.75,4555.97,4555.97,2657.65,2657.65,1518.66,1518.66,4176.3,4176.3,4935.63,4935.63,1898.32,1898.32,759.33,759.33,3037.31,3037.31,6074.62,6074.62,9.33,9.33,854.24,854.24,854.24,854.24,1138.99,1138.99,284.75,284.75,119.98,119.98,27.72,27.72,12,12,49.93,49.93,22.61,22.61,20.46,20.46,50,50,1,1,50,50,100,100,56.72,56.72,57.19,57.19,69.44,69.44,0.56,0.56,1138.99,1138.99,69.84,69.84,50,50,15.54,15.54,88.25,88.25,3.24,3.24,93.2,93.2,610.35,610.35,0,0,64,64,68.32,68.32,759.33,759.33,538.97,538.97,0.33,0.33,126.07,126.07,11.43,11.43,17.16,17.16,499.7,499.7,2.23,2.23,54.44,54.44,52.69,52.69,40,40,37.42,37.42,100.2,100.2,47340.31,47340.31,23787.92,23787.92,85828,85828,759.33,759.33,10.54,10.54,94.92,94.92,628400000000,630200000000,40002.56,40002.56,7.09,7.09,12.82,12.82
Of crazed,30.8,30.8,85.86,90.48,21.5,21.5,1.55,1.55,24.21,24.08,21.44,21.44,1112.45,1142.95,69.9,69.9,69.75,69.75,4924.45,5059.44,3061.46,3145.38,2313.9,2377.33,3156.39,3242.92,1445.3,1484.91,-6.75,-6.75,12934.09,13288.64,3559.84,3657.42,341.15,350.5,4331.14,4449.87,7297.68,7497.72,5630.48,5784.83,2551.22,2621.15,-8.6,-8.6,4331.14,4449.87,1601.93,1645.84,20172.44,20725.4,19.08,19.16,-15.49,-15.49,4153.15,4266.99,6007.23,6171.9,2447.39,2743.07,2.84,2.84,64.31,64.64,0.75,0.75,30.45,30.31,25.44,25.44,16.55,16.55,51.62,51.62,5.66,5.66,42.18,42.18,126,126,74.24,74.25,115.69,115.76,86.27,86.72,19.42,19.56,5784.74,5943.31,5.55,5.55,41.86,41.43,45.75,46.22,22.11,21.04,14.01,14.01,92.14,92.14,1549.72,1569.12,-9,-9,55,55,68.07,68,964.12,990.55,1025.76,1025.71,10.75,10.75,6.44,6.44,9.64,9.63,94.96,94.96,745.28,745.28,1.47,1.47,35.58,35.44,68.28,69.76,-71.75,-71.75,99.38,99.38,101.45,101.45,90973.54,93695.89,72028.8,74384.02,111995,115074,1334.94,1371.53,2.13,2.13,1260.78,1295.34,2109800000000,2226500000000,49398.63,50408.39,22.8,22.8,10.44,10.44
Terquoise,49.67,49.67,37.56,38.67,78.67,78.67,1.72,1.69,31.06,30.91,37.37,37.37,1489.22,1487.09,55.75,55.75,101.25,101.25,1414.76,1412.73,3038.01,3033.66,4020.89,4015.14,2680.59,2676.76,-3.63,-3.63,-7.54,-7.54,2308.29,2304.99,372.3,371.77,297.84,297.42,-7.87,-7.87,-12.73,-12.73,3276.28,3271.6,-3.46,-3.46,-9.8,-9.8,-8.89,-8.89,1391.91,1363.9,7743.94,7732.86,11,11.14,279.23,278.83,1209.99,1208.26,1303.07,1301.2,930.76,1208.26,8.01,8.01,58.16,59.01,6.84,6.84,56.6,55.67,28.05,28.05,11,11,51,51,1,1,50,50,129,129,60.01,60.07,90.73,91.67,71.44,71.65,16.41,16.8,1303.07,1301.2,78.32,78.51,35.17,34,33.63,34.41,64.75,63.54,0.73,0.73,94.07,94.07,559.25,568.37,0,0,64,64,57.94,56.61,1116.91,1115.32,794.25,793.84,0.27,0.27,55.14,55.14,9.97,9.96,32.07,32.07,794.79,794.79,1.74,1.74,38.59,38.2,50.81,50.88,33.17,33.17,65.57,65.57,99.76,99.76,34322.26,34525.99,25755.93,26109.2,44285,44249,1116.91,1115.32,4.06,3.99,0,0,1294700000000,1449300000000,22789.98,22649.05,6.98,6.98,12.77,12.31
The Islamic Country of Honour EIA,61,60.53,18.75,19.5,74,74,1.48,1.38,30.75,30.31,45.83,45.83,329.53,337.92,47.25,47.6,119.25,119.25,263.62,270.33,514.06,527.15,3130.49,3210.2,158.17,162.2,2273.73,2331.62,3685.91,3779.76,724.96,743.42,123.57,126.72,626.1,642.04,757.91,777.21,1746.49,1790.95,2702.11,2770.91,2405.54,2466.79,922.67,946.16,1285.15,1317.87,1308.23,1278.18,4119.07,4223.95,15.13,15.23,1482.86,1520.62,823.81,844.79,659.05,675.83,494.29,633.59,955,955,67.47,72.42,17.01,17.01,37.94,35.39,29.94,29.88,4.66,4.8,51.62,51.62,1,1,51.96,51.96,103,103,68.69,68.94,102.78,103.37,71.86,72.47,18.62,19.59,823.81,844.79,95.35,96.19,-81.25,-84.5,35.84,36.68,44.55,42.63,0.77,0.77,93.87,93.87,681.48,712.79,-8,-8,71,71,76.84,76.56,535.48,549.11,1042.16,1042.75,0.29,0.29,79.34,78.48,9.67,9.64,13.7,13.7,560.87,560.87,1.41,1.41,36.38,35.41,47.56,47.98,89.83,89.83,37.82,37.82,103.74,103.74,36226.57,37212.33,29422.82,31380.55,43609,43333,947.39,971.51,2.37,2.36,411.91,422.39,448000000000,645200000000,23257.46,23555.41,13.4,13.4,12.78,12.09
Davelands Secret LWU Piler Puppet,64.22,64,36.89,38.22,41.33,41.33,1.69,1.67,30.36,30.09,42,42,969.3,992.97,44.67,45,126,123.75,-7.87,-7.87,3163.8,3241.04,1473.34,1509.31,2171.24,2224.24,2714.05,2780.3,-7.54,-7.54,-5.66,-5.66,872.37,893.67,-6.93,-6.93,1473.34,1509.31,-9.59,-9.59,2636.5,2700.87,3799.66,3892.42,-13.86,-13.86,403.23,413.07,1416.04,1414.86,1473.34,1509.31,10.1,10.25,775.44,794.37,1357.02,1390.15,1163.16,1191.56,581.58,893.67,119.98,119.98,59.25,59.98,12,12,35.57,35.11,23.48,23.41,19.36,19.45,50,50,2.52,2.52,50,50,124,124,60.09,60.16,75.66,76.54,72.4,72.79,11.42,11.64,1163.16,1191.56,80.82,81.35,34.67,33.67,32.05,32.89,67.45,66.27,6.73,6.73,92.77,92.77,802.52,815.01,0,0,64,64,58.76,57.61,775.44,794.37,717.8,719.35,0.3,0.3,148.54,144.41,10,9.99,17.16,17.16,728.25,728.25,1.84,1.84,43.58,43.36,51.07,51.42,-41.23,-41.23,60,60,99.76,99.76,31096.07,32117.34,23567,24500.79,39777,40849,1163.16,1191.56,3.97,3.9,0,0,1277000000000,1460500000000,21145.33,21550.74,6.82,6.87,11.43,11.22
On the Nature of Things,57.33,57.33,57.33,57.33,57.33,57.33,3.61,3.61,32.82,32.82,42,42,316.21,316.21,50,50,112.5,112.5,2529.65,2529.65,-3.16,-3.16,1264.83,1264.83,-3.16,-3.16,-6.32,-6.32,0,0,843.22,843.22,4637.69,4637.69,5059.3,5059.3,3372.87,3372.87,843.22,843.22,3794.48,3794.48,3372.87,3372.87,0,0,-7.75,-7.75,2698.29,2698.29,4637.69,4637.69,9.33,9.33,948.62,948.62,948.62,948.62,1264.83,1264.83,316.21,316.21,119.98,119.98,27.72,27.72,12,12,49.93,49.93,21.73,21.73,21.5,21.5,50,50,1,1,50,50,100,100,56.72,56.72,57.19,57.19,69.41,69.41,0.56,0.56,1264.83,1264.83,70.62,70.62,50,50,19.82,19.82,83.55,83.55,3.24,3.24,93.2,93.2,610.35,610.35,0,0,64,64,68.03,68.03,843.22,843.22,532.27,532.27,0.33,0.33,126.07,126.07,11.61,11.61,17.16,17.16,500,500,2.25,2.25,54.44,54.44,52.68,52.68,40,40,-10,-10,100.2,100.2,42645.7,42645.7,21428.93,21428.93,77317,77317,843.22,843.22,10.54,10.54,105.4,105.4,585100000000,586900000000,34201.85,34201.85,7.09,7.09,14.08,14.08
Accesscode Talker,57.33,57.33,57.33,57.33,57.33,57.33,3.61,3.61,32.79,32.79,42,42,330.5,330.5,50,50,112.5,112.5,-7.75,-7.75,0,0,440.66,440.66,1762.65,1762.65,-5.48,-5.48,1172.16,1172.16,1762.65,1762.65,0,0,3084.64,3084.64,3525.3,3525.3,-5.48,-5.48,2203.32,2203.32,3084.64,3084.64,1762.65,1762.65,-7.75,-7.75,7243.47,7243.47,2203.32,2203.32,9.33,9.33,991.49,991.49,991.49,991.49,1321.99,1321.99,330.5,330.5,119.98,119.98,27.72,27.72,12,12,49.93,49.93,22.17,22.17,20.99,20.99,50,50,1,1,50,50,100,100,56.72,56.72,57.19,57.19,69.44,69.44,0.56,0.56,1321.99,1321.99,67.03,67.03,50,50,21.71,21.71,81.84,81.84,3.24,3.24,93.2,93.2,610.35,610.35,0,0,64,64,67.93,67.93,881.33,881.33,536.83,536.83,0.33,0.33,126.07,126.07,11.04,11.04,17.16,17.16,513.84,513.84,2.24,2.24,54.44,54.44,52.69,52.69,-43.59,-43.59,48.99,48.99,100.2,100.2,40808.77,40808.77,20505.9,20505.9,73987,73987,881.33,881.33,10.54,10.54,110.17,110.17,51900000000,53100000000,31953.27,31953.27,7.09,7.09,13.11,13.11
Grand Beringia,71.93,71.93,96.41,96.6,68.57,68.57,1.56,1.55,20.83,20.81,29.05,29.05,13980.54,14008.54,33.1,33.1,1216.75,1216.75,-20.35,-20.35,-12.77,-12.77,-14,-14,-8.63,-8.63,-14.24,-14.24,-12.71,-12.71,-12,-12,-22.32,-22.32,-13.19,-13.19,-12,-12,-18.81,-18.81,-12.69,-12.69,-14.28,-14.28,-22.2,-22.2,-3.43,-3.43,-16.76,-16.77,0,0,20.83,20.9,1318.92,1321.56,15958.92,15990.88,2901.62,2907.43,5275.68,5682.71,74.94,74.94,63.99,64.31,1.06,1.06,43.03,42.82,58.37,58.37,1.19,1.19,53.9,53.9,7.21,7.21,44.79,44.79,393,393,66.97,66.98,108.45,108.53,91.16,91.18,12.88,13.02,4088.65,4096.84,45.14,45.17,42.29,41.86,59.42,59.88,-12.75,-13.81,0.8,0.8,93.82,93.82,451.12,454.12,1,1,83,83,53.39,53.09,659.46,660.78,1283.51,1283.5,0.32,0.32,339.5,339.5,9.12,9.12,17.42,17.42,2606.18,2606.18,0.77,0.77,42.12,41.98,81.95,83.07,-119.71,-119.71,67.31,67.31,88,88,57241.09,57752.19,45198.9,45725.61,70635,71097,10155.68,10176.02,2.48,2.48,1187.03,1189.4,4678100000000,5529600000000,23239.88,23158.63,0.56,0.56,112.04,111.8
On Interpretation,57.33,57.33,57.33,57.33,57.33,57.33,3.61,3.61,32.73,32.73,42,42,359.98,359.98,50,50,112.5,112.5,3647.81,3647.81,345.58,345.58,287.98,287.98,-8,-8,671.96,671.96,-4.16,-4.16,287.98,287.98,4820.87,4820.87,-6.63,-6.63,-2,-2,287.98,287.98,-4.9,-4.9,1727.91,1727.91,2207.88,2207.88,5087.73,5087.73,-2.37,-2.37,4223.78,4223.78,9.33,9.33,1079.94,1079.94,1079.94,1079.94,1439.92,1439.92,359.98,359.98,119.98,119.98,27.72,27.72,12,12,49.93,49.93,24.46,24.46,18.03,18.03,50,50,1,1,50,50,100,100,56.72,56.72,57.19,57.19,69.5,69.5,0.55,0.55,1439.92,1439.92,70.21,70.21,50,50,25.59,25.59,78.93,78.93,3.24,3.24,93.2,93.2,610.35,610.35,0,0,64,64,67.81,67.81,959.95,959.95,577.82,577.82,0.32,0.32,125.93,125.93,10.3,10.3,17.16,17.16,513.94,513.94,2.12,2.12,54.45,54.45,52.71,52.71,55.68,55.68,-52.92,-52.92,100.2,100.2,37481.23,37481.23,18833.85,18833.85,67954,67954,959.95,959.95,10.54,10.54,119.99,119.99,574300000000,575800000000,27886.04,27886.04,7.09,7.09,13.36,13.36
Maxx C,57.33,57.33,57.33,57.33,57.33,57.33,3.61,3.61,32.66,32.66,42,42,258.12,258.12,50,50,112.5,112.5,-8.37,-8.37,3601.68,3601.68,2753.32,2753.32,1376.66,1376.66,3785.81,3785.81,3577.59,3577.59,2753.32,2753.32,3417.55,3417.55,4474.14,4474.14,-8.37,-8.37,1376.66,1376.66,-4.47,-4.47,4129.97,4129.97,-3.16,-3.16,2064.99,2064.99,4968.93,4968.93,5506.63,5506.63,9.33,9.33,774.37,774.37,774.37,774.37,1032.49,1032.49,258.12,258.12,119.98,119.98,27.72,27.72,12,12,49.93,49.93,23.81,23.81,18.92,18.92,50,50,1,1,50,50,100,100,56.72,56.72,57.19,57.19,69.57,69.57,0.56,0.56,1032.49,1032.49,68.3,68.3,50,50,11.67,11.67,93.66,93.66,3.24,3.24,93.2,93.2,610.35,610.35,0,0,64,64,68.64,68.64,688.33,688.33,595.06,595.06,0.34,0.34,126.07,126.07,11.51,11.51,17.16,17.16,526.14,526.14,2.08,2.08,54.44,54.44,52.73,52.73,40,40,48.99,48.99,100.2,100.2,52208.94,52208.94,26234.34,26234.34,94655,94655,688.33,688.33,10.54,10.54,86.04,86.04,56100000000,57500000000,46100.49,46100.49,7.09,7.09,15.08,15.08
Sperni III,33.33,33.33,22,22,72,72,1.59,1.59,30.14,30.14,47.2,47.2,580.88,580.88,68,68,72,72,-2,-2,1845.52,1845.52,-4.24,-4.24,1182.89,1182.89,253.48,253.48,-2.37,-2.37,88.72,88.72,2006.69,2006.69,1013.9,1013.9,-5.83,-5.83,549.2,549.2,2217.92,2217.92,-5.83,-5.83,3083.96,3083.96,2640.38,2640.38,50.7,50.7,88.72,88.72,16.49,16.49,2059.49,2059.49,1320.19,1320.19,1108.96,1108.96,792.11,792.11,1229.34,1229.34,62.7,62.7,18.96,18.96,37.6,37.6,28.75,28.75,8.22,8.22,51.62,51.62,1,1,53.38,53.38,104,104,70.11,70.11,104.5,104.5,72.72,72.72,21.63,21.63,1214.57,1214.57,103.51,103.51,-78,-78,57.33,57.33,15.88,15.88,0.82,0.82,93.8,93.8,869.17,869.17,-8,-8,67,67,77.04,77.04,844.92,844.92,1026.59,1026.59,0.24,0.24,168.78,168.78,9.9,9.9,12.47,12.47,555.9,555.9,1.47,1.47,33.37,33.37,48.98,48.98,-70.71,-70.71,64.03,64.03,110,110,32688.49,32688.49,25532.8,25532.8,40724,40724,1373,1373,2.3,2.3,686.5,686.5,300000000,400000000,13957.98,13957.98,14.22,14.22,12.5,12.5
Meletus,57.33,57.33,57.33,57.33,57.33,57.33,3.61,3.61,32.87,32.87,42,42,109.57,109.57,50,50,112.5,112.5,1753.05,1753.05,-6,-6,5259.16,5259.16,3067.84,3067.84,-3.74,-3.74,-4,-4,-6.32,-6.32,4790.22,4790.22,-6.32,-6.32,-3.16,-3.16,-6.32,-6.32,438.26,438.26,5697.42,5697.42,0,0,-4.47,-4.47,7642.29,7642.29,7012.21,7012.21,9.22,9.22,986.09,986.09,986.09,986.09,1314.79,1314.79,328.7,328.7,119.98,119.98,27.72,27.72,12,12,49.93,49.93,22.58,22.58,20.49,20.49,50,50,1,1,50,50,94,94,56.72,56.72,57.19,57.19,69.35,69.35,0.56,0.56,1314.79,1314.79,83.73,83.73,50,50,20.86,20.86,82.81,82.81,3.24,3.24,93.2,93.2,610.35,610.35,0,0,64,64,68.11,68.11,876.53,876.53,434.11,434.11,0.32,0.32,125.79,125.79,11.48,11.48,17.16,17.16,405.04,405.04,2.68,2.68,54.44,54.44,52.66,52.66,45.83,45.83,62.45,62.45,100.2,100.2,41029.17,41029.17,20616.65,20616.65,74386,74386,876.53,876.53,10.54,10.54,109.57,109.57,586700000000,587900000000,32454.08,32454.08,7.09,7.09,12.78,12.78
Red Reboot,57.33,57.33,57.33,57.33,57.33,57.33,3.61,3.61,32.81,32.81,42,42,298.67,298.67,50,50,112.5,112.5,398.23,398.23,0,0,-4.47,-4.47,4778.76,4778.76,2389.38,2389.38,4796.68,4796.68,398.23,398.23,-4.44,-4.44,2787.61,2787.61,1194.69,1194.69,3982.3,3982.3,-4.47,-4.47,-5.48,-5.48,1592.92,1592.92,1194.69,1194.69,6545.97,6545.97,796.46,796.46,9.33,9.33,896.02,896.02,896.02,896.02,1194.69,1194.69,298.67,298.67,119.98,119.98,27.72,27.72,12,12,49.93,49.93,23.89,23.89,18.81,18.81,50,50,1,1,50,50,100,100,56.72,56.72,57.19,57.19,69.42,69.42,0.56,0.56,1194.69,1194.69,67.79,67.79,50,50,17.46,17.46,85.99,85.99,3.24,3.24,93.2,93.2,610.35,610.35,0,0,64,64,68.18,68.18,796.46,796.46,562.41,562.41,0.32,0.32,126.07,126.07,10.61,10.61,17.16,17.16,501.41,501.41,2.16,2.16,54.44,54.44,52.68,52.68,-86.02,-86.02,80,80,100.2,100.2,45140.42,45140.42,22682.5,22682.5,81840,81840,796.46,796.46,10.54,10.54,99.56,99.56,53600000000,55400000000,37240.85,37240.85,7.09,7.09,12.84,12.84
GMS Greater Miami Shores 1,36.33,36.33,62.67,66.22,64,64,2.27,2.22,29.54,29.19,38.06,38.06,779.4,802.04,65.75,65.75,78.75,78.75,-7.07,-7.07,2338.21,2406.13,2182.33,2245.72,5377.87,5534.09,1324.98,1363.47,-7.75,-7.75,1013.22,1042.66,4871.26,5012.77,2727.91,2807.15,5845.52,6015.32,-7.07,-7.07,-5.1,-5.1,3117.61,3208.17,779.4,802.04,1753.65,1804.6,3842.71,3914.23,3195.55,3288.37,10.3,10.44,-6.32,-6.32,1169.1,1203.06,1266.53,1303.32,779.4,1102.81,923.69,923.69,44.08,45.14,10.55,10.55,52.79,51.88,23.92,23.92,18.77,18.77,50,50,2.52,2.52,51.96,51.96,125,125,62.56,62.63,93.42,94.5,73.64,74.2,7.5,8.05,1266.53,1303.32,74.5,74.64,50,48.33,20.42,21.16,79.29,77.99,1.97,1.97,93.42,93.42,700.97,715.58,-8,-8,67,67,68.44,68.18,584.55,601.53,953.61,952.7,0.28,0.28,46.59,46.59,12.12,11.98,13.85,13.85,709.33,709.33,1.58,1.58,47.5,46.95,55.55,56.84,-69.28,-69.28,87.18,87.18,103.37,103.37,50957.56,52698.47,32957.63,34520.56,74760,76476,974.25,1002.55,2.99,2.97,-5.48,-5.48,231700000000,272700000000,40562.22,41526.39,14,14,23.01,22.61
Sperni IV,16.67,16.67,61.33,61.33,24,24,4.03,4.03,32.44,32.44,37.37,37.37,499.77,499.77,83.33,83.33,38.25,38.25,-6.32,-6.32,4767.83,4767.83,0,0,2665.45,2665.45,3331.82,3331.82,5307.58,5307.58,-5.29,-5.29,4871.11,4871.11,1999.09,1999.09,666.36,666.36,4664.54,4664.54,0,0,3998.18,3998.18,2998.63,2998.63,4331.36,4331.36,3198.54,3198.54,0,0,10.44,10.44,166.59,166.59,999.54,999.54,1499.32,1499.32,499.77,499.77,8,8,24.8,24.8,6.84,6.84,38.09,38.09,12.74,12.74,29.32,29.32,46.97,46.97,1,1,50,50,100,100,56.11,56.11,49.26,49.26,69.81,69.81,21.36,21.36,1582.61,1582.61,85.49,85.49,53,53,13.72,13.72,90.32,90.32,13.92,13.92,92.15,92.15,1540.31,1540.31,0,0,64,64,69.34,69.34,916.25,916.25,388.09,388.09,0.24,0.24,31.35,31.35,10.68,10.68,32.17,32.17,518.52,518.52,3.02,3.02,33.64,33.64,53.78,53.78,-67.45,-67.45,67.45,67.45,99.3,99.3,57703.71,57703.71,27272.9,27272.9,109982,109982,916.25,916.25,11.34,11.34,-3.16,-3.16,3500000000,4100000000,49798.3,49798.3,11.04,11.04,18.24,18.24
Southern Low Countries,69.6,69.6,70.76,74.48,76.67,76.67,1.32,1.31,21.1,21,41.43,41.43,9895.84,10146.56,36.6,36.6,150,150,-15.36,-15.36,-12.52,-12.52,-15.43,-15.43,-10.28,-10.28,-14.87,-14.87,-13.21,-13.21,-16.25,-16.25,-20.05,-20.05,-17.41,-17.41,-14.7,-14.7,-18.87,-18.87,-15.46,-15.46,-13.27,-13.27,-23.87,-23.87,2166.15,2221.03,-23.51,-23.51,0,0,24.58,24.64,4052.58,4155.26,13665.68,14011.92,4146.83,4251.89,2638.89,2995.65,239.44,239.44,75.97,76.32,12,12,32.57,32.36,69.43,69.43,1.03,1.03,43.65,43.65,6.85,6.85,50.5,50.5,342,342,75.85,75.86,115.35,115.41,91.01,91.06,20.79,20.93,4146.83,4251.89,104.52,104.53,27.14,26.71,89.89,90,-120.33,-121.4,0.76,0.76,93.95,93.95,497.74,500.89,0,0,88,88,44.96,44.82,1130.95,1159.61,1303.86,1303.85,0.2,0.2,128.89,128.89,8.92,8.92,16.68,16.68,2417.57,2417.57,0.74,0.74,34.21,34.07,71,72.13,-133.49,-133.49,76.94,76.94,101.85,101.85,59090.8,60877.84,51111.23,52786.75,67280,69163,10178.58,10436.47,2.08,2.08,1602.18,1642.78,826400000000,862700000000,5968.17,6087.78,0.79,0.79,109.97,109.7
Eudemian Ethics,57.33,57.33,57.33,57.33,57.33,57.33,3.61,3.61,32.76,32.76,42,42,353.53,353.53,50,50,112.5,112.5,4242.31,4242.31,4275.31,4275.31,5656.41,5656.41,0,0,-4.47,-4.47,-4.23,-4.23,-8.37,-8.37,1008.73,1008.73,-3.16,-3.16,1885.47,1885.47,942.74,942.74,0,0,1885.47,1885.47,4713.68,4713.68,0,0,-4.9,-4.9,9898.72,9898.72,9.33,9.33,1060.58,1060.58,1060.58,1060.58,1414.1,1414.1,353.53,353.53,119.98,119.98,27.72,27.72,12,12,49.93,49.93,21.89,21.89,21.31,21.31,50,50,1,1,50,50,100,100,56.72,56.72,57.19,57.19,69.47,69.47,0.56,0.56,1414.1,1414.1,86.57,86.57,50,50,24.74,24.74,79.51,79.51,3.24,3.24,93.2,93.2,610.35,610.35,0,0,64,64,67.78,67.78,942.74,942.74,469.22,469.22,0.32,0.32,126.07,126.07,11.63,11.63,17.16,17.16,505.23,505.23,2.49,2.49,54.44,54.44,52.7,52.7,74.83,74.83,20,20,100.2,100.2,38161.94,38161.94,19175.9,19175.9,69188,69188,942.74,942.74,10.54,10.54,117.84,117.84,567700000000,568900000000,28735.94,28735.94,7.09,7.09,13.77,13.77
Heraclitus-,57.33,57.33,57.33,57.33,57.33,57.33,3.61,3.61,32.77,32.77,42,42,276.72,276.72,50,50,112.5,112.5,-4.47,-4.47,3649,3649,2213.75,2213.75,2213.75,2213.75,1475.83,1475.83,-4.83,-4.83,-5.48,-5.48,1394.66,1394.66,4058.54,4058.54,3689.58,3689.58,3320.63,3320.63,1475.83,1475.83,4796.46,4796.46,4427.5,4427.5,2951.67,2951.67,2361.33,2361.33,2213.75,2213.75,9.33,9.33,830.16,830.16,830.16,830.16,1106.88,1106.88,276.72,276.72,119.98,119.98,27.72,27.72,12,12,49.93,49.93,24.5,24.5,17.97,17.97,50,50,1,1,50,50,100,100,56.72,56.72,57.19,57.19,69.45,69.45,0.56,0.56,1106.88,1106.88,77.82,77.82,50,50,14.41,14.41,89.72,89.72,3.24,3.24,93.2,93.2,610.35,610.35,0,0,64,64,68.41,68.41,737.92,737.92,495.69,495.69,0.32,0.32,126.07,126.07,12.85,12.85,17.16,17.16,490.3,490.3,2.38,2.38,54.44,54.44,52.69,52.69,-20,-20,58.31,58.31,100.2,100.2,48709.89,48709.89,24476.11,24476.11,88311,88311,737.92,737.92,10.54,10.54,92.24,92.24,624600000000,626200000000,41695.66,41695.66,7.09,7.09,13.18,13.18
Sperni V,78.5,78.5,60,60,48,48,3.88,3.88,36.53,36.53,40.78,40.78,0,0,23.25,23.25,173.25,173.25,1471.34,1471.34,1042.2,1042.2,3433.13,3433.13,0,0,-3.16,-3.16,2636.15,2636.15,2648.41,2648.41,2574.84,2574.84,-7.07,-7.07,-8.37,-8.37,490.45,490.45,-7.75,-7.75,-5.48,-5.48,-3.16,-3.16,-7.35,-7.35,8788.8,8788.8,7552.88,7552.88,7.14,7.14,122.61,122.61,735.67,735.67,980.89,980.89,0,0,12.84,12.84,25.75,25.75,10.55,10.55,47.79,47.79,26.4,26.4,14.91,14.91,46.97,46.97,1,1,50,50,98,98,51.4,51.4,29.58,29.58,66.36,66.36,12.44,12.44,1839.17,1839.17,37.47,37.47,52,52,12.98,12.98,93.41,93.41,5.29,5.29,92.93,92.93,446.18,446.18,0,0,64,64,69.4,69.4,613.06,613.06,368.78,368.78,1.34,1.34,154.06,154.06,9.94,9.94,18.75,18.75,508.56,508.56,3.21,3.21,42.56,42.56,52.21,52.21,55.23,55.23,21.21,21.21,98.83,98.83,38657,38657,18655.37,18655.37,72441,72441,613.06,613.06,15.63,15.63,-5.48,-5.48,3500000000,4100000000,33631.59,33631.59,8.62,8.62,14.64,14.64
Vidhelia,54.33,54.33,59.67,53,74,74,3.87,3.23,31.31,31.11,42,42,244.01,229.3,52.25,52.25,108,108,3448.69,3240.82,2186.34,2054.56,2147.3,2017.87,728.78,684.85,4164.46,3913.45,8120.69,7631.22,1821.95,1712.13,-4.24,-4.24,910.98,856.07,3774.04,3546.56,-11.14,-11.14,1626.74,1528.69,2147.3,2017.87,1496.6,1406.39,5270.64,4952.96,5326.86,4822.34,7417.94,6970.83,9.17,9.33,1138.72,1070.08,732.03,687.91,732.03,687.91,0,229.3,457.39,457.39,25.87,30.93,13.62,13.62,62.86,59.55,30.86,30.86,3.34,3.34,50,50,1,1,50.99,50.99,118,118,58.73,59.27,73.59,78.41,71.12,71.38,8.57,9.07,976.04,917.21,61.53,62.99,51.75,46.75,9.21,9.57,100.67,98.22,0.77,0.77,93.87,93.87,461.98,498.05,-4,-4,64,64,68.98,67.95,406.69,382.17,728.18,745.76,0.4,0.38,91.2,91.2,9.95,9.9,15.99,15.99,654.21,654.21,1.83,1.8,46.43,45.93,54.26,53.24,38.47,38.47,42.66,42.66,102.62,102.62,58098.35,54642.35,28109.77,29156.18,108645,94277,813.37,764.35,7.23,5.93,81.34,76.43,41300000000,45200000000,52753.3,49396.69,13.57,13.57,18.19,16.59
Wrestlemaniac,91,82,74.89,75.33,97,97,4.22,3.96,35.52,34.39,42,42,897.42,896.31,9,18,204.75,184.5,5025.57,5019.33,-6.45,-6.45,1435.88,1434.09,1948.69,1946.27,1292.29,1290.69,-10.04,-10.04,-6.48,-6.48,6281.96,6274.16,-4.69,-4.69,-5.66,-5.66,-10.58,-10.58,4512.75,4507.16,-1.41,-1.41,3487.13,3482.8,1948.69,1946.27,9784.47,9772.33,6461.44,6453.43,5.92,6,512.81,512.18,512.81,512.18,128.2,128.04,-4.47,128.04,95.92,95.92,23.71,25.27,12,12,94.72,92.16,38.02,36.58,1.96,2.1,50,50,1,1,50,50,130,130,51.82,52.6,39.78,43.68,67.06,67.94,38.24,34.13,897.42,896.31,39.2,45.4,75.33,72,8.42,8.57,103.74,102.85,1.16,1.16,93.63,93.63,36.47,65.13,0,0,64,64,72.44,71.91,384.61,384.13,387.59,426.81,1.91,1.37,335.63,267.18,13.71,13.42,17.29,17.29,759.03,759.03,3.02,2.72,16.76,20.87,56.1,56.39,-25.5,-25.5,45.28,45.28,97.83,97.83,46071.12,46142,21240.08,22037.97,89598,87201,384.61,384.13,15.38,14.84,-6.32,-6.32,76300000000,82600000000,42201.14,42173.79,3.56,4.24,23.5,21.93
Zoraxy Ghost,50.67,50.67,42,38.89,44,44,1.84,1.79,31.68,31.57,42,42,1531.15,1472.88,55,55,101.25,101.25,-3.46,-3.46,-7.04,-7.04,-6.48,-6.48,-1.41,-1.41,4144.31,3986.6,-9.21,-9.21,-9.06,-9.06,-7.35,-7.35,-7.87,-7.87,4491.38,4320.45,-1.41,-1.41,-8.49,-8.49,5001.76,4811.41,-1.41,-1.41,-8.49,-8.49,-7.73,-7.82,0,0,9.54,9.7,1020.77,981.92,1020.77,981.92,1531.15,1472.88,382.79,736.44,119.98,119.98,54.37,56.01,12,12,38.2,37.12,18.32,18.32,25,25,50,50,1,1,50,50,130,130,59.59,59.71,73.07,74.85,70.67,70.8,9.36,10.14,1531.15,1472.88,85.88,86.28,38.5,36.17,39.14,40.13,67.31,65.92,5.98,5.98,92.85,92.85,845.06,867.55,0,0,64,64,62.08,58.24,1020.77,981.92,765.82,765.07,0.27,0.27,109.08,109.08,11.11,10.91,17.16,17.16,761.89,761.89,1.78,1.78,45.64,44.86,50.65,50.25,-48.99,-48.99,17.32,17.32,99.76,99.76,27412.7,26737.71,19843.52,19665.29,36496,35108,1020.77,981.92,4.86,4.62,0,0,634900000000,775600000000,16694.33,16015.89,7.3,7.3,9.82,9.49
Polemarcus,57.33,57.33,57.33,57.33,57.33,57.33,3.61,3.61,32.81,32.81,42,42,103.34,103.34,50,50,112.5,112.5,2066.75,2066.75,-9.16,-9.16,-8.37,-8.37,2810.78,2810.78,1901.41,1901.41,2002.68,2002.68,5373.55,5373.55,1860.07,1860.07,1653.4,1653.4,2893.45,2893.45,1240.05,1240.05,2066.75,2066.75,5373.55,5373.55,1653.4,1653.4,-2.65,-2.65,-3.35,-3.35,7440.3,7440.3,9.43,9.43,930.04,930.04,930.04,930.04,1240.05,1240.05,310.01,310.01,119.98,119.98,27.72,27.72,12,12,49.93,49.93,24.68,24.68,17.7,17.7,50,50,1,1,50,50,92,92,57.27,57.27,60.37,60.37,69.41,69.41,0.56,0.56,1240.05,1240.05,53.98,53.98,50,50,19.57,19.57,83.59,83.59,3.24,3.24,93.2,93.2,610.35,610.35,0,0,64,64,68.16,68.16,826.7,826.7,483.23,483.23,0.33,0.33,125.69,125.69,11.57,11.57,17.16,17.16,374.67,374.67,2.43,2.43,54.44,54.44,53.41,53.41,-87.75,-87.75,64.81,64.81,100.2,100.2,43482.34,43482.34,21849.33,21849.33,78834,78834,1240.05,1240.05,9.75,9.75,103.34,103.34,691900000000,693600000000,34959.8,34959.8,7.09,7.09,11.45,11.45
Invasadin,37,37,44.67,47,70.67,70.67,2.65,2.34,29.02,28.56,44.28,44.28,137.57,141.85,65.25,65.25,78.75,78.75,3851.98,3971.71,0,0,1100.57,1134.77,3191.64,3290.85,-4.27,-4.27,7029.87,7248.37,3411.76,3517.8,-6.12,-6.12,137.57,141.85,-4.47,-4.47,825.42,851.08,4127.12,4255.4,3026.56,3120.63,825.42,851.08,4457.29,4595.84,0,0,8364.3,8624.28,10.95,11.09,1513.28,1560.31,1238.14,1276.62,1031.78,1063.85,343.93,567.39,12.84,12.84,37.72,42.68,14.16,14.16,52.16,49.4,31.19,31.19,3.19,3.19,50,50,2.52,2.52,50,50,112,112,64.17,64.54,99.38,100.9,74.49,75.3,13.82,15.24,1169.35,1205.7,73.17,73.83,40.5,36.25,15.47,16.4,85.63,83.53,0.98,0.98,93.7,93.7,692.28,729.6,-8,-8,64,64,65.8,64.42,343.93,354.62,1006.23,1007.5,0.28,0.28,33.57,33.57,9.45,9.41,18.75,18.75,622.07,622.07,1.53,1.53,41.18,39.76,53.85,54.56,-71.76,-71.76,84.56,84.56,106.51,106.51,51520.26,53334.39,30630.2,33897.85,81194,79423,1306.92,1347.54,2.74,2.7,137.57,141.85,223000000000,267700000000,43534.62,44587.55,14.35,14.35,17.14,15.92
The Ashikaga Shogunate II,17.75,17.75,74,72.22,1,1,8.85,6.36,32.83,32.02,38.06,38.06,323.42,320.3,82.25,82.25,40.5,40.5,-9.38,-9.38,-3.1,-3.1,-3.55,-3.55,1811.17,1793.7,1897.41,1879.12,13942.52,13808.1,4484.79,4441.55,64.68,64.06,1983.66,1964.53,1379.94,1366.63,1379.94,1366.63,-3.22,-3.22,-7.62,-7.62,3536.08,3501.99,-4.43,-4.43,-4.65,-5.4,4484.79,4441.55,12,12.12,107.81,106.77,1185.88,1174.45,2695.19,2669.2,970.27,1281.22,1203.71,1203.71,11.3,15.72,13,13,22.61,21.29,1.17,1.17,36.75,36.75,48.6,48.6,1,1,53.38,53.38,98,98,59.39,60.06,62.36,67.16,69.4,70.28,34.37,32.15,2479.57,2455.67,63.13,65.01,70,63.33,28.63,29.81,71.78,69.07,30.34,30.34,91.09,91.09,1774.08,2137.64,-8,-8,67,67,71.17,70.2,1078.07,1067.68,402.13,436.01,0.27,0.26,129.94,129.94,11.15,10.55,12.58,12.58,412.05,412.05,2.9,2.67,20.63,22.85,57.33,57.18,-56.83,-56.83,50.99,50.99,105.16,105.16,53852.84,53653.95,16343.4,19664.22,144689,125068,1078.07,1067.68,5.56,4,215.61,213.54,29600000000,38800000000,38450.93,37665.07,15.97,15.97,30.2,27.42
Waitaha,36.53,36.53,40.19,47.24,65.11,65.11,1.52,1.51,34.13,33.52,46.76,46.76,1089.68,1171.29,65.6,65.6,1208.75,1208.75,3160.07,3396.74,523.05,562.22,435.87,468.52,-5.55,-5.55,1972.32,2120.04,-7.54,-7.54,1449.27,1557.82,1906.94,2049.76,-1.22,-1.22,3704.91,3982.39,-9.59,-9.59,4108.09,4415.77,435.87,468.52,-9.95,-9.95,-6.4,-6.4,244.09,262.37,5045.22,5423.08,6,6.24,-7.75,-7.75,0,0,1634.52,1756.94,136.21,585.65,57.06,57.06,65.62,66.17,8.23,8.23,42.77,42.35,16.84,16.84,26.29,26.29,45.31,45.31,2,2,43.9,43.9,129,129,61.81,61.84,90.48,91.04,68.16,68.72,13.04,13.28,817.26,878.47,63.57,63.63,-66.86,-67.57,18.18,19.43,85.7,84.58,8.52,8.52,92.6,92.6,838.28,845.1,2,2,64,64,77.5,77.41,-3.16,-3.16,817.08,816.81,0.46,0.46,55.94,55.94,10.41,10.34,17.55,17.55,804.58,804.58,1.71,1.71,41.96,41.72,47.21,48.5,44.61,44.61,-39.87,-39.87,100.2,100.2,24369.6,26633.98,19502.61,21409.41,29719,32355,681.05,732.06,3.15,3.14,-3.16,-3.16,11768500000000,14272100000000,19934.34,21466.99,15.54,15.54,11.58,11.37
The Navy of South Asians 23,62.67,62.4,25.67,31.78,76.67,76.67,1.45,1.43,30.92,30.19,43.68,43.68,999.55,1107.21,46,46.2,121.5,121.5,1012.88,1121.98,3774.29,4180.84,2292.3,2539.21,799.64,885.77,-4.38,-4.38,-2.97,-2.97,2772.08,3070.67,1266.09,1402.47,3145.24,3484.03,1812.51,2007.75,-4.69,-4.69,-3.87,-3.87,2345.61,2598.26,-7.21,-7.21,1439.35,1594.39,-1.16,-1.16,6077.25,6731.86,12.37,12.49,1332.73,1476.29,999.55,1107.21,999.55,1107.21,733,1033.4,34.9,34.9,69.1,69.76,14.16,14.16,45.44,44.8,29.29,29.26,6.4,6.51,52.16,52.16,1,1,50.5,50.5,133,133,63.23,63.27,102.58,102.84,71.63,72.65,18,18.21,999.55,1107.21,81.29,81.53,25.67,24.83,36.95,37.61,53.67,52.53,0.74,0.74,94,94,580.88,589.11,0,0,68,68,52.11,51.85,733,811.96,950.16,950.29,0.28,0.28,191.69,191.02,10.19,10.11,17.77,17.77,797.75,797.75,1.58,1.58,37,36.79,48.48,49.93,46.9,46.9,45.83,45.83,92.89,92.89,31601.71,35227.13,25994.11,29122.26,37618,41748,1066.18,1181.03,2.87,2.87,333.18,369.07,4211800000000,5182100000000,19909.08,21981.73,5.27,5.27,13.7,13.44
Bootyswana04,57.33,57.33,38,38.89,57.33,57.33,1.73,1.7,31.63,31.35,42,42,1092.45,1104.96,50,50,112.5,112.5,2840.37,2872.91,2534.48,2563.52,1019.62,1031.3,-8.49,-8.49,5170.93,5230.16,-10.04,-10.04,-9.06,-9.06,2184.9,2209.93,-6.48,-6.48,1747.92,1767.94,-11.92,-11.92,2112.07,2136.26,291.32,294.66,1383.77,1399.62,-4.69,-4.69,1626.9,1616.07,3859.99,3904.2,9.95,10.1,819.34,828.72,819.34,828.72,1092.45,1104.96,546.22,828.72,119.98,119.98,57.92,58.88,12,12,43.47,42.71,21.76,21.76,21.47,21.47,50,50,1,1,50,50,130,130,59.55,59.62,75.87,76.91,70.73,71.08,5.36,5.81,1092.45,1104.96,88.31,88.54,35.5,34.17,26.66,27.48,71.88,70.65,3.5,3.5,93.16,93.16,734.06,746,0,0,64,64,58.55,57.48,728.3,736.64,874.85,874.4,0.29,0.28,127.71,127.71,10.91,10.79,17.16,17.16,771.09,771.09,1.65,1.65,49.64,49.19,50.01,50.35,67.82,67.82,-56.57,-56.57,100.2,100.2,34746.31,35391.12,26016.52,26734.09,44918,45401,728.3,736.64,4.95,4.81,91.04,92.08,2810900000000,3253300000000,25469.05,25658.56,7.09,7.09,10.77,10.58
ERN Firestorm 2,57.33,57.33,54,49.56,57.33,57.33,2.16,2.06,31.88,31.66,42,42,286.83,275.68,50,50,112.5,112.5,1453.29,1396.79,1864.8,1792.3,3365.51,3234.66,4512.84,4337.39,3977.42,3822.78,775.6,745.44,-5.66,-5.66,2658.75,2555.38,-6.48,-6.48,-3.46,-3.46,4130.4,3969.81,1070.84,1029.21,2600.62,2499.51,1835.73,1764.36,3747.95,3602.24,-1.83,-1.83,4818.8,4631.45,9.33,9.49,860.5,827.04,860.5,827.04,1147.33,1102.73,286.83,551.36,119.98,119.98,46.31,48.49,12,12,50.12,48.31,25.5,25.5,16.45,16.45,50,50,1,1,50,50,100,100,58.62,58.81,67.89,70.5,70.44,70.7,1.36,2.47,1147.33,1102.73,85.78,86.35,47.5,44.17,17.68,18.54,83.62,82.07,3.5,3.5,93.16,93.16,630.87,658.75,0,0,64,64,67.39,66.64,764.89,735.15,627.81,626.99,0.3,0.3,126.48,126.48,10.56,10.26,17.16,17.16,505.61,505.61,2,2.01,53.64,52.53,52.58,52,-43.59,-43.59,79.37,79.37,100.2,100.2,45363.25,43875.25,30129.32,29868.64,65055,61600,764.89,735.15,7.44,7.06,95.61,91.89,306300000000,426300000000,37333.96,35758.33,7.09,7.09,12.32,11.66
Pigeonism,65.6,65.33,78,79.78,68.67,68.67,3.36,3.17,30.78,30.26,40.78,40.78,551.11,556.6,42.6,43,130.5,128.25,-5.83,-5.83,317.44,320.6,3791.65,3829.4,5467.02,5521.46,1340.3,1353.65,-6.13,-6.13,-1.67,-1.67,7495.11,7569.74,1410.85,1424.89,4232.54,4274.68,-11.14,-11.14,2909.87,2938.84,-6.63,-6.63,-9.7,-9.7,5378.85,5432.4,3297.85,3330.69,3791.65,3829.4,5.83,6.08,-9.49,-9.49,992,1001.88,220.44,222.64,551.11,890.56,7.84,7.84,29.75,31.5,10.55,10.55,64.89,63.08,29.59,29.52,5.53,5.73,50,50,2.52,2.52,50,50,130,130,55.89,56.14,51.15,54,71.81,72.54,12.99,11.75,1102.22,1113.2,46.46,47.19,68,64.67,7.08,7.38,109.72,108.16,1.06,1.06,93.67,93.67,343.93,367.12,-8,-8,64,64,72.6,72.17,110.22,111.32,777.65,798.8,0.7,0.65,96.56,95.13,10.94,10.64,33.18,33.18,747.37,747.37,1.76,1.74,42.01,43.25,58.89,59.8,-46.37,-46.37,80.31,80.31,101.45,101.45,55737.2,56626.11,29116.45,30519.88,97869,96887,110.22,111.32,11.61,11.31,-10.95,-10.95,162600000000,182000000000,51779.85,52435.78,13.12,13.15,27.38,26.06
Czeroveepus,10,10,4,3,3,3,1.08,1.06,36.58,37.2,42,42,350.75,302.6,90,90,22.5,22.5,982.1,847.28,-9.8,-9.8,-8.37,-8.37,0,0,196.42,169.46,-2.83,-2.83,-6.32,-6.32,701.5,605.2,-10.49,-10.49,982.1,847.28,-6.32,-6.32,280.6,242.08,-8.37,-8.37,0,0,140.3,121.04,-6.78,-6.78,982.1,847.28,12.17,12.29,455.97,393.38,455.97,393.38,771.65,665.72,245.52,302.6,141.46,141.46,92.58,94.4,12,12,11.47,11.32,1.08,1.08,37.5,37.5,50,50,1,1,50,50,110,110,63.96,64.05,80.38,80.74,66.33,65.95,44.92,45.25,561.2,484.16,108.99,109.05,-96,-97,56.22,56.97,41.15,39.88,29.5,29.5,91.14,91.14,10254.42,10473.76,0,0,64,64,75.22,75.11,420.9,363.12,482.35,483.09,0.2,0.2,19.57,19.57,9.61,9.6,17.06,17.06,621.53,621.53,2.43,2.43,10.08,9.75,41.83,41.48,-64.03,-64.03,24.49,24.49,101.85,101.85,9456.21,8248.89,9079.85,8002.65,9808,8477,420.9,363.12,2.77,2.76,175.37,151.3,281300000000,264300000000,4141.82,3547.02,9.13,9.13,7.15,7.13
Statesman-,57.33,57.33,57.33,57.33,57.33,57.33,3.61,3.61,32.7,32.7,42,42,295.95,295.95,50,50,112.5,112.5,-7.07,-7.07,-7.6,-7.6,-7.07,-7.07,5445.46,5445.46,5129.78,5129.78,4218.26,4218.26,3945.98,3945.98,2549.11,2549.11,0,0,-6.32,-6.32,4340.58,4340.58,-7.07,-7.07,3551.38,3551.38,1578.39,1578.39,1025.96,1025.96,2020.34,2020.34,3945.98,3945.98,9.54,9.54,887.85,887.85,887.85,887.85,1183.79,1183.79,295.95,295.95,119.98,119.98,27.72,27.72,12,12,49.93,49.93,26,26,15.62,15.62,50,50,1,1,50,50,98,98,57.27,57.27,60.37,60.37,69.53,69.53,0.56,0.56,1183.79,1183.79,58.11,58.11,50,50,18.18,18.18,84.87,84.87,3.24,3.24,93.2,93.2,610.35,610.35,0,0,64,64,68.12,68.12,789.2,789.2,490.69,490.69,0.33,0.33,125.96,125.96,11.91,11.91,17.16,17.16,514.37,514.37,2.4,2.4,54.44,54.44,53.45,53.45,-101,-101,87.75,87.75,100.2,100.2,45544.54,45544.54,22885.56,22885.56,82573,82573,1183.79,1183.79,9.75,9.75,98.65,98.65,683700000000,684900000000,37255.43,37255.43,7.09,7.09,12.26,12.26
Angels of Depravity,57.33,57.33,46.67,46.67,57.33,57.33,2.76,2.76,32.92,32.92,42,42,264.53,264.53,50,50,112.5,112.5,2821.68,2821.68,1576.61,1576.61,4232.52,4232.52,352.71,352.71,2821.68,2821.68,1128.67,1128.67,1410.84,1410.84,1322.66,1322.66,4232.52,4232.52,-7.75,-7.75,-7.07,-7.07,1763.55,1763.55,-8.37,-8.37,1410.84,1410.84,2116.26,2116.26,2257.34,2257.34,8465.04,8465.04,9.33,9.33,793.6,793.6,793.6,793.6,1058.13,1058.13,264.53,264.53,119.98,119.98,36.28,36.28,12,12,45.75,45.75,23.51,23.51,19.33,19.33,50,50,1,1,50,50,100,100,57.68,57.68,63.36,63.36,69.3,69.3,3.22,3.22,1058.13,1058.13,78.25,78.25,42,42,17.13,17.13,85.05,85.05,3.24,3.24,93.2,93.2,677.19,677.19,0,0,64,64,66.48,66.48,705.42,705.42,613.68,613.68,0.32,0.32,126.07,126.07,10.99,10.99,17.16,17.16,526.38,526.38,2.03,2.03,51.78,51.78,50.87,50.87,71.41,71.41,30,30,100.2,100.2,42088.88,42088.88,24499.5,24499.5,67524,67524,705.42,705.42,9.11,9.11,88.18,88.18,1233700000000,1235800000000,34891.68,34891.68,7.09,7.09,11.16,11.16
Cylarn,73.72,73.72,96.6,96.79,65.14,65.14,1.45,1.45,19.27,19.26,30.85,30.85,8594.83,8584.87,30.42,30.42,217.5,217.5,-20.69,-20.69,-14.64,-14.64,-12.63,-12.63,-14.03,-14.03,-21.63,-21.63,-13.68,-13.68,8779,8768.83,-19.52,-19.52,-2.45,-2.45,-21.86,-21.86,-21.86,-21.86,-14.11,-14.11,-11.31,-11.31,-20.98,-20.98,103.75,103.63,-6.63,-6.63,8779,8768.83,34.29,34.34,5678.72,5672.15,15731.6,15713.38,10666.79,10654.44,4604.37,4828.99,19.47,19.47,68.84,69.13,0.89,0.89,37.28,37.11,73,73,0.99,0.99,31.99,31.99,13.24,13.24,39.73,39.73,425,425,95.58,95.59,123.14,123.19,92.22,92.23,14.2,14.32,19568.58,19545.91,6.18,6.18,36,35.62,95.42,95.43,-300.88,-301.94,22.13,22.13,91.59,91.59,514.38,517.18,8,8,119,119,41.11,41.08,2302.19,2299.52,1469.32,1469.31,0.2,0.2,173.36,173.36,7.5,7.5,18.01,18.01,2843.89,2843.89,0.57,0.57,40.8,40.68,85.69,87.03,-135.44,-135.44,86.32,86.32,121.25,121.25,99128.42,99243.57,81374.08,81653.76,118212,118112,12585.28,12570.7,1.72,1.72,1765.01,1762.96,810700000000,817600000000,4559.91,4565.2,30.2,30.2,145.19,145.19
On Memory,57.33,57.33,57.33,57.33,57.33,57.33,3.61,3.61,32.74,32.74,42,42,354.07,354.07,50,50,112.5,112.5,-7.75,-7.75,4905.12,4905.12,4248.9,4248.9,0,0,-7.75,-7.75,2912.86,2912.86,-3.16,-3.16,-5.67,-5.67,472.1,472.1,944.2,944.2,-6.32,-6.32,1416.3,1416.3,5193.1,5193.1,1416.3,1416.3,-4.47,-4.47,3021.44,3021.44,4248.9,4248.9,9.33,9.33,1062.22,1062.22,1062.22,1062.22,1416.3,1416.3,354.07,354.07,119.98,119.98,27.72,27.72,12,12,49.93,49.93,21.84,21.84,21.37,21.37,50,50,1,1,50,50,100,100,56.72,56.72,57.19,57.19,69.49,69.49,0.56,0.56,1416.3,1416.3,78.45,78.45,50,50,24.81,24.81,79.46,79.46,3.24,3.24,93.2,93.2,610.35,610.35,0,0,64,64,67.78,67.78,944.2,944.2,503.95,503.95,0.32,0.32,126.07,126.07,10.4,10.4,17.16,17.16,522.51,522.51,2.35,2.35,54.44,54.44,52.71,52.71,64.03,64.03,20,20,100.2,100.2,38103.17,38103.17,19146.37,19146.37,69081,69081,944.2,944.2,10.54,10.54,118.02,118.02,570000000000,571200000000,28653.59,28653.59,7.09,7.09,14.98,14.98
-Dare-,57.33,57.33,57.33,57.33,57.33,57.33,3.61,3.61,32.82,32.82,42,42,308.1,308.1,50,50,112.5,112.5,-7.75,-7.75,-4.49,-4.49,3697.24,3697.24,1232.41,1232.41,1232.41,1232.41,4083.4,4083.4,3697.24,3697.24,-4.52,-4.52,-6.32,-6.32,4929.66,4929.66,1643.22,1643.22,-7.75,-7.75,5340.46,5340.46,-8.37,-8.37,4518.85,4518.85,-2,-2,7394.49,7394.49,9.33,9.33,924.31,924.31,924.31,924.31,1232.41,1232.41,308.1,308.1,119.98,119.98,27.72,27.72,12,12,49.93,49.93,24.92,24.92,17.36,17.36,50,50,1,1,50,50,100,100,56.72,56.72,57.19,57.19,69.41,69.41,0.56,0.56,1232.41,1232.41,68.04,68.04,50,50,18.74,18.74,84.62,84.62,3.24,3.24,93.2,93.2,610.35,610.35,0,0,64,64,68.1,68.1,821.61,821.61,523.49,523.49,0.34,0.34,126.07,126.07,10.02,10.02,17.16,17.16,498.52,498.52,2.28,2.28,54.44,54.44,52.68,52.68,50.99,50.99,43.59,43.59,100.2,100.2,43763.04,43763.04,21990.39,21990.39,79343,79343,821.61,821.61,10.54,10.54,102.7,102.7,514000000000,515300000000,35579.35,35579.35,7.09,7.09,12.68,12.68
Jet Stream,57.33,57.33,57.33,57.33,57.33,57.33,3.61,3.61,32.79,32.79,42,42,310.57,310.57,50,50,112.5,112.5,2070.5,2070.5,3463.95,3463.95,1656.4,1656.4,-3.16,-3.16,414.1,414.1,-3.01,-3.01,2484.6,2484.6,4443.29,4443.29,4969.2,4969.2,-5.48,-5.48,-4.47,-4.47,-5.48,-5.48,4141,4141,2898.7,2898.7,4969.2,4969.2,-2,-2,6211.5,6211.5,9.33,9.33,931.72,931.72,931.72,931.72,1242.3,1242.3,310.57,310.57,119.98,119.98,27.72,27.72,12,12,49.93,49.93,24.85,24.85,17.46,17.46,50,50,1,1,50,50,100,100,56.72,56.72,57.19,57.19,69.43,69.43,0.56,0.56,1242.3,1242.3,67.28,67.28,50,50,19.07,19.07,84.29,84.29,3.24,3.24,93.2,93.2,610.35,610.35,0,0,64,64,68.08,68.08,828.2,828.2,507.41,507.41,0.33,0.33,126.07,126.07,12.56,12.56,17.16,17.16,521.28,521.28,2.34,2.34,54.44,54.44,52.69,52.69,45.83,45.83,-10,-10,100.2,100.2,43416.31,43416.31,21816.15,21816.15,78714,78714,828.2,828.2,10.54,10.54,103.52,103.52,166200000000,167400000000,35123.79,35123.79,7.09,7.09,14.67,14.67
Solitirea I,69.33,69.33,34.67,34.67,62.67,62.67,2.11,2.11,32.71,32.71,43.68,43.68,244.21,244.21,37,37,141.75,141.75,683.8,683.8,2797.71,2797.71,3370.14,3370.14,1709.49,1709.49,3809.73,3809.73,-7.89,-7.89,3272.46,3272.46,759.99,759.99,-8.83,-8.83,3125.93,3125.93,4835.42,4835.42,2906.14,2906.14,2637.5,2637.5,195.37,195.37,2002.55,2002.55,524.58,524.58,7326.4,7326.4,11.49,11.49,610.53,610.53,549.48,549.48,1037.91,1037.91,244.21,244.21,634.49,634.49,47.29,47.29,15.09,15.09,41.92,41.92,27.89,27.89,11.54,11.54,51,51,1,1,51.48,51.48,105,105,61.12,61.12,88.61,88.61,69.52,69.52,11.91,11.91,1709.49,1709.49,38.5,38.5,33,33,19.04,19.04,78.55,78.55,2.35,2.35,93.34,93.34,610.35,610.35,-4,-4,64,64,62.92,62.92,549.48,549.48,624.53,624.53,0.5,0.5,202.54,202.54,10.3,10.3,15.2,15.2,468.22,468.22,2.01,2.01,43.09,43.09,49.15,49.15,53.85,53.85,63.25,63.25,104.1,104.1,45195.11,45195.11,30354.93,30354.93,64194,64194,854.75,854.75,3.37,3.37,-10.49,-10.49,3000000000,3500000000,36608.04,36608.04,14.21,14.21,9.13,9.13
Blackbird,72.67,72.67,24.5,24.12,68.19,68.19,1.28,1.27,15.57,15.57,171.47,171.47,23387.84,23385.82,32,32,217,217,-75.76,-75.76,-54.92,-54.92,-60.03,-60.03,-41.86,-41.86,-71.46,-71.46,-35.94,-35.94,-77.52,-77.52,-73.64,-73.64,-63.51,-63.51,-62.29,-62.29,-75.76,-75.76,-66.16,-66.16,-60.33,-60.33,-77.71,-77.71,790.51,790.44,-90.74,-90.74,0,0,131.41,131.42,18274.41,18272.83,17051.86,17050.39,11151.75,11150.78,10482.01,10512.99,2739.69,2739.69,78.16,78.48,124.73,124.73,4.5,4.51,282.47,282.47,0.41,0.41,44.48,44.48,38.55,38.55,93.17,93.17,1581,1581,255.8,255.8,231.61,231.64,96.5,96.51,19.42,19.54,6548.6,6548.03,337.77,337.78,-75.5,-75.88,120.61,120.62,-5988.2,-5989.26,0.54,0.54,95.08,95.08,579.93,582.91,190,190,217,217,87.02,87.02,13235.39,13234.25,2810.78,2810.78,0.06,0.06,164.97,164.97,0.99,0.99,7.06,7.06,10555.16,10555.16,0.23,0.23,35.58,35.46,71.06,71.06,-568.77,-568.77,253,253,344.54,344.54,184374.44,184390.39,161900.94,162258.95,207131,206758,21527.45,21525.58,1.09,1.09,11693.92,11692.91,240500000000,240800000000,0,0,46.83,46.83,259.53,259.53
Minyos,69.94,69.94,27.14,26.71,73,73,1.32,1.31,18.28,18.31,98.34,98.34,11961.66,11740.87,36.08,36.08,1216,1216,-34.41,-34.41,-27.19,-27.19,-25.16,-25.16,-24.91,-24.91,-34.66,-34.66,-21.01,-21.01,-50.56,-50.56,-32.45,-32.45,-28.25,-28.25,-36.25,-36.25,-40.55,-40.55,-33.38,-33.38,-29.05,-29.05,-45.77,-45.77,1831.46,1797.66,-47.81,-47.81,0,0,57.35,57.38,10121.4,9934.59,9559.1,9382.66,4115.01,4039.06,3501.6,3512.23,1666.02,1666.02,75.97,76.32,60.5,60.5,5.83,5.85,143.94,143.94,0.62,0.62,31.28,31.28,23.17,23.17,66.48,66.48,572,572,119.06,119.07,149.86,149.9,93.08,93.05,19.11,19.25,2555.91,2508.73,206.06,206.06,-72.86,-73.29,100.57,100.58,-1121.89,-1122.96,0.42,0.42,96.01,96.01,535.03,538.31,54,54,202,202,83,82.93,5750.8,5644.65,1772.28,1772.27,0.1,0.1,243.41,243.41,3.87,3.86,10.65,10.65,4383.42,4383.42,0.42,0.42,35.89,35.75,70.58,70.35,-156.73,-156.73,82.26,82.26,167.8,167.8,85895.32,84385.17,74296.09,73169.8,97799,95870,13469.64,13221.03,1.51,1.51,4063.9,3988.89,300700000000,296100000000,0,0,11.13,11.13,197.35,197.26
Me and Julio,68.22,68.22,70.44,74.11,43.47,43.47,1.37,1.36,21.01,20.92,40.78,40.78,10163.5,10418.63,38.67,38.67,139.5,139.5,-17.61,-17.61,-13.86,-13.86,-15.17,-15.17,-11.49,-11.49,-16.04,-16.04,-10.95,-10.95,-15.03,-15.03,-21.91,-21.91,-15.78,-15.78,-15.81,-15.81,-20,-20,-15.49,-15.49,-15.81,-15.81,-21.19,-21.19,-7.34,-7.34,-20.03,-20.03,0,0,23.92,23.98,4835.06,4956.44,12038.32,12340.52,4637.71,4754.13,2861.57,3236.86,232.05,232.05,73.09,73.49,10.55,10.55,28.16,27.96,51.56,51.56,1.34,1.34,52.16,52.16,8.7,8.7,50,50,380,380,76.74,76.76,108.8,108.89,91.06,91.11,14.4,14.57,3256.27,3338.01,88.69,88.73,-69.33,-69.83,69.06,69.21,-53.94,-55.02,6.89,6.89,92.76,92.76,769.28,773.85,-2,-2,79,79,77.58,77.58,1184.1,1213.82,1303.81,1303.78,0.25,0.25,246.75,246.75,8.54,8.53,16.71,16.71,2400.69,2400.69,0.74,0.74,40.6,40.43,69.15,70.5,-111.8,-111.8,31.62,31.62,105.5,105.5,56441.96,58162.27,47830.58,49433.11,65441,67261,8091.33,8294.45,2.05,2.05,2072.17,2124.19,678400000000,710700000000,17440.57,17913.98,13.94,13.94,103.84,103.84
Veksar,69.39,69.39,100.16,100.17,71.24,71.24,1.32,1.31,15.58,15.58,116.24,116.24,29578.37,29567.7,36.92,36.92,216,216,-30.13,-30.13,-21.69,-21.69,-26.3,-26.3,-16.4,-16.4,-38.29,-38.29,-10.35,-10.35,-57.72,-57.72,-29.72,-29.72,-25.95,-25.95,-34.18,-34.18,-52.52,-52.52,-38.25,-38.25,-28.07,-28.07,-47.46,-47.46,54083.33,54063.83,-45.3,-45.3,0,0,53.95,53.98,18763.37,18756.6,13160.42,13155.67,9685.72,9682.23,6515.06,6642.96,5.46,5.46,75.97,76.32,80.25,80.25,5.3,5.32,226.73,226.73,0.46,0.46,91.23,91.23,38.81,38.81,82.5,82.5,1134,1134,127.43,127.44,150.1,150.14,96.49,96.5,18.14,18.28,-40,-40,229.9,229.9,27.14,26.71,99.55,99.55,-928.22,-929.29,0.41,0.41,96.13,96.13,561.85,565.2,274,274,321,321,32.07,32.05,10206.93,10203.24,2186.33,2186.32,0.1,0.1,143.53,143.53,1.48,1.48,55.9,55.9,6924.14,6924.14,0.31,0.31,36.86,36.72,98.83,98.83,-344.98,-344.98,270.7,270.7,155.79,155.79,180518.91,180584.06,156141.8,156583.2,205536,205161,28362.22,28352,1.46,1.46,-4.47,-4.47,636300000000,637900000000,902.59,722.34,0.22,0.22,279.27,279.19
Euthydemus-,57.33,57.33,57.33,57.33,57.33,57.33,3.61,3.61,32.8,32.8,42,42,110.28,110.28,50,50,112.5,112.5,882.2,882.2,-6.93,-6.93,2205.51,2205.51,-4.69,-4.69,-8,-8,176.44,176.44,441.1,441.1,992.48,992.48,441.1,441.1,0,0,4852.12,4852.12,0,0,3969.92,3969.92,4852.12,4852.12,3352.38,3352.38,4892.8,4892.8,3528.82,3528.82,9.43,9.43,992.48,992.48,992.48,992.48,1323.31,1323.31,330.83,330.83,119.98,119.98,27.72,27.72,12,12,49.93,49.93,25.81,25.81,15.95,15.95,50,50,1,1,50,50,92,92,57.27,57.27,60.37,60.37,69.43,69.43,0.56,0.56,1323.31,1323.31,74.7,74.7,50,50,22.38,22.38,81.03,81.03,3.24,3.24,93.2,93.2,610.35,610.35,0,0,64,64,68,68,882.2,882.2,488.51,488.51,0.32,0.32,125.69,125.69,10.66,10.66,17.16,17.16,378.51,378.51,2.41,2.41,54.44,54.44,53.41,53.41,52.92,52.92,-17.32,-17.32,100.2,100.2,40754.39,40754.39,20478.58,20478.58,73888,73888,1323.31,1323.31,9.75,9.75,110.28,110.28,621800000000,623400000000,31625.41,31625.41,7.09,7.09,12.33,12.33
Solitirea II,90,90,6,6,25,25,1.12,1.12,34.69,34.69,45.83,45.83,332.95,332.95,10,10,202.5,202.5,1021.04,1021.04,426.17,426.17,-8.25,-8.25,799.07,799.07,510.52,510.52,1482.95,1482.95,332.95,332.95,443.93,443.93,355.14,355.14,577.11,577.11,-6.16,-6.16,326.29,326.29,1353.99,1353.99,-8.25,-8.25,-7.62,-7.62,-7.8,-7.8,1353.99,1353.99,16.09,16.09,1109.83,1109.83,665.9,665.9,471.68,471.68,277.46,277.46,814.61,814.61,88.97,88.97,17.36,17.36,15.79,15.79,29.13,29.13,6.9,6.9,48.6,48.6,1,1,52.44,52.44,105,105,65.32,65.32,86.68,86.68,67.69,67.69,36.94,36.94,665.9,665.9,57.54,57.54,-94,-94,55.13,55.13,17.06,17.06,13.35,13.35,92.19,92.19,869.17,869.17,0,0,64,64,75.38,75.38,471.68,471.68,721.95,721.95,0.43,0.43,358.33,358.33,9.48,9.48,14.36,14.36,552.41,552.41,1.84,1.84,18.06,18.06,43.8,43.8,-91.38,-91.38,70.36,70.36,105.16,105.16,17430.03,17430.03,16389.43,16389.43,18421,18421,749.13,749.13,2.62,2.62,443.93,443.93,2400000000,2900000000,7826.08,7826.08,8.21,8.21,7.41,7.41
Aetheris,81.78,78.33,66,61.78,76.67,76.67,5.37,4.14,34.33,33.4,43.68,43.68,-5.48,-5.48,18.33,23.5,184.5,173.25,1951.64,1903.4,882.48,860.67,5770.08,5627.43,3139.6,3061.99,-2.37,-2.37,610.95,595.85,4751.83,4634.36,827.33,806.87,-6,-6,5345.81,5213.65,1527.37,1489.61,2672.9,2606.83,1103.1,1075.83,3224.46,3144.74,6448.91,6289.48,-3.58,-3.58,12473.56,12165.19,7.14,7.28,1166.74,1137.9,636.41,620.67,530.34,517.23,-3.16,206.89,19.47,19.47,18.61,24.17,14.16,14.16,67.3,63.07,36.96,36.12,2.06,2.15,47.8,47.8,1,1,50.5,50.5,99,99,54.33,55.41,46.63,53.82,67.99,68.83,22.43,18.48,1697.08,1655.13,28.63,32.57,60,53.33,8.8,9.15,102.89,100.51,0.73,0.73,94.04,94.04,192.93,250.87,-4,-4,64,64,70.62,69.62,212.14,206.89,254.02,294.47,2.75,1.95,305.03,263.15,12.41,11.82,18.01,18.01,432.15,432.15,30.04,4.82,32.57,36.52,54.29,53.68,50.5,50.5,65.19,65.19,101.45,101.45,49011.74,48006.97,19751,22371.41,106113,92555,742.47,724.12,13.33,12.18,-6.32,-6.32,2700000000,3700000000,44698.7,43638.34,14.13,14.26,16.59,14.84
Kry Onei Ran,56.67,56.67,36,29.33,66.67,66.67,2.17,1.9,31.22,31.43,43.68,43.68,404.26,362.36,50.5,50.5,112.5,112.5,2371.68,2125.84,2974.3,2666,3719.23,3333.71,1024.13,917.98,431.21,386.52,2023.47,1813.73,-8.12,-8.12,2498.89,2239.87,-7.94,-7.94,215.61,193.26,3449.72,3092.14,781.58,700.56,1832.66,1642.7,2910.7,2608.99,2102.17,1884.27,112.12,100.49,6090.91,5459.55,13.27,13.38,1347.55,1207.87,1010.66,905.9,1078.04,966.29,404.26,543.54,1588.44,1588.44,45.99,52.64,15.09,15.09,45.81,42.61,27.44,27.44,12.75,12.75,51,51,1,1,51.48,51.48,103,103,63.95,64.4,96.46,98.27,71.24,70.97,9.09,10.76,1212.79,1087.08,91.08,91.95,34,29,33.47,34.48,56.09,53.75,1.65,1.65,93.49,93.49,672.91,716.32,-4,-4,64,64,55.32,53.74,741.15,664.33,747.13,751.78,0.31,0.31,184.82,184.82,9.83,9.78,10.96,10.96,514.69,514.69,1.8,1.8,45.91,44.24,50.46,49.26,64.81,64.81,51.96,51.96,104.81,104.81,41981.98,37811.5,27779.12,26900.72,60400,51103,1078.04,966.29,2.77,2.72,471.64,422.75,7900000000,15100000000,27918.02,24766.53,13.68,13.68,12.7,11.58
Fragments-,57.33,57.33,57.33,57.33,57.33,57.33,3.61,3.61,32.8,32.8,42,42,322.02,322.02,50,50,112.5,112.5,3864.24,3864.24,4830.3,4830.3,-6.32,-6.32,3864.24,3864.24,0,0,686.98,686.98,-3.16,-3.16,5796.36,5796.36,-7.07,-7.07,0,0,-4.47,-4.47,-6.32,-6.32,3005.52,3005.52,-8.37,-8.37,-4.47,-4.47,7487.04,7487.04,3864.24,3864.24,9.33,9.33,966.06,966.06,966.06,966.06,1288.08,1288.08,322.02,322.02,119.98,119.98,27.72,27.72,12,12,49.93,49.93,22.79,22.79,20.24,20.24,50,50,1,1,50,50,100,100,56.72,56.72,57.19,57.19,69.43,69.43,0.56,0.56,1288.08,1288.08,68.13,68.13,50,50,20.59,20.59,82.82,82.82,3.24,3.24,93.2,93.2,610.35,610.35,0,0,64,64,67.99,67.99,858.72,858.72,490.5,490.5,0.32,0.32,126.07,126.07,10.93,10.93,17.16,17.16,515.43,515.43,2.4,2.4,54.44,54.44,52.68,52.68,-83.07,-83.07,70,70,100.2,100.2,41878.79,41878.79,21043.57,21043.57,75927,75927,858.72,858.72,10.54,10.54,107.34,107.34,591600000000,592900000000,33251.76,33251.76,7.09,7.09,15.93,15.93
Square One,64,64,57.33,57.33,57.33,57.33,3.61,3.61,32.86,32.86,42,42,288.48,288.48,45,45,123.75,123.75,3461.79,3461.79,-5.1,-5.1,384.64,384.64,2692.51,2692.51,4231.08,4231.08,-5.31,-5.31,3077.15,3077.15,-7.88,-7.88,0,0,-7.07,-7.07,-5.48,-5.48,4231.08,4231.08,5000.37,5000.37,1538.57,1538.57,-3.16,-3.16,4841.76,4841.76,6923.58,6923.58,9.33,9.33,865.45,865.45,865.45,865.45,1153.93,1153.93,288.48,288.48,119.98,119.98,27.72,27.72,12,12,49.93,49.93,23.65,23.65,19.15,19.15,50,50,1,1,50,50,100,100,56.57,56.57,56.33,56.33,69.37,69.37,2.22,2.22,1153.93,1153.93,59.07,59.07,50,50,16.06,16.06,87.62,87.62,3.24,3.24,93.2,93.2,570.34,570.34,0,0,64,64,68.28,68.28,769.29,769.29,609.22,609.22,0.36,0.36,145.93,145.93,11.13,11.13,17.16,17.16,522.76,522.76,2.04,2.04,52.78,52.78,52.66,52.66,-58.31,-58.31,62.45,62.45,100.2,100.2,46733.3,46733.3,23482.9,23482.9,84728,84728,769.29,769.29,10.75,10.75,96.16,96.16,89800000000,91100000000,39209.23,39209.23,6.87,6.87,10.19,10.19
Installers,73.5,73.33,28.44,36.44,57.33,57.33,1.46,1.46,29.14,28.53,43.68,43.68,496.86,559.87,30.75,31,157.5,155.25,397.49,447.9,-5.93,-5.93,149.06,167.96,2782.41,3135.29,3130.21,3527.2,-7.85,-7.85,298.11,335.92,1739,1959.56,397.49,447.9,1639.63,1847.58,3875.49,4367.01,3403.48,3835.13,645.92,727.84,-8.6,-8.6,-1.67,-1.67,25.04,28.22,844.66,951.78,12.85,12.96,993.72,1119.75,1428.47,1609.64,745.29,839.81,558.97,839.81,1576.14,1576.14,68.58,68.58,15.09,15.09,35.47,35.47,31.51,31.46,3.07,3.08,51,51,3.3,3.3,51.48,51.48,119,119,65.18,65.2,94.5,94.51,74.29,75.36,14.85,14.77,1117.93,1259.72,56.99,57.2,26.33,26.33,33.19,33.76,55.46,54.46,3,3,93.23,93.23,646.82,648.92,-4,-4,64,64,54.04,53.96,496.86,559.87,1030.76,1031.05,0.42,0.42,223.77,218.69,9.68,9.68,11.01,11.01,645.61,645.61,1.45,1.45,40.15,40.23,51.23,52.92,-82.16,-82.16,83.96,83.96,103.37,103.37,37247.17,42181.09,30514.27,34556.32,44497,50391,1304.25,1469.67,2.63,2.63,186.32,209.95,911700000000,1048500000000,24881.11,27923.88,13.14,13.17,9.19,9.19
Mygrdiyah,66.33,65.6,11,8.25,41.33,41.33,1.25,1.19,31.94,32.31,44.28,44.28,720.18,650.52,41.5,42.6,132.75,130.5,345.69,312.25,-5.8,-5.8,-7.87,-7.87,1651.62,1491.85,-7.87,-7.87,-4.1,-4.1,-12.57,-12.57,-6.82,-6.82,-4.69,-4.69,1113.88,1006.13,-1.41,-1.41,-7.87,-7.87,-9.59,-9.59,-7.87,-7.87,-5.1,-5.1,-9.8,-9.8,345.69,312.25,16.31,16.4,1680.43,1517.87,1152.29,1040.83,1200.31,1084.19,720.18,780.62,13.96,13.96,80.27,84.35,14.16,14.16,23.3,21.19,27.43,27.22,12.78,13.26,52.16,52.16,1,1,50,50,98,98,66.94,67.16,98.7,99.57,70.36,69.95,20.45,21,1152.29,1040.83,99.59,100.97,-89,-91.75,70.46,70.7,3.13,1.47,7.12,7.12,92.73,92.73,1015.73,1143.87,0,0,64,64,75.7,75.5,960.24,867.36,826.54,832.01,0.26,0.26,114.44,110.83,9.61,9.59,18.33,18.33,564.32,564.32,1.7,1.7,34.55,34,46.15,45.57,-95.13,-95.13,77.14,77.14,105.16,105.16,18079.47,16460.68,16100.63,15048.01,20058,17841,1392.35,1257.67,2.49,2.47,672.17,607.15,13800000000,23500000000,5333.44,4822.98,6.59,6.64,7.26,7.23
Ausaland,45.33,45.33,62.67,53.78,72,72,4.19,3.32,30.58,30.48,42,42,162.57,152.06,59,59,92.25,92.25,4096.69,3831.85,3886.01,3634.78,1495.62,1398.93,4681.94,4379.25,1560.65,1459.75,5740.57,5369.45,4096.69,3831.85,3901.61,3649.38,1885.78,1763.87,3771.56,3527.73,520.22,486.58,2601.08,2432.92,2471.02,2311.27,3446.43,3223.62,2340.97,2189.63,1154.02,848.28,9689.01,9062.62,10.58,10.72,1300.54,1216.46,894.12,836.32,1219.25,1140.43,162.57,380.14,468.75,468.75,23.86,30.1,13.62,13.62,62.76,58.49,28.61,28.61,8.72,8.72,50,50,1,1,50.99,50.99,108,108,61.19,61.81,90.11,94.37,72.09,72.23,10.58,10.14,1219.25,1140.43,63.79,64.73,54,47.33,12.56,13.79,92.23,89.37,0.86,0.86,93.77,93.77,516.6,567.72,-8,-8,64,64,69.01,67.77,568.99,532.2,620.99,647.98,0.32,0.32,75.26,75.26,11.15,10.55,15.95,15.95,564.76,564.76,2.02,1.96,44.42,44.86,55.19,53.9,-75.5,-75.5,89.44,89.44,106.18,106.18,60851.3,56914.3,28155.08,29920.12,117999,99414,975.4,912.34,3.34,3.15,243.85,228.09,2800000000,7200000000,53184.04,49060.13,14.02,14.02,22.47,20.22
Holy Kid Island Empire,73.33,71.6,18,13.33,76.67,76.67,1.45,1.32,31.37,31.8,45.83,45.83,302.67,267.53,31,33.6,155.25,150.75,338.99,299.63,3389.37,2995.9,338.99,299.63,-8.12,-8.12,-2.9,-2.9,2952.56,2609.8,-2.79,-2.79,-3.46,-3.46,-9.17,-9.17,-7.48,-7.48,338.99,299.63,237.29,209.74,1307.52,1155.73,-8.12,-8.12,823.25,727.68,50.36,44.52,677.97,599.27,13.49,13.6,1997.59,1765.69,1029.06,909.6,968.53,856.09,302.67,428.05,485.41,485.41,68.84,75.81,16.29,16.29,38.44,34.59,32.98,32.53,2.65,2.75,46.97,46.97,1,1,50.99,50.99,102,102,65.31,65.73,103.26,103.88,71.05,70.53,25.58,26.27,1392.26,1230.63,63.33,65.98,-82,-86.67,51.94,52.94,37.81,35.63,0.74,0.74,94,94,524.12,580.35,-4,-4,64,64,76.61,76.23,605.33,535.06,658.62,669.74,0.41,0.38,108.57,101.1,9.59,9.55,15.87,15.87,532.37,532.37,1.94,1.92,29.42,28.73,47.14,46.08,54.77,54.77,-47.96,-47.96,105.5,105.5,23535.28,20963.6,19320.01,18112.83,28066,23892,1210.66,1070.12,2.62,2.58,544.8,481.55,4500000000,10600000000,11320.47,9873.86,15.4,15.45,9.61,9.01
Etina,66,64.89,57.33,48.44,57.33,57.33,3.61,2.91,32.9,32.67,42,42,345.08,319.69,42,43.67,130.5,128.25,920.2,852.52,0,0,-8.37,-8.37,-5.48,-5.48,920.2,852.52,736.16,682.02,4140.91,3836.34,-3.87,-3.87,460.1,426.26,-8.37,-8.37,2760.6,2557.56,4140.91,3836.34,460.1,426.26,1380.3,1278.78,3220.7,2983.82,-5.1,-5.4,5061.11,4688.86,9.33,9.49,1035.23,959.08,1035.23,959.08,1380.3,1278.78,345.08,639.39,119.98,119.98,27.72,34.4,12,12,51.46,47.86,25.23,24.9,16.89,17.39,50,50,1,1,50,50,100,100,56.47,57.28,55.13,61.12,69.33,69.56,3.22,4.89,1380.3,1278.78,50.47,53.31,50,43.33,23.61,24.95,80.32,77.61,3.5,3.5,93.16,93.16,546.98,613.07,0,0,64,64,67.77,66.29,920.2,852.52,585.13,598.78,0.39,0.36,158.55,151.88,10.15,9.95,17.16,17.16,519.78,519.78,2.1,2.07,51.78,50.11,52.65,51.4,-48.99,-48.99,-33.17,-33.17,100.2,100.2,39122.36,36564.55,19658.5,20677.47,70929,60102,920.2,852.52,10.87,9.74,115.03,106.56,3800000000,8400000000,29889.49,27459.98,6.73,6.78,12.26,10.99
On Colours,57.33,57.33,57.33,57.33,57.33,57.33,3.61,3.61,32.76,32.76,42,42,273.45,273.45,50,50,112.5,112.5,-3.16,-3.16,-3.16,-3.16,-6.32,-6.32,4375.24,4375.24,0,0,2552.22,2552.22,1093.81,1093.81,-8.37,-8.37,1823.02,1823.02,3646.03,3646.03,1093.81,1093.81,3646.03,3646.03,2187.62,2187.62,4375.24,4375.24,4375.24,4375.24,6357.83,6357.83,1093.81,1093.81,9.33,9.33,820.36,820.36,820.36,820.36,1093.81,1093.81,273.45,273.45,119.98,119.98,27.72,27.72,12,12,49.93,49.93,26.04,26.04,15.56,15.56,50,50,1,1,50,50,100,100,56.72,56.72,57.19,57.19,69.47,69.47,0.56,0.56,1093.81,1093.81,64.27,64.27,50,50,13.94,13.94,90.35,90.35,3.24,3.24,93.2,93.2,610.35,610.35,0,0,64,64,68.45,68.45,729.21,729.21,561.09,561.09,0.33,0.33,126.07,126.07,10.36,10.36,17.16,17.16,500,500,2.16,2.16,54.44,54.44,52.7,52.7,-91.65,-91.65,80,80,100.2,100.2,49289.88,49289.88,24767.55,24767.55,89363,89363,729.21,729.21,10.54,10.54,91.15,91.15,626400000000,627800000000,42438.59,42438.59,7.09,7.09,12.24,12.24
Dad 4,60.33,60,35,28.33,34.67,34.67,2.15,1.88,32.77,32.75,40.78,40.78,233.34,210.2,47.75,48,119.25,117,995.59,896.86,-5.31,-5.31,5911.3,5325.12,1617.83,1457.4,-5.66,-5.66,5642.81,5083.25,1742.28,1569.51,360.28,324.55,-4.24,-4.24,-6.16,-6.16,-2.83,-2.83,2862.32,2578.48,-2.83,-2.83,1617.83,1457.4,889.81,801.57,2335.61,1927.43,8649.17,7791.49,10.1,10.25,466.68,420.4,855.58,770.74,1166.7,1051.01,388.9,560.54,13.18,13.18,46.48,53.16,10.55,10.55,34.14,31.83,20.43,20.37,22.93,22.99,51.62,51.62,1,1,50,50,94,94,58.79,59.36,66.63,71.35,69.46,69.48,12.56,14.14,1088.92,980.94,81.16,83.13,33.25,28.25,22,23.23,76.93,74.47,9.27,9.27,92.53,92.53,893.62,946.06,0,0,68,68,63.86,58.41,777.8,700.67,626.09,634.84,0.31,0.3,86.36,85.01,9.64,9.59,18.61,18.61,498.43,498.43,2.01,1.99,42.44,40.86,49.35,48.24,80,80,55.68,55.68,91.29,91.29,36959.36,33327.97,24593.61,23835.3,52918,44839,777.8,700.67,7.1,5.67,155.56,140.13,974800000000,1291300000000,28828.3,25595.88,5.93,5.99,12.31,11.23
HMT Titanic,68.89,67.5,61.11,56.67,74,74,2.43,2.32,31.01,30.8,43.68,43.68,180.49,174.22,37.67,39.75,141.75,137.25,-5.1,-5.1,1039.62,1003.51,2310.27,2230.03,4764.93,4599.43,5053.72,4878.19,-8.86,-8.86,-7.07,-7.07,1985.39,1916.43,974.65,940.79,3754.19,3623.8,866.35,836.26,5450.79,5261.47,866.35,836.26,1227.33,1184.7,2165.88,2090.65,3977.01,3748.28,2310.27,2230.03,8.37,8.54,1173.18,1132.44,721.96,696.88,631.71,609.77,90.24,348.44,22.03,22.03,41.1,43.15,14.16,14.16,62.79,60.63,32.74,32.38,2.7,2.79,52.64,52.64,1,1,50.5,50.5,109,109,60.63,60.85,82.31,85.04,71.51,71.79,12.25,10.78,1173.18,1132.44,64.04,66.2,52.83,49.5,9.63,9.91,97.09,95.48,0.77,0.77,93.87,93.87,357.71,392.25,-8,-8,64,64,68.89,68.28,360.98,348.44,818.94,842.61,0.44,0.41,203.66,189.32,11.45,11.16,17.95,17.95,587.18,587.18,1.71,1.69,42.75,44.22,54.85,54.28,-65.19,-65.19,86.31,86.31,105.16,105.16,53214.66,51537.08,33137.82,32947.84,80636,76364,1173.18,1132.44,3.59,3.48,-4.47,-4.47,79700000000,86800000000,48106.05,46434.91,11.69,11.75,14.2,13.43
On Length and Shortness of Life,57.33,57.33,57.33,57.33,57.33,57.33,3.61,3.61,32.81,32.81,42,42,308.66,308.66,50,50,112.5,112.5,411.54,411.54,1687.32,1687.32,5350.04,5350.04,2057.71,2057.71,3703.87,3703.87,3415.79,3415.79,1646.17,1646.17,-8.25,-8.25,3703.87,3703.87,4115.41,4115.41,-5.48,-5.48,-4.47,-4.47,1646.17,1646.17,3292.33,3292.33,823.08,823.08,-4,-4,7407.74,7407.74,9.33,9.33,925.97,925.97,925.97,925.97,1234.62,1234.62,308.66,308.66,119.98,119.98,27.72,27.72,12,12,49.93,49.93,22.93,22.93,20.07,20.07,50,50,1,1,50,50,100,100,56.72,56.72,57.19,57.19,69.42,69.42,0.56,0.56,1234.62,1234.62,76.46,76.46,50,50,18.81,18.81,84.55,84.55,3.24,3.24,93.2,93.2,610.35,610.35,0,0,64,64,68.1,68.1,823.08,823.08,500.09,500.09,0.33,0.33,126.07,126.07,12.2,12.2,17.16,17.16,507.08,507.08,2.36,2.36,54.44,54.44,52.68,52.68,60,60,53.85,53.85,100.2,100.2,43685.11,43685.11,21951.22,21951.22,79201,79201,823.08,823.08,10.54,10.54,102.89,102.89,597200000000,598500000000,35472.31,35472.31,7.09,7.09,12.01,12.01
Battle Stonefish,64,64,57.33,57.33,57.33,57.33,3.61,3.61,33,33,42,42,106.49,106.49,45,45,123.75,123.75,2555.83,2555.83,-8.49,-8.49,1277.92,1277.92,-7.07,-7.07,-8.6,-8.6,-4,-4,-4.47,-4.47,4285.28,4285.28,-7.75,-7.75,4259.72,4259.72,1277.92,1277.92,2555.83,2555.83,2981.8,2981.8,4685.69,4685.69,-7.07,-7.07,5361.99,5361.99,3833.75,3833.75,9.22,9.22,958.44,958.44,958.44,958.44,1277.92,1277.92,319.48,319.48,119.98,119.98,27.72,27.72,12,12,49.93,49.93,22.77,22.77,20.27,20.27,50,50,1,1,50,50,94,94,56.57,56.57,56.33,56.33,69.23,69.23,2.22,2.22,1277.92,1277.92,70.14,70.14,50,50,19.66,19.66,83.9,83.9,3.24,3.24,93.2,93.2,570.34,570.34,0,0,64,64,68.18,68.18,851.94,851.94,457.24,457.24,0.35,0.35,145.64,145.64,10.09,10.09,17.16,17.16,367.47,367.47,2.55,2.55,52.78,52.78,52.62,52.62,60,60,-45.83,-45.83,100.2,100.2,42212.8,42212.8,21211.41,21211.41,76532,76532,851.94,851.94,10.75,10.75,106.49,106.49,735500000000,737300000000,33896.88,33896.88,6.87,6.87,12.79,12.79
Ignite the Sky,57.33,57.33,57.33,57.33,57.33,57.33,3.61,3.61,32.78,32.78,42,42,340.13,340.13,50,50,112.5,112.5,1360.54,1360.54,-2.89,-2.89,4535.13,4535.13,4535.13,4535.13,2267.57,2267.57,2492.05,2492.05,-7.75,-7.75,-6.83,-6.83,-8.37,-8.37,4081.62,4081.62,-7.75,-7.75,1814.05,1814.05,-6.32,-6.32,907.03,907.03,3174.59,3174.59,1451.24,1451.24,5895.67,5895.67,9.33,9.33,1020.4,1020.4,1020.4,1020.4,1360.54,1360.54,340.13,340.13,119.98,119.98,27.72,27.72,12,12,49.93,49.93,24.66,24.66,17.74,17.74,50,50,1,1,50,50,100,100,56.72,56.72,57.19,57.19,69.45,69.45,0.56,0.56,1360.54,1360.54,83.92,83.92,50,50,22.98,22.98,80.81,80.81,3.24,3.24,93.2,93.2,610.35,610.35,0,0,64,64,67.86,67.86,907.03,907.03,501.88,501.88,0.32,0.32,126.07,126.07,10.67,10.67,17.16,17.16,510.84,510.84,2.36,2.36,54.44,54.44,52.69,52.69,-20,-20,73.48,73.48,100.2,100.2,39657.46,39657.46,19927.38,19927.38,71899,71899,907.03,907.03,10.54,10.54,113.38,113.38,29300000000,30700000000,30536.24,30536.24,7.09,7.09,11.85,11.85
Solitirea IV,41,41,27,27,58.67,58.67,1.8,1.8,32.09,32.09,40.78,40.78,621.59,621.59,62.25,62.25,85.5,85.5,-7.35,-7.35,1372.48,1372.48,3381.47,3381.47,208.86,208.86,1094.01,1094.01,-4.2,-4.2,497.28,497.28,1429.67,1429.67,571.87,571.87,895.1,895.1,2138.28,2138.28,3157.7,3157.7,2884.2,2884.2,-3.74,-3.74,3033.38,3033.38,278.47,278.47,3878.75,3878.75,13.82,13.82,683.75,683.75,994.55,994.55,1553.99,1553.99,497.28,497.28,663.74,663.74,55.42,55.42,13,13,38.19,38.19,25.37,25.37,16.65,16.65,51,51,1,1,51.48,51.48,109,109,63.99,63.99,101.93,101.93,70.2,70.2,12.68,12.68,1367.51,1367.51,87.31,87.31,27,27,41.53,41.53,44.83,44.83,3,3,93.23,93.23,920.9,920.9,-4,-4,64,64,53.35,53.35,932.39,932.39,750.3,750.3,0.28,0.28,150.14,150.14,10.1,10.1,15.06,15.06,605.18,605.18,1.8,1.8,42.32,42.32,48.78,48.78,73.69,73.69,37.01,37.01,105.84,105.84,34207.58,34207.58,25017.48,25017.48,45138,45138,932.39,932.39,2.76,2.76,559.43,559.43,800000000,900000000,20011.43,20011.43,14.34,14.34,9.88,9.88
Bihein,47.33,47.33,58.33,59.67,75.33,75.33,3.72,3.13,32.43,31.64,40.78,40.78,1702.45,1715.01,57.5,57.5,96.75,96.75,851.23,857.5,0,0,3319.78,3344.26,5107.35,5145.02,1617.33,1629.26,4085.88,4116.01,4000.76,4030.26,0,0,0,0,0,0,425.61,428.75,2979.29,3001.26,0,0,425.61,428.75,2638.8,2658.26,766.1,616.65,8171.77,8232.03,12.81,12.92,-5.48,-5.48,1276.84,1286.25,2447.27,2465.32,1383.24,1715.01,152.93,152.93,26.85,31.99,10.55,10.55,63.98,60.54,29.14,29.14,6.88,6.88,51.62,51.62,1,1,50,50,110,110,60.1,60.61,94.25,98.56,69.82,70.72,10.64,11.81,1383.24,1393.44,89.14,90.87,-49.25,-54.25,41.79,42.98,54.55,52.14,0.76,0.76,93.94,93.94,492.56,529.79,0,0,68,68,79.43,79.03,1383.24,1393.44,752.97,764.4,0.27,0.27,197.59,197.59,10.89,10.44,17.01,17.01,675.21,675.21,1.79,1.78,44.36,43.19,53.84,54.37,-54.31,-54.31,82.76,82.76,103.37,103.37,43667.88,44156.36,21562.37,24000.41,80313,75024,1808.85,1822.19,3.96,3.59,1276.84,1286.25,544000000000,756400000000,25414.71,25169.12,6.27,6.27,19.69,17.98
OhWow,65,64.4,26.67,27.83,60,60,1.46,1.45,29.74,29.56,42,42,949.3,964.87,43.5,44.4,128.25,126,-8.37,-8.37,1518.88,1543.79,-7.75,-7.75,354.4,360.22,3290.9,3344.88,-8,-8,2025.17,2058.39,2531.46,2572.99,1822.65,1852.55,-7.07,-7.07,-12.65,-12.65,-8.89,-8.89,1265.73,1286.49,-11.83,-11.83,2328.94,2367.15,85.06,86.45,2025.17,2058.39,13.53,13.64,1202.44,1222.17,1265.73,1286.49,1202.44,1222.17,569.58,771.9,644.28,644.28,68.31,68.97,14.16,14.16,35.66,35.19,30.53,30.36,3.58,3.83,51,51,2.52,2.52,51.48,51.48,139,139,65.28,65.34,101.33,101.63,73.32,73.6,11.19,11.17,1329.02,1350.82,53.79,54.49,26.67,25.83,41.12,41.75,45.28,44.15,2.35,2.35,93.34,93.34,737.03,752.62,-4,-4,64,64,52.47,52.2,696.15,707.57,1057.91,1058.33,0.35,0.34,194.52,190.46,9.9,9.89,15.15,15.15,843.17,843.17,1.35,1.34,43.81,43.83,50.41,50.72,-71.41,-71.41,45.83,45.83,104.46,104.46,33740.84,34487.29,27585.8,28339.06,40380,41090,1265.73,1286.49,2.62,2.62,379.72,385.95,272500000000,335800000000,19873.36,20106.09,13.76,13.78,11.76,11.54
On Things Heard,57.33,57.33,57.33,57.33,57.33,57.33,3.61,3.61,32.75,32.75,42,42,353.28,353.28,50,50,112.5,112.5,-7.75,-7.75,-2.87,-2.87,4710.33,4710.33,-6.32,-6.32,-5.48,-5.48,2602.46,2602.46,1413.1,1413.1,-7.52,-7.52,-7.75,-7.75,-5.48,-5.48,6123.43,6123.43,4710.33,4710.33,1413.1,1413.1,1413.1,1413.1,-4.47,-4.47,2260.96,2260.96,6123.43,6123.43,9.33,9.33,1059.83,1059.83,1059.83,1059.83,1413.1,1413.1,353.28,353.28,119.98,119.98,27.72,27.72,12,12,49.93,49.93,21.8,21.8,21.42,21.42,50,50,1,1,50,50,100,100,56.72,56.72,57.19,57.19,69.48,69.48,0.56,0.56,1413.1,1413.1,75.11,75.11,50,50,24.71,24.71,79.53,79.53,3.24,3.24,93.2,93.2,610.35,610.35,0,0,64,64,67.78,67.78,942.07,942.07,470.95,470.95,0.33,0.33,126.07,126.07,10.46,10.46,17.16,17.16,511.39,511.39,2.48,2.48,54.44,54.44,52.7,52.7,81.24,81.24,-40,-40,100.2,100.2,38189.03,38189.03,19189.51,19189.51,69237,69237,942.07,942.07,10.54,10.54,117.76,117.76,578000000000,579700000000,28756.34,28756.34,7.09,7.09,12.66,12.66
Yotimmoto,65.83,65.83,95.05,96.09,62.67,62.67,1.51,1.5,19.66,19.64,51.1,51.1,15638.65,15693.72,42.25,42.25,78.5,78.5,-22.85,-22.85,-15.28,-15.28,-19.18,-19.18,-13.01,-13.01,-20.33,-20.33,-13.89,-13.89,-22.58,-22.58,-22.62,-22.62,-22.14,-22.14,-20.05,-20.05,-24.94,-24.94,-16.09,-16.09,-16.19,-16.19,-25.85,-25.85,-9.56,-9.56,-24.27,-24.27,0,0,29.5,29.55,8143.2,8171.88,14805.82,14857.96,8513.35,8543.33,4164.14,4457.39,496.32,496.32,66.39,66.72,19.56,19.56,25.44,25.31,74.1,74.1,0.98,0.98,41.19,41.19,10.95,10.95,49.5,49.5,470,470,89.26,89.28,120.98,121.04,91.93,91.94,8.32,8.47,4256.67,4271.66,123.06,123.07,39.14,38.71,77.19,77.33,-126.02,-127.09,0.68,0.68,94.28,94.28,603.11,606.58,0,0,76,76,44.87,44.73,3053.7,3064.45,1419.78,1419.77,0.17,0.17,13.62,13.62,5.81,5.81,15.83,15.83,3030.47,3030.47,0.61,0.61,46.68,46.53,81.23,82.34,-123.26,-123.26,53.08,53.08,112.08,112.08,80506.67,81068.76,64828.75,65454.23,97646,98099,12770.02,12814.99,1.8,1.8,1850.73,1857.25,669600000000,678700000000,18355.52,18402.61,0.89,0.89,119.55,119.35
Myeass,54.13,54.13,25.67,24.83,69.11,69.11,1.45,1.43,27.41,27.46,46.3,46.3,1558.86,1524.1,52.4,52.4,108,108,-11.22,-11.22,-9.63,-9.63,-10,-10,-9.9,-9.9,2182.4,2133.73,8480.18,8291.08,-8.37,-8.37,-9.33,-9.33,-7.62,-7.62,-9.27,-9.27,-12.08,-12.08,-5.81,-5.81,-6,-6,-8.12,-8.12,1013.26,990.66,374.13,365.78,0,0,17.12,17.2,2143.43,2095.63,2663.05,2603.66,1623.81,1587.6,584.57,762.05,1100.21,1100.21,69.1,69.76,17.69,17.69,39.23,38.69,30.17,30.17,4.18,4.18,51,51,3.3,3.3,52.44,52.44,144,144,68.7,68.73,105.58,105.75,77.58,77.47,13.72,14,1104.19,1079.57,105.35,105.38,25.67,24.83,68.5,68.69,0.5,-0.64,1.09,1.09,93.65,93.65,730.19,737.63,0,0,67,67,48.98,48.79,1039.24,1016.06,1070.64,1070.57,0.23,0.23,136.66,136.66,9.47,9.46,13.04,13.04,885.74,885.74,1.3,1.3,41.28,41,51.94,51.68,-42.43,-42.43,-56.57,-56.57,104.81,104.81,31444.73,30934.05,25864.98,25573.17,37432,36661,1948.57,1905.12,2.37,2.37,844.38,825.55,168400000000,191100000000,9905.09,9682.36,7.28,7.28,15.47,15.18
Selucrayse,70.33,69.07,25.33,27.17,72,72,1.49,1.46,29.35,28.96,45.83,45.83,1298.34,1343.48,35.5,37.4,146.25,141.75,882.87,913.57,-6.07,-6.07,-7.75,-7.75,-5.66,-5.66,3998.88,4137.92,-7.64,-7.64,-8.83,-8.83,-8.49,-8.49,-4.9,-4.9,882.87,913.57,-6.78,-6.78,-8.53,-8.53,1661.87,1719.66,1038.67,1074.79,3012.14,3116.88,-12.49,-12.49,882.87,913.57,16.55,16.64,2531.76,2619.79,1493.09,1545,1038.67,1074.79,973.75,1209.13,1229.34,1229.34,67.02,68.71,18.02,18.02,41.89,40.34,34.26,33.95,2.4,2.46,52.16,52.16,1,1,53.38,53.38,133,133,68.84,68.96,101.54,102.24,73.94,74.59,19.33,19.42,1493.09,1545,76.81,78.62,-74.67,-76.83,66.57,66.78,10.04,8.68,0.92,0.92,93.73,93.73,556.01,588.04,-8,-8,67,67,76.83,76.64,1038.67,1074.79,1052.56,1053.42,0.33,0.32,281.16,271.44,10.86,10.67,12.47,12.47,792.67,792.67,1.37,1.36,35.67,35.58,50.39,51.05,-52.92,-52.92,-14.14,-14.14,110,110,31445.74,32740.64,25448.63,26849.5,37973,39078,1687.84,1746.53,2.36,2.36,843.92,873.26,15400000000,21100000000,10502.88,10869.89,12.97,13.02,10.62,10.26
Pythagoras-,57.33,57.33,57.33,57.33,57.33,57.33,3.61,3.61,32.82,32.82,42,42,304.08,304.08,50,50,112.5,112.5,0,0,4429.44,4429.44,-7.07,-7.07,405.44,405.44,810.88,810.88,-4.72,-4.72,1621.76,1621.76,1155.51,1155.51,-4.47,-4.47,2838.09,2838.09,4054.41,4054.41,2432.65,2432.65,5270.74,5270.74,-7.75,-7.75,-8.37,-8.37,6664.5,6664.5,1621.76,1621.76,9.33,9.33,912.24,912.24,912.24,912.24,1216.32,1216.32,304.08,304.08,119.98,119.98,27.72,27.72,12,12,49.93,49.93,21.82,21.82,21.4,21.4,50,50,1,1,50,50,100,100,56.72,56.72,57.19,57.19,69.41,69.41,0.56,0.56,1216.32,1216.32,62.55,62.55,50,50,18.2,18.2,85.19,85.19,3.24,3.24,93.2,93.2,610.35,610.35,0,0,64,64,68.14,68.14,810.88,810.88,547.3,547.3,0.33,0.33,126.07,126.07,10.88,10.88,17.16,17.16,493.57,493.57,2.2,2.2,54.44,54.44,52.68,52.68,-58.31,-58.31,30,30,100.2,100.2,44340.12,44340.12,22280.36,22280.36,80389,80389,810.88,810.88,10.54,10.54,101.36,101.36,603800000000,605400000000,36270.22,36270.22,7.09,7.09,13.47,13.47
Abstract Algebra,64,64,57.33,57.33,57.33,57.33,3.61,3.61,32.84,32.84,42,42,269.46,269.46,45,45,123.75,123.75,2155.66,2155.66,1372.44,1372.44,3952.04,3952.04,-5.48,-5.48,2155.66,2155.66,2320.93,2320.93,1437.11,1437.11,4181.98,4181.98,4670.59,4670.59,4311.32,4311.32,2155.66,2155.66,-4.47,-4.47,2155.66,2155.66,2514.94,2514.94,3592.77,3592.77,-2.83,-2.83,7544.81,7544.81,9.33,9.33,808.37,808.37,808.37,808.37,1077.83,1077.83,269.46,269.46,119.98,119.98,27.72,27.72,12,12,49.93,49.93,25.34,25.34,16.7,16.7,50,50,1,1,50,50,100,100,56.57,56.57,56.33,56.33,69.39,69.39,2.22,2.22,1077.83,1077.83,70.49,70.49,50,50,13.36,13.36,91.16,91.16,3.24,3.24,93.2,93.2,570.34,570.34,0,0,64,64,68.49,68.49,718.55,718.55,529.07,529.07,0.36,0.36,145.93,145.93,11.78,11.78,17.16,17.16,483.7,483.7,2.26,2.26,52.78,52.78,52.67,52.67,81.24,81.24,-33.17,-33.17,100.2,100.2,50022.07,50022.07,25135.47,25135.47,90690,90690,718.55,718.55,10.75,10.75,89.82,89.82,57000000000,58400000000,43319.11,43319.11,6.87,6.87,14.26,14.26
Icy Spear,57.33,57.33,57.33,57.33,57.33,57.33,3.61,3.61,32.78,32.78,42,42,327.87,327.87,50,50,112.5,112.5,4371.6,4371.6,2358.48,2358.48,0,0,-3.16,-3.16,-6.32,-6.32,-6.94,-6.94,4808.76,4808.76,4279.8,4279.8,1748.64,1748.64,-8.37,-8.37,-3.16,-3.16,-6.32,-6.32,-5.48,-5.48,3060.12,3060.12,2185.8,2185.8,-2.83,-2.83,9180.37,9180.37,9.33,9.33,983.61,983.61,983.61,983.61,1311.48,1311.48,327.87,327.87,119.98,119.98,27.72,27.72,12,12,49.93,49.93,23.14,23.14,19.8,19.8,50,50,1,1,50,50,100,100,56.72,56.72,57.19,57.19,69.44,69.44,0.56,0.56,1311.48,1311.48,59.42,59.42,50,50,21.36,21.36,82.14,82.14,3.24,3.24,93.2,93.2,610.35,610.35,0,0,64,64,67.95,67.95,874.32,874.32,603.83,603.83,0.34,0.34,126.07,126.07,10.6,10.6,17.16,17.16,522.76,522.76,2.06,2.06,54.44,54.44,52.69,52.69,10,10,-10,-10,100.2,100.2,41134.59,41134.59,20669.62,20669.62,74577,74577,874.32,874.32,10.54,10.54,109.29,109.29,30600000000,32100000000,32331.79,32331.79,7.09,7.09,14.31,14.31
Norvikeland,70.83,70.83,98.22,98.41,70.57,70.57,1.53,1.53,20.07,20.06,12.74,12.74,14835.21,14813.56,34.75,34.75,212.5,212.5,-27.82,-27.82,-21.98,-21.98,-19.87,-19.87,-10.79,-10.79,-18.63,-18.63,-19.02,-19.02,-26.27,-26.27,-21.11,-21.11,-14,-14,-19.34,-19.34,-20.35,-20.35,-25.53,-25.53,-22.67,-22.67,-28.93,-28.93,9148.9,9135.55,-28.6,-28.61,0,0,30.27,30.32,12666.32,12647.83,17351.13,17325.8,6246.41,6237.29,3817.25,4071.56,1406.5,1406.5,65.18,65.51,0.42,0.42,73.07,72.66,111.47,111.47,0.73,0.73,71.86,71.86,2.93,2.93,48.04,48.04,255,255,75.14,75.16,117.74,117.8,91.65,91.65,14.05,14.19,2255.65,2252.35,59.94,59.97,40.71,40.29,93.57,93.61,-230.94,-232.01,0.68,0.68,94.26,94.26,452.67,455.68,32,32,156,156,39.53,39.51,1735.11,1732.58,1394.69,1394.67,0.17,0.17,181.25,181.25,9.87,9.86,11.71,11.71,2969.91,2969.91,0.64,0.64,40.95,40.81,94.74,94.74,-209.53,-209.53,148.79,148.79,39.8,39.8,88617.07,88747.6,70666.91,70960.24,108410,108315,19953.8,19924.67,2.1,2.1,-12.25,-12.25,2489200000000,2537500000000,5671.49,5679.85,0.34,0.34,151.93,151.93
Tarrsonis,72.8,72.67,37.56,44.89,58.22,58.22,1.35,1.34,24.4,24.13,44.28,44.28,1544.1,1654.02,31.8,32,155.25,153,-4.9,-4.9,4298.78,4604.78,3026.44,3241.87,4941.13,5292.85,-2.28,-2.28,-9.67,-9.67,-4.27,-4.27,-7.94,-7.94,-8.75,-8.75,3273.5,3506.51,-8,-8,778.23,833.62,-3.74,-3.74,-8.6,-8.6,7164.64,7674.63,-10.7,-10.7,3026.44,3241.87,14.49,14.59,1158.08,1240.51,5481.57,5871.75,1080.87,1157.81,386.03,661.61,1039.06,1039.06,74.31,74.72,16.29,16.29,28.19,27.99,40.11,40.08,1.81,1.81,47.8,47.8,6.47,6.47,52.44,52.44,178,178,66.34,66.39,101.81,101.97,85.65,86.57,13.57,13.67,1621.31,1736.72,68.41,68.64,29.17,28.67,49.43,50.02,33.4,32.32,1.56,1.56,93.51,93.51,626.46,632.25,-4,-4,65,65,54.84,54.46,154.41,165.4,1076.38,1076.53,0.38,0.38,214.69,209.72,9.31,9.3,13.32,13.32,1014.6,1014.6,1.27,1.27,41.43,41.33,57.35,58.77,-72.8,-72.8,101,101,103,103,39695.82,42769.53,33935.64,36669.73,45669,49079,1698.51,1819.42,2.53,2.53,308.82,330.8,655700000000,780600000000,20086.08,21384.77,14.89,14.91,21.34,20.97
Seafoam Island,81.22,81.22,100.09,100.1,81.78,81.78,1.55,1.54,20.18,20.17,65.68,65.68,18845.14,18833.82,19.17,19.17,220.25,220.25,673.04,672.64,-17.66,-17.66,-18.14,-18.14,-9.8,-9.8,-14.39,-14.39,-14,-14,-14.87,-14.87,-22.58,-22.58,-4.47,-4.47,-23.45,-23.45,-30.5,-30.5,-23.96,-23.96,-18.44,-18.44,-32.25,-32.25,9857.81,9851.88,2405,2403.55,673.04,672.64,47.56,47.59,16040.81,16031.17,14638.64,14629.84,6842.58,6838.47,9871.27,10033.49,1385.6,1385.6,64.53,64.86,38.16,38.16,8.14,8.15,138.62,138.62,0.63,0.63,72.05,72.05,0.53,0.53,65.81,65.81,473,473,101.38,101.39,130.27,130.32,91.57,91.58,24.36,24.5,14133.86,14125.36,65.35,65.38,-58.43,-58.86,98.99,98.99,-750.21,-751.28,2.15,2.15,93.38,93.38,249.63,251.86,15,15,136,136,77.66,77.66,5103.89,5100.83,1604.71,1604.7,0.16,0.16,369.7,369.7,18.72,18.68,11.8,11.8,4197.72,4197.72,0.49,0.49,30.64,30.5,97.19,97.19,-250.64,-250.64,202.64,202.64,143.94,143.94,139804.05,139888.19,110889.35,111254.36,171838,171536,20696.01,20683.57,1.65,1.65,3140.86,3138.97,939100000000,942800000000,1398.04,1398.88,0.49,0.49,153.33,153.33
Kemoratia,67.33,65.78,76.5,73.17,67.33,67.33,11.19,8.31,34.49,33.66,42,42,375.83,365.89,40,42.33,135,130.5,2254.98,2195.33,2705.97,2634.4,3382.47,3293,3758.3,3658.89,1728.82,1683.09,7696.99,7493.41,3006.64,2927.11,5637.44,5488.33,4885.78,4756.56,1503.32,1463.56,1503.32,1463.56,-3.16,-3.16,5637.44,5488.33,2254.98,2195.33,-6.32,-6.32,9252.26,8766.06,8644.08,8415.45,8,8.19,657.7,640.31,657.7,640.31,845.62,823.25,93.96,365.89,109.99,109.99,8.94,12.03,12,12,70.28,67.5,26.45,25.99,14.83,15.63,50,50,1,1,50,50,110,110,51.59,52.7,33.22,37.76,67.86,68.59,15.12,12.68,939.57,914.72,52.36,55.42,73.75,68.75,7.31,7.68,112.83,110.37,1.51,1.51,93.52,93.52,306.24,349.97,0,0,64,64,72.8,72.1,563.74,548.83,361.94,394.66,0.57,0.49,167.84,156.06,13.01,12.58,17.21,17.21,596.45,596.45,3.3,2.96,39.88,42.32,57.26,56.39,-28.28,-28.28,72.8,72.8,99.3,99.3,64529.27,62855.42,17095.44,19779.13,191230,164419,563.74,548.83,15.52,14.76,-3.16,-3.16,42300000000,45100000000,59818.63,58015.55,6.32,6.42,28.41,26.18
The Essential Epicurus,57.33,57.33,57.33,57.33,57.33,57.33,3.61,3.61,32.72,32.72,42,42,363.31,363.31,50,50,112.5,112.5,0,0,0,0,484.41,484.41,1453.23,1453.23,4359.69,4359.69,-6.54,-6.54,968.82,968.82,-5.02,-5.02,1453.23,1453.23,-6.32,-6.32,3875.28,3875.28,2906.46,2906.46,-3.16,-3.16,3390.87,3390.87,-7.07,-7.07,-4,-4,1453.23,1453.23,9.33,9.33,1089.92,1089.92,1089.92,1089.92,1453.23,1453.23,363.31,363.31,119.98,119.98,27.72,27.72,12,12,49.93,49.93,22.08,22.08,21.09,21.09,50,50,1,1,50,50,100,100,56.72,56.72,57.19,57.19,69.51,69.51,0.56,0.56,1453.23,1453.23,69.07,69.07,50,50,26.03,26.03,78.65,78.65,3.24,3.24,93.2,93.2,610.35,610.35,0,0,64,64,67.72,67.72,968.82,968.82,567.54,567.54,0.33,0.33,126.07,126.07,11.99,11.99,17.16,17.16,514.9,514.9,2.15,2.15,54.44,54.44,52.71,52.71,-37.42,-37.42,43.59,43.59,100.2,100.2,37139.7,37139.7,18662.24,18662.24,67335,67335,968.82,968.82,10.54,10.54,121.1,121.1,579800000000,581400000000,27483.38,27483.38,7.09,7.09,10.77,10.77
Running in the 90s,57.33,57.33,57.33,57.33,57.33,57.33,3.61,3.61,32.81,32.81,42,42,323.53,323.53,50,50,112.5,112.5,0,0,5642.4,5642.4,5607.89,5607.89,-8.37,-8.37,-4.47,-4.47,-4.2,-4.2,-3.16,-3.16,-6.2,-6.2,4745.14,4745.14,1725.5,1725.5,2588.26,2588.26,-6.32,-6.32,1294.13,1294.13,5607.89,5607.89,-4.47,-4.47,2070.6,2070.6,5607.89,5607.89,9.33,9.33,970.6,970.6,970.6,970.6,1294.13,1294.13,323.53,323.53,119.98,119.98,27.72,27.72,12,12,49.93,49.93,21.77,21.77,21.46,21.46,50,50,1,1,50,50,100,100,56.72,56.72,57.19,57.19,69.42,69.42,0.56,0.56,1294.13,1294.13,81.77,81.77,50,50,20.79,20.79,82.64,82.64,3.24,3.24,93.2,93.2,610.35,610.35,0,0,64,64,67.98,67.98,862.75,862.75,497.07,497.07,0.32,0.32,126.07,126.07,12.32,12.32,17.16,17.16,505.86,505.86,2.37,2.37,54.44,54.44,52.68,52.68,97.98,97.98,-55.68,-55.68,100.2,100.2,41683.85,41683.85,20945.62,20945.62,75573,75573,862.75,862.75,10.54,10.54,107.84,107.84,510500000000,511900000000,33013.61,33013.61,7.09,7.09,13.53,13.53
Solitirea V,77.17,77.17,34.67,34.67,17,17,2.11,2.11,32.91,32.91,38.75,38.75,509.33,509.33,25.25,25.25,168.75,168.75,-4.69,-4.69,-5.06,-5.06,-7.21,-7.21,271.64,271.64,2988.04,2988.04,-4.1,-4.1,2648.49,2648.49,4017.56,4017.56,3327.59,3327.59,-9.59,-9.59,-9.06,-9.06,-5.29,-5.29,1290.29,1290.29,-9.06,-9.06,-5.66,-5.66,2649.7,2649.7,2648.49,2648.49,11.92,11.92,169.78,169.78,1018.65,1018.65,2207.08,2207.08,509.33,509.33,1464.76,1464.76,47.29,47.29,9.76,9.76,26.55,26.55,20.76,20.76,22.58,22.58,50,50,1,1,50.99,50.99,102,102,60.81,60.81,79.16,79.16,69.32,69.32,25.51,25.51,1018.65,1018.65,48.69,48.69,33,33,39.04,39.04,56.89,56.89,18.23,18.23,91.84,91.84,833.13,833.13,0,0,64,64,57.53,57.53,933.76,933.76,478.11,478.11,0.39,0.39,114.37,114.37,11.66,11.66,11.46,11.46,550.8,550.8,2.45,2.45,29.49,29.49,49.17,49.17,-59.58,-59.58,30.82,30.82,99.3,99.3,32574.93,32574.93,21878.69,21878.69,46269,46269,933.76,933.76,3.5,3.5,84.89,84.89,1300000000,1500000000,19870.71,19870.71,5.9,5.9,9.33,9.33
Lysis-,64,64,57.33,57.33,57.33,57.33,3.61,3.61,32.75,32.75,42,42,126.76,126.76,45,45,123.75,123.75,5577.3,5577.3,-4.9,-4.9,1521.08,1521.08,1926.7,1926.7,304.22,304.22,1254.89,1254.89,-8.37,-8.37,1140.81,1140.81,4563.25,4563.25,-5.48,-5.48,1014.05,1014.05,507.03,507.03,-7.75,-7.75,-3.16,-3.16,2839.35,2839.35,-4.38,-4.38,7098.38,7098.38,9.43,9.43,1140.81,1140.81,1140.81,1140.81,1521.08,1521.08,380.27,380.27,119.98,119.98,27.72,27.72,12,12,49.93,49.93,26.69,26.69,14.35,14.35,50,50,1,1,50,50,92,92,57.12,57.12,59.5,59.5,69.48,69.48,2.22,2.22,1521.08,1521.08,76,76,50,50,29.02,29.02,76.55,76.55,3.24,3.24,93.2,93.2,570.34,570.34,0,0,64,64,67.72,67.72,1014.05,1014.05,385.86,385.86,0.34,0.34,145.52,145.52,13.07,13.07,17.16,17.16,392.75,392.75,3.04,3.04,52.78,52.78,53.43,53.43,-34.64,-34.64,51.96,51.96,100.2,100.2,35479.23,35479.23,17827.87,17827.87,64324,64324,1521.08,1521.08,9.97,9.97,126.76,126.76,610900000000,612500000000,25190.25,25190.25,6.87,6.87,12.1,12.1
Lord Stalker,76.5,76,74,76.89,11,11,2.8,2.73,30.08,29.73,38.06,38.06,728.75,742.07,26.25,27,166.5,164.25,-4.47,-4.47,2498.59,2544.25,1082.72,1102.51,4164.31,4240.41,6079.89,6191,-9.38,-9.38,4664.03,4749.26,520.54,530.05,2415.3,2459.44,2082.15,2120.21,4164.31,4240.41,3956.09,4028.39,-4.47,-4.47,832.86,848.08,3289.8,3349.93,6901.29,6972.29,5746.75,5851.77,8.54,8.72,-13.04,-13.04,936.97,954.09,624.65,636.06,624.65,954.09,1034.67,1034.67,35.71,36.66,11.33,11.33,29.7,29.3,21.08,20.91,22.23,22.41,51,51,3.3,3.3,52.44,52.44,142,142,55.28,55.42,36.82,38.07,72.8,73.33,24.79,23.98,1873.94,1908.19,24.08,24.57,60,58.33,10.77,11.54,94.78,93.48,21.68,21.68,91.61,91.61,653.82,674.34,0,0,67,67,71.3,71.11,104.11,106.01,600.87,612.03,0.8,0.73,244.48,237.67,13.39,13.24,13.34,13.34,780.83,780.83,2.06,2.04,30.21,31.02,57.88,59.17,-62.85,-62.85,72.46,72.46,92.09,92.09,56081.78,57369.61,32365.61,33584.53,90625,91600,520.54,530.05,12.33,12.16,-15.49,-15.49,450400000000,541900000000,50024.95,50772.11,6.26,6.31,21.11,20.74
Anglenadst,40,40,76.67,76.22,72,72,9.95,7.02,34.1,32.95,40.78,40.78,98.7,98.77,63,63,83.25,83.25,6000.76,6005.14,-6.65,-6.65,868.53,869.17,868.53,869.17,5684.93,5689.08,2890.63,2892.74,1421.23,1422.27,-5.92,-5.92,1421.23,1422.27,5211.18,5214.99,4816.4,4819.92,1263.32,1264.24,-6.16,-6.16,2842.46,2844.54,4026.82,4029.77,6598.73,6303.3,8290.52,8296.58,9.06,9.22,197.39,197.54,690.88,691.38,1776.54,1777.84,690.88,987.69,7.92,7.92,10.05,14.25,10.55,10.55,72.41,68.48,25.05,25.05,17.16,17.16,46.97,46.97,1,1,50,50,100,100,56.64,57.41,65.64,71.98,68.19,69.27,17.93,15.71,2072.63,2074.14,53.08,54.79,72,65.33,9.37,9.79,102.13,99.26,0.82,0.82,93.8,93.8,417.1,463.16,-8,-8,64,64,72.65,71.8,592.18,592.61,386.11,420.42,0.37,0.35,71.67,71.67,13.74,13.17,32.68,32.68,441.95,441.95,3.04,2.77,37.07,39.29,57.37,57.73,-17.32,-17.32,37.42,37.42,105.5,105.5,61242.72,61283.55,17367.34,21240.9,172875,149086,592.18,592.61,10.64,9.54,-4.47,-4.47,1100000000,2600000000,55485.91,55277.76,16.02,16.02,18.41,16.49
Astoura,49,49,80.67,76.22,72.67,72.67,17.35,11.04,34.34,33.39,43,43,0,0,56.25,56.25,99,99,5533.96,5391.1,5020.3,4890.69,3050.77,2972.01,5463.01,5321.98,3476.46,3386.71,800.3,779.64,3689.31,3594.06,159.63,155.51,1170.65,1140.42,3405.51,3317.6,922.33,898.52,6740.08,6566.08,6243.44,6082.26,-4.9,-4.9,6456.29,6289.61,4994.75,4766.2,12274.04,11957.17,8,8.19,88.69,86.4,709.48,691.17,1064.22,1036.75,0,259.19,457.39,457.39,5.76,9.06,14.16,14.16,76.16,72.37,30.5,30.5,3.62,3.62,50,50,1,1,50.99,50.99,100,100,55.3,56.14,53.16,59.78,67.99,68.84,18.65,16.43,1152.91,1123.14,52.05,53.74,80,73.33,6.14,6.53,120.54,117.78,0.79,0.79,93.84,93.84,317.87,358.23,-8,-8,64,64,74.27,73.52,443.43,431.98,429.98,467.12,0.49,0.46,86.71,86.71,13.82,13.25,15.99,15.99,458.46,458.46,2.7,2.5,36.35,38.57,58.98,57.93,-62.05,-62.05,90.28,90.28,105.16,105.16,71676.86,69986.02,14620.65,18686.15,253713,206258,443.43,431.98,12.3,11.3,-3.16,-3.16,400000000,800000000,67304.57,65436.93,13.77,13.77,25.81,23.31
Mount Seraph,82.33,78.67,30.67,32,70,70,2.44,2.11,32.63,31.85,45.83,45.83,-4.47,-4.47,17.67,23,186.75,173.25,-5.48,-5.48,261.25,266.68,849.06,866.71,-7.87,-7.87,979.68,1000.05,582.91,595.03,914.37,933.38,2347.97,2396.8,-7.75,-7.75,979.68,1000.05,2612.48,2666.81,-7.21,-7.21,-8.37,-8.37,653.12,666.7,2122.64,2166.78,3659.85,3475.95,1763.43,1800.1,10.1,10.1,1632.8,1666.76,816.4,833.38,0,0,-6.32,-3.16,2058.6,2058.6,40.99,47.29,18.02,18.02,49.21,46.02,34.04,33.14,2.44,2.61,51.62,51.62,1,1,53.38,53.38,102,102,61.8,62.42,79.55,83.24,69.61,70.48,19.95,19.84,734.76,750.04,49.9,54.29,38,33,27.68,28.33,72.68,71.19,1.06,1.06,93.67,93.67,362.92,430.66,-4,-4,67,67,62.38,56.71,244.92,250.01,733.08,759.7,1.18,0.69,313.71,265.63,9.88,9.83,9.2,9.2,462.49,462.49,1.82,1.78,35.05,35.16,49.11,49.62,59.58,59.58,-47.43,-47.43,103,103,29894.07,30255.73,18590.84,20321.02,45350,42975,1061.32,1083.39,3.16,3.01,0,0,7700000000,10200000000,21613.41,21693.36,11.53,11.71,13.62,12.4
Thales-,57.33,57.33,57.33,57.33,57.33,57.33,3.61,3.61,32.78,32.78,42,42,303.54,303.54,50,50,112.5,112.5,-7.07,-7.07,-5,-5,3237.79,3237.79,2833.06,2833.06,2833.06,2833.06,0,0,1214.17,1214.17,-3.87,-3.87,2833.06,2833.06,-4.47,-4.47,-7.07,-7.07,2023.62,2023.62,4856.68,4856.68,1618.89,1618.89,5261.4,5261.4,-3.46,-3.46,4451.96,4451.96,9.33,9.33,910.63,910.63,910.63,910.63,1214.17,1214.17,303.54,303.54,119.98,119.98,27.72,27.72,12,12,49.93,49.93,25.78,25.78,15.99,15.99,50,50,1,1,50,50,100,100,56.72,56.72,57.19,57.19,69.44,69.44,0.56,0.56,1214.17,1214.17,73.51,73.51,50,50,18.12,18.12,85.27,85.27,3.24,3.24,93.2,93.2,610.35,610.35,0,0,64,64,68.14,68.14,809.45,809.45,621.09,621.09,0.33,0.33,126.07,126.07,11.25,11.25,17.16,17.16,527.81,527.81,2.02,2.02,54.44,54.44,52.69,52.69,10,10,62.45,62.45,100.2,100.2,44418.39,44418.39,22319.69,22319.69,80531,80531,809.45,809.45,10.54,10.54,101.18,101.18,602200000000,603800000000,36378.66,36378.66,7.09,7.09,11.34,11.34
Angels of Depression,57.33,57.33,46.67,46.67,57.33,57.33,2.76,2.76,32.93,32.93,42,42,264.84,264.84,50,50,112.5,112.5,-4.47,-4.47,806.87,806.87,3884.25,3884.25,706.23,706.23,706.23,706.23,4186.17,4186.17,4590.48,4590.48,2673.07,2673.07,4237.37,4237.37,2471.8,2471.8,-8.37,-8.37,1412.46,1412.46,-8.37,-8.37,3531.14,3531.14,2118.68,2118.68,564.98,564.98,8474.74,8474.74,9.33,9.33,794.51,794.51,794.51,794.51,1059.34,1059.34,264.84,264.84,119.98,119.98,36.28,36.28,12,12,45.75,45.75,23.61,23.61,19.2,19.2,50,50,1,1,50,50,100,100,57.68,57.68,63.36,63.36,69.29,69.29,3.22,3.22,1059.34,1059.34,67.94,67.94,42,42,17.18,17.18,85,85,3.24,3.24,93.2,93.2,677.19,677.19,0,0,64,64,66.48,66.48,706.23,706.23,514.89,514.89,0.33,0.33,126.07,126.07,10.82,10.82,17.16,17.16,517.24,517.24,2.31,2.31,51.78,51.78,50.86,50.86,64.03,64.03,37.42,37.42,100.2,100.2,42041.75,42041.75,24472.06,24472.06,67448,67448,706.23,706.23,9.11,9.11,88.28,88.28,1251400000000,1253500000000,34810.57,34810.57,7.09,7.09,12.9,12.9
Czechmate,70.83,70,61.56,65.89,70.67,70.67,2.06,2.03,29.78,29.46,44.28,44.28,453.3,463.29,34.75,36,148.5,144,-4.47,-4.47,5657.12,5781.82,4714.27,4818.18,6164.81,6300.7,5874.7,6004.2,-9.38,-9.38,5584.59,5707.69,4532.95,4632.87,507.69,518.88,4351.63,4447.55,-3.16,-3.16,0,0,2538.45,2594.41,-7.07,-7.07,-7.07,-7.07,3883.67,3917.38,10298.86,10525.88,8.19,8.37,815.93,833.92,815.93,833.92,0,0,453.3,741.26,8.94,8.94,48.49,49.37,15.51,15.51,51.68,50.9,30.62,30.39,3.46,3.78,51.62,51.62,2.52,2.52,51.48,51.48,135,135,59.15,59.28,71.68,73.02,73.25,73.76,12.23,12.26,1994.5,2038.46,31.35,32.2,45.17,43.83,9.41,9.65,97.39,96.14,0.86,0.86,93.77,93.77,421.03,438.68,-8,-8,64,64,67.77,67.29,90.66,92.66,683.66,688.58,0.8,0.71,215.41,203.42,12.58,12.46,26.89,26.89,737.63,737.63,1.9,1.89,42.77,42.74,55.5,56.56,-52.44,-52.44,96.18,96.18,104.81,104.81,54960.95,56398.51,37415.37,38768.13,77164,78524,1359.89,1389.86,6.26,5.92,-13.78,-13.78,1765500000000,2044600000000,49794.62,50927.86,13.23,13.29,17.27,16.64
Alliance Expeditionary Force,57.33,57.33,49,42.33,57.33,57.33,2.93,2.5,32.72,32.47,42,42,565.95,530.05,50,50,112.5,112.5,754.6,706.73,2716.55,2544.22,4904.88,4593.73,1886.49,1766.82,2490.17,2332.2,-4.47,-4.47,-6.32,-6.32,4244.6,3975.35,3018.39,2826.91,0,0,-10.95,-10.95,-8.37,-8.37,4150.28,3887.01,4527.58,4240.37,-8.37,-8.37,1282.81,1201.44,5659.47,5300.46,9.49,9.64,848.92,795.07,848.92,795.07,1131.89,1060.09,282.97,530.05,119.98,119.98,34.17,39.94,12,12,48.09,45.31,22.25,22.25,20.9,20.9,50,50,1,1,50,50,110,110,57.46,58.04,61.33,66.25,69.51,69.78,2.64,4.31,1131.89,1060.09,86.67,88.39,43.75,38.75,19.66,20.8,82.31,79.98,3.5,3.5,93.16,93.16,662.27,705.34,0,0,64,64,66.43,64.9,754.6,706.73,583.44,590.91,0.31,0.3,126.48,126.48,12.27,11.83,17.16,17.16,620.98,620.98,2.11,2.09,52.36,50.69,51.38,50.36,60,60,53.85,53.85,100.2,100.2,41106.63,38764.05,23160.83,23769.5,67777,59514,754.6,706.73,9.46,8.51,94.32,88.34,67700000000,112700000000,33008.62,30701.13,7.09,7.09,13.22,12.04
Lightning Spell,67.33,65.78,48.44,39.56,57.33,57.33,2.91,2.36,32.07,32.01,42,42,795.61,720.31,40,42.33,135,130.5,-4.9,-4.9,-7.16,-7.16,4455.42,4033.71,4455.42,4033.71,334.16,302.53,6746.78,6108.19,-8,-8,-10.75,-10.75,-7.35,-7.35,636.49,576.24,2227.71,2016.86,-3.74,-3.74,3421.13,3097.31,-8.6,-8.6,3775.18,3417.85,534.65,484.05,4455.42,4033.71,9.95,10.1,895.06,810.34,1093.97,990.42,1093.97,990.42,298.35,540.23,119.98,119.98,34.4,42.42,12,12,46.46,42.87,27.84,27.4,11.69,12.84,50,50,1,1,50,50,109,109,57.49,58.34,62.37,68.91,70.21,70.29,6.1,7.55,1093.97,990.42,79.89,84.31,43.33,36.67,24.57,25.89,76.66,73.85,3.24,3.24,93.2,93.2,583.53,657.34,0,0,72,72,65.89,63.29,795.61,720.31,732.66,752.53,0.36,0.33,168.36,156.57,9.86,9.79,17.16,17.16,658.4,658.4,1.82,1.79,48.9,47.45,52.01,50.48,-24.49,-24.49,78.74,78.74,100.2,100.2,39089.98,35660.17,22105.61,22590.69,64254,53251,1392.32,1260.53,9.42,7.99,99.45,90.04,6563200000000,11939200000000,29473.84,26424.18,6.48,6.58,20.78,18.32
Chocolate Zen,78.13,77.33,21.83,27.33,81.33,81.33,1.17,1.16,28.33,27.63,42,42,1752.4,1973.76,23.8,25,173.25,168.75,788.58,888.19,-4.38,-4.38,788.58,888.19,-4,-4,2497.17,2812.61,-7.04,-7.04,-8,-8,2628.6,2960.64,-4.47,-4.47,350.48,394.75,-10.68,-10.68,2102.88,2368.51,-3.74,-3.74,131.43,148.03,1139.06,1282.94,508.2,572.39,1577.16,1776.38,19.52,19.6,2409.55,2713.92,2190.5,2467.2,1478.59,1665.36,1588.11,1973.76,278.15,278.15,85.58,86.02,12,12,40.89,40.42,39.92,39.73,1.82,1.83,46.97,46.97,2.52,2.52,50,50,120,120,68.25,68.31,108.41,108.49,75.73,77.11,31.06,30.83,1040.49,1171.92,97.1,98.22,-84.17,-84.67,73.14,73.3,-31.04,-32.13,0.71,0.71,94.13,94.13,437.3,449.09,0,0,64,64,75.59,75.59,1423.83,1603.68,882.89,888.05,0.3,0.3,274.91,268.48,9.88,9.87,16.56,16.56,773.18,773.18,1.64,1.64,23.94,24.17,50.93,52.73,20,20,37.42,37.42,107.5,107.5,31799.53,36001.39,29294.59,33255.01,34230,38660,2190.5,2467.2,2.4,2.39,1314.3,1480.32,2248700000000,3054700000000,8554.07,9612.37,9.09,9.16,8.39,8.39
Getting around the WA ban,31.67,31.67,16.17,17.67,6,6,1.25,1.24,29.33,29.15,45.83,45.83,1211.41,1243.58,69.25,69.25,69.75,69.75,1490.97,1530.55,-2.83,-2.83,931.85,956.6,2646.46,2716.73,1453.69,1492.29,-9.8,-9.8,260.92,267.85,2329.63,2391.49,633.66,650.49,-8.94,-8.94,1490.97,1530.55,-9.49,-9.49,-7.75,-7.75,-10.95,-10.95,-6,-6,0,0,2683.74,2755,17.58,17.66,1677.34,1721.87,1397.78,1434.9,1537.56,1578.38,931.85,1100.09,8.18,8.18,80.13,80.55,15.51,15.51,13.63,13.54,12.09,12.09,29.72,29.72,50,50,2.52,2.52,50,50,134,134,70.09,70.11,94.16,94.42,73.98,74.28,32.98,33.15,2003.48,2056.68,82.11,82.15,-83.83,-84.33,66.4,66.57,-1.07,-2.16,25.44,25.44,91.38,91.38,4542.06,4597.49,-8,-8,64,64,76.18,76.09,1025.04,1052.26,1042.11,1042.06,0.23,0.23,44.48,44.48,9.78,9.78,31.04,31.04,810.89,810.89,1.41,1.41,22.02,21.85,48.4,48.73,-77.46,-77.46,92.2,92.2,111.5,111.5,28654.49,29558.84,25494.42,26372.57,31817,32740,1490.97,1530.55,2.3,2.3,93.19,95.66,32500000000,36200000000,9627.91,9872.65,16.58,16.58,10.03,9.86
Seneca Dialogues and Essays,57.33,57.33,57.33,57.33,57.33,57.33,3.61,3.61,32.82,32.82,42,42,320.62,320.62,50,50,112.5,112.5,4274.92,4274.92,3830.33,3830.33,0,0,0,0,3847.43,3847.43,-5.59,-5.59,4274.92,4274.92,-3.29,-3.29,854.98,854.98,1709.97,1709.97,2992.45,2992.45,-8.37,-8.37,2137.46,2137.46,5129.91,5129.91,-7.75,-7.75,-2,-2,8549.85,8549.85,9.33,9.33,961.86,961.86,961.86,961.86,1282.48,1282.48,320.62,320.62,119.98,119.98,27.72,27.72,12,12,49.93,49.93,21.74,21.74,21.49,21.49,50,50,1,1,50,50,100,100,56.72,56.72,57.19,57.19,69.41,69.41,0.56,0.56,1282.48,1282.48,60.38,60.38,50,50,20.41,20.41,82.99,82.99,3.24,3.24,93.2,93.2,610.35,610.35,0,0,64,64,68,68,854.98,854.98,507.83,507.83,0.34,0.34,126.07,126.07,12.44,12.44,17.16,17.16,496.77,496.77,2.33,2.33,54.44,54.44,52.68,52.68,-20,-20,20,20,100.2,100.2,42060.99,42060.99,21135.12,21135.12,76257,76257,854.98,854.98,10.54,10.54,106.87,106.87,589600000000,590900000000,33480.55,33480.55,7.09,7.09,11.86,11.86
New Awesome Prussia,68.06,68.06,92.43,94.29,72.1,72.1,1.32,1.31,20.35,20.33,67.49,67.49,12400.69,12444.97,38.92,38.92,165.5,165.5,-22.41,-22.41,-9.47,-9.47,-9.61,-9.61,-14.53,-14.53,-16.36,-16.36,-13.3,-13.3,-26.87,-26.87,-24.98,-24.98,-17.32,-17.32,-20.05,-20.05,-18.76,-18.76,-15.94,-15.94,-12.73,-12.73,-23.43,-23.43,21347.84,21424.06,-26.57,-26.57,0,0,24.7,24.76,4848.39,4865.7,10722.4,10760.69,839.14,842.14,2797.15,3087.85,1339.46,1339.46,75.85,76.2,33.3,33.3,8.2,8.21,85.83,85.83,0.88,0.88,45.31,45.31,12.07,12.07,51.96,51.96,379,379,80.72,80.74,120.62,120.68,91.46,91.47,17.82,17.97,0,0,152.63,152.63,27.29,26.86,79.38,79.52,-73,-74.08,0.53,0.53,95.14,95.14,566.32,569.68,9,9,104,104,48.25,48.08,3356.58,3368.56,1381.86,1381.84,0.14,0.14,125.47,125.47,5.17,5.16,11.99,11.99,2602.41,2602.41,0.65,0.65,37.18,37.03,79.68,80.79,-94.39,-94.39,65.5,65.5,120.99,120.99,78223.2,78783.2,67604.41,68256.38,89129,89571,15011.36,15064.96,1.96,1.96,0,0,702300000000,713100000000,16113.98,16150.56,0.84,0.84,126.35,126.17
Physiognomonics,57.33,57.33,57.33,57.33,57.33,57.33,3.61,3.61,32.8,32.8,42,42,296.11,296.11,50,50,112.5,112.5,-5.48,-5.48,2011.57,2011.57,789.62,789.62,5132.56,5132.56,1579.25,1579.25,2876.21,2876.21,-8.37,-8.37,2049.07,2049.07,3553.31,3553.31,-3.16,-3.16,5132.56,5132.56,394.81,394.81,2763.68,2763.68,4737.74,4737.74,-7.07,-7.07,3158.5,3158.5,789.62,789.62,9.33,9.33,888.33,888.33,888.33,888.33,1184.44,1184.44,296.11,296.11,119.98,119.98,27.72,27.72,12,12,49.93,49.93,23.13,23.13,19.81,19.81,50,50,1,1,50,50,100,100,56.72,56.72,57.19,57.19,69.42,69.42,0.56,0.56,1184.44,1184.44,78.18,78.18,50,50,17.11,17.11,86.38,86.38,3.24,3.24,93.2,93.2,610.35,610.35,0,0,64,64,68.21,68.21,789.62,789.62,498.3,498.3,0.32,0.32,126.07,126.07,11.87,11.87,17.16,17.16,506.78,506.78,2.37,2.37,54.44,54.44,52.68,52.68,-76.81,-76.81,83.07,83.07,100.2,100.2,45529.72,45529.72,22878.12,22878.12,82546,82546,789.62,789.62,10.54,10.54,98.7,98.7,612700000000,614300000000,37744.14,37744.14,7.09,7.09,14.07,14.07
Formisia,69.94,69.89,95.81,96.17,35.81,35.81,1.55,1.54,19.82,19.82,23.24,23.24,6745.68,6736.61,36.08,36.17,84,84,-14.28,-14.28,-11.1,-11.1,-8.93,-8.93,-9.61,-9.61,-16.28,-16.28,-11.56,-11.56,-8.93,-8.93,-12.67,-12.67,-7.94,-7.94,-4.9,-4.9,-17.72,-17.72,-15.43,-15.43,-9.17,-9.17,-24.23,-24.23,13124.13,13106.49,-18.64,-18.64,0,0,30.87,30.92,2467.93,2464.61,13902.68,13883.99,8308.7,8297.53,5758.51,5997.23,18.38,18.38,64.64,64.97,1.3,1.3,34.58,34.42,69.32,69.31,1.03,1.03,46.97,46.97,14.12,14.12,53.84,53.84,182,182,83.08,83.1,127.69,127.74,91.81,91.82,13.43,13.55,10447.58,10433.53,111.56,111.57,41.43,41,92.88,92.92,-220.45,-221.52,12.15,12.15,92.29,92.29,701.39,705.86,4,4,104,104,45.12,44.98,5429.45,5422.15,1255.33,1255.33,0.14,0.14,153.19,152.58,7.37,7.37,18.03,18.03,1306.96,1306.96,0.81,0.81,41.57,41.45,80.75,81.86,-120.17,-120.17,98.25,98.25,110.31,110.31,91522.08,91645.53,72658.25,72951.66,112404,112291,11599.28,11583.69,1.91,1.91,3372.84,3368.31,775200000000,783200000000,6498.07,6506.83,23.08,23.08,123.55,123.37
Lungcord,36,36,52,52,60,60,3.14,3.14,35.55,35.55,42,42,97.64,97.64,66,66,76.5,76.5,-5.48,-5.48,1249.81,1249.81,5467.93,5467.93,1640.38,1640.38,-3.74,-3.74,-10.58,-10.58,8201.89,8201.89,0,0,-6.32,-6.32,5077.36,5077.36,5858.49,5858.49,-6.32,-6.32,-5.48,-5.48,0,0,-8.72,-8.72,3624.45,3624.45,13669.81,13669.81,9.17,9.17,97.64,97.64,488.21,488.21,1171.7,1171.7,292.92,292.92,119.98,119.98,31.86,31.86,12,12,48.83,48.83,17.56,17.56,25.68,25.68,50,50,1,1,50,50,96,96,56.32,56.32,56.01,56.01,67.03,67.03,7.89,7.89,2343.4,2343.4,50.82,50.82,46,46,18.02,18.02,84.94,84.94,2.77,2.77,93.27,93.27,765.62,765.62,0,0,64,64,68,68,781.13,781.13,332.5,332.5,0.3,0.3,72.36,72.36,12.29,12.29,17.16,17.16,348.75,348.75,3.74,3.74,47.11,47.11,50.48,50.48,68.56,68.56,47.96,47.96,100.2,100.2,42056.16,42056.16,22806.57,22806.57,71592,71592,781.13,781.13,11.06,11.06,-12.25,-12.25,1567600000000,1569500000000,34486.05,34486.05,9.22,9.22,10.28,10.28
Hydration Check,57.33,57.33,57.33,57.33,57.33,57.33,3.61,3.61,32.78,32.78,42,42,289.03,289.03,50,50,112.5,112.5,3082.97,3082.97,4343.13,4343.13,3853.71,3853.71,3082.97,3082.97,2312.23,2312.23,3395.12,3395.12,1541.48,1541.48,-6.68,-6.68,3853.71,3853.71,-7.75,-7.75,1926.85,1926.85,3082.97,3082.97,-7.07,-7.07,-8.37,-8.37,770.74,770.74,4316.15,4316.15,8478.16,8478.16,9.33,9.33,867.08,867.08,867.08,867.08,1156.11,1156.11,289.03,289.03,119.98,119.98,27.72,27.72,12,12,49.93,49.93,23.24,23.24,19.68,19.68,50,50,1,1,50,50,100,100,56.72,56.72,57.19,57.19,69.45,69.45,0.56,0.56,1156.11,1156.11,74.04,74.04,50,50,16.14,16.14,87.52,87.52,3.24,3.24,93.2,93.2,610.35,610.35,0,0,64,64,68.28,68.28,770.74,770.74,478.59,478.59,0.33,0.33,126.07,126.07,12.31,12.31,17.16,17.16,516.47,516.47,2.45,2.45,54.44,54.44,52.69,52.69,24.49,24.49,66.33,66.33,100.2,100.2,46641.44,46641.44,23436.74,23436.74,84561,84561,770.74,770.74,10.54,10.54,96.34,96.34,37200000000,38500000000,39132.17,39132.17,7.09,7.09,13.63,13.63
Cricket Fans,61.56,61.56,64.67,68.38,73.71,73.71,1.36,1.35,20.85,20.74,57,57,13448.2,13840.61,46.83,46.83,179.5,179.5,-23.62,-23.62,-16.92,-16.92,-16.61,-16.61,-16.4,-16.4,-21.4,-21.4,-14.81,-14.81,-25.34,-25.34,-23.04,-23.04,-18.38,-18.38,-24.04,-24.04,-27.35,-27.35,-18.71,-18.71,-20.45,-20.45,-24.04,-24.04,-10.8,-10.8,-29.95,-29.95,0,0,36.93,36.97,14548.51,14973.02,7396.51,7612.34,8924.72,9185.13,3362.05,3648.89,2.91,2.91,73.63,73.98,25.46,25.46,28.36,28.19,83.34,83.34,0.9,0.9,51.62,51.62,7.39,7.39,51.96,51.96,400,400,101.23,101.24,133.75,133.8,91.15,91.21,14.92,15.07,6540.72,6731.57,138.51,138.52,30,29.57,92.73,92.77,-299.61,-300.68,0.68,0.68,94.3,94.3,588.27,591.7,12,12,120,120,36.13,36.11,3545.44,3648.89,1529.38,1529.36,0.13,0.13,90.47,90.47,8.65,8.64,94.15,94.15,3196.45,3196.45,0.53,0.53,40.08,39.93,70.82,72.18,-149.32,-149.32,70.32,70.32,125.67,125.67,83378.87,86000.52,70934.26,73347.99,96339,99148,9658.26,9940.07,1.65,1.65,2873.03,2956.86,486000000000,503200000000,6086.66,6192.04,0.96,0.96,140.84,140.84
On Sleep,57.33,57.33,57.33,57.33,57.33,57.33,3.61,3.61,32.64,32.64,42,42,383.6,383.6,50,50,112.5,112.5,-4.47,-4.47,3311.72,3311.72,-4.47,-4.47,-6.32,-6.32,3580.24,3580.24,2263.22,2263.22,1534.39,1534.39,5600.52,5600.52,511.46,511.46,-5.48,-5.48,-6.32,-6.32,1534.39,1534.39,511.46,511.46,0,0,-5.48,-5.48,1636.68,1636.68,1534.39,1534.39,9.33,9.33,1150.79,1150.79,1150.79,1150.79,1534.39,1534.39,383.6,383.6,119.98,119.98,27.72,27.72,12,12,49.93,49.93,21.77,21.77,21.45,21.45,50,50,1,1,50,50,100,100,56.72,56.72,57.19,57.19,69.59,69.59,0.56,0.56,1534.39,1534.39,65.77,65.77,50,50,28.72,28.72,77.08,77.08,3.24,3.24,93.2,93.2,610.35,610.35,0,0,64,64,67.62,67.62,1022.93,1022.93,507.69,507.69,0.33,0.33,126.07,126.07,11.69,11.69,17.16,17.16,526.62,526.62,2.33,2.33,54.44,54.44,52.74,52.74,24.49,24.49,-40,-40,100.2,100.2,35188.67,35188.67,17681.87,17681.87,63797,63797,1022.93,1022.93,10.54,10.54,127.87,127.87,573800000000,575000000000,25089.52,25089.52,7.09,7.09,14.41,14.41
Progressiya,47,47,66,59.11,66,66,4.93,3.84,31.23,30.88,43.68,43.68,0,0,57.75,57.75,96.75,96.75,1932.95,1845.36,1343.4,1282.52,5384.65,5140.63,1173.58,1120.39,3037.49,2899.84,1199.81,1145.44,2485.22,2372.6,4205.55,4014.97,276.14,263.62,6074.99,5799.69,3658.8,3492.99,207.1,197.72,4694.31,4481.58,5384.65,5140.63,1104.54,1054.49,3829.23,3405.26,9802.82,9358.59,9,9.17,1208.09,1153.35,776.63,741.44,949.22,906.2,172.58,411.91,12.84,12.84,20.29,26.07,13.62,13.62,57.66,54.03,25.57,25.57,16.35,16.35,52.16,52.16,1,1,50,50,98,98,59.7,60.36,76.07,81.16,71.23,71.68,8.48,6.26,1208.09,1153.35,72.11,74.12,58,51.33,8.97,9.38,102.56,99.69,1.65,1.65,93.49,93.49,545.06,597.53,-8,-8,64,64,70.32,69.26,431.46,411.91,573.29,613.69,0.34,0.33,57.46,57.46,11.89,11.3,18.75,18.75,434.43,434.43,2.13,2.03,46.52,48.74,55.95,54.76,72.11,72.11,50.99,50.99,105.5,105.5,60070.49,57345.01,25402.94,27864.16,125194,106863,1208.09,1153.35,4.65,3.75,-3.16,-3.16,1100000000,3000000000,54664.15,51954.58,12.75,12.75,17.99,16.11
Regulus Corneas,67.44,67.33,38.67,46,57.33,57.33,1.25,1.24,23.47,23.12,45.83,45.83,2429.25,2660.14,39.83,40,137.25,135,-7.87,-7.87,274.36,300.44,-8.94,-8.94,-6.57,-6.57,-9.81,-9.81,-8.76,-8.76,-9.7,-9.7,-10.68,-10.68,-11.81,-11.81,1086.02,1189.24,-8.49,-8.49,1360.38,1489.68,1943.4,2128.12,-13.11,-13.11,2983.69,3267.28,-2.41,-2.41,0,0,21.93,22,3358.08,3677.26,6573.26,7198.04,3072.28,3364.3,1929.11,2347.19,1246.38,1246.38,80.27,80.69,18.02,18.02,24.15,23.92,37.69,37.66,1.99,2,48.6,48.6,6.47,6.47,53.38,53.38,168,168,75.79,75.82,111.43,111.5,88.97,90.03,13.34,13.45,2929.39,3207.82,87.61,87.83,-78,-78.5,80.44,80.58,-67.42,-68.5,1.65,1.65,93.49,93.49,764.11,770.19,-8,-8,65,65,78.18,78.18,1428.97,1564.79,1125.94,1126.05,0.26,0.26,171.52,170.25,9.09,9.09,12.39,12.39,981.19,981.19,1.1,1.1,41.66,41.55,59.27,60.96,-70.64,-70.64,31.46,31.46,112.37,112.37,42814.78,47118.99,38128.58,42078.9,47501,52147,3215.18,3520.78,2.08,2.08,1500.42,1643.03,147300000000,164300000000,8391.7,9141.08,16.37,16.4,17.96,17.96
Argesea,43.33,43.33,97.3,97.48,46.48,46.48,1.47,1.46,18,17.99,23.71,23.71,1521.73,1529.56,60.5,60.5,62,62,-14.35,-14.35,-16.88,-16.88,-17.15,-17.15,21730.36,21842.09,-13.59,-13.59,-15.31,-15.31,17043.42,17131.05,-35.45,-35.45,-23.69,-23.69,-27.68,-27.68,28347.73,28493.49,-17.2,-17.2,-17.2,-17.2,-27.48,-27.48,-27.32,-27.32,-26.56,-26.56,17043.42,17131.05,36.61,36.61,4510.85,4534.05,1195.65,1201.8,19184.72,19283.36,-17.89,-17.03,3336.17,3336.17,68.17,68.5,0.77,0.77,35.85,35.66,86.2,86.2,0.87,0.87,22.26,22.26,27.93,27.93,40.94,40.94,535,535,107.51,107.52,159.38,159.42,93.35,93.36,11.47,11.62,35271.62,35452.98,3.71,3.71,-63.14,-63.57,94.76,94.76,-338.44,-338.51,0.79,0.79,93.83,93.83,896.43,900.66,4,4,120,120,83.33,83.33,-29.15,-29.15,1515.34,1515.33,0.14,0.14,44.31,44.31,3.3,3.3,5.56,5.56,2699.01,2699.01,0.54,0.54,43.53,43.38,91.2,91.87,-267.91,-267.91,241.89,241.89,114.92,114.92,139947.37,140666.92,114285.38,115172.92,167658,168133,163.04,163.88,1.6,1.6,-28.11,-28.11,873800000000,881000000000,7277.26,7314.68,59.65,59.65,156.45,156.45
03-K64-Firefly,44.89,44.89,27,27,57.33,57.33,1.8,1.8,34.41,34.41,40.78,40.78,1326.22,1326.22,59.33,59.33,92.25,92.25,-10,-10,0,0,0,0,0,0,0,0,0,0,-2.65,-2.65,0,0,482.26,482.26,1929.04,1929.04,0,0,0,0,0,0,0,0,0,0,4505.94,4505.94,0,0,9.85,9.85,843.96,843.96,843.96,843.96,723.39,723.39,964.52,964.52,164.9,164.9,55.42,55.42,10.55,10.55,37.82,37.82,19.84,19.84,23.53,23.53,50,50,1,1,50,50,118,118,57.81,57.81,60.84,60.84,67.92,67.92,11.28,11.28,361.7,361.7,92.6,92.6,27,27,54.87,54.87,61.07,61.07,3.24,3.24,93.2,93.2,901.84,901.84,0,0,64,64,54.81,54.81,964.52,964.52,573.85,573.85,0.28,0.28,94.82,94.82,9.93,9.93,16.96,16.96,686.76,686.76,2.13,2.13,43.72,43.72,47.07,47.07,-20,-20,20,20,101.45,101.45,18612.05,18612.05,13611.8,13611.8,24559,24559,964.52,964.52,8.9,8.9,843.96,843.96,20808700000000,20816500000000,8394.03,8394.03,6.11,6.11,9.44,9.44
Nature Contemplation and the One,57.33,57.33,57.33,57.33,57.33,57.33,3.61,3.61,32.83,32.83,42,42,309.41,309.41,50,50,112.5,112.5,4950.6,4950.6,-6.47,-6.47,5363.14,5363.14,1650.2,1650.2,-4.47,-4.47,4721.63,4721.63,-7.75,-7.75,-4.87,-4.87,2062.75,2062.75,2062.75,2062.75,4950.6,4950.6,0,0,825.1,825.1,0,0,-8.37,-8.37,5131.15,5131.15,10313.74,10313.74,9.33,9.33,928.24,928.24,928.24,928.24,1237.65,1237.65,309.41,309.41,119.98,119.98,27.72,27.72,12,12,49.93,49.93,22.14,22.14,21.03,21.03,50,50,1,1,50,50,100,100,56.72,56.72,57.19,57.19,69.4,69.4,0.56,0.56,1237.65,1237.65,86.47,86.47,50,50,18.91,18.91,84.44,84.44,3.24,3.24,93.2,93.2,610.35,610.35,0,0,64,64,68.09,68.09,825.1,825.1,462.19,462.19,0.32,0.32,126.07,126.07,10.99,10.99,17.16,17.16,483.23,483.23,2.53,2.53,54.44,54.44,52.67,52.67,64.03,64.03,48.99,48.99,100.2,100.2,43578.71,43578.71,21897.76,21897.76,79009,79009,825.1,825.1,10.54,10.54,103.14,103.14,597900000000,599200000000,35342.34,35342.34,7.09,7.09,13.1,13.1
Karbarel Scus,56.33,56.33,4,3,38.67,38.67,1.08,1.06,34.85,35.68,44.28,44.28,555.9,480.28,50.75,50.75,112.5,112.5,-5.29,-5.29,355.78,307.38,296.48,256.15,945.03,816.47,1222.99,1056.61,622.61,537.91,-11.14,-11.14,718.04,620.36,-10.86,-10.86,-10.39,-10.39,-12.17,-12.17,-11.27,-11.27,-4.24,-4.24,-2.83,-2.83,-8.83,-8.83,322.42,278.56,296.48,256.15,18.52,18.6,949.67,820.47,694.88,600.35,833.85,720.42,486.41,480.28,9.56,9.56,92.58,94.4,15.51,15.51,17.81,17.07,24.46,24.46,18.02,18.02,48.6,48.6,1,1,51.48,51.48,113,113,69.42,69.49,104.49,104.64,67.57,66.94,20.9,21.24,787.53,680.39,107.07,107.13,-96,-97,70.09,70.28,-17.78,-19.05,8.37,8.37,92.61,92.61,1749.03,1799.42,0,0,64,64,74.79,74.69,602.23,520.3,1023.44,1023.64,0.23,0.23,203.75,203.75,9.56,9.56,24.09,24.09,696.64,696.64,1.48,1.48,34.1,33.76,43.55,43.12,-71.06,-71.06,81.55,81.55,107.17,107.17,13573.29,11786.81,13033.06,11434.96,14078,12113,718.04,620.36,2.33,2.33,463.25,400.23,5700000000,5800000000,4058.41,3500.68,10.7,10.7,7.34,7.31
Chiss Admiral Thrawn,70.1,70,51.33,58.67,40,40,1.51,1.5,23.56,23.33,42,42,2658.43,2820.28,35.86,36,146.25,144,-9.27,-9.27,4287.51,4548.55,1701.39,1804.98,5597.58,5938.39,-9.81,-9.81,-8.85,-8.85,-6.78,-6.78,-14.39,-14.39,-6,-6,-7.48,-7.48,-11.66,-11.66,714.58,758.09,-6,-6,-10.3,-10.3,2730.73,2897,100.04,106.13,1701.39,1804.98,14.8,14.9,531.69,564.06,7975.28,8460.85,2658.43,2820.28,850.7,1240.92,614.76,614.76,66.12,66.5,14.16,14.16,28.68,28.51,33.45,33.43,2.55,2.55,51,51,6.47,6.47,51.48,51.48,185,185,66.09,66.13,103.68,103.8,88.61,89.51,12.99,13.11,2126.74,2256.23,63.8,63.87,39.5,39,65.73,66.1,24.03,22.95,4.64,4.64,93.01,93.01,688.88,694.44,-8,-8,62,62,58.6,57.54,531.69,564.06,1072.33,1072.45,0.39,0.38,198.98,197.61,9.34,9.34,15.29,15.29,1079.18,1079.18,1.29,1.29,42.01,41.89,60.47,61.88,-81.73,-81.73,93.17,93.17,106.51,106.51,38419.65,41097.27,30869.52,33123.17,46690,49808,2126.74,2256.23,2.55,2.55,319.01,338.43,1255700000000,1459900000000,13177.94,13931.97,13.46,13.48,22.7,22.31
Lane Defense Force,61.33,61.33,48.44,48.44,57.33,57.33,2.91,2.91,32.64,32.64,42,42,281.98,281.98,47,47,119.25,119.25,3759.79,3759.79,-7.14,-7.14,1503.91,1503.91,4887.72,4887.72,4135.76,4135.76,0,0,375.98,375.98,4056.81,4056.81,-3.16,-3.16,3383.81,3383.81,1503.91,1503.91,0,0,1127.94,1127.94,1503.91,1503.91,2631.85,2631.85,-2.83,-2.83,5639.68,5639.68,9.33,9.33,845.95,845.95,845.95,845.95,1127.94,1127.94,281.98,281.98,119.98,119.98,34.4,34.4,12,12,46.46,46.46,25.55,25.55,16.37,16.37,50,50,1,1,50,50,100,100,57.4,57.4,62.55,62.55,69.59,69.59,3.78,3.78,1127.94,1127.94,71.85,71.85,43.33,43.33,18.7,18.7,83.55,83.55,3.24,3.24,93.2,93.2,640.56,640.56,0,0,64,64,66.82,66.82,751.96,751.96,521.67,521.67,0.33,0.33,137.81,137.81,11.27,11.27,17.16,17.16,490.77,490.77,2.28,2.28,51.22,51.22,51.41,51.41,-70,-70,83.07,83.07,100.2,100.2,41244.85,41244.85,23324.2,23324.2,67796,67796,751.96,751.96,9.56,9.56,93.99,93.99,769000000000,771200000000,33532.06,33532.06,6.95,6.95,10.52,10.52
Flemingovia,60.22,60.22,92.9,94.76,65.33,65.33,1.46,1.46,18.61,18.58,66.46,66.46,14659.41,14800.95,47.83,47.83,85.25,85.25,-16.25,-16.25,-17.98,-17.98,-18.22,-18.22,-13.28,-13.28,-19.88,-19.88,-15.15,-15.15,-25.42,-25.42,-22.65,-22.65,-22.32,-22.32,-19.6,-19.6,-22,-22,-19.75,-19.75,-18.28,-18.28,-28.37,-28.37,-5.6,-5.6,-27.72,-27.72,0,0,38.13,38.17,14659.41,14800.95,14801.05,14943.95,9914.58,10010.3,5169.75,5434.16,1730.95,1730.95,68.28,68.61,34.05,34.05,8.31,8.32,89.6,89.6,0.85,0.85,47.8,47.8,15.38,15.38,55.65,55.65,480,480,108.66,108.67,131.21,131.26,92.78,92.8,7.98,8.12,5098.93,5148.16,150.15,150.16,36.71,36.29,95.01,95.03,-353.88,-354.96,0.58,0.58,94.8,94.8,644.33,647.92,-1,-1,100,100,36.76,36.74,3965.83,4004.12,1554.35,1554.34,0.13,0.13,86.76,86.76,6.71,6.71,10.4,10.4,3124.44,3124.44,0.52,0.52,47.02,46.88,81.95,83.3,-190.46,-190.46,119.68,119.68,115.74,115.74,102970,104178.64,84161.69,85371.69,123264,124425,14659.41,14800.95,1.59,1.59,3540.92,3575.11,614400000000,623500000000,5148.5,5208.93,14.53,14.53,139.36,139.36
Lower Pensaland,69.33,67.83,24.25,22.5,32,32,1.7,1.62,30.66,30.71,44.28,44.28,454.82,436.14,37,39.25,141.75,137.25,2728.89,2616.86,-6.32,-6.32,1046.08,1003.13,2137.63,2049.87,2637.93,2529.63,1091.56,1046.74,1682.82,1613.73,2842.6,2725.89,-3.87,-3.87,-7.07,-7.07,0,0,1318.97,1264.81,2728.89,2616.86,1137.04,1090.36,3342.89,3205.65,1535.53,1410.34,5457.79,5233.71,12.57,12.69,909.63,872.29,966.48,926.8,909.63,872.29,227.41,381.62,932.65,932.65,58.82,61.58,15.9,15.9,29.1,28.25,31.81,31.42,2.96,3.1,52.16,52.16,2.52,2.52,51.96,51.96,113,113,64.77,64.98,87.13,87.79,71.98,71.91,19.81,19.64,739.08,708.73,79.13,81.4,24.25,22.5,30.57,31.36,59.92,58.37,10.71,10.71,92.4,92.4,896.08,935.96,0,0,67,67,53.59,53.03,454.82,436.14,913.89,924.98,0.3,0.29,179.15,165.72,9.87,9.85,13.81,13.81,663.01,663.01,1.62,1.61,35.19,35.36,50.01,49.54,-65.19,-65.19,80.93,80.93,100.2,100.2,34805.29,33477.72,26277.13,25899.43,44671,42059,1421.3,1362.95,2.67,2.65,284.26,272.59,324600000000,399500000000,24154.87,22965.72,3.91,4.09,11.27,10.87
Gridlands WA puppet state,70.83,70,27.5,34.44,68.67,68.67,1.4,1.39,29.4,28.76,45.83,45.83,974.78,1087.4,34.75,36,148.5,144,363.92,405.96,436.7,487.15,2339.48,2609.75,415.91,463.96,356.64,397.84,-5.14,-5.14,1351.7,1507.86,-4.42,-4.42,1663.63,1855.82,103.98,115.99,-6,-6,-4.56,-4.56,1923.57,2145.79,-8.12,-8.12,3561.21,3972.62,1641.15,1801.74,4055.1,4523.57,14.32,14.42,1624.64,1812.33,1234.72,1377.37,649.86,724.93,844.81,1159.89,1207.99,1207.99,71.61,72.15,18.02,18.02,36.66,36.24,31.69,31.48,3,3.08,51.62,51.62,2.52,2.52,53.38,53.38,138,138,66.66,66.73,97.75,98.1,73.85,74.94,18.5,18.31,1949.57,2174.79,50.62,51.54,-76.5,-77.17,47.59,48.22,35.69,34.56,1.06,1.06,93.67,93.67,604.26,619.88,-8,-8,67,67,77.24,77.14,714.84,797.42,1058.71,1059.4,0.37,0.36,214.43,202.47,9.75,9.74,12.56,12.56,779.36,779.36,1.34,1.34,36.5,36.69,50.08,51.55,53.39,53.39,40.62,40.62,108.14,108.14,33957.66,38069.15,28466.99,32039.95,39751,44408,1364.7,1522.35,2.51,2.5,-9.49,-9.49,112600000000,139000000000,17793.81,19719.82,13.94,13.99,13.55,13.3
Gidoraland,82.33,78.67,34.67,26.33,70,70,2.11,1.79,34.98,34.77,43.68,43.68,73.88,65.28,17.67,23,186.75,173.25,1714.06,1514.45,-5.86,-5.86,1123.01,992.23,319.17,282,1654.96,1462.23,2688.71,2375.6,5437.71,4804.47,-1.58,-1.58,1654.96,1462.23,236.42,208.89,3782.76,3342.24,857.03,757.23,2305.12,2036.68,-7.87,-7.87,165.5,146.22,2662.28,2106.81,8274.78,7311.15,9.33,9.49,517.17,456.95,443.29,391.67,369.41,326.39,73.88,261.11,619.71,619.71,47.29,55.9,15.09,15.09,47.14,42.58,30.47,29.52,3.65,5.74,51,51,1,1,51.48,51.48,105,105,57.94,58.82,64.83,71.54,67.46,67.63,21.67,22.11,1847.05,1631.95,17.68,20.6,33,26.33,16.64,18.02,84.25,81.35,1.06,1.06,93.67,93.67,394.98,477.44,-4,-4,64,64,64.03,57.84,443.29,391.67,477.88,502.16,1.96,1.51,312.66,264.66,9.88,9.81,15.27,15.27,478.59,478.59,2.45,2.35,33.33,32.89,48.14,46.86,31.78,31.78,29.83,29.83,103,103,37627.95,33196.43,25272.51,24388.09,53446,43631,812.7,718.06,8.69,7.02,-11.83,-11.83,218400000000,352700000000,31381.71,27221.07,13.42,13.58,9.71,8.82
BPU,68.17,67.2,57.56,53.11,78,78,2.34,2.23,31.09,31.03,43.68,43.68,573.34,542.75,38.75,40.2,139.5,135,1299.57,1230.22,-2.19,-2.19,3975.16,3763.04,1223.12,1157.86,1819.4,1722.31,856.19,810.5,2675.59,2532.81,-4.42,-4.42,2828.48,2677.55,5121.84,4848.53,-11.22,-11.22,-2.79,-2.79,3210.7,3039.38,3975.16,3763.04,1146.68,1085.49,5956.98,5545.03,7950.31,7526.08,9.59,9.75,1337.79,1266.41,860.01,814.12,1146.68,1085.49,0,271.37,614.76,614.76,42.73,44.82,15.09,15.09,63.97,61.67,31.58,31.33,3.04,3.13,47.8,47.8,1,1,51.48,51.48,121,121,59.26,59.5,82.33,85.39,71.41,71.49,13.01,13.53,1337.79,1266.41,69.32,71.12,50.17,46.83,17.31,18.2,84.19,82.58,0.73,0.73,94.07,94.07,343.83,373.67,0,0,64,64,67.22,66.21,477.78,452.29,690.7,696.49,0.35,0.33,216.45,209.34,11.64,11.34,15.29,15.29,679.4,679.4,1.89,1.88,41.99,41.47,54.14,53.27,53.85,53.85,47.96,47.96,99.3,99.3,48659.33,46240.12,30946.69,30174.94,72421,67322,955.57,904.58,5.96,5.15,95.56,90.46,82500000000,101900000000,40241.26,37824.42,8.53,8.61,13.82,12.82
Tokevetne,76.89,74.17,59.67,53,79.33,79.33,3.87,3.23,32.46,32.12,43.68,43.68,151.49,142.43,25.67,29.75,168.75,159.75,5332.4,5013.37,2399.58,2256.02,3211.56,3019.42,2847.98,2677.6,5877.76,5526.1,290.86,273.46,1878.46,1766.07,5636.59,5299.36,4120.49,3873.97,4726.44,4443.67,1999.65,1880.01,4332.57,4073.36,484.76,455.76,4423.47,4158.82,-3.13,-3.13,4635.73,4153.29,10422.41,9798.86,7.62,7.81,984.68,925.76,605.95,569.7,302.98,284.85,75.74,284.85,302.78,302.78,25.87,30.93,14.16,14.16,66.04,62.53,33.89,33.2,2.47,2.6,51,51,1,1,50.5,50.5,109,109,55.8,56.57,55.54,61.32,69.79,70.17,18.58,17.72,605.95,569.7,54.41,58.91,51.75,46.75,6.44,6.79,116.14,113.66,0.71,0.71,94.13,94.13,249.57,299.07,0,0,64,64,69.7,68.76,302.98,284.85,450.81,477.82,0.67,0.51,266.42,234.8,13.71,13.28,16.48,16.48,570.82,570.82,2.58,2.45,36.42,37.28,53.73,52.75,-7.07,-7.07,73.14,73.14,98.83,98.83,62432.85,58706.17,30206.94,31324.56,116751,101288,681.7,640.91,11.72,10.74,-4.47,-4.47,59600000000,67200000000,58437.15,54714.15,3.88,4.29,14.49,13.2
Morozko the snow demon,67.73,67.73,22.33,21.83,49.33,49.33,1.3,1.3,27.59,27.66,42,42,1909.29,1861.44,39.4,39.4,137.25,137.25,-3.46,-3.46,2880.3,2808.11,763.72,744.58,687.34,670.12,-4.14,-4.14,-6.99,-6.99,1581.98,1542.34,-8.75,-8.75,-4.24,-4.24,-7.87,-7.87,-11.49,-11.49,872.82,850.94,490.96,478.66,-11.49,-11.49,2809.38,2738.98,-13.61,-13.61,2345.7,2286.91,15.59,15.68,1500.16,1462.56,2386.61,2326.8,1568.34,1529.04,750.08,930.72,507.09,507.09,76.64,77.05,13.62,13.62,29.69,29.43,31.6,31.6,3.03,3.03,50,50,3.93,3.93,50.99,50.99,171,171,66.35,66.37,102.16,102.31,77.19,77.04,15.29,15.46,1431.97,1396.08,78.64,78.68,22.33,21.83,67.39,67.57,13.85,12.77,4.04,4.04,93.08,93.08,812.5,817.2,0,0,64,64,49.89,49.69,954.64,930.72,1070.07,1070.03,0.28,0.28,88.82,88.82,9.65,9.65,15.78,15.78,1052.32,1052.32,1.3,1.3,39.71,39.54,51.2,50.93,-40.12,-40.12,54.86,54.86,102.62,102.62,26656.39,26187.8,23164.1,22822.04,30226,29619,1704.72,1662,2.53,2.53,613.7,598.32,1699200000000,1950900000000,8689.98,8484.85,7.87,7.87,14.06,13.8
Cabrinialand,40.73,40.73,97.77,97.96,44,44,2.06,2.05,21.67,21.65,14.13,14.13,4720.59,4719.4,62.45,62.45,41.5,41.5,-6.48,-6.48,-3.1,-3.1,-1.18,-1.18,5397.21,5395.85,-1.91,-1.91,-10.24,-10.24,14216.84,14213.27,-17.15,-17.15,3697.79,3696.87,-9.06,-9.06,-9.59,-9.59,2454.71,2454.09,-9.06,-9.06,-14.18,-14.18,-6.34,-6.34,1693.75,1693.32,14216.84,14213.27,23.41,23.47,-13.04,-13.04,12194.85,12191.79,11408.09,11405.22,4130.52,4424.44,1831.71,1831.71,48.5,48.79,0.38,0.38,46.84,46.59,45.93,45.93,1.52,1.52,58.14,58.14,3.63,3.63,27.72,27.72,293,293,83.57,83.58,117.78,117.84,90.7,90.71,11.76,11.9,13768.38,13764.92,13.4,13.41,39.14,38.71,76.4,76.55,-75.86,-76.93,81.43,81.43,67.37,67.37,911.54,915.81,-14,-14,77,77,47.24,47.08,-16.73,-16.73,1306.76,1306.74,0.15,0.15,104.79,104.79,9.74,9.74,10.02,10.02,2246.97,2246.97,0.74,0.74,43.24,43.1,87.26,87.26,-109.48,-109.48,109.19,109.19,28.37,28.37,93136.27,93407.83,63414.75,63798.81,130743,130771,4622.24,4621.08,1.9,1.9,-10.49,-10.49,573648600000000,584956800000000,21980.16,21950.84,21.74,21.74,82.32,81.49
Dragonian Kazaman,69.56,69.44,47.33,54.67,57.78,57.78,1.28,1.27,24.62,24.33,43,43,2904.08,3095.01,36.67,36.83,144,144,-5.66,-5.66,-5.06,-5.06,1893.03,2017.49,-4.9,-4.9,-5.81,-5.81,-8.29,-8.29,-6.63,-6.63,-9.95,-9.95,-4.24,-4.24,1204.65,1283.86,-11.49,-11.49,774.42,825.34,2065.12,2200.9,-13.11,-13.11,-3.3,-3.3,-8.6,-8.6,1893.03,2017.49,16.46,16.55,3656.98,3897.42,5162.8,5502.25,2473.84,2636.49,2151.17,2636.49,196.95,196.95,78.16,78.58,13,13,30.32,30.08,28.72,28.68,8.34,8.45,50,50,4.48,4.48,50,50,156,156,67.83,67.85,104.48,104.59,84.91,85.86,13.47,13.58,1828.49,1948.71,99.76,99.89,24.5,24,73.59,73.74,-0.16,-1.24,2.09,2.09,93.39,93.39,710.45,716.32,0,0,62,62,49.55,49.36,1183.14,1260.93,1057.89,1057.91,0.27,0.27,71.6,71.19,9.61,9.6,16.83,16.83,929.68,929.68,1.35,1.35,41.53,41.42,57.77,59.19,45.28,45.28,12.25,12.25,104.1,104.1,35085.53,37736.24,30808.94,33230.42,39416,42287,2473.84,2636.49,2.42,2.42,1505.82,1604.82,1695100000000,2069700000000,9262.58,9924.63,7.2,7.2,10.11,9.94
Numadsh,65.4,65.15,79.14,82.43,39.11,39.11,1.75,1.73,27.18,26.96,44.83,44.83,2096.46,2148.6,42.9,43.27,178.5,178.25,4879.02,5000.38,4025.19,4125.31,2378.52,2437.68,9453.11,9688.23,1547.57,1586.06,-7.27,-7.27,3430.56,3515.89,-3,-3,-6,-6,2210.81,2265.8,-11.05,-11.05,3278.09,3359.63,1067.29,1093.83,-6.4,-6.4,9224.4,9453.84,332.99,341.28,10688.11,10953.95,11.66,11.79,1238.81,1269.63,1238.81,1269.63,1048.23,1074.3,2287.04,2636.92,34.9,34.9,57.05,57.97,16.29,16.29,35.66,35.05,39.96,39.91,1.82,1.82,46.97,46.97,3.93,3.93,51.96,51.96,128,128,61.85,61.94,79.06,80.1,78.07,78.57,12.9,13.2,95.29,97.66,12.23,12.24,33.71,32.43,22.92,23.55,70.37,69.16,8.67,8.67,92.58,92.58,810.49,826.12,1,1,72,72,62.89,62.04,571.76,585.98,1051.81,1052.04,7.97,7.97,61.83,59.56,9.61,9.6,17.77,17.77,835.75,835.75,1.37,1.37,42.1,41.8,64.61,65.88,-125.87,-125.87,141.31,141.31,101.04,101.04,66237.93,68178.41,49195.9,51073.23,86236,88101,3239.98,3320.56,3.14,3.12,190.59,195.33,3715100000000,4660500000000,51069.44,52088.3,7.56,7.6,22.91,22.52
Zather,77.6,77.6,64.1,67.81,61.33,61.33,1.32,1.31,20.78,20.7,43,43,9585.19,9782.85,24.6,24.6,171,171,-16.97,-16.97,-14.09,-14.09,-16.79,-16.79,-12.92,-12.92,-15.96,-15.96,-12.3,-12.3,-17.32,-17.32,-21.87,-21.87,-19.29,-19.29,-18.38,-18.38,-18.92,-18.92,-16.34,-16.34,-14.76,-14.76,-21.33,-21.33,-4.32,-4.32,-23.99,-23.99,0,0,26.38,26.44,4535.85,4629.38,12580.56,12839.99,5391.67,5502.85,2310.72,2620.41,421.35,421.35,75.97,76.32,14.64,14.64,27.1,26.92,63.98,63.98,1.1,1.1,54.29,54.29,9.59,9.59,51.48,51.48,385,385,80.5,80.51,116.81,116.88,91.19,91.24,17.81,17.96,5648.42,5764.89,76.65,76.69,27.14,26.71,73.24,73.38,-86.81,-87.88,1.06,1.06,93.67,93.67,566.08,569.44,-2,-2,82,82,46.01,45.86,1882.81,1921.63,1331.46,1331.44,0.23,0.23,339.95,339.95,8.23,8.22,16.14,16.14,2485.9,2485.9,0.7,0.7,37.19,37.04,68.42,69.54,-132.65,-132.65,48.13,48.13,106.84,106.84,59565.12,61055.45,51521.5,52940.76,67820,69365,8900.53,9084.07,1.96,1.96,1711.64,1746.94,474500000000,491000000000,15963.45,16240.75,8.73,8.73,109.45,109.18
Gerfaanlich,69.06,68.89,87.29,90.95,65.33,65.33,2.15,2.14,22.44,22.37,32.72,32.72,7782.03,7887.65,37.42,37.67,185.75,185.75,-6.78,-6.78,830.08,841.35,-7.29,-7.29,-4.65,-4.65,193.69,196.31,-8.85,-8.85,256.93,260.42,-7.04,-7.04,889.37,901.45,1679.93,1702.73,-5.1,-5.1,256.93,260.42,-8.12,-8.12,-8.31,-8.31,-1.71,-1.71,422.95,428.69,256.93,260.42,20.4,20.47,4817.44,4882.83,7534.98,7637.24,5805.64,5884.43,3582.2,4006.42,13.04,13.04,46.45,46.73,1.69,1.69,53.61,53.35,54,53.97,1.28,1.28,46.97,46.97,7.39,7.39,47.56,47.56,220,220,71.35,71.37,111.43,111.5,90.33,90.36,8.1,8.16,7658.5,7762.44,53.26,53.29,45.29,44.86,80.51,80.64,-44.75,-45.82,0.7,0.7,94.19,94.19,495.34,500.33,5,5,79,79,50.01,49.81,2099.91,2128.41,1191.15,1191.2,0.23,0.23,102,100.53,9.35,9.35,18.67,18.67,1591.58,1591.58,0.93,0.93,46.9,46.84,73.89,75.01,-94.5,-94.5,79.18,79.18,99.3,99.3,55915.95,57050.46,37197.82,38074.19,80078,81478,8770.22,8889.25,2.24,2.24,1235.24,1252.01,1161700000000,1232900000000,10903.61,11067.79,18.58,18.58,80.9,80.06
Mario Cola 49,55.67,55.67,42.67,33.78,41.33,41.33,2.51,2.1,32.63,32.55,40.78,40.78,406.52,368.5,51.25,51.25,110.25,110.25,65.04,58.96,2960.78,2683.85,4227.82,3832.38,1691.13,1532.95,1691.13,1532.95,3873.99,3511.64,2796.87,2535.27,-7.14,-7.14,3642.43,3301.74,2992,2712.15,2666.78,2417.35,-8.25,-8.25,1040.69,943.36,1691.13,1532.95,-3.55,-3.55,2660.95,2188.02,7089.73,6426.61,10.2,10.34,487.83,442.2,894.35,810.7,1219.56,1105.49,406.52,589.6,13.18,13.18,39.79,47.72,10.55,10.55,39.12,35.93,19.96,19.96,23.41,23.41,51.62,51.62,1,1,50,50,100,100,58.16,58.87,64.16,69.76,69.6,69.69,8.64,10.86,1138.26,1031.8,74.02,76.05,39,32.33,20.28,21.63,79.59,76.72,7.12,7.12,92.73,92.73,823.65,887.88,0,0,68,68,65.53,63.12,813.04,737,563.23,570.94,0.31,0.3,83.1,83.1,10.79,10.2,18.61,18.61,546,546,2.16,2.14,46.36,44.14,50.51,49.2,58.31,58.31,55.68,55.68,91.29,91.29,41822.29,37907.58,25592.75,25586.05,64320,53616,813.04,737,8.31,6.93,162.61,147.4,3600000000,8300000000,33332.37,29719.55,6.14,6.14,12.79,11.45
Objectivist Chimpz,71.93,71.93,91.67,93.52,66.78,66.78,1.54,1.53,21.31,21.26,23.24,23.24,8265.86,8329.71,33.1,33.1,150.75,150.75,-14.63,-14.63,-9.96,-9.96,-13.19,-13.19,-9.92,-9.92,285.9,288.11,-11.21,-11.21,1011.35,1019.16,-18.85,-18.85,-11.7,-11.7,-13.93,-13.93,-9.17,-9.17,-8.25,-8.25,-10.68,-10.68,-19.9,-19.9,9520.33,9593.87,49.01,49.39,1011.35,1019.16,19.97,20.05,-12.25,-12.25,14708.37,14821.99,7171.85,7227.25,2795.81,3184.89,13.25,13.25,64.97,65.29,1.02,1.02,44.98,44.75,63.98,63.98,1.1,1.1,55.01,55.01,6.08,6.08,49.01,49.01,305,305,74.13,74.14,116.5,116.57,90.89,90.91,12.42,12.56,6442.51,6492.28,23.82,23.83,41,40.57,76.86,77.01,-32.36,-33.44,4.59,4.59,93.01,93.01,479.36,482.46,4,4,79,79,52.83,52.76,-7.75,-7.75,1270.18,1270.16,0.29,0.29,67.99,67.99,9.5,9.5,18.58,18.58,2119.47,2119.47,0.79,0.79,42.58,42.44,76.3,77.64,-128.47,-128.47,76.48,76.48,88,88,59367.74,60193.83,47257.9,48043.84,72742,73581,8265.86,8329.71,2.14,2.13,486.23,489.98,1220100000000,1256200000000,13713.95,13844.58,12.97,12.97,82.04,82.04
GLASS HALF FULL,93,83.33,70.83,76.83,97,97,53.56,29.9,76.76,48.61,42,42,110.73,115.19,7,16.67,209.25,189,2214.6,2303.84,-7.48,-7.48,-5.48,-5.48,3543.35,3686.15,-8,-8,8225.01,8556.47,-8.37,-8.37,6090.14,6335.57,1771.68,1843.07,-6.32,-6.32,-4.47,-4.47,4429.19,4607.68,3543.35,3686.15,-8.37,-8.37,5757.95,5989.99,8592.63,8938.91,2214.6,2303.84,5.39,5.48,442.92,460.77,442.92,460.77,110.73,115.19,-4.47,115.19,95.92,95.92,1.87,3.34,12,12,106.29,102.58,40.38,38.88,1.79,1.9,50,50,1,1,50,50,110,110,40.06,42.3,18.73,22.48,62.24,64.31,44.09,39.2,775.11,806.34,29.21,35.39,90.75,85.75,5.94,6.17,119.24,117.57,1.16,1.16,93.63,93.63,10.05,31.2,0,0,64,64,74.97,74.41,332.19,345.58,135.47,166.47,3.41,2.26,346.21,275.01,13.16,12.73,17.29,17.29,597.58,597.58,99.67,87.62,10.91,15.8,52.94,55.63,-75.17,-75.17,64.42,64.42,97.83,97.83,50479.51,52628.96,5010.28,7658.69,268342,229000,332.19,345.58,20.12,19.28,-6.32,-6.32,36600000000,40000000000,47501.22,49365.97,3.44,3.97,35.6,33.02
Arikea,67.73,67.73,41.33,48.67,27.33,27.33,1.44,1.43,26.46,26.06,43.68,43.68,1355.14,1478.17,39.4,39.4,137.25,137.25,4035.31,4401.65,2312.78,2522.74,602.29,656.96,2276.64,2483.32,2710.28,2956.33,-10.32,-10.32,3613.71,3941.78,-9.33,-9.33,2348.91,2562.15,4035.31,4401.65,-9.8,-9.8,-4.56,-4.56,-6,-6,-7.75,-7.75,4095.54,4467.35,1023.88,1116.84,8251.31,9000.39,13.67,13.78,1430.43,1560.29,2860.85,3120.57,1204.57,1313.93,677.57,985.44,468.75,468.75,69.62,70.02,14.64,14.64,27.32,27.14,28.72,28.72,8.33,8.33,51,51,4.48,4.48,50.99,50.99,154,154,65.51,65.53,89.54,89.8,79.76,80.76,16.9,17.07,1731.57,1888.77,53.19,53.22,34,33.5,39.19,39.78,47.96,46.88,10.54,10.54,92.42,92.42,860.13,864.96,-4,-4,62,62,55.75,55.63,527,574.84,1039.93,1039.88,0.37,0.37,162.05,162.05,9.9,9.89,15.95,15.95,888.41,888.41,1.42,1.42,38.1,37.93,55,56.67,-64.65,-64.65,71.97,71.97,104.46,104.46,42976.06,47123.93,35492.67,39035.49,50977,55749,1204.57,1313.93,2.6,2.6,451.71,492.72,1465600000000,1803000000000,26129.45,28368.61,13.83,13.83,11.73,11.73
SucWAti,78,78,75.22,78.89,69,69,1.39,1.38,20.71,20.63,42,42,9892.24,10122.85,24,24,171,171,-14.76,-14.76,-12.26,-12.26,-14,-14,-7.67,-7.67,-13.2,-13.2,-12.46,-12.46,-15.1,-15.1,-21.35,-21.35,-16.76,-16.76,-13.71,-13.71,-18.38,-18.38,-13.71,-13.71,-12.96,-12.96,-21.77,-21.77,1599.1,1636.38,-18.8,-18.8,0,0,22.23,22.29,3010.68,3080.87,14730.83,15074.25,4085.92,4181.18,2473.06,2860.81,147.13,147.13,72.15,72.55,12,12,31.73,31.51,61.49,61.49,1.14,1.14,52.16,52.16,8.85,8.85,50,50,361,361,73.99,74.01,112.41,112.49,91.23,91.28,19.59,19.76,4623.55,4731.33,74.58,74.62,31.83,31.33,85.27,85.4,-77.28,-78.37,0.74,0.74,94.02,94.02,456.09,459.62,0,0,80,80,47.78,47.74,322.57,330.09,1286.04,1286.02,0.26,0.26,257.02,257.02,8.58,8.57,17.03,17.03,2331.59,2331.59,0.76,0.76,35.41,35.24,71.28,72.63,-124.54,-124.54,75.56,75.56,104.1,104.1,54716.11,56321.8,46050.46,47541.95,63828,65529,8709.47,8912.51,2.14,2.14,1182.77,1210.34,714400000000,747600000000,8043.27,8222.98,8.49,8.49,102.9,102.9
Morombe,70.11,70.11,97.3,97.48,58.48,58.48,1.31,1.31,21.02,20.99,42,42,4625.04,4644.2,35.83,35.83,72.25,72.25,5180.04,5201.5,2800.64,2812.24,814.01,817.38,14424.42,14484.18,-5.72,-5.72,-10.35,-10.35,12295.48,12346.42,-19.9,-19.9,3756.95,3772.52,1195.39,1200.35,1195.39,1200.35,3404.03,3418.13,-8.83,-8.83,-16.25,-16.25,14105.65,14164.09,-12.34,-12.34,18289.53,18365.3,25.88,25.94,71.15,71.45,11171.24,11217.52,9890.46,9931.44,4055.8,4286.95,9.32,9.32,76.2,76.56,0.89,0.89,26.73,26.55,65.41,65.41,1.08,1.08,57.27,57.27,9,9,33.52,33.52,232,232,82.18,82.2,128.77,128.82,91.05,91.07,13.35,13.49,11740.48,11789.12,10.4,10.4,26.86,26.43,74.56,74.71,-85.89,-86.96,0.74,0.74,94.02,94.02,678.21,681.89,27,27,94,94,49.05,49,925.01,928.84,1283.99,1283.97,0.2,0.2,120.37,120.37,8.91,8.9,25.11,25.11,1858.63,1858.63,0.77,0.77,41.65,41.51,87.24,87.92,-212.17,-212.17,216.96,216.96,71.93,71.93,106927.45,107584.78,92640.06,93438.95,121569,122049,4482.73,4501.3,1.92,1.92,355.77,357.25,2228500000000,2272600000000,27159.57,27218.95,19.61,19.61,109.86,109.86
Comnemnus,51.88,51.88,78.38,81.9,38.22,38.22,1.69,1.67,23.32,23.24,24.2,24.2,1667.21,1696.22,54.09,54.09,141.5,141.5,-11.05,-11.05,-9.47,-9.47,-7.1,-7.1,5007.7,5094.82,-7.56,-7.56,-11.17,-11.17,15035.22,15296.8,5228.98,5319.96,-5.2,-5.2,-9.06,-9.06,3273.8,3330.75,-8.02,-8.02,-3.46,-3.46,-17,-17,-13.02,-13.02,-9.49,-9.49,15035.22,15296.8,26.5,26.55,757.82,771.01,3561.77,3623.74,15308.04,15574.36,2879.73,3161.13,1242.13,1242.13,59.32,59.84,0.69,0.69,38.14,37.75,51.79,51.79,1.34,1.34,46.15,46.15,8.85,8.85,37.41,37.41,94,94,96.46,96.47,137.2,137.27,89.55,89.86,12.95,13.19,15232.26,15497.26,4.67,4.67,30.57,29.86,84.46,84.6,-133.94,-135.06,3.5,3.5,93.16,93.16,957.27,964.56,-34,-34,78,78,46.55,46.4,2500.82,2544.33,1240.17,1240.14,10.37,10.37,65.14,65.14,8.84,8.84,12.41,12.41,958.23,958.23,0.84,0.84,42.05,41.81,71.37,72.58,-135.94,-135.94,126.33,126.33,104.1,104.1,81744.94,83398.39,61991.36,63541.63,104508,106187,4092.25,4163.44,1.71,1.71,1060.95,1079.41,418400000000,430400000000,12670.47,12843.35,31.77,31.77,49.1,48.46
Fosteles,80.44,77.17,66,59.11,79.33,79.33,4.93,3.84,33.03,32.46,43.68,43.68,-3.16,-3.16,20.33,25.25,180,168.75,4892.27,4656.11,-5.45,-5.45,4821.37,4588.63,5246.78,4993.51,-3.16,-3.16,8328.56,7926.53,1559.85,1484.56,4701.54,4474.59,992.63,944.72,-1.41,-1.41,5955.81,5668.31,-1.61,-1.61,2056.17,1956.92,-4.69,-4.69,4254.15,4048.79,1091.9,1039.19,11273.5,10729.3,7.48,7.68,1152.17,1096.55,709.02,674.8,354.51,337.4,88.63,337.4,22.03,22.03,20.29,26.07,14.16,14.16,70.34,65.75,36.58,35.78,2.1,2.19,52.16,52.16,1,1,50.5,50.5,101,101,54.43,55.5,47.24,54.49,69.19,69.78,22.43,18.57,709.02,674.8,51.81,57.21,58,51.33,7.39,7.78,110.43,107.72,0.71,0.71,94.13,94.13,192.93,249.57,0,0,68,68,70.46,69.42,354.51,337.4,489.63,545.69,1.21,0.7,294.88,254.51,9.84,9.77,17.95,17.95,514.42,514.42,2.4,2.21,32.57,36.43,54.49,53.35,-32.4,-32.4,88.6,88.6,87.18,87.18,58665.78,56086.92,24808.91,27252.85,122266,104519,797.65,759.15,13.23,12.08,-4.47,-4.47,11400000000,14400000000,54324.51,51712.14,2.08,2.3,22.13,19.91
The Presocratic Parmenides,57.33,57.33,57.33,57.33,57.33,57.33,3.61,3.61,32.69,32.69,42,42,487.25,487.25,50,50,112.5,112.5,-5.83,-5.83,-5.22,-5.22,-4.9,-4.9,1793.07,1793.07,-7.21,-7.21,6320.96,6320.96,4911.45,4911.45,2728.58,2728.58,4131.86,4131.86,-6.63,-6.63,-3.74,-3.74,-4.9,-4.9,1013.47,1013.47,-3.74,-3.74,1403.27,1403.27,4116.26,4116.26,4911.45,4911.45,9.43,9.43,877.04,877.04,877.04,877.04,1169.39,1169.39,292.35,292.35,119.98,119.98,27.72,27.72,12,12,49.93,49.93,23.28,23.28,19.62,19.62,50,50,1,1,50,50,106,106,56.72,56.72,57.19,57.19,69.54,69.54,0.55,0.55,1169.39,1169.39,56.24,56.24,50,50,17.13,17.13,86.21,86.21,3.24,3.24,93.2,93.2,610.35,610.35,0,0,64,64,68.14,68.14,779.6,779.6,726.68,726.68,0.34,0.34,126.2,126.2,9.82,9.82,17.16,17.16,585.4,585.4,1.83,1.83,54.45,54.45,52.72,52.72,-62.45,-62.45,51.96,51.96,100.2,100.2,46115.41,46115.41,23172.42,23172.42,83608,83608,779.6,779.6,10.54,10.54,97.45,97.45,618800000000,620600000000,38229.68,38229.68,7.09,7.09,16.65,16.65
BRU MkI,51.39,51.39,85.88,90.5,17,17,1.27,1.27,22.68,22.56,27.34,27.34,2007.11,2062.58,54.45,54.45,65.5,65.5,3800.13,3905.15,-12.26,-12.26,-4.84,-4.84,-6.84,-6.84,-17.92,-17.92,-12.2,-12.2,21890.89,22495.88,-9,-9,-17.58,-17.58,1926.83,1980.08,1391.6,1430.06,-10.52,-10.52,-4.24,-4.24,-15.2,-15.2,-10.71,-10.71,-11.95,-11.95,25691.02,26401.04,32.76,32.8,2007.11,2062.58,5352.3,5500.22,15521.66,15950.63,3947.32,4262.67,3000.39,3000.39,78.69,79,0.85,0.85,22.76,22.59,37.45,37.45,2.02,2.02,40.38,40.38,7.73,7.73,40.94,40.94,113,113,100.63,100.64,138.23,138.27,90.22,90.27,21.61,21.73,16257.6,16706.91,5.92,5.92,23.88,23.5,92.52,92.57,-239.67,-240.74,40.37,40.37,90.52,90.52,1894.74,1914.79,-15,-15,58,58,43.31,43.27,5084.68,5225.21,1214.18,1214.17,0.2,0.2,135.25,135.25,8.58,8.58,6.37,6.37,761.19,761.19,0.89,0.89,33.39,33.27,72.6,73.95,-73.41,-73.41,64.25,64.25,109.7,109.7,100797.1,103789.08,88824.31,91654.54,112883,116015,5285.39,5431.46,1.66,1.66,2074.01,2131.33,542100000000,560800000000,7559.78,7680.39,35.66,35.66,9.57,9.57
Venice rp,57.33,57.33,49,42.33,57.33,57.33,2.93,2.5,32.74,32.49,42,42,577.26,541.96,50,50,112.5,112.5,4618.04,4335.69,3232.63,3034.98,-3.16,-3.16,769.67,722.61,3694.44,3468.55,-4.9,-4.9,-7.75,-7.75,481.05,451.63,0,0,3078.7,2890.46,-11.83,-11.83,-6.32,-6.32,3463.53,3251.76,384.84,361.31,2693.86,2529.15,3771.4,3361.12,4618.04,4335.69,9.49,9.64,865.88,812.94,865.88,812.94,1154.51,1083.92,288.63,541.96,119.98,119.98,34.17,39.94,12,12,48.09,45.31,23.85,23.85,18.87,18.87,50,50,1,1,50,50,110,110,57.46,58.04,61.33,66.25,69.49,69.75,2.64,4.31,1154.51,1083.92,76.82,78.46,43.75,38.75,20.49,21.75,81.47,79.04,3.5,3.5,93.16,93.16,662.27,705.34,0,0,64,64,66.36,64.8,769.67,722.61,631.83,639.6,0.31,0.3,126.48,126.48,11.21,10.77,17.16,17.16,611.43,611.43,2,1.98,52.36,50.69,51.37,50.35,-43.59,-43.59,37.42,37.42,100.2,100.2,40311.68,37938.21,22712.92,23263.11,66466,58246,769.67,722.61,9.46,8.51,96.21,90.33,128800000000,213500000000,32047.78,29705.62,7.09,7.09,11.71,10.69
Anttiven,62.67,61.87,57.33,48.44,16,16,3.61,2.91,31.25,31.15,37.37,37.37,984.94,910.98,46,46.6,121.5,121.5,2626.51,2429.29,3933.2,3637.86,-9.49,-9.49,-8.94,-8.94,1751.01,1619.52,2101.21,1943.43,2801.62,2591.24,1641.57,1518.3,1751.01,1619.52,1313.26,1214.64,-10.49,-10.49,1313.26,1214.64,-7.07,-7.07,-9.49,-9.49,1751.01,1619.52,-7.04,-7.56,5428.13,5020.53,12.45,12.57,547.19,506.1,1641.57,1518.3,3173.7,2935.39,984.94,1214.64,158.85,158.85,27.72,34.4,6.84,6.84,31.74,29.69,17.41,17.26,25.81,25.94,50,50,1,1,50,50,100,100,59.03,59.71,70.61,75.96,71.2,71.33,13.27,15.29,1751.01,1619.52,53.28,55.41,50,43.33,42.25,43.46,55.99,53.28,18.89,18.89,91.8,91.8,878.91,951.3,0,0,64,64,66.4,64.5,1532.13,1417.08,484.27,492.32,0.32,0.3,69.55,68.34,11.64,11.05,16.98,16.98,549.48,549.48,2.43,2.39,41.73,39.71,53.85,52.55,-34.64,-34.64,-57.45,-57.45,100.62,100.62,41010.83,38234.95,20607.43,21622.09,74353,62848,1532.13,1417.08,6.56,4.62,218.88,202.44,1200000000,2300000000,23704.26,21602.75,7.48,7.48,14.46,12.92
Asfaltum,65,65,97,97.18,54.48,54.48,1.67,1.66,21.72,21.7,45.34,45.34,1583.43,1582.57,43.5,43.5,150.25,150.25,1013.4,1012.84,6789.76,6786.05,768.49,768.07,38213.52,38192.65,1844.38,1843.38,-8.99,-8.99,28670.69,28655.04,-10.32,-10.32,-8.49,-8.49,3335.77,3333.94,2491.27,2489.91,2111.24,2110.09,5235.89,5233.03,-19.48,-19.48,10163.53,10157.98,447.92,447.68,30452.58,30435.95,27.68,27.73,1161.18,1160.55,6069.83,6066.51,5964.26,5961.01,1952.9,2110.09,1043.45,1043.45,59.83,60.1,13,13,38.59,38.44,89.1,89.1,0.85,0.85,51.62,51.62,9,9,48.04,48.04,213,213,84,84.01,118.98,119.04,90.67,90.68,4.23,4.36,17734.45,17724.76,3.92,3.92,47.88,47.5,72.32,72.45,-98.77,-99.84,14.19,14.19,92.13,92.13,592.32,595.33,-7,-7,91,91,54.1,54.01,105.56,105.5,1278.65,1278.64,10.08,10.08,8.71,8.71,8.91,8.91,13.3,13.3,1660.65,1660.65,0.77,0.78,50.77,50.64,87.61,88.95,-430.48,-430.48,434.31,434.31,100.62,100.62,144142.57,144222.1,109810.11,110139.76,183548,183257,5489.23,5486.24,1.89,1.89,-7.07,-7.07,2046500000000,2073700000000,39927.49,39661.08,34.1,34.1,114.15,114.15
The Kaverian,13,13,14,15.5,1,1,1.21,1.2,30.92,30.54,42,42,1227.07,1305.87,87,87,29.25,29.25,-5.1,-5.1,785.33,835.75,-9.8,-9.8,109.07,116.08,1134.36,1207.2,-11.06,-11.06,-6.78,-6.78,1158.9,1233.32,-3,-3,927.12,986.65,-13.27,-13.27,-9.8,-9.8,-9.8,-9.8,-10.77,-10.77,-6.78,-6.78,-8.81,-8.81,0,0,12.85,12.96,886.22,943.13,1295.24,1378.41,1499.75,1596.06,681.71,943.13,141.46,141.46,82.83,83.26,12,12,11.98,11.92,1.07,1.07,37.59,37.59,50,50,2.52,2.52,50,50,138,138,63.8,63.82,81.98,82.26,71.63,72.15,41.22,41.39,1090.73,1160.77,107.49,107.51,-86,-86.5,65.87,66.5,35.33,34.25,28.66,28.66,91.19,91.19,8083.62,8173.19,0,0,64,64,76.23,76.22,818.05,870.58,753.26,752.98,0.2,0.2,24.63,24.63,9.82,9.82,17.06,17.06,833.37,833.37,1.79,1.79,13.78,13.61,45.82,46.43,-74.83,-74.83,28.28,28.28,101.85,101.85,16922.68,18226.99,15323.02,16549.38,18499,19876,818.05,870.58,2.79,2.79,340.85,362.74,1466800000000,1682000000000,5770.63,6106.04,9.02,9.02,8.36,8.36
Breat Gritain,57.33,57.33,48.22,43.78,40,40,2.01,1.92,30.47,30.41,43.68,43.68,928.42,880.79,50,50,112.5,112.5,2025.65,1921.72,2835.91,2690.41,1350.43,1281.15,1350.43,1281.15,4523.95,4291.85,-10.2,-10.2,0,0,0,0,4388.91,4163.74,3713.69,3523.16,-5.48,-5.48,3173.52,3010.7,3038.48,2882.59,-9.49,-9.49,337.61,320.29,-6.87,-7.02,3376.08,3202.87,10.58,10.72,1350.43,1281.15,928.42,880.79,928.42,880.79,168.8,400.36,468.75,468.75,49.82,52.07,14.64,14.64,40.77,39.25,20.63,20.63,22.71,22.71,50,50,1,1,50.99,50.99,132,132,59.89,60.07,70.23,72.68,72.24,72.32,7.16,8.27,844.02,800.72,87.79,88.36,43.17,39.83,21.46,22.27,76.73,75.18,7.94,7.94,92.65,92.65,782.43,813.44,0,0,64,64,64.44,62.49,590.81,560.5,977.21,975.96,0.28,0.28,127.71,127.71,12.04,11.75,15.95,15.95,756.44,756.44,1.56,1.56,47.84,46.73,52.69,51.82,-24.49,-24.49,50.99,50.99,100.2,100.2,45982.27,43863.36,31760.55,31024.41,63756,59583,1012.83,960.86,4.28,3.99,253.21,240.22,186300000000,319300000000,36096.08,34081.83,6.79,6.79,11.83,11
Dinkome,70.33,69.07,69.33,76.44,75.33,75.33,102.81,52.58,72.77,48.83,38.06,38.06,-6.32,-6.32,35.5,37.4,146.25,141.75,2421.01,2535.1,-4.86,-4.86,4463.74,4674.08,-7.35,-7.35,4766.36,4990.97,2691.1,2817.92,7036.06,7367.62,-5.59,-5.59,2345.35,2455.87,-6,-6,3555.86,3723.42,4615.05,4832.53,1664.44,1742.88,-6.78,-6.78,-3.82,-3.82,7989.34,8365.82,13920.81,14576.8,6,6.24,-8.94,-8.94,189.14,198.05,189.14,198.05,0,297.08,901.19,901.19,0.97,1.9,10.55,10.55,92.76,88.77,26.51,26.14,14.71,15.37,51.62,51.62,1,1,51.96,51.96,103,103,48.91,50.23,27,30.29,62.5,64.29,28.38,25.53,756.57,792.22,25.43,27,97,90.33,5.14,5.54,125.67,122.96,0.75,0.75,93.97,93.97,119.96,152.86,-8,-8,71,71,76.39,75.75,94.57,99.03,431.43,465.84,2.27,1.93,104.76,98.87,14.95,14.38,13.95,13.95,514.79,514.79,2.69,2.51,26.62,29.47,50.42,53.24,93.54,93.54,-53.39,-53.39,92.89,92.89,57248.58,60243.38,3588.72,6054.31,368972,318348,94.57,99.03,16.71,16.14,-8.37,-8.37,400000000,700000000,54328.9,56929.99,11.96,12.02,38.42,35.18
Bobogoobo,68.11,68.06,33.52,32.95,64.1,64.1,1.39,1.38,20.59,20.65,48.85,48.85,7606.82,7375.66,38.83,38.92,149.5,149.5,-20.98,-20.98,-17.44,-17.44,-17.26,-17.26,-10.1,-10.1,-19.81,-19.81,-14.83,-14.83,-20.4,-20.4,-17.1,-17.1,-19.82,-19.82,-21.91,-21.91,-21.45,-21.45,-17.61,-17.61,-17.89,-17.89,-26.53,-26.53,-2.21,-2.21,-30.46,-30.46,0,0,32.23,32.28,7298.44,7076.64,7606.82,7375.66,4728.57,4584.87,1233.54,1345.56,15.25,15.25,71.9,72.24,2.14,2.14,27.43,27.27,71.88,71.87,1,1,41.19,41.19,13.8,13.8,37.04,37.04,273,273,89.04,89.05,123.85,123.91,91.3,91.27,12.11,12.23,5036.95,4883.88,121.91,121.92,32.14,31.71,86.52,86.66,-200.78,-201.85,0.58,0.58,94.81,94.81,623.01,627.23,6,6,110,110,42.06,41.95,2364.28,2292.43,1350.89,1350.89,0.15,0.15,14.66,14.48,5.32,5.32,18.14,18.14,2231.69,2231.69,0.68,0.68,42.89,42.77,64.66,64.43,-144.86,-144.86,86.38,86.38,125.43,125.43,53401.96,51928.61,44862.2,43735.18,62396,60538,7966.61,7724.5,1.8,1.8,1644.72,1594.74,519200000000,508500000000,7209.27,6906.5,11.52,11.52,133.43,133.27
Southern Eureka,71.04,70.81,67.47,70.13,63.56,63.56,3.05,2.95,22.47,22.36,42,42,9971.56,10162.44,34.44,34.78,148.5,148.5,-20.4,-20.4,-11.17,-11.17,-14.39,-14.39,-9.03,-9.03,-12,-12,-8.15,-8.15,-13.27,-13.27,-18.08,-18.08,-12,-12,-18.6,-18.6,-19.39,-19.39,-14.14,-14.14,-16.31,-16.31,-17.46,-17.46,-7.86,-7.86,-19.81,-19.81,0,0,23.85,23.92,11907.78,12135.73,6292.73,6413.19,7938.52,8090.49,774.49,1085.31,13.55,13.55,32.83,33.92,10.55,10.55,45.9,44.69,75.39,75.35,0.97,0.97,53.09,53.09,3.3,3.3,49.01,49.01,308,308,82.33,82.4,118.48,118.68,90.31,90.36,12.07,12.63,9293.88,9471.79,35.26,35.36,36.2,34.2,70.68,70.86,-62.79,-64.12,2.41,2.41,93.33,93.33,559.21,577.53,-2,-2,115,115,44.55,44.31,-6.32,-6.32,1388.41,1388.38,0.24,0.24,142.35,140.61,9.69,9.67,18.47,18.47,2611.71,2611.71,0.64,0.64,42.93,42.37,70.5,71.4,-139.93,-139.93,96.02,96.02,99.76,99.76,55085.6,56436.07,30365.59,31671.58,92501,93362,8519.39,8682.47,1.92,1.92,96.81,98.66,524300000000,553400000000,16140.08,16422.9,18.23,18.23,131.26,130.94
Worthless United,39,39,91.1,92.62,16,16,2.12,2.08,27.29,27.11,38.75,38.75,1850.43,1868.64,63.75,63.75,83.25,83.25,12867.62,12994.21,-1.79,-1.79,-1.67,-1.67,6604.62,6669.6,-2.7,-2.7,-8.58,-8.58,4327.16,4369.73,-1.73,-1.73,227.75,229.99,-2,-2,-10.2,-10.2,1184.28,1195.93,-2,-2,-7.42,-7.42,2436.88,2460.85,7920.99,7949.64,17194.78,17363.95,10.2,10.34,-10.49,-10.49,2562.14,2587.34,2419.8,2443.6,3843.2,4312.24,13.04,13.04,47.1,48.03,3.55,3.55,29.75,29.33,17.24,17.24,25.96,25.96,51.62,51.62,3.93,3.93,46.16,46.16,120,120,58.6,58.68,62.67,63.85,77.84,78.23,16.82,17.3,142.34,143.74,85.69,85.94,47.29,45.86,27.63,28.45,74.4,73.15,18.23,18.23,91.84,91.84,1295.43,1351.82,-2,-2,67,67,69.02,68.61,569.36,574.97,642.38,642.14,0.27,0.27,65.23,65.23,9.93,9.92,18.67,18.67,771.28,771.28,1.97,1.97,38.18,37.7,66.22,67.24,-83.01,-83.01,82.16,82.16,99.76,99.76,51684.56,52574.98,34640.04,35610.49,73546,74137,1281.07,1293.67,7.49,7.33,569.36,574.97,6944900000000,8276300000000,37419.62,37591.11,3.91,3.91,18.94,18.27
Bruderheim,65.7,65.44,77.11,77.83,42.22,42.22,8.53,7.47,28.74,28.42,32.72,32.72,217,217.88,42.45,42.83,178.5,178.5,6336.26,6362.01,833.26,836.65,-2,-2,364.55,366.03,4339.91,4357.54,3194.17,3207.15,6249.46,6274.86,5207.89,5229.05,65.1,65.36,1562.37,1568.71,4600.3,4618.99,2031.08,2039.33,-2,-2,4817.3,4836.87,5251.29,5272.62,-2.64,-2.64,12585.73,12636.86,10,10.15,-5.48,-5.48,1627.46,1634.08,4014.41,4030.72,542.49,871.51,468.75,468.75,11.73,13.39,1.34,1.34,55.03,52.66,27.98,27.91,11.23,11.47,53.9,53.9,4.98,4.98,46.16,46.16,105,105,61.36,61.61,96.84,99.38,74.99,75.55,11.01,9.24,3363.43,3377.09,47.97,48.28,62.67,57.75,15.08,16,93.71,91.89,9.89,9.89,92.47,92.47,540.23,581.54,-2,-2,64,64,71.52,70.77,759.48,762.57,646.83,671.11,0.27,0.27,208.56,205.06,9.91,9.86,15.95,15.95,564.76,564.76,1.97,1.92,43.99,45.76,60.49,60.9,-49.93,-49.93,46.94,46.94,85.53,85.53,55702.69,56255.82,17274.3,18821.91,147293,140561,217,217.88,3.28,3.21,-3.16,-3.16,149200000000,289500000000,47291.58,47254.89,12.35,12.35,21.79,19.95
Empire of Ice Reloaded,73.78,73.56,54,61.33,71.56,71.56,1.64,1.63,25.4,25.16,43.68,43.68,3080.54,3226.79,30.33,30.67,157.5,157.5,-11.75,-11.75,-7.9,-7.9,133.49,139.83,-4.1,-4.1,4774.84,5001.53,-5.59,-5.59,-10.1,-10.1,-6,-6,-7.94,-7.94,-10.39,-10.39,616.11,645.36,1488.93,1559.62,1642.96,1720.96,616.11,645.36,-4.32,-4.32,-13.01,-13.02,133.49,139.83,13.45,13.56,2053.69,2151.2,4877.52,5109.09,2182.05,2285.65,1026.85,1478.95,26.8,26.8,60.84,61.21,14.16,14.16,54.56,54.25,38.86,38.81,1.9,1.9,51,51,4.21,4.21,50.5,50.5,163,163,65.33,65.35,103.5,103.62,82.57,83.25,13.96,14.02,2182.05,2285.65,65.32,65.61,45.5,45,67.68,68.28,34.77,33.68,0.81,0.81,93.81,93.81,380.92,386.3,-4,-4,68,68,56.65,56.09,898.49,941.15,1075.1,1075.19,0.41,0.4,201.15,199.77,9.86,9.86,17.87,17.87,1051.01,1051.01,1.28,1.28,41.04,40.98,59.48,60.82,-42.19,-42.19,43.7,43.7,103.37,103.37,33716.52,35720.61,25916.43,27545.75,42599,45004,4235.74,4436.84,2.62,2.62,128.36,134.45,443700000000,546300000000,10890.44,11323.43,13.05,13.05,24.56,24.15
Hello Boys,78,74.22,31.33,30.33,61.33,61.33,1.99,1.94,30.98,30.94,42,42,253.02,248.19,24,29.67,171,159.75,2901.29,2845.91,-6.42,-6.42,-3.74,-3.74,4318.2,4235.77,226.71,222.38,-5.96,-5.96,-9.17,-9.17,3766.28,3694.38,-8.37,-8.37,-4.9,-4.9,-2,-2,3576.01,3507.74,2563.93,2514.99,-10.2,-10.2,2867.56,2812.81,-7.49,-7.66,2901.29,2845.91,10.2,10.34,759.06,744.57,1433.78,1406.41,1096.42,1075.49,253.02,496.38,119.98,119.98,50.26,51.44,12,12,41.75,41.29,33.35,32.38,2.57,2.79,50,50,2.52,2.52,50,50,99,99,59.26,59.49,76.71,78.25,71.55,71.61,16.71,15.08,1096.42,1075.49,62.63,67.5,30.5,29.75,28.95,29.75,69.96,68.73,2.77,2.77,93.27,93.27,535.49,585.52,0,0,64,64,58.98,57.7,674.72,661.84,469.71,487.72,0.43,0.37,244.02,209.55,9.85,9.85,17.16,17.16,517.09,517.09,2.49,2.41,38.29,39.92,50.19,49.99,-90,-90,86.02,86.02,100.2,100.2,30880.54,30539.22,21432.01,21461.02,42640,41717,1180.76,1158.22,5.96,5.18,84.34,82.73,1471800000000,1517900000000,21925.18,21469.07,6.02,6.27,9.45,9.29
New Antifascist Order,89.33,82.75,20.4,20,70,70,1.26,1.26,27.75,27.83,47.2,47.2,1154.53,1124.09,10.67,17.25,202.5,186.75,692.72,674.45,-6.32,-6.32,0,0,3463.59,3372.26,1015.99,989.2,1847.25,1798.54,-6.24,-6.24,-12.55,-12.55,1108.35,1079.12,-10,-10,2078.15,2023.36,-5.1,-5.1,1154.53,1124.09,-4.47,-4.47,2193.6,2135.77,166.25,161.87,692.72,674.45,16.25,16.34,2309.06,2248.17,2655.42,2585.4,519.54,505.84,750.44,899.27,9.32,9.32,79.09,79.42,17.69,17.69,35.67,35.4,42.08,41.08,1.69,1.75,51.62,51.62,3.3,3.3,51.48,51.48,126,126,65.48,65.65,96.9,97.11,76.86,76.71,28.19,26.13,865.9,843.07,77.41,83.2,-79.6,-80,64.78,65.32,10.92,9.85,0.98,0.98,93.7,93.7,432.49,481.65,0,0,64,64,76.5,76.4,981.35,955.47,844.7,870.57,0.41,0.36,361.64,300.49,9.71,9.71,25.11,25.11,756.92,756.92,1.68,1.66,26.81,28.87,51.18,50.91,-98.99,-98.99,98.99,98.99,105.16,105.16,28960.2,28365.22,25588.72,25119.45,32355,31627,2078.15,2023.36,2.6,2.59,808.17,786.86,1482000000000,1580300000000,10193.99,9842.73,3.54,3.95,8.54,8.42
Darksight1,58.44,58.44,37.78,37.33,66.22,66.22,1.48,1.47,28.91,29.02,43.68,43.68,781.63,759.36,49.17,49.17,114.75,114.75,-8.72,-8.72,4277.08,4155.22,569.03,552.81,612.8,595.34,-3.53,-3.53,9704.72,9428.22,-5.48,-5.48,-11.49,-11.49,109.43,106.31,1375.67,1336.47,437.71,425.24,-4.56,-4.56,2313.63,2247.71,-10.77,-10.77,1719.59,1670.59,918.67,886.42,569.03,552.81,11.53,11.66,1250.61,1214.98,1641.42,1594.66,859.79,835.3,234.49,455.62,624.65,624.65,67.79,68.05,15.09,15.09,43.6,43.41,28.98,28.98,7.42,7.42,52.16,52.16,2.52,2.52,51.48,51.48,128,128,63.27,63.29,95.68,95.88,74.69,74.5,8.45,8.56,1016.12,987.17,76.09,76.12,35.33,35,29.66,30.31,63.69,62.63,1.47,1.47,93.54,93.54,655.93,658.75,-4,-4,68,68,56.64,56.08,547.14,531.55,1044.15,1044.12,0.33,0.33,187.36,187.36,9.41,9.41,15.24,15.24,760.05,760.05,1.4,1.4,46.55,46.44,52.62,52.33,-35.64,-35.64,46.69,46.69,96,96,39474.92,38571.97,32142.93,31471.66,47412,46245,1406.93,1366.85,2.86,2.86,234.49,227.81,592100000000,619500000000,27750.87,26884.66,12.43,12.43,19.97,19.61
Clone Commander Wolffe,66.67,66.33,20.17,19.83,67.56,67.56,1.22,1.22,28.43,28.53,45.34,45.34,635.12,618.25,41,41.5,132.75,132.75,1270.23,1236.5,2032.37,1978.4,550.43,535.82,0,0,592.77,577.03,-2,-2,635.12,618.25,1852.42,1803.23,-9.33,-9.33,2540.46,2473,1905.35,1854.75,2053.54,1999.01,1905.35,1854.75,846.82,824.33,1820.67,1772.32,71.13,69.24,2455.78,2390.57,15.72,15.81,1429.01,1391.07,2011.2,1957.8,1481.94,1442.59,529.26,669.77,42.28,42.28,81.83,82.12,15.51,15.51,32.04,31.84,33.03,32.95,2.64,2.65,51,51,3.3,3.3,50.5,50.5,109,109,69.53,69.54,107.28,107.34,75.55,75.37,16.95,16.9,1640.72,1597.15,71.36,71.78,20.17,19.83,54.17,54.71,21.44,20.38,1.04,1.04,93.68,93.68,698.79,706.07,-4,-4,62,62,50.75,50.53,740.97,721.29,971.23,972.57,0.31,0.3,163.97,162.1,9.65,9.65,17.69,17.69,584.93,584.93,1.57,1.57,38.05,38.1,50.1,49.82,-18.71,-18.71,40.62,40.62,107.17,107.17,31149.47,30476.9,28024.19,27469.65,34247,33452,1323.16,1288.02,2.33,2.33,635.12,618.25,191200000000,194100000000,14266.46,13806.04,14.57,14.57,9.12,8.98
Vertana,45.33,45.33,68.67,64.22,10,10,5.88,4.48,34.57,33.77,40.78,40.78,0,0,59,59,92.25,92.25,910.74,881.1,-5.66,-5.66,4098.31,3964.94,2185.77,2114.63,-3.74,-3.74,7417.94,7176.54,1548.25,1497.87,2276.84,2202.74,683.05,660.82,910.74,881.1,2276.84,2202.74,5009.05,4846.04,-4.47,-4.47,-3.16,-3.16,1639.32,1585.98,528.23,511.04,6557.3,6343.9,7.81,8,113.84,110.14,683.05,660.82,1935.31,1872.33,227.68,550.69,7.9,7.9,17.01,22.34,10.55,10.55,30.33,28.71,12,12,29.78,29.78,50,50,1,1,50,50,106,106,56.13,56.93,43.26,48.19,67.79,68.48,20.91,18.68,1593.79,1541.92,58.2,60,62,55.33,10.55,11.86,97.44,94.73,23.9,23.9,91.47,91.47,948.59,1053.23,-8,-8,64,64,71.2,70.23,569.21,550.69,435.37,471.72,0.41,0.39,75.06,75.06,10,9.93,32.78,32.78,567.93,567.93,2.67,2.48,34.09,36.32,54.91,53.81,40.62,40.62,53.39,53.39,105.16,105.16,47722.55,46499.92,18281.77,20743.75,107496,92861,569.21,550.69,11.31,10.25,-5.48,-5.48,74800000000,85700000000,42663.96,40966.43,13.93,13.93,22.27,20.03
The Problem,57.33,57.33,36.22,37.33,52,52,1.68,1.65,30.41,30.27,42,42,1118.16,1115.67,50,50,112.5,112.5,4398.08,4388.32,-5.8,-5.8,-7.21,-7.21,-2.83,-2.83,3503.56,3495.78,-9.21,-9.21,4025.36,4016.43,-4.06,-4.06,1192.7,1190.05,3652.64,3644.54,-12.33,-12.33,-6.48,-6.48,4398.08,4388.32,-10.58,-10.58,-6.24,-6.24,-7.57,-7.61,8423.45,8404.75,10.1,10.25,745.44,743.78,1304.52,1301.62,1118.16,1115.67,559.08,836.76,119.98,119.98,59.61,60.47,12,12,37.44,36.87,22.02,22.02,21.17,21.17,50,50,2.52,2.52,50,50,131,131,59.72,59.78,77.7,78.61,72.33,72.52,7.14,7.53,1118.16,1115.67,62.76,62.93,34.17,33,30.1,30.9,68.64,67.44,3.76,3.76,93.12,93.12,782.43,793.21,0,0,64,64,58.83,57.07,745.44,743.78,781.74,781.35,0.3,0.3,127.41,127.41,10.97,10.86,17.16,17.16,766.5,766.5,1.76,1.76,47.86,47.47,50.71,50.78,-52.92,-52.92,14.14,14.14,99.76,99.76,32255.09,32462.4,24525.64,24871.69,41141,41131,931.8,929.73,4.61,4.49,0,0,4120900000000,4653000000000,22546.31,22431.52,7.09,7.09,9.86,9.54
Sleha,56.33,56.33,70.33,74.33,4,4,1.79,1.79,26.36,26.22,39.43,39.43,1858.59,1904.78,50.75,50.75,112.5,112.5,1486.87,1523.82,4262.37,4368.29,5451.87,5587.34,-2.9,-2.9,2478.12,2539.7,-7.59,-7.59,8425.62,8634.98,-11.09,-11.09,1239.06,1269.85,-8,-8,-11.58,-11.58,3138.96,3216.96,4378.02,4486.81,-10.2,-10.2,-6.93,-6.93,346.94,355.56,15364.36,15746.15,12.57,12.69,0,0,3097.65,3174.63,3304.16,3386.27,1548.83,1904.78,7.94,7.94,55.78,55.78,8.98,8.98,18.3,18.3,14.71,14.71,27.97,27.97,50,50,3.93,3.93,50,50,154,154,65.56,65.56,94.61,94.61,80,80.34,16.62,16.62,2787.89,2857.16,48.27,48.27,48.5,48.5,34.31,34.91,57.5,56.5,24.66,24.66,91.43,91.43,1211.91,1211.91,-8,-8,62,62,67.31,67.25,722.79,740.75,1049.85,1049.85,0.33,0.33,40.01,40.01,9.94,9.94,32.57,32.57,919.92,919.92,1.38,1.38,38.38,38.38,60.63,62.08,77.27,77.27,25.1,25.1,104.81,104.81,53998.31,55657.56,39625.62,40843.23,71042,73225,1342.32,1375.67,2.6,2.6,-5.48,-5.48,230100000000,238000000000,35476.89,36233.07,14.81,14.81,17.75,17.75
Nike Employees,54.67,54.67,57.33,48.44,50.67,50.67,3.61,2.91,32.72,32.51,42,42,323.53,299.33,52,52,108,108,2156.86,1995.52,-5.72,-5.72,1725.49,1596.41,2156.86,1995.52,-3.16,-3.16,-7.62,-7.62,-7.75,-7.75,-3.54,-3.54,3019.6,2793.72,5176.46,4789.24,4745.09,4390.14,5607.83,5188.34,-4.47,-4.47,-4.47,-4.47,3019.6,2793.72,0,0,3882.34,3591.93,9.33,9.49,970.59,897.98,970.59,897.98,1294.11,1197.31,323.53,598.65,119.98,119.98,27.72,34.4,12,12,45.88,42.74,22.72,22.72,20.33,20.33,50,50,1,1,50,50,100,100,56.94,57.69,57.36,63.2,69.51,69.73,2.89,5.11,1294.11,1197.31,81.15,83.27,50,43.33,20.8,22.1,82.63,79.92,4.34,4.34,93.04,93.04,668.65,726.64,0,0,64,64,68.04,66.63,862.74,798.21,512.22,520.09,0.31,0.3,118.41,118.41,12.04,11.46,17.16,17.16,475.19,475.19,2.32,2.29,52.11,49.89,52.71,51.45,-30,-30,53.85,53.85,100.2,100.2,41666.16,38848.71,20936.73,21969.17,75541,63857,862.74,798.21,10.24,9.1,107.84,99.78,347500000000,532000000000,32999.6,30263.15,7.17,7.17,11.24,10.11
Lundaria,65.33,65.11,31.33,33,54.67,54.67,1.99,1.94,32.68,32.44,42,42,601,608.42,43,43.33,128.25,128.25,2060.57,2086,1648.46,1668.8,1373.71,1390.67,3365.6,3407.13,-2.45,-2.45,-11.55,-11.55,-6.32,-6.32,6010,6084.16,0,0,-7.75,-7.75,686.86,695.33,-7.07,-7.07,4464.57,4519.66,-8.94,-8.94,0,0,-6.12,-6.21,3434.29,3476.66,9.9,10.05,772.71,782.25,772.71,782.25,1030.29,1043,515.14,782.25,119.98,119.98,50.26,51.44,12,12,39.76,39.33,25.98,25.91,15.66,15.77,50,50,1,1,50,50,112,112,59.2,59.3,73.55,74.33,69.56,69.8,10.06,10.2,1030.29,1043,78.41,78.98,30.5,29.75,27.88,28.69,71.67,70.44,4.04,4.04,93.08,93.08,734.06,743.76,0,0,64,64,56.95,56.32,686.86,695.33,599.04,601.36,0.32,0.31,151.16,150.56,10.86,10.8,17.16,17.16,647.13,647.13,2.07,2.06,44.94,44.8,49.24,49.54,-60.83,-60.83,75.5,75.5,100.2,100.2,30427.77,31063.98,21117.78,21829.79,42015,42433,1030.29,1043,6.13,5.86,85.86,86.92,1191600000000,1290400000000,21938.42,22148.62,6.78,6.78,10.62,10.43
USS Concord,66,64.89,57.33,48.44,57.33,57.33,3.61,2.91,32.95,32.7,42,42,315.04,291.78,42,43.67,130.5,128.25,-6.32,-6.32,-7.68,-7.68,0,0,5460.72,5057.52,420.06,389.04,-8.19,-8.19,1260.17,1167.12,5544.73,5135.33,3780.5,3501.36,5040.66,4668.48,-5.48,-5.48,-8.37,-8.37,4200.55,3890.4,4200.55,3890.4,840.11,778.08,-5.1,-5.4,1260.17,1167.12,9.33,9.49,945.12,875.34,945.12,875.34,1260.17,1167.12,315.04,583.56,119.98,119.98,27.72,34.4,12,12,51.46,47.86,25.35,25.02,16.69,17.2,50,50,1,1,50,50,100,100,56.47,57.28,55.13,61.12,69.27,69.53,3.22,4.89,1260.17,1167.12,60.76,63.9,50,43.33,19.65,20.94,83.71,81,3.5,3.5,93.16,93.16,546.98,613.07,0,0,64,64,67.98,66.56,840.11,778.08,466.52,478.68,0.38,0.35,158.55,151.88,12.91,12.33,17.16,17.16,507.08,507.08,2.51,2.45,51.78,50.11,52.63,51.39,-83.07,-83.07,83.07,83.07,100.2,100.2,42824.61,39954.44,21518.84,22594.47,77641,65674,840.11,778.08,10.87,9.74,105.01,97.26,41900000000,73400000000,34388.16,31603.96,6.73,6.78,12.35,11.06
Tazzy,64.67,64.13,66.67,64.89,72.67,72.67,6.16,4.66,32.13,31.53,43,43,-4.47,-4.47,44,44.8,126,126,2053.72,2026.13,821.49,810.45,444.97,439,2738.29,2701.51,1163.77,1148.14,410.74,405.23,616.12,607.84,5240.41,5170.02,2601.38,2566.44,3080.58,3039.2,6161.16,6078.4,5647.73,5571.87,5476.58,5403.02,4107.44,4052.27,6126.93,6044.63,1747.55,1467.43,3114.81,3072.97,9.7,9.75,1026.86,1013.07,599,590.96,770.14,759.8,-4.47,84.42,1939.65,1939.65,16.23,21.45,15.51,15.51,68.52,64.37,31.38,31.24,3.11,3.17,51,51,1,1,52.44,52.44,102,102,60.89,61.52,83.29,87.71,70.15,70.86,12.89,10.4,855.72,844.22,63.42,64.96,63,56.33,9.58,9.86,100,97.8,0.82,0.82,93.8,93.8,346.38,393.67,-8,-8,67,67,70.91,69.94,256.71,253.27,637.36,681.3,0.39,0.37,205.53,202.74,13.3,12.72,9.62,9.62,422,422,1.98,1.9,42.11,44.6,54.93,54.72,-61.24,-61.24,66.33,66.33,104.81,104.81,61438.88,60441.43,22924.96,26361.69,141246,122904,684.57,675.38,3.46,3.23,85.57,84.42,3700000000,5800000000,55540.75,54457.73,12.8,12.8,24.56,22.16
Hell on Fides,64,62.67,57.33,48.44,57.33,57.33,3.61,2.91,32.84,32.62,42,42,355.58,329.26,45,46,123.75,121.5,0,0,-4.32,-4.32,-8.37,-8.37,-7.07,-7.07,-4.47,-4.47,3029.57,2805.32,-4.47,-4.47,2493.83,2309.23,-8.37,-8.37,948.22,878.03,2844.67,2634.1,4741.12,4390.17,2370.56,2195.08,5689.34,5268.2,-4.47,-4.47,758.58,702.43,0,0,9.33,9.49,1066.75,987.79,1066.75,987.79,1422.33,1317.05,355.58,658.53,119.98,119.98,27.72,34.4,12,12,49.93,46.46,22.85,22.64,20.17,20.43,50,50,1,1,50,50,100,100,56.57,57.37,56.33,62.38,69.39,69.61,2.22,4.11,1422.33,1317.05,62.59,65.28,50,43.33,25.01,26.36,79.32,76.61,3.24,3.24,93.2,93.2,570.34,632.25,0,0,64,64,67.77,66.29,948.22,878.03,506.09,517.2,0.35,0.33,145.93,140.69,9.97,9.9,17.16,17.16,508.85,508.85,2.34,2.3,52.78,50.89,52.67,51.41,-37.42,-37.42,-45.83,-45.83,100.2,100.2,37947.89,35468.17,19068.34,20057.45,68800,58300,948.22,878.03,10.75,9.6,118.53,109.75,8900000000,18900000000,28460.92,26104.57,6.87,6.91,13.85,12.38
Naughty Puppy,66,64.89,57.33,48.44,57.33,57.33,3.61,2.91,32.85,32.58,42,42,265.23,246.29,42,43.67,130.5,128.25,4243.7,3940.61,2891.02,2684.54,1414.57,1313.54,2475.49,2298.69,3536.42,3283.84,4783.01,4441.39,3182.78,2955.45,-5.15,-5.15,3536.42,3283.84,-8.37,-8.37,3182.78,2955.45,-7.75,-7.75,2829.14,2627.07,-7.75,-7.75,-8.37,-8.37,4907.72,4297.78,8841.05,8209.6,9.33,9.49,795.69,738.86,795.69,738.86,1060.93,985.15,265.23,492.58,119.98,119.98,27.72,34.4,12,12,51.46,47.86,24.11,23.77,18.52,18.98,50,50,1,1,50,50,100,100,56.47,57.28,55.13,61.12,69.37,69.66,3.22,4.89,1060.93,985.15,57.91,60.98,50,43.33,12.73,14.04,92.06,89.19,3.5,3.5,93.16,93.16,546.98,613.07,0,0,64,64,68.49,67.15,707.28,656.77,549,562.22,0.39,0.36,158.55,151.88,10.99,10.4,17.16,17.16,511.39,511.39,2.2,2.16,51.78,50.11,52.67,51.43,-43.59,-43.59,62.45,62.45,100.2,100.2,50828.14,47184.71,25540.51,26683.23,92152,77559,707.28,656.77,10.87,9.74,88.41,82.1,9100000000,14200000000,44372.97,40578.85,6.73,6.78,13.52,12.09
Homia Godart,66,64.89,57.33,48.44,57.33,57.33,3.61,2.91,32.94,32.7,42,42,327.42,303.3,42,43.67,130.5,128.25,0,0,5716.8,5295.65,-6.32,-6.32,1309.69,1213.21,2619.38,2426.42,-2.67,-2.67,0,0,-4.25,-4.25,1746.26,1617.61,5675.33,5257.23,-7.75,-7.75,-8.37,-8.37,5675.33,5257.23,-5.48,-5.48,2619.38,2426.42,785.81,727.92,0,0,9.33,9.49,982.27,909.91,982.27,909.91,1309.69,1213.21,327.42,606.6,119.98,119.98,27.72,34.4,12,12,51.46,47.86,25.31,24.98,16.75,17.26,50,50,1,1,50,50,100,100,56.47,57.28,55.13,61.12,69.28,69.53,3.22,4.89,1309.69,1213.21,60.76,63.9,50,43.33,21.29,22.6,82.2,79.49,3.5,3.5,93.16,93.16,546.98,613.07,0,0,64,64,67.89,66.44,873.13,808.81,513.78,526.55,0.37,0.34,158.55,151.88,11.78,11.19,17.16,17.16,506.78,506.78,2.31,2.27,51.78,50.11,52.64,51.39,-62.45,-62.45,43.59,43.59,100.2,100.2,41213.81,38480.92,20709.43,21761.18,74721,63252,873.13,808.81,10.87,9.74,109.14,101.1,8700000000,17600000000,32435.27,29784.23,6.73,6.78,12.93,11.57
Halyan Blurgland,66,64.89,57.33,48.44,57.33,57.33,3.61,2.91,32.89,32.66,42,42,353.63,327.64,42,43.67,130.5,128.25,2829.03,2621.14,1996.82,1850.09,1886.02,1747.43,-6.32,-6.32,-8.37,-8.37,-7.93,-7.93,3300.53,3058,-2.74,-2.74,2829.03,2621.14,-5.48,-5.48,1886.02,1747.43,2357.52,2184.28,-7.07,-7.07,943.01,873.71,4243.54,3931.71,2357.52,2184.28,8015.57,7426.57,9.33,9.49,1060.88,982.93,1060.88,982.93,1414.51,1310.57,353.63,655.29,119.98,119.98,27.72,34.4,12,12,51.46,47.86,25.69,25.36,16.15,16.68,50,50,1,1,50,50,100,100,56.47,57.28,55.13,61.12,69.34,69.57,3.22,4.89,1414.51,1310.57,59.8,62.92,50,43.33,24.73,26.08,79.51,76.8,3.5,3.5,93.16,93.16,546.98,613.07,0,0,64,64,67.71,66.23,943.01,873.71,478.15,490.46,0.38,0.36,158.55,151.88,11.81,11.22,17.16,17.16,514.64,514.64,2.45,2.4,51.78,50.11,52.65,51.4,60,60,-40,-40,100.2,100.2,38184.77,35706.5,19187.37,20192.23,69229,58692,943.01,873.71,10.87,9.74,117.88,109.21,8800000000,19400000000,28753.13,26387.1,6.73,6.78,12.94,11.58
Suttonia,62,61.33,62.67,53.78,66.67,66.67,4.19,3.32,30.86,30.72,45.34,45.34,192.34,179.3,46.5,47,121.5,119.25,-3.74,-3.74,631.65,588.83,-4.9,-4.9,-6.78,-6.78,538.56,502.05,4126.14,3846.39,3692.98,3442.6,1032.5,962.49,2846.67,2653.67,-4.9,-4.9,4462.35,4159.81,6270.37,5845.24,4077.67,3801.2,4847.04,4518.41,300.05,279.71,-2.42,-2.46,3692.98,3442.6,10,10.15,1538.74,1434.42,1250.23,1165.46,1154.06,1075.81,384.69,627.56,26.8,26.8,23.86,30.1,15.51,15.51,56.72,52.94,26.62,26.52,14.51,14.69,51,51,1,1,50.5,50.5,99,99,59.12,59.82,73.54,79.08,71.71,71.89,6.08,5.47,1442.57,1344.76,50.09,52.14,54,47.33,17.03,18.23,86.21,83.5,1.65,1.65,93.49,93.49,483.46,536.76,-4,-4,64,64,68.5,67.18,673.2,627.56,632.84,663.73,0.45,0.42,190.03,187.35,10.53,9.99,17.87,17.87,503.39,503.39,1.99,1.93,48.92,49.53,55.07,53.79,17.32,17.32,-38.73,-38.73,103.37,103.37,51574.02,48346.27,23862.61,25415.86,100009,84448,1154.06,1075.81,6.35,4.41,96.17,89.65,6900000000,9000000000,42806.44,39547.25,13.3,13.33,16.32,14.59
Northern Rocky Stas Ering,66,64.89,57.33,48.44,57.33,57.33,3.61,2.91,32.88,32.61,42,42,274.67,254.35,42,43.67,130.5,128.25,-4.47,-4.47,4114.52,3810.1,1831.12,1695.64,1831.12,1695.64,732.45,678.25,4652.87,4308.61,-6.32,-6.32,3834.36,3550.66,-5.48,-5.48,-8.37,-8.37,4760.91,4408.65,4394.68,4069.53,-5.48,-5.48,2929.79,2713.02,4394.68,4069.53,-2.45,-2.45,1831.12,1695.64,9.33,9.49,824,763.04,824,763.04,1098.67,1017.38,274.67,508.69,119.98,119.98,27.72,34.4,12,12,51.46,47.86,26.9,26.58,13.94,14.57,50,50,1,1,50,50,100,100,56.47,57.28,55.13,61.12,69.34,69.63,3.22,4.89,1098.67,1017.38,70.86,74.26,50,43.33,14.11,15.32,90.12,87.41,3.5,3.5,93.16,93.16,546.98,613.07,0,0,64,64,68.37,67.03,732.45,678.25,576.21,589.75,0.37,0.34,158.55,151.88,9.87,9.81,17.16,17.16,514.64,514.64,2.12,2.09,51.78,50.11,52.65,51.42,-20,-20,53.85,53.85,100.2,100.2,49088.61,45710.97,24666.42,25849.82,88998,75137,732.45,678.25,10.87,9.74,91.56,84.78,9000000000,14500000000,42167.12,38717.19,6.73,6.78,16.84,15.06
Western Condia Gle,66,64.89,57.33,48.44,57.33,57.33,3.61,2.91,32.85,32.63,42,42,355.73,329.6,42,43.67,130.5,128.25,-8.37,-8.37,4119.38,3816.73,2845.85,2636.77,4743.09,4394.62,2845.85,2636.77,1517.79,1406.28,-4.47,-4.47,0,0,-6.32,-6.32,-8.37,-8.37,-8.37,-8.37,-6.32,-6.32,4268.78,3955.16,-6.32,-6.32,-3.16,-3.16,3130.44,2900.45,2845.85,2636.77,9.33,9.49,1067.2,988.79,1067.2,988.79,1422.93,1318.39,355.73,659.19,119.98,119.98,27.72,34.4,12,12,51.46,47.86,24.56,24.22,17.89,18.36,50,50,1,1,50,50,100,100,56.47,57.28,55.13,61.12,69.37,69.6,3.22,4.89,1422.93,1318.39,69.91,73.29,50,43.33,25.01,26.36,79.32,76.61,3.5,3.5,93.16,93.16,546.98,613.07,0,0,64,64,67.7,66.21,948.62,878.92,502.67,515.3,0.37,0.34,158.55,151.88,11.07,10.48,17.16,17.16,536.34,536.34,2.35,2.31,51.78,50.11,52.67,51.41,-48.99,-48.99,73.48,73.48,100.2,100.2,37961.33,35501.98,19075.1,20076.57,68824,58356,948.62,878.92,10.87,9.74,118.58,109.87,8800000000,19600000000,28471,26129.45,6.73,6.78,13.33,11.92
Tones0606,66,64.89,57.33,48.44,57.33,57.33,3.61,2.91,32.93,32.67,42,42,288.49,267.13,42,43.67,130.5,128.25,5000.46,4630.33,3082.98,2854.78,1153.95,1068.54,-8.37,-8.37,3461.86,3205.61,4633.12,4290.18,-8.37,-8.37,-7.05,-7.05,-3.16,-3.16,1153.95,1068.54,1538.6,1424.72,2307.91,2137.07,4615.81,4274.15,3846.51,3561.79,1923.25,1780.9,2538.7,2350.78,6154.42,5698.86,9.33,9.49,865.46,801.4,865.46,801.4,1153.95,1068.54,288.49,534.27,119.98,119.98,27.72,34.4,12,12,51.46,47.86,24.71,24.38,17.67,18.15,50,50,1,1,50,50,100,100,56.47,57.28,55.13,61.12,69.29,69.57,3.22,4.89,1153.95,1068.54,71.91,75.33,50,43.33,16.06,17.3,87.62,84.91,3.5,3.5,93.16,93.16,546.98,613.07,0,0,64,64,68.22,66.85,769.3,712.36,479.76,492.09,0.36,0.34,158.55,151.88,10.88,10.28,17.16,17.16,501.41,501.41,2.45,2.39,51.78,50.11,52.64,51.4,67.82,67.82,-55.68,-55.68,100.2,100.2,46746.63,43553.57,23489.6,24629.8,84752,71591,769.3,712.36,10.87,9.74,96.16,89.04,8900000000,14900000000,39220.43,36018.81,6.73,6.78,13.08,11.7
Godus Rhy,66,64.89,57.33,48.44,57.33,57.33,3.61,2.91,32.88,32.6,42,42,268.82,248.94,42,43.67,130.5,128.25,-7.75,-7.75,4320.9,4001.26,3225.89,2987.25,2867.45,2655.33,4659.61,4314.92,4718.76,4369.68,3942.75,3651.08,1831.59,1696.09,358.43,331.92,4659.61,4314.92,-3.16,-3.16,2867.45,2655.33,-5.48,-5.48,-3.16,-3.16,2509.02,2323.42,1218.67,1128.52,7168.64,6638.33,9.33,9.49,806.47,746.81,806.47,746.81,1075.3,995.75,268.82,497.88,119.98,119.98,27.72,34.4,12,12,51.46,47.86,26.04,25.71,15.56,16.11,50,50,1,1,50,50,100,100,56.47,57.28,55.13,61.12,69.35,69.64,3.22,4.89,1075.3,995.75,59.57,62.68,50,43.33,13.26,14.47,91.3,88.59,3.5,3.5,93.16,93.16,546.98,613.07,0,0,64,64,68.44,67.11,716.86,663.83,524.44,537.35,0.39,0.36,158.55,151.88,10.75,10.16,17.16,17.16,504.26,504.26,2.28,2.23,51.78,50.11,52.66,51.42,10,10,66.33,66.33,100.2,100.2,50151.78,46690.72,25200.65,26403.88,90926,76747,716.86,663.83,10.87,9.74,89.61,82.98,8200000000,12700000000,43481.6,39920.57,6.73,6.78,14.55,13
North Deauss Ameationrond,62,61.33,62.67,53.78,66.67,66.67,4.19,3.32,30.75,30.65,45.34,45.34,214.51,199.85,46.5,47,121.5,119.25,-7.35,-7.35,-6.79,-6.79,686.42,639.52,-6,-6,4890.73,4556.59,-5.51,-5.51,4976.54,4636.53,-5.32,-5.32,343.21,319.76,3689.5,3437.43,5405.55,5036.23,3989.81,3717.22,-4.9,-4.9,-2,-2,2659.87,2478.15,-6.37,-6.96,5662.96,5276.05,10,10.15,1716.05,1598.8,1394.29,1299.03,1287.04,1199.1,429.01,699.48,26.8,26.8,23.86,30.1,15.51,15.51,56.72,52.94,27.85,27.76,11.65,11.92,51,51,1,1,50.5,50.5,99,99,59.12,59.82,73.54,79.08,71.85,71.99,6.08,5.47,1608.79,1498.88,50.95,53.03,54,47.33,21.81,23.07,80.96,78.25,1.65,1.65,93.49,93.49,483.46,536.76,-4,-4,64,64,68.18,66.8,750.77,699.48,601.7,631.82,0.46,0.42,190.03,187.35,12.32,11.74,17.87,17.87,480.58,480.58,2.06,2,48.92,49.53,55.11,53.82,42.43,42.43,-31.62,-31.62,103.37,103.37,46245.75,43385.93,21397.29,22808.19,89677,75784,1287.04,1199.1,6.35,4.41,107.25,99.93,5600000000,7500000000,36164.18,33363.78,13.3,13.33,11.62,10.43
United Estland,66,64.89,57.33,48.44,57.33,57.33,3.61,2.91,32.95,32.71,42,42,333.15,308.63,42,43.67,130.5,128.25,1332.58,1234.5,-4.66,-4.66,0,0,3997.75,3703.51,-4.47,-4.47,-5.94,-5.94,888.39,823,3842.28,3559.49,-7.75,-7.75,5774.52,5349.52,2665.16,2469.01,4886.14,4526.52,-3.16,-3.16,0,0,-3.16,-3.16,4353.1,4032.71,2220.97,2057.51,9.33,9.49,999.44,925.88,999.44,925.88,1332.58,1234.5,333.15,617.25,119.98,119.98,27.72,34.4,12,12,51.46,47.86,24.46,24.12,18.03,18.51,50,50,1,1,50,50,100,100,56.47,57.28,55.13,61.12,69.27,69.52,3.22,4.89,1332.58,1234.5,61.73,64.89,50,43.33,22.05,23.36,81.56,78.85,3.5,3.5,93.16,93.16,546.98,613.07,0,0,64,64,67.85,66.39,888.39,823,467.19,479.35,0.37,0.35,158.55,151.88,10.94,10.35,17.16,17.16,484.17,484.17,2.5,2.45,51.78,50.11,52.63,51.38,-70,-70,70,70,100.2,100.2,40510.51,37837.55,20356.03,21397.35,73446,62195,888.39,823,10.87,9.74,111.05,102.88,7800000000,16100000000,31598.19,28983.56,6.73,6.78,12.87,11.51
Ikkashire,64.67,64.13,80.67,76.22,72.67,72.67,17.35,11.04,36.31,35.06,40.78,40.78,0,0,44,44.8,126,126,4982.09,4849.76,506.12,492.67,3005.07,2925.25,2530.58,2463.37,6326.46,6158.43,803.06,781.74,6326.46,6158.43,1067.59,1039.23,2095.64,2039.98,5772.89,5619.56,632.65,615.84,6049.68,5889,6563.7,6389.37,-2,-2,1265.29,1231.69,-2.42,-2.42,14313.61,13933.44,8.06,8.25,98.85,96.23,593.11,577.35,1482.76,1443.38,197.7,481.13,23.5,23.5,5.76,9.06,11.33,11.33,80.23,76.2,28.65,28.5,8.59,9.12,47.8,47.8,1,1,50.5,50.5,99,99,54.29,55.2,48.96,55.32,66.5,67.4,18.57,16.08,1977.02,1924.51,31.56,33.23,80,73.33,7.52,7.91,112.29,109.57,0.82,0.82,93.8,93.8,250,290.4,-8,-8,64,64,73.9,73.14,494.25,481.13,385.37,422.17,1.22,1.15,205.28,202.5,14.53,13.96,17.93,17.93,451.47,451.47,3.04,2.75,36.43,38.92,58.48,57.45,12.25,12.25,60.42,60.42,105.16,105.16,64323.07,62903.33,13120.63,16795.08,227683,185385,494.25,481.13,13.36,12.41,-5.48,-5.48,2300000000,5400000000,59498.84,57933.96,15.13,15.13,22.27,20.03
Gren Youguan,66,64.89,57.33,48.44,57.33,57.33,3.61,2.91,32.95,32.68,42,42,286.29,265.1,42,43.67,130.5,128.25,4580.63,4241.61,4494.74,4162.08,0,0,1145.16,1060.4,-5.48,-5.48,4704.69,4356.49,763.44,706.94,4027.14,3729.08,763.44,706.94,4962.35,4595.08,1526.88,1413.87,-4.47,-4.47,3435.47,3181.21,2672.03,2474.27,3053.75,2827.74,-3.16,-3.16,5344.07,4948.55,9.33,9.49,858.87,795.3,858.87,795.3,1145.16,1060.4,286.29,530.2,119.98,119.98,27.72,34.4,12,12,51.46,47.86,25.78,25.46,15.99,16.52,50,50,1,1,50,50,100,100,56.47,57.28,55.13,61.12,69.28,69.56,3.22,4.89,1145.16,1060.4,61.73,64.89,50,43.33,15.75,16.99,88,85.29,3.5,3.5,93.16,93.16,546.98,613.07,0,0,64,64,68.25,66.88,763.44,706.94,454,465.98,0.37,0.35,158.55,151.88,10.31,9.97,17.16,17.16,479.45,479.45,2.57,2.51,51.78,50.11,52.63,51.39,-43.59,-43.59,43.59,43.59,100.2,100.2,47104.15,43883.01,23669.25,24816.1,85400,72132,763.44,706.94,10.87,9.74,95.43,88.37,8100000000,13200000000,39661.7,36422.9,6.73,6.78,17.43,15.59
AntidoteNPO,99,88,66.67,73.78,97,97,102.81,52.58,102.91,68,42,42,-4.47,-4.47,1,12,222.75,198,5153.46,5375.04,374.8,390.91,1405.49,1465.92,936.99,977.28,936.99,977.28,0,0,6090.45,6352.32,4792.72,4998.78,5153.46,5375.04,-3.16,-3.16,2342.48,2443.2,-7.75,-7.75,6090.45,6352.32,2810.98,2931.84,2342.48,2443.2,-4.24,-4.24,12649.4,13193.27,5.29,5.39,468.5,488.64,468.5,488.64,117.12,122.16,-4.47,122.16,95.92,95.92,0.97,1.9,12,12,110.86,105.98,39.36,37.63,1.86,2,50,50,1,1,50,50,100,100,38.42,40.51,16.47,19.72,60.51,62.82,48.17,42.28,819.87,855.12,18.33,23.33,97,90.33,6.32,6.6,117.67,115.63,1.16,1.16,93.63,93.63,1.33,16.51,0,0,64,64,75.61,74.95,351.37,366.48,70.92,94.05,4.51,3.37,384.64,295.8,17.09,16.54,17.29,17.29,464.36,464.36,127.19,116.55,6.83,12.72,51.03,54.02,18.71,18.71,33.91,33.91,97.83,97.83,44989.69,47046.23,2820.25,4728.03,289962,248609,351.37,366.48,20.75,19.96,-6.32,-6.32,4100000000,6300000000,42155.34,43941.18,3.08,3.74,30.39,27.6
Pat Pat Pat,44,44,80.67,76.22,53.33,53.33,17.35,11.04,34.23,33.43,42,42,227.57,221.42,60,60,90,90,-4.47,-4.47,4066.66,3956.85,5916.8,5757.03,3641.11,3542.79,455.14,442.85,-5.65,-5.65,455.14,442.85,-6.43,-6.43,-5.48,-5.48,4096.24,3985.63,1365.41,1328.54,7282.21,7085.57,910.28,885.7,5916.8,5757.03,6827.07,6642.72,-1.67,-1.67,6371.94,6199.87,8.6,8.77,910.28,885.7,910.28,885.7,1251.63,1217.83,227.57,553.56,114.92,114.92,5.76,9.06,12,12,64.42,61.3,23.57,23.57,19.25,19.25,50,50,1,1,50,50,100,100,51.85,53.06,31.28,36.19,68.08,68.8,14.88,12.66,1251.63,1217.83,77.43,79.51,80,73.33,9.91,10.99,100.88,98.17,4.34,4.34,93.04,93.04,479.84,529.16,0,0,64,64,73.11,72.3,796.49,774.98,345.28,378.47,0.34,0.33,90.71,90.71,13.42,12.84,17.19,17.19,494.49,494.49,3.53,3.11,40.12,42.34,58.79,57.7,46.37,46.37,65.95,65.95,99.76,99.76,55943.32,54764.82,11411.32,14622.12,198022,161399,796.49,774.98,15.36,14.48,0,0,3900000000,7600000000,50404.93,48740.69,7.37,7.37,21.53,19.35
Lahab,66,64.89,57.33,48.44,57.33,57.33,3.61,2.91,32.95,32.7,42,42,313.21,290.08,42,43.67,130.5,128.25,3340.94,3094.24,3812.84,3531.3,3340.94,3094.24,4176.17,3867.8,-5.48,-5.48,-5.11,-5.11,3340.94,3094.24,4284.75,3968.36,-8.37,-8.37,835.23,773.56,835.23,773.56,-5.48,-5.48,4176.17,3867.8,0,0,2923.32,2707.46,-3.16,-3.16,10022.81,9282.71,9.33,9.49,939.64,870.25,939.64,870.25,1252.85,1160.34,313.21,580.17,119.98,119.98,27.72,34.4,12,12,51.46,47.86,26.23,25.91,15.22,15.78,50,50,1,1,50,50,100,100,56.47,57.28,55.13,61.12,69.27,69.53,3.22,4.89,1252.85,1160.34,61.73,64.89,50,43.33,19.41,20.69,83.94,81.23,3.5,3.5,93.16,93.16,546.98,613.07,0,0,64,64,68,66.58,835.23,773.56,468.92,481.1,0.39,0.36,158.55,151.88,10.77,10.17,17.16,17.16,508.85,508.85,2.49,2.44,51.78,50.11,52.63,51.39,-37.42,-37.42,73.48,73.48,100.2,100.2,43073.01,40182.53,21643.65,22723.45,78092,66049,835.23,773.56,10.87,9.74,104.4,96.69,7900000000,14700000000,34716.85,31864.74,6.73,6.78,14.92,13.34
Jackniandreufflielph,66,64.89,57.33,48.44,57.33,57.33,3.61,2.91,32.97,32.71,42,42,305.11,283.58,42,43.67,130.5,128.25,406.81,378.11,-7.18,-7.18,2034.05,1890.53,4474.92,4159.16,2847.68,2646.74,3478.23,3232.8,-5.48,-5.48,3946.07,3667.62,-3.16,-3.16,4881.73,4537.27,2847.68,2646.74,1627.24,1512.42,0,0,-8.37,-8.37,406.81,378.11,5238.77,4570.41,2440.87,2268.63,9.33,9.49,915.32,850.74,915.32,850.74,1220.43,1134.32,305.11,567.16,119.98,119.98,27.72,34.4,12,12,51.46,47.86,24.92,24.59,17.36,17.85,50,50,1,1,50,50,100,100,56.47,57.28,55.13,61.12,69.26,69.52,3.22,4.89,1220.43,1134.32,70,73.38,50,43.33,18.32,19.75,85.05,82.18,3.5,3.5,93.16,93.16,546.98,613.07,0,0,64,64,68.07,66.65,813.62,756.21,473.19,485.43,0.37,0.34,158.55,151.88,11.04,10.45,17.16,17.16,486.53,486.53,2.47,2.42,51.78,50.11,52.63,51.38,-58.31,-58.31,76.81,76.81,100.2,100.2,44211.25,41076.5,22215.6,23229,80155,67519,813.62,756.21,10.87,9.74,101.7,94.53,7900000000,14100000000,36120.59,32984.43,6.73,6.78,13.02,11.64
New Asdanst,66,64.89,57.33,48.44,57.33,57.33,3.61,2.91,32.96,32.71,42,42,317.51,295.25,42,43.67,130.5,128.25,0,0,-5.59,-5.59,2116.7,1968.3,3386.72,3149.28,1693.36,1574.64,-5.81,-5.81,-8.37,-8.37,1164.19,1082.57,846.68,787.32,3810.06,3542.94,4233.4,3936.6,-5.48,-5.48,2963.38,2755.62,-8.37,-8.37,3386.72,3149.28,6721.65,5939.41,2116.7,1968.3,9.33,9.49,952.52,885.74,952.52,885.74,1270.02,1180.98,317.51,590.49,119.98,119.98,27.72,34.4,12,12,51.46,47.86,26.27,25.95,15.15,15.72,50,50,1,1,50,50,100,100,56.47,57.28,55.13,61.12,69.26,69.52,3.22,4.89,1270.02,1180.98,73.49,76.95,50,43.33,19.98,21.44,83.39,80.52,3.5,3.5,93.16,93.16,546.98,613.07,0,0,64,64,67.96,66.52,846.68,787.32,416.87,428.33,0.36,0.34,158.55,151.88,12.87,12.28,17.16,17.16,488.89,488.89,2.79,2.71,51.78,50.11,52.63,51.38,-43.59,-43.59,66.33,66.33,100.2,100.2,42493.9,39498.93,21352.66,22336.87,77042,64926,846.68,787.32,10.87,9.74,105.84,98.42,7900000000,15000000000,33995.12,31046.16,6.73,6.78,11.46,10.29
Elputojack,45,45,29.33,22.33,68.67,68.67,1.9,1.62,31.53,31.76,43.68,43.68,408.57,363.64,59.25,59.25,92.25,92.25,1307.41,1163.64,588.33,523.64,2669.29,2375.77,-10.1,-10.1,2342.44,2084.86,9465.91,8425.03,-10.3,-10.3,-3,-3,653.7,581.82,490.28,436.37,-8.49,-8.49,-6.4,-6.4,1579.79,1406.07,-3.46,-3.46,-8.49,-8.49,-11.94,-12.26,3976.7,3539.42,13.15,13.27,1361.88,1212.13,1021.41,909.1,885.22,787.88,408.57,545.46,1588.44,1588.44,52.64,61.7,15.09,15.09,43.71,39.11,23.85,23.85,18.88,18.88,51,51,1,1,51.48,51.48,103,103,64.19,64.75,96.03,97.88,70.85,70.57,14.68,16.9,1225.7,1090.92,99.31,100.33,29,22.33,40.28,41.45,49.38,46.67,1.26,1.26,93.59,93.59,767.91,829.97,-4,-4,64,64,53.4,51.98,749.04,666.67,686.99,691.3,0.28,0.28,154.71,154.71,9.71,9.65,10.96,10.96,534.8,534.8,1.89,1.89,40.32,38.1,49.22,47.8,95.92,95.92,-65.57,-65.57,104.81,104.81,33546.75,30039.72,23866.59,23264.59,45339,37705,1089.51,969.7,2.74,2.68,476.66,424.25,4600000000,9300000000,20027.41,17603.28,13.91,13.91,11.86,10.64
Disguisedlark,72.67,70,80.67,76.22,67.33,67.33,17.35,11.04,36.26,34.92,42,42,0,0,32,36,153,144,5013.87,4878.71,3718.24,3618.01,4254.19,4139.52,5013.87,4878.71,3114.68,3030.72,-6.35,-6.35,6153.39,5987.51,2802.45,2726.91,-5.29,-5.29,835.65,813.12,4254.19,4139.52,3114.68,3030.72,3874.35,3769.92,-4.24,-4.24,5773.55,5617.91,6274.94,6105.78,15421.45,15005.74,7.21,7.42,569.76,554.4,569.76,554.4,759.68,739.2,189.92,462,105.17,105.17,5.76,9.06,12,12,73.7,70.05,31.44,30.74,3.09,3.4,50,50,1,1,50,50,100,100,47.95,50.23,25.71,30.63,66.54,67.51,19.89,16.33,854.64,831.6,39.19,43.2,80,73.33,6.07,6.46,120.09,117.38,1.51,1.51,93.52,93.52,229.6,285.93,0,0,64,64,73.9,73.13,474.8,462,289.07,329.47,1.31,1.04,204.53,180.21,13.92,13.34,17.24,17.24,461.92,461.92,5.07,3.8,35.11,38.67,58.02,57.01,-35.36,-35.36,82.76,82.76,98.83,98.83,67155.1,65622.03,13698.3,17520.97,237708,193397,474.8,462,17.11,16.14,-4.47,-4.47,8200000000,9300000000,63058.64,61356.6,5.74,5.95,22.13,19.91
Lottieland,52.67,52.67,62.67,53.78,76.67,76.67,4.19,3.32,30.83,30.69,43.68,43.68,199.7,186.74,53.5,53.5,105.75,105.75,319.51,298.79,-5.06,-5.06,3035.39,2838.46,1517.7,1419.23,1517.7,1419.23,9870.21,9229.85,-7.48,-7.48,-6.24,-6.24,-5.66,-5.66,-7.87,-7.87,3514.66,3286.64,503.24,470.59,2715.88,2539.67,5112.24,4780.56,1453.79,1359.47,5584.97,4938.78,3354.91,3137.24,10.3,10.44,1597.57,1493.93,1098.33,1027.07,1397.88,1307.19,199.7,466.85,468.75,468.75,23.86,30.1,14.64,14.64,65.58,61.08,28,28,11.16,11.16,51.62,51.62,1,1,50.99,50.99,102,102,59.08,59.76,81.1,86.75,71.75,71.94,11.07,10.62,998.48,933.7,96.69,98.78,54,47.33,20.23,21.58,81.96,79.1,0.74,0.74,94,94,427.25,473.85,0,0,68,68,68.18,66.79,698.94,653.59,611.72,639.89,0.28,0.27,55.21,55.21,9.95,9.88,15.95,15.95,548.88,548.88,2.04,1.98,43.93,44.38,54.74,53.47,36.06,36.06,50,50,89.65,89.65,49643.28,46418.76,22969.28,24402.56,96265,81081,1198.18,1120.44,6.43,4.53,299.55,280.11,5100000000,7600000000,39615.34,36392.3,5.53,5.53,17.55,15.71
9Pluto,56.33,56.33,70.67,70.22,72,72,6.16,4.66,30.06,29.55,44.28,44.28,90.54,90.37,50.75,50.75,112.5,112.5,5359.91,5349.96,347.67,347.02,2100.5,2096.61,-3.74,-3.74,4418.3,4410.1,6324.33,6312.59,2607.52,2602.68,1267.55,1265.19,-1.73,-1.73,2824.82,2819.57,2462.66,2458.09,5613.42,5603,2100.5,2096.61,1376.19,1373.64,-6,-6,-6.81,-7.35,10067.94,10049.25,10.72,10.86,2082.4,2078.53,1177.01,1174.82,1177.01,1174.82,633.77,903.71,25.09,25.09,16.23,21.45,14.64,14.64,67.08,63.04,27.85,27.85,11.65,11.65,51,51,1,1,50.5,50.5,107,107,60.68,61.32,85.26,89.87,72.83,73.62,10.84,8.62,1358.08,1355.56,65.18,66.33,63,56.33,14.6,15.75,90.04,87.33,0.86,0.86,93.77,93.77,395.52,440.4,-8,-8,64,64,69.9,68.79,543.23,542.23,784.54,830.97,0.36,0.35,184.13,184.13,10,9.93,17.9,17.9,559.39,559.39,1.75,1.7,44.16,46.38,58.18,58.44,50.99,50.99,17.32,17.32,106.84,106.84,61545.15,61702.03,22964.61,26911.5,141490,125467,1448.62,1445.94,3.56,3.3,271.62,271.11,1900000000,3400000000,52559.56,52014.81,13.41,13.41,20.67,18.56
Far Raatheistan,66,64.89,57.33,48.44,57.33,57.33,3.61,2.91,32.96,32.71,42,42,303.43,280.99,42,43.67,130.5,128.25,5259.46,4870.41,2368.78,2193.56,2022.87,1873.24,404.57,374.65,-3.16,-3.16,1442.31,1335.62,3641.17,3371.83,5142.14,4761.77,1618.3,1498.59,1213.72,1123.94,4854.89,4495.77,-6.32,-6.32,3236.59,2997.18,404.57,374.65,1213.72,1123.94,-4.24,-4.24,10923.5,10115.48,9.33,9.49,910.29,842.96,910.29,842.96,1213.72,1123.94,303.43,561.97,119.98,119.98,27.72,34.4,12,12,51.46,47.86,24.4,24.06,18.11,18.58,50,50,1,1,50,50,100,100,56.47,57.28,55.13,61.12,69.26,69.53,3.22,4.89,1213.72,1123.94,58.62,61.7,50,43.33,18.1,19.36,85.29,82.58,3.5,3.5,93.16,93.16,546.98,613.07,0,0,64,64,68.08,66.68,809.15,749.29,427.96,439.58,0.39,0.36,158.55,151.88,11.83,11.24,17.16,17.16,487.01,487.01,2.72,2.65,51.78,50.11,52.63,51.38,40,40,30,30,100.2,100.2,44454.62,41447.23,22337.89,23438.65,80597,68128,809.15,749.29,10.87,9.74,101.14,93.66,7900000000,14000000000,36408.33,33406.47,6.73,6.78,15.27,13.65
KOBKK,62,61.33,32,24.33,66.67,66.67,2,1.7,31.35,31.62,43.68,43.68,425.66,378.04,46.5,47,121.5,119.25,2497.19,2217.84,2613.82,2321.42,-3.46,-3.46,-6.16,-6.16,3007.97,2671.49,-6.3,-6.3,-5.1,-5.1,1595.36,1416.9,1305.35,1159.32,510.79,453.65,794.56,705.68,1106.71,982.9,2213.41,1965.81,-1.18,-1.18,2298.55,2041.42,618.92,443.57,2497.19,2217.84,12.45,12.57,1418.86,1260.13,1064.14,945.1,780.37,693.07,425.66,567.06,644.28,644.28,49.93,58.76,15.09,15.09,43.9,39.51,28.44,28.35,9.32,9.64,51,51,1,1,51.48,51.48,102,102,62.14,62.77,87.99,91.56,71.07,70.75,11.08,13.14,1276.97,1134.12,68.57,69.97,31,24.33,34.12,35.4,59.31,56.52,1.81,1.81,93.45,93.45,664.39,726.64,-4,-4,64,64,54.64,52.97,780.37,693.07,728.75,737.03,0.35,0.34,190.68,188,10.31,9.97,15.15,15.15,523.54,523.54,1.83,1.82,43.92,41.86,49.89,48.45,20,20,-31.62,-31.62,104.81,104.81,35656.42,31750.6,24657.92,23957.75,49387,40770,1135.08,1008.11,3.07,2.95,496.6,441.05,8600000000,21000000000,23497.58,20510.89,13.57,13.6,9.59,8.73
Inner Waldnianacyopia,57.67,57.6,36,27.33,76.67,76.67,2.17,1.84,30.86,31.14,45.34,45.34,366.27,323.42,49.75,49.8,114.75,114.75,3809.26,3363.56,1460.7,1289.79,2461.37,2173.37,1113.48,983.19,1758.12,1552.41,2330.97,2058.24,-6.24,-6.24,577.25,509.71,1465.1,1293.68,1465.1,1293.68,3809.26,3363.56,-7.07,-7.07,3809.26,3363.56,293.02,258.74,2109.74,1862.89,-8.45,-8.89,6270.63,5536.93,11.83,11.96,1684.86,1487.73,1025.57,905.57,1098.82,970.26,366.27,517.47,13.18,13.18,45.99,54.49,15.09,15.09,50.75,45.89,31.12,31.11,3.22,3.22,47.8,47.8,1,1,50,50,96,96,62.08,62.69,98.28,101.46,71.71,71.34,13.99,16.2,1025.57,905.57,104.31,104.79,34,27.33,29.24,30.42,65.2,62.48,0.74,0.74,94,94,545.06,597.94,0,0,66,66,55.9,53.87,732.55,646.84,614.21,619.87,0.27,0.26,84.35,83.9,10.28,9.97,18.61,18.61,498.93,498.93,2.03,2.02,41.01,38.8,50.84,49.39,36.74,36.74,53.39,53.39,107.17,107.17,38769.46,34427.28,25653.42,24949.79,55778,45789,1098.82,970.26,3.09,2.96,879.06,776.21,7000000000,15900000000,27448.78,23961.39,8.93,8.93,13.17,11.78
Sax Hum Tomiastan,89,80.89,72,76.44,49.33,49.33,65.38,32.62,58.97,39.65,42,42,0,0,11,19.67,200.25,182.25,4639.89,4754.93,-5.77,-5.77,-6.32,-6.32,3247.92,3328.45,4639.89,4754.93,468.63,480.25,4639.89,4754.93,4797.65,4916.6,-3.16,-3.16,4639.89,4754.93,-3.16,-3.16,5567.87,5705.92,3711.91,3803.95,0,0,0,0,1577.56,1616.68,9279.78,9509.86,7.21,7.42,695.98,713.24,695.98,713.24,1159.97,1188.73,0,356.62,105.17,105.17,1.53,3.07,12,12,67.9,65,28.51,26.89,9.08,13.97,50,50,1,1,50,50,100,100,42.17,44.52,15.55,18.88,63.47,65.24,29.86,24.75,1043.98,1069.86,22.55,27.38,93,86.33,8.39,8.83,109.22,106.51,5.29,5.29,92.93,92.93,148.55,216.48,0,0,64,64,74.87,74.16,579.99,594.37,171.87,208.7,3.19,2.08,319.55,258.31,15.46,14.9,17.24,17.24,469.53,469.53,85.51,70.3,25.14,30.25,54.11,56.03,-75.83,-75.83,61.24,61.24,98.83,98.83,48769.88,50335.7,4221.87,6928.46,276033,226004,579.99,594.37,19.33,18.44,-4.47,-4.47,3100000000,6800000000,44673.21,45906.16,4.2,4.93,26.1,23.59
Publemostlawicstana,66,64.89,57.33,48.44,57.33,57.33,3.61,2.91,32.95,32.7,42,42,313.05,289.93,42,43.67,130.5,128.25,3339.16,3092.6,-3,-3,2504.37,2319.45,4173.94,3865.75,417.39,386.57,1794.8,1662.27,834.79,773.15,3840.03,3556.49,5008.73,4638.9,1669.58,1546.3,417.39,386.57,1669.58,1546.3,-7.75,-7.75,3339.16,3092.6,2086.97,1932.87,-1.67,-1.67,6678.31,6185.2,9.33,9.49,939.14,869.79,939.14,869.79,1252.18,1159.72,313.05,579.86,119.98,119.98,27.72,34.4,12,12,51.46,47.86,25.76,25.44,16.02,16.55,50,50,1,1,50,50,100,100,56.47,57.28,55.13,61.12,69.27,69.53,3.22,4.89,1252.18,1159.72,66.17,69.46,50,43.33,19.39,20.67,83.97,81.26,3.5,3.5,93.16,93.16,546.98,613.07,0,0,64,64,68,66.58,834.79,773.15,446.83,458.72,0.37,0.35,158.55,151.88,12.48,11.89,17.16,17.16,507.08,507.08,2.61,2.54,51.78,50.11,52.63,51.39,-48.99,-48.99,73.48,73.48,100.2,100.2,43095.97,40203.79,21655.19,22735.48,78133,66084,834.79,773.15,10.87,9.74,104.35,96.64,7900000000,14700000000,34735.35,31881.61,6.73,6.78,13.81,12.35
Milorez Llystan,66,64.89,57.33,48.44,57.33,57.33,3.61,2.91,32.92,32.68,42,42,324.01,300.12,42,43.67,130.5,128.25,864.02,800.32,-8.1,-8.1,-3.16,-3.16,3888.08,3601.45,2592.05,2400.97,-2,-2,2160.04,2000.81,540.01,500.2,2592.05,2400.97,-5.48,-5.48,-6.32,-6.32,2592.05,2400.97,5184.1,4801.93,3456.07,3201.29,3888.08,3601.45,1468.83,1360.55,3024.06,2801.13,9.33,9.49,972.02,900.36,972.02,900.36,1296.03,1200.48,324.01,600.24,119.98,119.98,27.72,34.4,12,12,51.46,47.86,26.59,26.27,14.55,15.14,50,50,1,1,50,50,100,100,56.47,57.28,55.13,61.12,69.3,69.55,3.22,4.89,1296.03,1200.48,58.15,61.22,50,43.33,20.84,22.14,82.6,79.89,3.5,3.5,93.16,93.16,546.98,613.07,0,0,64,64,67.91,66.47,864.02,800.32,460.04,472.11,0.38,0.35,158.55,151.88,12.74,12.16,17.16,17.16,524.7,524.7,2.54,2.48,51.78,50.11,52.64,51.39,-73.48,-73.48,70,70,100.2,100.2,41645.61,38875.64,20926.4,21984.4,75504,63901,864.02,800.32,10.87,9.74,108,100.04,7800000000,15400000000,32983.32,30284.13,6.73,6.78,11.24,10.1
Southville,81.78,78.33,49.33,43.11,76.67,76.67,3.14,2.56,33.02,32.57,43.68,43.68,-3.16,-3.16,18.33,23.5,184.5,173.25,-9.7,-9.7,2652.6,2512.52,767.9,727.34,-9.27,-9.27,2111.72,2000.2,-5.12,-5.12,2975.6,2818.46,-9.24,-9.24,-6,-6,287.96,272.75,1247.83,1181.93,-5.59,-5.59,1247.83,1181.93,1727.77,1636.52,5375.28,5091.41,-7.11,-7.73,3743.5,3545.8,8.06,8.19,1559.79,1477.42,959.87,909.18,359.95,340.94,-3.16,227.3,609.8,609.8,31.86,39,15.09,15.09,60.17,55.52,35.84,34.99,2.18,2.29,51,51,1,1,51.48,51.48,101,101,57.23,58.11,61.83,68.65,69.2,69.67,20.45,20.95,1319.82,1250.12,34.72,39.16,46,39.33,21.42,22.59,84.12,81.74,0.74,0.74,94,94,262.3,329.23,-4,-4,64,64,67.01,65.36,479.94,454.59,394.1,415.32,1.84,1.42,305.93,263.98,11.43,10.84,15.31,15.31,493.75,493.75,2.97,2.8,34.55,34.05,51.76,51.03,66.71,66.71,-60.42,-60.42,102.24,102.24,32240.63,30765.3,17483.72,18622.44,54883,47754,1079.85,1022.83,9.82,8.39,0,0,6500000000,13400000000,25341.13,23812.34,12.16,12.3,11.24,10.1
Rischionlan Islands,66,64.89,57.33,48.44,57.33,57.33,3.61,2.91,32.93,32.69,42,42,337.29,312.46,42,43.67,130.5,128.25,899.43,833.24,-4.36,-4.36,0,0,-7.75,-7.75,1798.86,1666.48,4625.32,4284.93,4497.15,4166.2,1434.59,1329.02,-4.47,-4.47,4047.43,3749.58,-4.47,-4.47,-4.47,-4.47,3148,2916.34,-8.37,-8.37,3148,2916.34,-4.24,-4.24,5396.58,4999.43,9.33,9.49,1011.86,937.39,1011.86,937.39,1349.14,1249.86,337.29,624.93,119.98,119.98,27.72,34.4,12,12,51.46,47.86,25.2,24.87,16.93,17.44,50,50,1,1,50,50,100,100,56.47,57.28,55.13,61.12,69.29,69.54,3.22,4.89,1349.14,1249.86,54.24,57.19,50,43.33,22.59,23.92,81.11,78.4,3.5,3.5,93.16,93.16,546.98,613.07,0,0,64,64,67.82,66.36,899.43,833.24,527.83,540.79,0.39,0.36,158.55,151.88,9.99,9.92,17.16,17.16,506.78,506.78,2.26,2.22,51.78,50.11,52.64,51.39,50.99,50.99,-50.99,-50.99,100.2,100.2,40017.88,37385.35,20108.49,21141.63,72553,61452,899.43,833.24,10.87,9.74,112.43,104.15,7100000000,14800000000,30973.84,28450.25,6.73,6.78,13.3,11.89
Adant Blan,66,64.89,57.33,48.44,57.33,57.33,3.61,2.91,32.95,32.7,42,42,303.61,281.15,42,43.67,130.5,128.25,-6.32,-6.32,5262.58,4873.28,404.81,374.87,-4.47,-4.47,1214.44,1124.6,4048.14,3748.68,404.81,374.87,-7.07,-7.07,2428.88,2249.21,3238.51,2998.94,2833.7,2624.07,3238.51,2998.94,404.81,374.87,1214.44,1124.6,5262.58,4873.28,0,0,809.63,749.74,9.33,9.49,910.83,843.45,910.83,843.45,1214.44,1124.6,303.61,562.3,119.98,119.98,27.72,34.4,12,12,51.46,47.86,26.63,26.31,14.47,15.07,50,50,1,1,50,50,100,100,56.47,57.28,55.13,61.12,69.27,69.53,3.22,4.89,1214.44,1124.6,63.43,66.65,50,43.33,18.12,19.39,85.27,82.56,3.5,3.5,93.16,93.16,546.98,613.07,0,0,64,64,68.08,66.67,809.63,749.74,519.8,532.65,0.37,0.35,158.55,151.88,10.63,10.03,17.16,17.16,500,500,2.29,2.25,51.78,50.11,52.63,51.39,33.17,33.17,-24.49,-24.49,100.2,100.2,44428.31,41422.87,22324.67,23424.87,80549,68088,809.63,749.74,10.87,9.74,101.2,93.72,7100000000,12600000000,36386.79,33386.83,6.73,6.78,14.21,12.7
Toka Hod,66,64.89,57.33,48.44,57.33,57.33,3.61,2.91,32.92,32.65,42,42,279.46,259.57,42,43.67,130.5,128.25,-8.37,-8.37,4465.75,4147.97,1490.45,1384.39,4843.95,4499.26,372.61,346.1,-7.1,-7.1,3353.5,3114.87,-8.38,-8.38,0,0,1863.06,1730.49,4843.95,4499.26,-7.07,-7.07,3353.5,3114.87,1863.06,1730.49,-7.07,-7.07,6661.42,5913.99,4843.95,4499.26,9.33,9.49,838.38,778.72,838.38,778.72,1117.83,1038.29,279.46,519.15,119.98,119.98,27.72,34.4,12,12,51.46,47.86,24.76,24.43,17.59,18.08,50,50,1,1,50,50,100,100,56.47,57.28,55.13,61.12,69.31,69.59,3.22,4.89,1117.83,1038.29,57.91,60.98,50,43.33,14.79,16.14,89.22,86.35,3.5,3.5,93.16,93.16,546.98,613.07,0,0,64,64,68.32,66.95,745.22,692.19,554.21,567.49,0.39,0.36,158.55,151.88,10.82,10.22,17.16,17.16,498.93,498.93,2.18,2.15,51.78,50.11,52.64,51.4,-70,-70,83.07,83.07,100.2,100.2,48250.46,44803.2,24245.26,25336.47,87478,73645,745.22,692.19,10.87,9.74,93.15,86.52,7300000000,11800000000,41109.39,37589.89,6.73,6.78,12.22,10.95
Tejuguasu,88,80.44,80.67,76.22,80.67,80.67,17.35,11.04,37.16,35.57,42,42,0,0,12,20.33,198,180,3335.88,3244.62,3567.31,3469.72,3335.88,3244.62,6671.76,6489.24,-3.16,-3.16,5698.1,5542.22,416.99,405.58,625.48,608.37,1667.94,1622.31,5420.81,5272.51,833.97,811.16,-6.32,-6.32,0,0,4169.85,4055.78,6671.76,6489.24,7422.34,7219.28,7088.75,6894.82,6.86,7.07,625.48,608.37,625.48,608.37,521.23,506.97,0,304.18,105.17,105.17,5.76,9.06,12,12,87.26,82.83,38.45,37.13,1.93,2.05,50,50,1,1,50,50,100,100,46.18,48.89,25.96,31.49,65.97,67.02,33.19,28.19,938.22,912.55,36.4,42.99,80,73.33,6.67,7.07,115.99,113.28,0.7,0.7,94.2,94.2,73.35,121.77,0,0,64,64,73.75,72.97,521.23,506.97,208.7,252.01,2.37,1.56,314.23,254.31,12.3,11.71,17.24,17.24,458.74,458.74,70.3,33.04,21.81,26.81,57.83,56.84,-65.19,-65.19,90.83,90.83,98.83,98.83,61175.91,59806.48,12478.67,15968.23,216543,176258,521.23,506.97,17.8,16.72,-4.47,-4.47,6000000000,7000000000,57077.12,55560.22,4.32,5,26.17,23.65
Dastanlavia,66,64.89,57.33,48.44,57.33,57.33,3.61,2.91,32.91,32.64,42,42,283.34,262.37,42,43.67,130.5,128.25,4533.45,4198,0,0,1888.94,1749.17,4533.45,4198,4155.67,3848.17,2166.61,2006.29,4155.67,3848.17,3585.21,3319.92,4911.24,4547.83,-7.07,-7.07,1133.36,1049.5,2266.73,2099,1511.15,1399.33,0,0,-8.37,-8.37,1888.94,1749.17,10578.06,9795.33,9.33,9.49,850.02,787.12,850.02,787.12,1133.36,1049.5,283.34,524.75,119.98,119.98,27.72,34.4,12,12,51.46,47.86,24.61,24.28,17.81,18.29,50,50,1,1,50,50,100,100,56.47,57.28,55.13,61.12,69.32,69.59,3.22,4.89,1133.36,1049.5,56.75,59.78,50,43.33,15.34,16.57,88.51,85.8,3.5,3.5,93.16,93.16,546.98,613.07,0,0,64,64,68.28,66.91,755.58,699.67,464.8,476.93,0.39,0.36,158.55,151.88,13.12,12.54,17.16,17.16,515.16,515.16,2.51,2.46,51.78,50.11,52.65,51.41,-62.45,-62.45,80,80,100.2,100.2,47591.82,44332.62,23914.3,25070.35,86284,72871,755.58,699.67,10.87,9.74,94.45,87.46,5000000000,8200000000,40310.27,36973.4,6.73,6.78,12.95,11.58
Even More Pressure,64,62.67,57.33,48.44,57.33,57.33,3.61,2.91,32.87,32.62,42,42,307.6,284.73,45,46,123.75,121.5,-6.32,-6.32,4320.74,3999.53,4921.58,4555.71,-7.75,-7.75,3281.06,3037.14,4759.58,4405.75,4921.58,4555.71,0,0,4511.45,4176.06,-5.48,-5.48,-7.75,-7.75,4921.58,4555.71,410.13,379.64,-7.07,-7.07,-5.48,-5.48,-3.46,-3.46,9843.17,9111.41,9.33,9.49,922.8,854.19,922.8,854.19,1230.4,1138.93,307.6,569.46,119.98,119.98,27.72,34.4,12,12,49.93,46.46,22.81,22.6,20.22,20.47,50,50,1,1,50,50,100,100,56.57,57.37,56.33,62.38,69.35,69.61,2.22,4.11,1230.4,1138.93,63.16,65.87,50,43.33,18.67,19.94,84.69,81.98,3.24,3.24,93.2,93.2,570.34,632.25,0,0,64,64,68.11,66.71,820.26,759.28,493.57,504.53,0.37,0.35,145.93,140.69,12.03,11.44,17.16,17.16,529.45,529.45,2.39,2.35,52.78,50.89,52.66,51.41,92.74,92.74,-50.99,-50.99,100.2,100.2,43839,40864.69,22028.55,23109.22,79480,67171,820.26,759.28,10.75,9.6,102.53,94.91,3100000000,5500000000,35641.11,32732.61,6.87,6.91,14.34,12.81
Indonesian Federal Peoples Republic,48,48,13.67,15.17,4,4,1.2,1.2,29.04,28.67,45.83,45.83,1394.86,1486.84,57,57,96.75,96.75,185.98,198.25,-10.2,-10.2,-7.75,-7.75,557.94,594.74,-10.2,-10.2,2975.7,3171.92,-9.06,-9.06,-7.25,-7.25,-13.08,-13.08,1115.89,1189.47,-10.49,-10.49,1301.87,1387.72,-3.16,-3.16,-14.83,-14.83,-11.4,-11.4,483.55,515.44,185.98,198.25,19.13,19.21,1906.31,2032.01,1766.82,1883.33,1906.31,2032.01,1115.89,1338.15,8.25,8.25,83.12,83.55,15.51,15.51,13.06,12.97,14.69,14.69,27.99,27.99,50,50,2.52,2.52,50,50,132,132,71.47,71.49,98.56,98.8,74.46,75.1,30.42,30.58,1627.34,1734.64,96.99,97.03,-86.33,-86.83,74.31,74.46,-28.77,-29.85,28.66,28.66,91.19,91.19,3751.56,3798.83,-8,-8,64,64,75.71,75.71,1208.88,1288.59,1036.46,1036.41,0.25,0.25,61.24,61.24,9.31,9.3,30.62,30.62,826.26,826.26,1.43,1.43,24.58,24.42,48.07,48.73,-77.78,-77.78,55.23,55.23,112.08,112.08,23638.26,25345.64,21442.99,23054.86,25798,27594,1441.36,1536.4,2.24,2.24,929.91,991.23,49800000000,56200000000,6075.03,6463.14,15.65,15.65,11.16,11.16
Yomon,80.67,76.22,80.67,76.22,80.67,80.67,17.35,11.04,36.94,35.56,42,42,0,0,20,26.67,180,166.5,6435.53,6253.06,5415.75,5262.19,1980.16,1924.02,-5.48,-5.48,1980.16,1924.02,-6.47,-6.47,2970.25,2886.03,7366.21,7157.35,4950.41,4810.05,-4.47,-4.47,-3.16,-3.16,0,0,6435.53,6253.06,-3.16,-3.16,495.04,481,-2,-2,11385.94,11063.11,6.86,7.07,742.56,721.51,742.56,721.51,618.8,601.26,0,360.75,105.17,105.17,5.76,9.06,12,12,84.42,80.15,32.86,31.71,2.67,2.99,50,50,1,1,50,50,100,100,46.85,49.34,27.45,32.88,66.11,67.03,30.53,26.08,1113.84,1082.26,35.41,40.81,80,73.33,8.35,8.79,107.47,104.76,0.69,0.69,94.23,94.23,97.66,145.88,0,0,64,64,73.47,72.68,618.8,601.26,232.8,274.58,1.8,1.31,267.7,224.9,14.79,14.22,17.24,17.24,494.95,494.95,58,9.31,24.47,28.92,57.87,56.85,57.01,57.01,-35.36,-35.36,98.83,98.83,51528.82,50428.56,10510.85,13464.34,182396,148620,618.8,601.26,17.55,16.52,-4.47,-4.47,1700000000,2100000000,47251.93,45990.85,5,5.39,24.93,22.5
Anonymous Endorsing Agent,76.17,76,35.56,42.89,50.22,50.22,1.35,1.35,26.62,26.17,42,42,2165.01,2383.34,26.75,27,166.5,164.25,2639.24,2905.41,-8.76,-8.76,-10.49,-10.49,-3.1,-3.1,-8.38,-8.38,-9.72,-9.72,-10.77,-10.77,-7.04,-7.04,1237.15,1361.91,2226.86,2451.44,-5.1,-5.1,-7.48,-7.48,-5.1,-5.1,-12.49,-12.49,4494.96,4948.27,-4.18,-4.18,2639.24,2905.41,13.04,13.15,1134.05,1248.42,3608.34,3972.24,1855.72,2042.87,1030.96,1475.4,119.98,119.98,73.9,74.31,12,12,31.27,31.05,33.98,33.94,2.45,2.46,52.16,52.16,4.48,4.48,50,50,157,157,63.86,63.91,99.69,99.91,79.37,80.48,16.75,16.83,1855.72,2042.87,67.15,67.41,29.67,29.17,62.63,63.26,36.75,35.67,3.33,3.33,93.18,93.18,630.18,636.39,0,0,62,62,53.9,53.81,824.76,907.94,1019.72,1020.01,0.33,0.33,216.57,211.58,9.7,9.7,17.16,17.16,936.29,936.29,1.49,1.49,38.25,38.17,54.31,56.02,-81.98,-81.98,34.93,34.93,101.04,101.04,28124.45,31301.24,23973.41,26759.19,32440,36011,2061.91,2269.85,2.78,2.78,309.29,340.48,3354500000000,4079500000000,10518.55,11487.56,4.53,4.62,11.21,11.21
Menorah,66.13,66,38.89,46,67.33,67.33,1.66,1.64,28.31,27.88,45.34,45.34,629.7,681.13,41.8,42,132.75,130.5,2644.75,2860.75,3929.34,4250.26,5163.56,5585.27,2380.28,2574.67,3589.3,3882.45,-8.85,-8.85,1700.2,1839.05,-5.2,-5.2,346.34,374.62,755.64,817.36,-11.22,-11.22,-5.66,-5.66,4848.71,5244.71,755.64,817.36,163.72,177.09,345.08,373.26,9508.51,10285.08,10.3,10.44,1416.83,1532.54,1574.26,1702.83,708.42,766.27,236.14,510.85,439.84,439.84,60.35,60.84,15.9,15.9,42.71,42.32,32.72,32.68,2.71,2.72,52.16,52.16,3.3,3.3,50.99,50.99,136,136,64.2,64.25,95.43,95.79,75.77,76.6,11.85,12.01,944.55,1021.7,75.85,76.11,34.17,33.5,22.08,22.76,75.25,74.14,1.26,1.26,93.59,93.59,591.24,598.21,-4,-4,64,64,61.12,58.31,157.43,170.28,1024.82,1025.03,0.36,0.36,81.54,80.66,9.95,9.95,16.07,16.07,796.88,796.88,1.47,1.47,43.15,42.99,53.89,55.27,51.19,51.19,74.7,74.7,102.24,102.24,40230.44,43771.52,30789.96,33645.27,51022,55303,1889.11,2043.39,2.74,2.73,0,0,564600000000,719400000000,31339.51,33791.61,12.11,12.14,12.77,12.53
The Third Smallest Island,69.33,69.33,18,18,62.67,62.67,1.45,1.45,35.11,35.11,42,42,200.09,200.09,37,37,141.75,141.75,-3.16,-3.16,1671.46,1671.46,1867.55,1867.55,1867.55,1867.55,-6.32,-6.32,1546.06,1546.06,2401.14,2401.14,-4.97,-4.97,266.79,266.79,1333.96,1333.96,-6.32,-6.32,-7.75,-7.75,1333.96,1333.96,0,0,1600.76,1600.76,426.87,426.87,4268.68,4268.68,9.27,9.27,600.28,600.28,600.28,600.28,733.68,733.68,200.09,200.09,119.98,119.98,68.84,68.84,12,12,33.05,33.05,27.43,27.43,12.78,12.78,50,50,1,1,50,50,100,100,59.89,59.89,78.7,78.7,67.36,67.36,16.89,16.89,800.38,800.38,65.16,65.16,18,18,26.91,26.91,71.6,71.6,2.35,2.35,93.34,93.34,738.53,738.53,0,0,64,64,53.41,53.41,533.59,533.59,488.71,488.71,0.35,0.35,180.87,180.87,9.75,9.75,17.16,17.16,516.21,516.21,2.41,2.41,38.11,38.11,44.88,44.88,-20,-20,62.45,62.45,100.2,100.2,21919.7,21919.7,17993.78,17993.78,26140,26140,533.59,533.59,4.29,4.29,66.7,66.7,2297100000000,2301100000000,16023.3,16023.3,6.5,6.5,8.18,8.18
Jeruselem,67.56,67.56,92.38,94.24,45.56,45.56,1.32,1.31,19.08,19.06,38.06,38.06,17299.16,17362.65,39.67,39.67,149.25,149.25,-18.97,-18.97,-15.49,-15.49,-14,-14,-12.25,-12.25,-16.76,-16.76,-13.56,-13.56,-19.18,-19.18,-26.97,-26.97,-20.57,-20.57,-19.49,-19.49,-25.3,-25.3,-20.42,-20.42,-18.44,-18.44,-25.34,-25.34,-8.57,-8.57,-27.14,-27.14,0,0,29.82,29.87,10959.15,10999.38,14582.01,14635.53,9057.15,9090.39,2264.29,2545.31,1074.08,1074.08,75.97,76.32,18.02,18.02,25.79,25.62,87.72,87.72,0.86,0.86,52.64,52.64,13.8,13.8,58.65,58.65,539,539,91.29,91.3,122.97,123.02,92.38,92.39,14.78,14.92,9781.72,9817.62,111.31,111.32,27.14,26.71,81.19,81.32,-159.18,-160.25,0.67,0.67,94.31,94.31,796.53,800.52,1,1,123,123,42.73,42.61,-10.49,-10.49,1534.77,1534.75,0.14,0.14,91.27,91.27,7.16,7.15,13.16,13.16,3567.24,3567.24,0.53,0.53,40.22,40.08,81.3,82.41,-144.91,-144.91,105.83,105.83,91.29,91.29,80518.06,81086.31,69644.98,70309.38,91677,92122,13042.3,13090.17,1.77,1.77,-4.47,-4.47,729200000000,738100000000,15137.4,15163.14,19.53,19.53,150.58,150.45
West Aclar,70.67,70.4,65.11,68.67,45.33,45.33,1.84,1.83,27.26,27.07,41.43,41.43,1158.84,1191.1,35,35.4,146.25,146.25,1622.37,1667.54,-6.2,-6.2,4017.3,4129.15,2626.69,2699.83,3244.74,3335.09,-7.43,-7.43,6334.97,6511.36,-4.58,-4.58,231.77,238.22,4712.6,4843.82,-12.17,-12.17,-7.75,-7.75,4326.32,4446.78,1622.37,1667.54,130.56,134.2,4086.5,4184.4,11974.64,12308.05,11.05,11.18,96.57,99.26,2317.67,2382.2,1545.11,1588.14,579.42,893.33,910.2,910.2,54.26,54.72,14.16,14.16,44.41,44.12,26.58,26.5,14.58,14.73,46.97,46.97,3.93,3.93,51.96,51.96,149,149,62.3,62.33,89.81,90.25,77.91,78.33,8.7,8.34,1834.82,1885.91,58.03,58.36,50.67,50,23.81,24.46,72.99,71.87,5.63,5.63,92.89,92.89,557.3,565.63,0,0,65,65,68.18,67.93,289.71,297.78,1054.52,1055.19,0.34,0.33,114.54,113.5,9.89,9.88,13.91,13.91,853.27,853.27,1.36,1.36,46.3,46.66,57.87,59.12,30.82,30.82,65.19,65.19,98.83,98.83,53065.85,54825.3,38369.34,39823.35,70719,72774,869.13,893.33,3.04,3.03,96.57,99.26,797600000000,880000000000,40436.18,41393.1,9.5,9.5,17.01,16.7
Tingus Pingus is him,56.67,56.67,26.67,27.83,60,60,1.46,1.45,30.64,30.44,43.68,43.68,1112.89,1131.84,50.5,50.5,112.5,112.5,-2.83,-2.83,-4.73,-4.73,2409.08,2450.1,2880.42,2929.47,2042.48,2077.26,-8.2,-8.2,3351.77,3408.83,1047.43,1065.26,523.71,532.63,2932.8,2982.73,-6.93,-6.93,602.27,612.52,2409.08,2450.1,-6.16,-6.16,-6.48,-6.48,-8.69,-8.69,5760.85,5858.93,13.3,13.42,720.11,732.37,1047.43,1065.26,1047.43,1065.26,589.18,798.95,644.28,644.28,68.31,68.97,15.09,15.09,36.34,35.86,27.62,27.62,12.31,12.31,51,51,2.52,2.52,51.48,51.48,139,139,64,64.03,97.82,98.25,72.01,72.29,9.18,9.45,1963.93,1997.36,47.23,47.28,26.67,25.83,41.34,41.98,46.15,45.01,2.55,2.55,93.31,93.31,800.96,808.75,-4,-4,64,64,52.8,52.52,720.11,732.37,1024.16,1024.05,0.33,0.33,186.7,186.7,9.92,9.91,15.15,15.15,815.94,815.94,1.48,1.48,45.82,45.55,49.97,50.28,-47.96,-47.96,83.07,83.07,104.46,104.46,33022.76,33784.73,26998.71,27761.75,39521,40253,1571.14,1597.89,2.76,2.76,-10,-10,744300000000,887500000000,19384.36,19595.15,14.71,14.71,10.52,10.33
Te Punga,77.07,76.13,76,76.67,77.33,77.33,6.79,5.37,32.49,31.6,39.43,39.43,86.22,86.65,25.4,26.8,168.75,166.5,6276.7,6308.34,2565.86,2578.79,1793.34,1802.38,1793.34,1802.38,2483.09,2495.61,-8.34,-8.34,538,540.71,2672.77,2686.24,4345.41,4367.31,3517.71,3535.44,6621.58,6654.95,6656.06,6689.61,3517.71,3535.44,3172.84,3188.83,5931.83,5961.72,4593.72,4616.87,8608.05,8651.43,6.16,6.4,-7.75,-7.75,1034.62,1039.84,86.22,86.65,603.53,866.53,8.99,8.99,14.73,18.61,11.33,11.33,76.15,72.74,34.51,34.28,2.36,2.4,51.62,51.62,2.52,2.52,51.48,51.48,115,115,46.21,47.94,24.73,28.36,69.76,70.77,22.11,19.98,431.09,433.26,37.97,39.93,65,60,4.93,5.12,126.39,124.05,0.73,0.73,94.04,94.04,197.84,228.6,0,0,64,64,72.86,72.17,258.66,259.96,311.37,339.14,1.48,1.32,288.92,282.33,13.43,12.99,26.67,26.67,561.78,561.78,4.23,3.62,32.89,35.02,57.22,57.78,-12.25,-12.25,52.44,52.44,94.38,94.38,69467.92,70077.98,24538.42,28240.38,166574,151722,258.66,259.96,17.79,17.11,-9.49,-9.49,114600000000,133300000000,66063.99,66504,2.49,2.54,17.81,16.24
Constitution of Athens,57.33,57.33,57.33,57.33,57.33,57.33,3.61,3.61,32.54,32.54,42,42,883.34,883.34,50,50,112.5,112.5,4475.58,4475.58,659.56,659.56,3690.39,3690.39,157.04,157.04,219.85,219.85,1507.56,1507.56,-6.78,-6.78,687.04,687.04,-2.45,-2.45,2120.01,2120.01,4082.98,4082.98,-8.72,-8.72,2120.01,2120.01,2905.2,2905.2,4082.98,4082.98,2763.86,2763.86,8165.96,8165.96,9.64,9.64,883.34,883.34,883.34,883.34,1177.78,1177.78,294.45,294.45,119.98,119.98,27.72,27.72,12,12,49.93,49.93,24.52,24.52,17.95,17.95,50,50,1,1,50,50,120,120,56.72,56.72,57.19,57.19,69.71,69.71,0.52,0.52,1177.78,1177.78,82.11,82.11,50,50,18.51,18.51,84.34,84.34,3.24,3.24,93.2,93.2,610.35,610.35,0,0,64,64,67.77,67.77,785.19,785.19,765.12,765.12,0.32,0.32,126.75,126.75,9.94,9.94,17.16,17.16,678.04,678.04,1.78,1.78,54.48,54.48,52.78,52.78,64.03,64.03,24.49,24.49,100.2,100.2,45792.21,45792.21,23010.02,23010.02,83022,83022,785.19,785.19,10.54,10.54,98.15,98.15,636900000000,638200000000,37320.65,37320.65,7.09,7.09,15.11,15.11
MTF Alpha-1,73.67,73.17,35.56,40.22,65.78,65.78,1.41,1.41,26.63,26.31,42,42,1544.4,1639.72,30.5,31.25,157.5,155.25,-8.49,-8.49,1026.43,1089.78,-10.1,-10.1,1520.64,1614.49,-9.85,-9.85,-10.81,-10.81,-11.05,-11.05,-7.35,-7.35,-11.09,-11.09,-4.69,-4.69,-9.59,-9.59,-9.59,-9.59,1805.76,1917.21,-7.87,-7.87,2423.51,2573.1,2404.14,2522.25,0,0,11.62,11.75,1306.8,1387.45,4039.19,4288.49,1306.8,1387.45,831.6,1261.32,119.98,119.98,70.68,71.08,12,12,40.19,39.91,29.69,29.56,5.27,5.63,50,50,4.21,4.21,50,50,138,138,60.59,60.65,87.52,88.03,79.34,80.12,14.96,14.88,1306.8,1387.45,70.97,71.72,33.67,33.17,59.79,60.55,47.81,46.71,1.3,1.3,93.58,93.58,525.37,534.85,0,0,64,64,55.62,55.5,950.4,1009.06,776.01,778.96,0.34,0.34,203.82,197.61,9.62,9.61,17.16,17.16,793.86,793.86,1.76,1.76,40.04,40.12,52.83,53.98,-85.44,-85.44,46.9,46.9,101.04,101.04,25218.43,27123.07,20994.45,22647.54,29703,31862,1188,1261.32,3.6,3.58,356.4,378.4,13459300000000,15149000000000,10137.81,10713.61,5.99,6.04,12.76,12.76
The King of Boats in Paper Crowned,73.83,73.67,22,25.5,26.67,26.67,1.33,1.32,28.39,28,42,42,2254.24,2439.88,30.25,30.5,157.5,157.5,-8.83,-8.83,-8.85,-8.85,-10.86,-10.86,-5.9,-5.9,720.02,779.31,4915.9,5320.74,-9.9,-9.9,-4.58,-4.58,-8.12,-8.12,-11.31,-11.31,-13.34,-13.34,-2.83,-2.83,-8.25,-8.25,-11.31,-11.31,-8.37,-8.37,11.22,12.15,0,0,13.67,13.78,834.9,903.66,2337.73,2530.24,2087.26,2259.14,834.9,1174.75,135.9,135.9,75.26,75.67,12,12,22.7,22.47,27.67,27.63,12.16,12.28,52.16,52.16,3.93,3.93,50,50,168,168,64.75,64.77,97.66,97.91,75.61,76.37,24.21,24.3,1753.29,1897.68,66.15,66.37,22,21.5,72.74,73.31,28.65,27.57,10.38,10.38,92.43,92.43,894.44,901.84,0,0,64,64,51.32,51.26,918.39,994.02,1044.55,1044.62,0.31,0.3,200.27,199.58,9.48,9.48,17.09,17.09,1058.54,1058.54,1.4,1.4,30.79,30.7,50.45,51.59,-76.88,-76.88,3.16,3.16,100.62,100.62,21259.82,23281.69,18298.25,20096.38,24313,26557,1920.28,2078.41,2.68,2.67,166.98,180.73,2788000000000,3373800000000,5803.93,6216.21,5.51,5.51,14.28,14.28
Penguindon,51,51,67.67,71.33,64,64,1.79,1.78,26.53,26.4,41.43,41.43,1739.06,1771.88,54.75,54.75,103.5,103.5,4746.62,4836.19,294.62,300.18,1964.12,2001.18,2635.19,2684.92,-7.9,-7.9,-9.67,-9.67,3191.69,3251.92,-8.83,-8.83,163.68,166.77,-6.63,-6.63,245.51,250.15,1800.44,1834.42,4746.62,4836.19,1473.09,1500.89,3969.16,4044.06,384.97,392.23,9902.43,10089.3,12.85,12.96,409.19,416.91,2762.04,2814.16,2045.96,2084.57,1227.57,1563.42,923.69,923.69,55.78,56.13,14.16,14.16,45.39,45.16,29.28,29.28,6.44,6.44,50,50,3.93,3.93,51.96,51.96,161,161,66.11,66.13,103.68,103.8,79.57,79.9,4.28,4.44,2045.96,2084.57,69.94,69.98,48.5,48,36.84,37.46,54.17,53.09,1.51,1.51,93.52,93.52,620.57,624.68,-8,-8,65,65,66.65,66.33,613.79,625.37,1095.66,1095.62,0.29,0.29,39.7,39.7,9.75,9.75,13.85,13.85,951.62,951.62,1.2,1.2,50.72,50.56,59.8,61.02,-44.94,-44.94,66.48,66.48,106.18,106.18,52184.49,53481.94,38294.59,39379.74,68656,70156,1227.57,1250.74,2.55,2.55,409.19,416.91,205600000000,223900000000,32980.6,33426.22,14.32,14.32,22.82,22.43
The Wille-Harlians,51.67,51.67,50.67,46.67,72,72,3.04,2.59,29.33,29.18,43.68,43.68,464.69,446.69,54.25,54.25,103.5,103.5,-7.35,-7.35,267.66,257.3,-6.63,-6.63,-6.78,-6.78,1933.12,1858.24,2736.1,2630.13,-2.28,-2.28,1672.89,1608.09,111.53,107.21,-2,-2,4312.33,4145.31,-5.83,-5.83,4684.09,4502.66,-8.6,-8.6,4907.14,4717.08,2893.59,2567.1,0,0,10.72,10.86,1487.01,1429.42,1579.95,1518.76,1301.14,1250.74,464.69,714.71,994.99,994.99,32.94,38.6,13.62,13.62,52.79,49.76,29.43,29.43,5.98,5.98,50,50,2.52,2.52,50,50,110,110,60.66,61.16,90.66,94.75,73.97,74.22,9.33,11,836.44,804.05,86.42,87.54,45,40,24.94,26.16,74.55,72.1,0.79,0.79,93.84,93.84,548.91,588.18,0,0,64,64,65.96,64.25,650.57,625.37,736.49,743.26,0.27,0.26,54.29,54.29,9.88,9.83,13.52,13.52,602.94,602.94,1.82,1.81,45.67,44,53.82,53.23,-26.46,-26.46,-38.73,-38.73,100.2,100.2,43306.86,41683.1,23915.73,25092.81,72612,65002,1115.26,1072.06,3.57,3.35,92.94,89.34,784800000000,1214400000000,32523.45,30762.13,6.82,6.82,13.46,12.26
Roilandax,72.67,72.5,70.67,74.22,7,7,2.06,2.04,29.02,28.77,38.75,38.75,1251.03,1281.62,32,32.25,153,153,2638.54,2703.06,2620.35,2684.42,-8.72,-8.72,-5.02,-5.02,7460.71,7643.14,-9.84,-9.84,6277.92,6431.42,-10.68,-10.68,2456.58,2516.64,-1.41,-1.41,-11.05,-11.05,4503.72,4613.85,4458.23,4567.24,-8.49,-8.49,3639.37,3728.36,-7.1,-7.13,8916.46,9134.49,8.43,8.6,-8.94,-8.94,1592.23,1631.16,796.11,815.58,682.38,1048.6,8.96,8.96,48.6,49.04,10.55,10.55,23.15,23.01,22.54,22.49,20.54,20.61,48.6,48.6,3.3,3.3,51.48,51.48,147,147,56.81,56.85,45.77,46.22,74.5,74.92,23.11,22.8,2274.61,2330.23,19.8,19.94,57,56.33,14.94,15.7,87.97,86.86,22.41,22.41,91.57,91.57,765.62,774,-4,-4,62,62,70.05,69.99,227.46,233.02,721.41,725.66,1.34,1.33,217.9,217.18,12.19,12.13,26.78,26.78,857.56,857.56,1.84,1.83,31.89,32.2,58.73,60.21,-59.5,-59.5,-16.12,-16.12,98.34,98.34,49245.25,50798.93,33565.17,34792.63,69067,70949,909.84,932.09,10.42,10.36,-10.49,-10.49,734600000000,810400000000,41907.71,42823.5,14.48,14.48,14.61,14.61
3rd Vi Guard,91,82,74.89,75.33,97,97,4.22,3.96,36.11,34.9,42,42,616.43,615.29,9,18,204.75,184.5,1109.57,1107.53,-5.06,-5.06,1109.57,1107.53,4191.69,4184,-3.63,-3.63,-8.05,-8.05,-1.41,-1.41,2157.49,2153.53,6040.97,6029.88,-9.06,-9.06,-6.48,-6.48,-4.69,-4.69,6657.4,6645.17,3575.27,3568.7,-7.87,-7.87,6830,6817.45,2219.13,2215.06,5.66,5.74,616.43,615.29,616.43,615.29,154.11,153.82,-4.47,153.82,95.92,95.92,23.71,25.27,12,12,94.72,92.16,37.42,35.96,2.02,2.17,50,50,1,1,50,50,120,120,51.82,52.6,39.78,43.68,66.64,67.53,38.24,34.13,1078.74,1076.76,36.22,42.14,75.33,72,9.6,9.77,99.36,98.47,1.16,1.16,93.63,93.63,36.47,65.13,0,0,64,64,72.38,71.85,462.32,461.47,289.14,322.83,1.93,1.39,334.96,266.58,14.84,14.56,17.29,17.29,685.78,685.78,5.07,3.94,16.76,20.87,55.96,56.26,-51.48,-51.48,59.58,59.58,97.83,97.83,38329.34,38412.78,17670.91,18346.4,74542,72594,462.32,461.47,15.38,14.84,-6.32,-6.32,60100000000,66000000000,34649.72,34648.33,3.56,4.24,22.09,20.59
Sophist-,57.33,57.33,57.33,57.33,57.33,57.33,3.61,3.61,32.71,32.71,42,42,316.81,316.81,50,50,112.5,112.5,2956.92,2956.92,4800.78,4800.78,0,0,2872.44,2872.44,3379.34,3379.34,-3.01,-3.01,2112.09,2112.09,5377.38,5377.38,-6.32,-6.32,-5.48,-5.48,-5.48,-5.48,-8.37,-8.37,3379.34,3379.34,-6.32,-6.32,-2.65,-2.65,5107.96,5107.96,5069.01,5069.01,9.54,9.54,950.44,950.44,950.44,950.44,1267.25,1267.25,316.81,316.81,119.98,119.98,27.72,27.72,12,12,49.93,49.93,24.68,24.68,17.7,17.7,50,50,1,1,50,50,98,98,57.27,57.27,60.37,60.37,69.53,69.53,0.56,0.56,1267.25,1267.25,66.64,66.64,50,50,21.08,21.08,81.93,81.93,3.24,3.24,93.2,93.2,610.35,610.35,0,0,64,64,67.93,67.93,844.84,844.84,508.72,508.72,0.32,0.32,125.96,125.96,11.96,11.96,17.16,17.16,521.28,521.28,2.33,2.33,54.44,54.44,53.45,53.45,-64.81,-64.81,64.81,64.81,100.2,100.2,42553.19,42553.19,21382.45,21382.45,77149,77149,1267.25,1267.25,9.75,9.75,105.6,105.6,656000000000,657200000000,33574.46,33574.46,7.09,7.09,14.4,14.4
Dynomo,79.33,75.11,39.11,38.44,46.67,46.67,1.49,1.48,28.43,28.43,42,42,1368.02,1347.57,22,28.33,175.5,162,156.35,154.01,2532.79,2494.93,2501.53,2464.13,2423.35,2387.12,2055.94,2025.2,-9.3,-9.3,-8.72,-8.72,684.01,673.78,-8.66,-8.66,-4,-4,-10.3,-10.3,4064.98,4004.21,-9.27,-9.27,-8.12,-8.12,1954.32,1925.1,3878.48,3739.64,2657.87,2618.14,11.36,11.49,781.73,770.04,2442.9,2406.37,1758.88,1732.59,390.86,673.78,119.98,119.98,67.02,67.41,12,12,39.22,38.97,29.39,28.23,6.11,10.09,50,50,2.93,2.93,50,50,137,137,61.38,61.55,87.8,88.76,75.54,75.54,17.07,15.13,1758.88,1732.59,67.1,72.28,36.33,35.83,39.41,40.21,57.23,56.11,5.63,5.63,92.89,92.89,559.9,614.43,0,0,64,64,57.4,56.7,781.73,770.04,824.11,848.7,0.39,0.34,256.32,215.19,9.97,9.97,17.16,17.16,819.76,819.76,1.71,1.68,37.93,39.87,52.48,52.26,-25.5,-25.5,62.05,62.05,99.76,99.76,33404.29,33112.81,27033.66,26880.13,40338,39878,1074.87,1058.8,3.28,3.23,0,0,14688000000000,15121600000000,20243,19801.46,6.73,7,12.8,12.56
Nuutste,70.83,70,64.56,67.11,68.67,68.67,2.17,2.11,28.35,28.08,46.76,46.76,576.35,584.08,34.75,36,148.5,144,3504.19,3551.21,-5.93,-5.93,-7.35,-7.35,1678.32,1700.84,3504.19,3551.21,-6.13,-6.13,3227.55,3270.85,1498.5,1518.61,2397.61,2429.78,6731.74,6822.06,-8,-8,1982.64,2009.24,-6.63,-6.63,-9.7,-9.7,3596.41,3644.66,2404.97,2348.46,6731.74,6822.06,8.43,8.6,1959.58,1985.87,1729.04,1752.24,230.54,233.63,576.35,934.53,8.34,8.34,46.1,47.5,16.66,16.66,50.12,48.96,32.82,32.61,2.68,2.73,51,51,2.52,2.52,50.5,50.5,129,129,61.3,61.46,82.21,83.95,75.69,76.21,10.33,10.64,1152.7,1168.16,50.2,51.22,47.83,45.67,17.12,18.03,85.4,84,1.06,1.06,93.67,93.67,423.29,446.76,-8,-8,64,64,66.88,66.32,115.27,116.82,802.69,807.37,0.49,0.47,212.2,200.3,11.98,11.79,30.1,30.1,735.92,735.92,1.73,1.73,44.67,44.36,57.33,58.39,-75.3,-75.3,54.5,54.5,104.81,104.81,44519.86,45378.85,29495.33,30553.59,63982,64319,1729.04,1752.24,3.3,3.25,-5.48,-5.48,231000000000,310100000000,36906.97,37210.65,12.52,12.57,15.61,15.03
Machinatia,45.67,45.67,68.33,72,65.33,65.33,1.82,1.8,26.62,26.49,40.11,40.11,1826.89,1859.6,58.75,58.75,94.5,94.5,-7.35,-7.35,-4.38,-4.38,1918.24,1952.58,4201.85,4277.08,4293.2,4370.06,-7.59,-7.59,8769.09,8926.08,-10.75,-10.75,1598.53,1627.15,274.03,278.94,274.03,278.94,2923.03,2975.36,-3.74,-3.74,-7.35,-7.35,3516.77,3579.73,-10.95,-10.95,10687.32,10878.66,12.25,12.37,228.36,232.45,2968.7,3021.85,1941.07,1975.82,1255.99,1627.15,919.19,919.19,55.07,55.42,13,13,47.41,47.17,27.39,27.39,12.87,12.87,47.8,47.8,3.93,3.93,51.96,51.96,153,153,65.39,65.41,102.75,102.88,79.36,79.68,5.93,6.1,2169.44,2208.27,61.32,61.35,49.5,49,38.94,39.61,55.36,54.28,1.26,1.26,93.59,93.59,628.8,632.94,-8,-8,67,67,67.1,66.8,570.9,581.12,1067.59,1067.54,0.3,0.3,37.28,37.28,10.85,10.81,13.87,13.87,903.32,903.32,1.31,1.31,49.07,48.9,59.62,60.83,-58.74,-58.74,74.5,74.5,104.1,104.1,47453.54,48651.77,34586.79,35581.15,62802,64197,1255.99,1278.47,2.61,2.61,799.27,813.57,191000000000,211400000000,28994.11,29385.67,15.4,15.4,21.29,20.92
Lithium Defense Force,57.33,57.33,57.33,57.33,57.33,57.33,3.61,3.61,32.79,32.79,42,42,337.57,337.57,50,50,112.5,112.5,900.19,900.19,5412.38,5412.38,-3.16,-3.16,-4.47,-4.47,-7.07,-7.07,-7.02,-7.02,4050.85,4050.85,0,0,4500.94,4500.94,1350.28,1350.28,4050.85,4050.85,5401.13,5401.13,1350.28,1350.28,-6.32,-6.32,-7.75,-7.75,-3.46,-3.46,4951.04,4951.04,9.33,9.33,1012.71,1012.71,1012.71,1012.71,1350.28,1350.28,337.57,337.57,119.98,119.98,27.72,27.72,12,12,49.93,49.93,21.72,21.72,21.52,21.52,50,50,1,1,50,50,100,100,56.72,56.72,57.19,57.19,69.43,69.43,0.56,0.56,1350.28,1350.28,60.62,60.62,50,50,22.64,22.64,81.07,81.07,3.24,3.24,93.2,93.2,610.35,610.35,0,0,64,64,67.88,67.88,900.19,900.19,485.74,485.74,0.34,0.34,126.07,126.07,12.37,12.37,17.16,17.16,502.18,502.18,2.42,2.42,54.44,54.44,52.69,52.69,10,10,-24.49,-24.49,100.2,100.2,39957.12,39957.12,20077.96,20077.96,72443,72443,900.19,900.19,10.54,10.54,112.52,112.52,501200000000,502900000000,30926.81,30926.81,7.09,7.09,13.84,13.84
Cynfin,75.9,75.9,71.22,74.89,66.33,66.33,1.39,1.38,19.91,19.82,45.83,45.83,11617.57,11924.05,27.14,27.14,164.25,164.25,-24.04,-24.04,-15.7,-15.7,-16.97,-16.97,-14.24,-14.24,-18.53,-18.53,-14.25,-14.25,-20.25,-20.25,-23.84,-23.84,-20.02,-20.02,-21.4,-21.4,-24.66,-24.66,-17.55,-17.55,-18.38,-18.38,-24.98,-24.98,-8.22,-8.22,-26.64,-26.64,0,0,33.11,33.15,12472.86,12801.89,13755.78,14118.65,6485.89,6656.98,3136.03,3438.22,246.94,246.94,72.15,72.55,15.51,15.51,28.78,28.58,82.44,82.44,0.9,0.9,48.6,48.6,8.85,8.85,50,50,434,434,92.44,92.45,122.91,122.97,91.75,91.82,17.2,17.36,7483.71,7681.13,106.19,106.2,-68.17,-68.67,88.25,88.38,-213.75,-214.84,0.78,0.78,93.85,93.85,507.73,511.44,0,0,109,109,77.89,77.89,1924.38,1975.15,1472.81,1472.79,0.18,0.18,246.58,246.58,8.39,8.39,16.66,16.66,3148.72,3148.72,0.57,0.57,37.8,37.64,73.07,74.43,-142.34,-142.34,76.55,76.55,110,110,78115.72,80395.86,65744.16,67863.18,91124,93539,10263.38,10534.13,1.76,1.76,2494.57,2560.38,587800000000,608500000000,9217.65,9325.92,16.41,16.41,135.54,135.54
Frawley,76.5,76.5,99.13,99.32,72,72,1.67,1.66,22.96,22.93,11.6,11.6,821.67,821.27,26.25,26.25,200.5,200.5,9334.14,9329.63,9360.43,9355.91,4469.87,4467.71,17975.89,17967.2,8632.98,8628.81,-9.25,-9.25,7576.87,7573.21,10024.34,10019.5,1380.4,1379.73,7362.14,7358.58,6047.47,6044.55,4443.58,4441.43,4513.69,4511.51,3304.2,3302.6,12769.8,12763.63,2780.43,2774.16,21380.88,21370.54,20.37,20.45,-26.83,-26.83,7340.23,7336.68,3505.78,3504.09,3615.34,3777.84,9.84,9.84,59.83,60.1,0.29,0.29,98,97.56,83.7,83.7,0.89,0.89,56.66,56.66,1,1,35.59,35.59,138,138,64.19,64.21,119.73,119.79,90.1,90.11,14.95,15.08,766.89,766.52,6.22,6.22,47.88,47.5,9.52,9.66,106.27,105.2,0.63,0.63,94.52,94.52,336.49,338.76,-14,-14,78,78,71.93,71.88,712.11,711.77,1035.64,1035.61,0.68,0.68,225.25,225.25,14.92,14.89,22.94,22.94,1384.32,1384.32,1.43,1.43,40.05,39.92,89.55,89.56,-247.3,-247.3,275.4,275.4,18.72,18.72,142469.12,142559.59,108535.25,108870.13,181417,181144,5970.78,5967.9,2.74,2.74,-6.32,-6.32,17107600000000,17598300000000,128934.56,128731.31,0.57,0.57,71.81,71.81
Haven and Sanctuary WA Puppet,76.67,76.67,64.89,68.56,62.67,62.67,1.46,1.45,21.65,21.55,42,42,6490.33,6653.37,26,26,166.5,166.5,0,0,-6.93,-6.93,-8.12,-8.12,-7.35,-7.35,-2.79,-2.79,-11.31,-11.31,-13.04,-13.04,-13.42,-13.42,-9.49,-9.49,-5.48,-5.48,-18.17,-18.17,-3.16,-3.16,-12.25,-12.25,-18.17,-18.17,-7.07,-7.07,-14.11,-14.11,0,0,17.06,17.15,1457.01,1493.61,13113.11,13442.52,2384.2,2444.09,1986.84,2444.09,105.17,105.17,68.58,68.97,12,12,31.32,31.13,43.63,43.63,1.62,1.62,50,50,7.73,7.73,50,50,256,256,66.89,66.91,105.06,105.16,90.71,90.76,14.52,14.69,2516.66,2579.88,79.55,79.59,36.33,35.83,54.37,54.9,15.06,13.98,0.98,0.98,93.7,93.7,499.28,502.97,0,0,66,66,54.35,54,662.28,678.92,1152.85,1152.82,0.3,0.3,215.18,215.18,9.13,9.12,17.24,17.24,1564.86,1564.86,1.03,1.03,40.48,40.31,65.32,66.45,-69.64,-69.64,39.37,39.37,101.04,101.04,38544.61,39920.21,31577.17,32803.42,46047,47563,5960.51,6110.24,2.49,2.49,397.37,407.35,891100000000,1001900000000,17576.34,18004.01,7.06,7.06,35.66,35.13
C123po,67.56,67.44,47.11,54.44,60.89,60.89,1.39,1.39,23.09,22.85,42,42,2930.65,3126.37,39.67,39.83,137.25,137.25,-11.66,-11.66,-9.21,-9.21,105.88,112.95,3917.62,4179.24,-7.21,-7.21,-8.63,-8.63,-11.66,-11.66,-15.15,-15.15,794.11,847.14,2798.3,2985.17,-6.78,-6.78,-6,-6,1663.85,1774.97,-14,-14,5377.27,5736.38,-15.2,-15.2,105.88,112.95,16.34,16.43,1890.74,2017.01,8130.19,8673.14,1796.2,1916.16,1134.44,1512.76,12.97,12.97,71.75,72.15,12,12,30.89,30.69,40.24,40.21,1.8,1.8,50,50,6.85,6.85,50,50,201,201,67.15,67.17,104.48,104.6,90.05,90.15,10.61,10.72,2079.82,2218.71,76.6,76.77,32.33,31.83,68.34,68.52,7.47,6.39,1.3,1.3,93.58,93.58,648.92,654.53,-4,-4,62,62,52.62,52.34,661.76,705.95,1093.19,1093.21,0.32,0.32,87.47,87.02,9.31,9.3,18.69,18.69,1191.99,1191.99,1.21,1.21,44.39,44.28,61.11,62.25,-89.94,-89.94,90.72,90.72,104.81,104.81,39898.43,42865.49,33480.27,36076.68,46664,50004,3119.72,3328.07,2.47,2.47,472.69,504.25,873900000000,1039700000000,12647.8,13502.63,14.11,14.11,17.52,17.2
The Voidian Steel Guard,40.44,40.44,21.83,25.33,57.33,57.33,1.24,1.24,29.62,29.16,43.68,43.68,1678.29,1815.64,62.67,62.67,85.5,85.5,854.4,924.32,1391.46,1505.33,1037.49,1122.39,-6.78,-6.78,-5.66,-5.66,-10.99,-10.99,2258.07,2442.86,-12.31,-12.31,-4.9,-4.9,-11.92,-11.92,-3.46,-3.46,-4.69,-4.69,-7.87,-7.87,-13.11,-13.11,222.15,240.32,273.41,295.78,4149.97,4489.57,14.76,14.87,1220.58,1320.46,1602.01,1733.11,2212.3,2393.34,915.43,1237.93,13.4,13.4,80.41,80.84,13.62,13.62,29.76,29.49,25.25,25.25,16.85,16.85,50,50,2.52,2.52,50,50,144,144,68.24,68.26,106.16,106.26,73.51,74.25,14.14,14.31,3051.45,3301.16,58.22,58.26,21.83,21.33,69.39,69.57,18.26,17.18,2.35,2.35,93.34,93.34,987.88,993.07,-4,-4,62,62,50.32,50.26,991.72,1072.88,1049.5,1049.46,0.26,0.26,83.52,83.52,9.86,9.86,18.53,18.53,895.17,895.17,1.38,1.38,40.86,40.69,49.59,50.72,48.99,48.99,-26.46,-26.46,106.18,106.18,22667.36,24769.89,20205.15,22140.92,25128,27390,1830.87,1980.69,2.4,2.4,-8.37,-8.37,131100000000,160800000000,6936.21,7530.05,16.17,16.17,8.77,8.77
Sparkling Nacortuine,75,74.83,66.67,70.33,64.67,64.67,1.67,1.66,27.01,26.82,45.34,45.34,1526,1566.99,28.5,28.75,162,162,3575.2,3671.24,3243.84,3330.98,4447.19,4566.66,1953.28,2005.75,1430.08,1468.5,-9.12,-9.12,3575.2,3671.24,-11.87,-11.87,5667.99,5820.26,5755.19,5909.8,-8.83,-8.83,828.4,850.65,3139.2,3223.53,-6.93,-6.93,-5.8,-5.8,14.65,15.04,11597.58,11909.14,11.14,11.27,2071,2126.63,2289,2350.49,1199,1231.21,1199,1566.99,20.69,20.69,59.73,60.1,15.51,15.51,42.85,42.61,33.35,33.31,2.57,2.58,47.8,47.8,3.3,3.3,50.5,50.5,151,151,62.47,62.5,94.31,94.64,78.45,78.9,11.98,12.06,1853,1902.78,65.73,65.96,43,42.5,29.75,30.43,65.93,64.85,1.51,1.51,93.52,93.52,454.92,460.21,0,0,64,64,62.44,62.2,327,335.78,1016.32,1016.44,0.35,0.35,233.74,232.99,11.49,11.45,17.98,17.98,900.87,900.87,1.5,1.5,43.02,42.94,59.51,60.99,34.79,34.79,62.37,62.37,99.3,99.3,48977.38,50628.9,37281.29,38664.36,62411,64332,2289,2350.49,3,3,-3.16,-3.16,1617000000000,1853600000000,34382.12,35237.71,8.53,8.53,14.11,14.11
Gem,86,80.67,21.5,20.33,82,82,1.37,1.35,30.69,30.66,46.76,46.76,889.36,867.94,14,20,193.5,180,2039.59,1990.48,-1.79,-1.79,-4.47,-4.47,1090.95,1064.68,3604.86,3518.06,-9.03,-9.03,-10,-10,2549.49,2488.1,1090.95,1064.68,-6.63,-6.63,-12.41,-12.41,2442.77,2383.95,-9.17,-9.17,-11.14,-11.14,2419.05,2360.8,-8.27,-8.27,2039.59,1990.48,13.19,13.3,1897.3,1851.61,1067.23,1041.53,533.61,520.77,355.74,520.77,34.9,34.9,73.22,74.17,16.66,16.66,42.97,42.01,38.98,38.03,1.89,1.96,48.6,48.6,1,1,50.5,50.5,129,129,63.72,63.91,101.93,102.4,71.93,71.98,32.69,31.08,770.78,752.22,83.34,88.81,-78.5,-79.67,40.66,41.31,46.52,45.33,0.71,0.71,94.13,94.13,331.22,375.58,0,0,66,66,76.55,76.45,652.2,636.49,979.57,1001.89,0.41,0.36,333.18,281.92,9.95,9.94,17.77,17.77,788.26,788.26,1.56,1.54,22.31,23.92,48.39,48.19,-65.95,-65.95,57.88,57.88,108.45,108.45,30126.69,29574.85,25555.23,25258.79,34900,34054,1245.1,1215.12,2.8,2.78,948.65,925.81,438800000000,483700000000,17865.13,17360.44,6.88,7.14,10.98,10.79
1st Flame Infantry,58,57.87,65.33,57.78,65.33,65.33,4.73,3.7,33.26,32.72,40.78,40.78,175.19,166.99,49.5,49.6,114.75,114.75,4765.06,4542.07,5417.45,5163.94,3713.94,3540.15,2592.75,2471.42,3924.16,3740.53,4260.52,4061.15,273.29,260.5,5956.32,5677.59,455.48,434.17,-6.63,-6.63,-6.63,-6.63,1646.75,1569.69,2662.83,2538.22,-5.83,-5.83,-1.67,-1.67,5390.13,4884.07,8752.29,8342.72,8.72,8.89,262.78,250.48,700.74,667.95,1051.12,1001.93,350.37,584.46,135.9,135.9,21.16,27.05,13,13,58.04,54.32,25.25,25.23,16.85,16.88,51.62,51.62,1,1,51.48,51.48,109,109,57.58,58.31,64.22,70.13,68.96,69.51,5.41,3.16,1401.49,1335.9,58.41,60.29,57,50.33,8.9,9.31,102.73,99.87,1.81,1.81,93.45,93.45,498.05,549.04,-8,-8,64,64,70.62,69.58,613.15,584.46,698.77,744.98,0.44,0.42,222.44,221.71,10.4,9.98,17.09,17.09,585.01,585.01,1.87,1.8,49.59,51.84,54.39,53.24,32.4,32.4,65.19,65.19,105.84,105.84,58395.08,55659.11,25275.48,27598.79,119469,102016,613.15,584.46,9.28,8.04,-3.16,-3.16,2200000000,3100000000,53197.92,50482.81,13.1,13.1,23.33,21.01
Millopoli,78.61,78.61,96.85,97.04,81.44,81.44,1.55,1.54,21.3,21.28,71.22,71.22,14076.02,14076.45,23.08,23.08,169.25,169.25,-27.6,-27.6,2006.29,2006.36,-16.98,-16.98,-12.77,-12.77,-25.31,-25.31,-8.29,-8.29,-44.41,-44.41,-25.57,-25.57,-13.47,-13.47,-26.5,-26.5,-36.36,-36.36,-24.77,-24.77,-18.49,-18.49,-6.45,-6.45,53633.93,53635.59,1123.52,1123.56,0,0,33.05,33.05,8359.56,8359.82,9404.5,9404.79,-39.62,-39.62,-20.49,-19.75,15.25,15.25,64.53,64.86,50.93,50.93,7.12,7.13,165.05,165.05,0.57,0.57,66.74,66.74,8.06,8.06,81.05,81.05,487,487,39.09,39.16,6.76,6.77,90.89,90.9,23.11,23.25,-30.82,-30.82,159.36,159.37,41.57,41.14,91.33,91.33,-241.56,-241.64,0.71,0.71,94.15,94.15,273.14,275.48,124,124,181,181,43.22,43.22,-27.2,-27.2,1476.61,1476.61,0.17,0.17,363.4,363.4,8.46,8.46,18.14,18.14,3950.06,3950.06,0.57,0.57,31.89,31.75,93.41,94.75,-247.08,-247.08,204.88,204.88,146.38,146.38,123886.06,123889.91,98263.57,98530.78,152273,151918,23849.32,23850.06,20.49,20.47,-28.28,-28.28,6565400000000,6873600000000,10778.09,10778.42,0.31,0.31,179.61,179.61
Fluorietkasteel,71,70.83,30.89,38.22,44,44,1.3,1.3,28.03,27.53,43.68,43.68,1210.58,1332.62,34.5,34.75,148.5,148.5,-4.24,-4.24,-3.79,-3.79,5298.07,5832.19,2563.58,2822.03,4044.76,4452.53,-6.57,-6.57,3645.98,4013.55,-7.65,-7.65,1936.93,2132.2,-5.29,-5.29,-8.83,-8.83,-9.33,-9.33,341.81,376.27,-6.16,-6.16,577.66,635.9,-6.95,-6.95,8944.05,9845.73,14.56,14.66,1495.42,1646.18,1993.9,2194.91,1851.48,2038.13,854.53,1175.84,639.39,639.39,76.78,77.19,15.09,15.09,28.85,28.62,28.16,28.12,10.5,10.71,52.16,52.16,3.3,3.3,51.48,51.48,145,145,67.52,67.54,103.2,103.33,76.31,77.31,16.95,17.03,1709.05,1881.35,64.81,65.03,26.17,25.67,51.42,52.01,31.23,30.14,4.96,4.96,92.97,92.97,768.67,775.53,-4,-4,66,66,51.83,51.58,712.11,783.9,1061.57,1061.63,0.38,0.38,205.27,204.57,9.94,9.94,15.18,15.18,865.16,865.16,1.33,1.33,38.05,37.97,52.11,53.56,59.58,59.58,75.83,75.83,98.83,98.83,35317.05,39112.65,30719.39,34118.17,40012,44200,1495.42,1646.18,2.44,2.44,569.68,627.12,199600000000,249200000000,17164.09,18774.07,13.03,13.03,10.01,9.84
Alvarin,37,37,65.44,68.11,65.33,65.33,2.24,2.18,29.45,29.11,37.37,37.37,1122.51,1146.28,65.25,65.25,78.75,78.75,5388.02,5502.13,-4,-4,-7.07,-7.07,8890.24,9078.51,-6.63,-6.63,-8,-8,-5.29,-5.29,3367.52,3438.83,628.6,641.91,-7.07,-7.07,-9.49,-9.49,-7.07,-7.07,449,458.51,-13.04,-13.04,3861.42,3943.19,2795.33,2799.51,5388.02,5502.13,9.43,9.59,-5.48,-5.48,1459.26,1490.16,1459.26,1490.16,1122.51,1490.16,7.92,7.92,44.61,45.88,6.84,6.84,53.66,52.52,25.99,25.99,15.64,15.64,52.16,52.16,2.52,2.52,50,50,130,130,60.62,60.72,86.43,87.96,73.78,74.34,8.27,8.94,1683.76,1719.41,63.09,63.39,49.17,47.17,20.91,21.76,80.23,78.87,1.65,1.65,93.49,93.49,686.51,703.88,-8,-8,64,64,68.38,67.93,673.5,687.77,890.39,889.57,0.29,0.29,47.25,47.25,9.99,9.97,32.68,32.68,767.89,767.89,1.64,1.64,46.73,46.06,56.48,57.56,-114.46,-114.46,102.96,102.96,103.74,103.74,46505.68,47779.4,30271.11,31575.61,67857,68815,1122.51,1146.28,3.59,3.54,-7.75,-7.75,274700000000,399700000000,36785.99,37363.49,13.06,13.06,19.25,18.57
Enfieldco,71.17,69.73,2.5,1.75,76,76,1.05,1.04,35.01,36.26,47.2,47.2,477.91,389.06,34.25,36.4,148.5,144,451.84,367.84,542.21,441.41,486.6,396.13,-6.16,-6.16,-7.75,-7.75,27.81,22.64,72.99,59.42,456.19,371.38,-10.86,-10.86,-6.16,-6.16,-14.07,-14.07,599.56,488.09,-9.38,-9.38,-2.83,-2.83,-9.59,-9.59,198.12,161.28,1011.43,823.39,18.76,18.84,1107.88,901.91,673.42,548.22,695.14,565.91,412.74,389.06,74.94,74.94,94.86,96.48,17.01,17.01,23.57,22.67,33.78,33.41,2.49,2.55,48.6,48.6,1,1,50.5,50.5,109,109,70.95,71.05,109.09,109.17,67.44,66.54,29.39,28.93,564.8,459.8,106.44,107.19,-97.5,-98.25,73.66,73.83,-25.92,-27.14,0.75,0.75,93.97,93.97,683.64,708.84,0,0,66,66,74.59,74.48,521.36,424.43,1017.29,1019.4,0.26,0.25,224.61,215.21,9.51,9.5,17.42,17.42,684.7,684.7,1.5,1.49,25.61,26.07,43.45,42.93,54.77,54.77,-14.14,-14.14,112.37,112.37,10846.84,8883.31,10550.04,8717.58,11121,9035,738.59,601.28,2.26,2.25,629.97,512.85,3500000000,3000000000,2852.72,2327.43,9.31,9.38,9.41,9.26
Scheinen,52.33,52.33,37.33,30.67,41.33,41.33,2.24,1.95,32.46,32.36,40.78,40.78,439.09,403.08,53.75,53.75,105.75,105.75,2283.25,2096.03,2388.63,2192.77,-7.87,-7.87,3981.06,3654.62,-5.66,-5.66,2716.48,2493.74,3571.24,3278.41,2122.25,1948.23,3161.43,2902.2,-7.21,-7.21,-1.41,-1.41,1229.44,1128.63,819.63,752.42,2283.25,2096.03,-6.78,-6.78,2895.46,2496.81,5854.49,5374.44,11.49,11.62,512.27,470.26,878.17,806.17,1170.9,1074.89,439.09,604.62,490.88,490.88,44.72,51.28,12,12,38.27,35.74,21.83,21.83,21.39,21.39,50,50,1,1,50.99,50.99,108,108,59.35,59.88,70.88,75.31,69.79,69.9,10.84,12.51,1024.54,940.53,63.12,64.6,35,30,26.31,27.48,69.38,66.93,7.53,7.53,92.69,92.69,886.25,935.96,0,0,64,64,62.53,56.67,804.99,738.99,573.8,580.41,0.29,0.29,81.08,81.08,9.99,9.94,15.85,15.85,600.08,600.08,2.13,2.11,44.16,42.49,50.12,49.05,-103.2,-103.2,86.89,86.89,101.45,101.45,39980.75,36742.74,26057.11,25774.76,58273,50268,804.99,738.99,5.71,4.3,365.91,335.9,29700000000,52300000000,29465.81,26638.49,7.49,7.49,12.99,11.84
Natioli,65.17,64.53,79.33,76.22,67.33,67.33,17.35,11.04,36.23,34.85,40.78,40.78,-3.16,-3.16,43.25,44.2,128.25,126,3892.43,3849.17,1697.67,1678.8,2270.59,2245.35,-4,-4,2757.14,2726.5,5011.91,4956.21,1621.85,1603.82,-2.24,-2.24,2148.95,2125.06,1054.2,1042.48,3081.51,3047.26,6487.39,6415.29,5108.82,5052.04,5919.74,5853.95,-1.67,-1.67,8277.31,7868.57,7784.86,7698.34,8,8.12,0,0,506.83,501.19,709.56,701.67,-3.16,200.48,1435.67,1435.67,5.76,9.06,12,12,74.63,70.93,25.73,25.55,16.08,16.38,50,50,1,1,50.99,50.99,100,100,54.52,55.44,42.68,48.76,66.56,67.57,16.14,13.6,1216.38,1202.87,44.04,46.23,80,73.33,7.88,8.24,110.31,107.77,1.51,1.51,93.52,93.52,289.19,333.43,-8,-8,64,64,73.9,73.14,405.46,400.96,347.1,383.04,1.06,0.75,82.99,80.35,13.88,13.31,11.59,11.59,461.74,461.74,3.5,3.07,38.86,41.4,57.95,57.4,56.57,56.57,-20,-20,104.81,104.81,61178.7,60382.5,12479.24,16122.03,216553,177955,405.46,400.96,13.14,12.14,-4.47,-4.47,4300000000,9800000000,56345.58,55431.13,13.33,13.36,26.3,23.78
Ica,97,86.67,66.67,73.78,97,97,102.81,52.58,102.04,67.68,42,42,-4.47,-4.47,3,13.33,218.25,195.75,514.71,536.9,0,0,1544.14,1610.7,5147.12,5368.99,0,0,3798.57,3962.31,-7.07,-7.07,4591.23,4789.14,-6.32,-6.32,3088.27,3221.39,4632.41,4832.09,-7.07,-7.07,-3.16,-3.16,-4.47,-4.47,4632.41,4832.09,5764.77,6013.27,2058.85,2147.6,5.29,5.39,514.71,536.9,514.71,536.9,128.68,134.22,-4.47,134.22,95.92,95.92,0.97,1.9,12,12,107.14,102.43,40.41,38.81,1.79,1.9,50,50,1,1,50,50,100,100,38.58,40.59,16.97,20.18,60.59,62.84,47.51,41.84,900.75,939.57,28.25,34.52,97,90.33,7.03,7.32,114.37,112.32,1.06,1.06,93.67,93.67,2.2,18.34,0,0,64,64,75.54,74.88,386.03,402.67,67.64,89.15,3.93,2.81,371.37,290.79,15.21,14.64,17.29,17.29,449.9,449.9,128.83,118.7,7.49,13.16,51.06,54.03,-60.42,-60.42,71.76,71.76,97.83,97.83,40919.61,42817.68,2565.11,4303.07,263730,226264,386.03,402.67,20.69,19.93,-6.32,-6.32,234200000000,427300000000,38055.23,39691.99,3.19,3.8,32.04,29.15
Jumato,75.5,73.6,41.33,40.44,11,11,2.3,1.93,33.06,32.18,40.78,40.78,366.85,367.74,27.75,30.6,164.25,157.5,366.85,367.74,-2.83,-2.83,3301.69,3309.68,-9.49,-9.49,2421.24,2427.1,1173.93,1176.77,-6.78,-6.78,3235.66,3243.48,0,0,-8.94,-8.94,3301.69,3309.68,-7.07,-7.07,-9.49,-9.49,1100.56,1103.23,2201.13,2206.45,1247.31,1250.32,3668.55,3677.42,10.49,10.63,458.57,459.68,917.14,919.35,1742.56,1746.77,917.14,1195.16,125.17,125.17,43.46,51.73,10.55,10.55,24.1,21.81,19.91,19.26,23.46,24.11,50,50,1,1,50,50,100,100,58.77,59.53,60.1,65.59,69.17,70.09,25.68,26.96,1559.13,1562.9,50.27,54.03,36,29.33,28.87,30.14,70.15,67.44,23.15,23.15,91.52,91.52,886.25,982.03,-4,-4,64,64,63.76,57.44,825.42,827.42,423.85,438.56,1.07,0.66,148.56,138.07,9.99,9.92,17.14,17.14,523.49,523.49,2.74,2.65,29.32,28.04,50.04,50.35,92.47,92.47,-63.64,-63.64,103.74,103.74,35555.55,35917.33,22819.23,25314.87,52509,48938,825.42,827.42,7.15,4.97,91.71,91.94,13400000000,28400000000,25279.99,25106.22,13.35,13.43,10.87,9.79
57th Overlanders Brigade,30.67,30.67,72.17,72.17,76,76,3.26,3.26,29.7,29.7,40.78,40.78,2228.5,2228.5,70,70,67.5,67.5,-1.41,-1.41,3020.28,3020.28,2936.38,2936.38,-3.46,-3.46,4299.7,4299.7,-7.27,-7.27,1153.58,1153.58,-3,-3,-4.24,-4.24,2516.9,2516.9,5138.66,5138.66,-3.46,-3.46,1468.19,1468.19,3408.3,3408.3,4194.83,4194.83,-2.19,-2.19,4089.96,4089.96,10.91,10.91,1048.71,1048.71,1835.24,1835.24,1048.71,1048.71,1048.71,1048.71,152.93,152.93,30.66,30.66,10.55,10.55,73.15,73.15,24.49,24.49,17.99,17.99,50,50,2.52,2.52,50,50,136,136,57.26,57.26,64.44,64.44,73.39,73.39,20.56,20.56,1048.71,1048.71,98.29,98.29,67.25,67.25,34.68,34.68,67.31,67.31,0.74,0.74,94,94,456.68,456.68,0,0,68,68,69.76,69.76,1048.71,1048.71,698.54,698.54,0.26,0.26,62.33,62.33,13.2,13.2,17.01,17.01,823.99,823.99,1.87,1.87,34.44,34.44,58,58,54.77,54.77,-14.14,-14.14,101.85,101.85,43736.31,43736.31,23228.11,23228.11,75753,75753,1048.71,1048.71,9.77,9.77,1048.71,1048.71,1383500000000,1384100000000,28559.81,28559.81,7.37,7.37,27.51,27.51
Darth makasta dark lord of the LDF,32,32,72.67,72.67,60,60,59.36,59.36,36.99,36.99,42,42,185.81,185.81,69,69,69.75,69.75,-6.32,-6.32,4334.86,4334.86,-3.16,-3.16,1560.77,1560.77,-5.48,-5.48,369.75,369.75,4830.97,4830.97,5325.21,5325.21,4608,4608,2601.29,2601.29,7432.25,7432.25,4830.97,4830.97,-3.16,-3.16,4459.35,4459.35,4979.61,4979.61,6421.47,6421.47,4830.97,4830.97,8.89,8.89,0,0,929.03,929.03,929.03,929.03,185.81,185.81,114.92,114.92,1.68,1.68,12,12,71.54,71.54,20.58,20.58,22.76,22.76,50,50,2.52,2.52,50,50,104,104,45.27,45.27,20.94,20.94,66.08,66.08,21.55,21.55,2136.77,2136.77,37.98,37.98,92,92,8.11,8.11,110.79,110.79,2.77,2.77,93.27,93.27,423.86,423.86,0,0,64,64,75.19,75.19,650.32,650.32,198.08,198.08,0.36,0.36,63.92,63.92,15.17,15.17,17.19,17.19,469.06,469.06,74.91,74.91,33.45,33.45,54.88,54.88,-52.44,-52.44,47.43,47.43,99.76,99.76,61695.14,61695.14,5709.1,5709.1,338867,338867,650.32,650.32,18.16,18.16,-12.65,-12.65,488800000000,489400000000,56697.84,56697.84,9.21,9.21,34.15,34.15
History of Animals,57.33,57.33,57.33,57.33,57.33,57.33,3.61,3.61,32.51,32.51,42,42,953.11,953.11,50,50,112.5,112.5,593.05,593.05,3253.28,3253.28,-5.1,-5.1,2711.07,2711.07,4829.08,4829.08,-5.14,-5.14,3558.27,3558.27,3918.34,3918.34,2287.46,2287.46,-5.1,-5.1,-2.45,-2.45,-9.27,-9.27,1863.86,1863.86,-2.45,-2.45,2287.46,2287.46,6708.9,6708.9,4151.32,4151.32,9.64,9.64,953.11,953.11,953.11,953.11,1270.81,1270.81,317.7,317.7,119.98,119.98,27.72,27.72,12,12,49.93,49.93,23.91,23.91,18.79,18.79,50,50,1,1,50,50,120,120,56.72,56.72,57.19,57.19,69.73,69.73,0.52,0.52,1270.81,1270.81,60.04,60.04,50,50,21.78,21.78,81.06,81.06,3.24,3.24,93.2,93.2,610.35,610.35,0,0,64,64,67.55,67.55,847.21,847.21,630.14,630.14,0.34,0.34,126.75,126.75,13.2,13.2,17.16,17.16,695.61,695.61,2,2,54.48,54.48,52.78,52.78,-70,-70,60,60,100.2,100.2,42452.6,42452.6,21331.9,21331.9,76967,76967,847.21,847.21,10.54,10.54,105.9,105.9,612900000000,614200000000,33197.93,33197.93,7.09,7.09,14.82,14.82
Grenila,80.17,79.67,15.5,20.5,72.67,72.67,1.32,1.29,30.85,29.97,45.34,45.34,477.35,546.07,20.75,21.5,180,177.75,1107.45,1266.88,-8.1,-8.1,2062.14,2359.01,481.17,550.44,649.19,742.65,2688.42,3075.45,1298.38,1485.3,-6.82,-6.82,-1.73,-1.73,1489.32,1703.73,1298.38,1485.3,2081.23,2380.85,1298.38,1485.3,1222.01,1397.93,2233.98,2555.59,236.76,270.85,4467.97,5111.19,13.19,13.3,1336.57,1528.99,1145.63,1310.56,238.67,273.03,572.82,819.1,9.17,9.17,75.67,77.33,16.29,16.29,30.52,29.78,37.92,37.81,1.97,1.98,52.16,52.16,2.52,2.52,51.48,51.48,114,114,63.42,63.53,94.66,95.19,71.72,72.97,28.46,28.54,859.22,982.92,69.34,70.12,-86.5,-87.5,37,37.67,50.55,49.28,0.77,0.77,93.87,93.87,526,539.31,0,0,64,64,76.54,76.44,525.08,600.67,642.14,645.88,0.39,0.38,275.53,268.3,9.61,9.6,25.78,25.78,627.91,627.91,1.97,1.97,26.54,26.46,47.6,49.13,50.89,50.89,53.01,53.01,103,103,26987.29,31036.26,23295,27098.82,30783,35043,1193.37,1365.17,2.84,2.83,381.88,436.85,1152900000000,1450300000000,17002,19335.59,3.89,3.95,7.75,7.67
Emuli Legion 15,77.83,75.6,66,61.33,25,25,4.93,4.03,35.08,34.36,37.37,37.37,209.37,200.74,24.25,27.6,171,164.25,-6.32,-6.32,-7.48,-7.48,4187.49,4014.88,-4.69,-4.69,418.75,401.49,3349.99,3211.91,-4.58,-4.58,5234.36,5018.6,2512.49,2408.93,-6.32,-6.32,-4.47,-4.47,-7.07,-7.07,1256.25,1204.46,5862.48,5620.84,3601.24,3452.8,4907.74,4705.44,4187.49,4014.88,7.81,8,-4.47,-4.47,837.5,802.98,1256.25,1204.46,209.37,501.86,7.94,7.94,20.29,24.8,6.84,6.84,41.63,39.79,25.21,24.54,16.92,17.91,50,50,1,1,50,50,106,106,50.78,52.16,25.22,29.18,67.39,67.97,20.13,17.35,942.18,903.35,44.13,47.61,58,53,9.62,10,99.15,96.82,13.92,13.92,92.15,92.15,541.22,607.1,0,0,64,64,70.68,69.84,732.81,702.6,412.25,450.3,1.26,1.02,116.34,106.07,10.04,9.95,32.57,32.57,589.57,589.57,2.82,2.59,34.87,37.65,54.09,53.17,74.5,74.5,-23.45,-23.45,97.28,97.28,49692.93,47945.73,21014.42,22660.92,103566,91384,732.81,702.6,15.94,15.16,-7.07,-7.07,161900000000,184400000000,44922.4,43151.16,5.27,5.45,17.36,15.83
Holy Flaming Hammer,57.33,57.33,57.33,57.33,57.33,57.33,3.61,3.61,32.79,32.79,42,42,290.82,290.82,50,50,112.5,112.5,-7.75,-7.75,2419.61,2419.61,3489.82,3489.82,-5.48,-5.48,0,0,1442.46,1442.46,3489.82,3489.82,3288.18,3288.18,3102.06,3102.06,0,0,2326.54,2326.54,-4.47,-4.47,1938.79,1938.79,-6.32,-6.32,1163.27,1163.27,6761.58,6761.58,6979.63,6979.63,9.33,9.33,872.45,872.45,872.45,872.45,1163.27,1163.27,290.82,290.82,119.98,119.98,27.72,27.72,12,12,49.93,49.93,22.62,22.62,20.45,20.45,50,50,1,1,50,50,100,100,56.72,56.72,57.19,57.19,69.44,69.44,0.56,0.56,1163.27,1163.27,68.04,68.04,50,50,16.39,16.39,87.23,87.23,3.24,3.24,93.2,93.2,610.35,610.35,0,0,64,64,68.26,68.26,775.51,775.51,612.51,612.51,0.34,0.34,126.07,126.07,10.39,10.39,17.16,17.16,514.9,514.9,2.04,2.04,54.44,54.44,52.69,52.69,74.83,74.83,-33.17,-33.17,100.2,100.2,46355.48,46355.48,23293.05,23293.05,84043,84043,775.51,775.51,10.54,10.54,96.94,96.94,36600000000,37900000000,38753.18,38753.18,7.09,7.09,14.79,14.79
CaldrasaERN2,56.67,56.67,32,32,66.67,66.67,2,2,31.33,31.33,42,42,376.37,376.37,50.5,50.5,112.5,112.5,3211.66,3211.66,2047.43,2047.43,3211.66,3211.66,-5.83,-5.83,150.55,150.55,1927,1927,-7.21,-7.21,3073.66,3073.66,2157.83,2157.83,1957.11,1957.11,1455.28,1455.28,1229.46,1229.46,-6.48,-6.48,451.64,451.64,2358.56,2358.56,2594.32,2594.32,6423.32,6423.32,12.65,12.65,1254.55,1254.55,940.92,940.92,1003.64,1003.64,376.37,376.37,644.28,644.28,49.93,49.93,14.16,14.16,43.13,43.13,28.57,28.57,8.87,8.87,51,51,1,1,51.48,51.48,109,109,62.96,62.96,96.35,96.35,71.1,71.1,10.09,10.09,1129.1,1129.1,85.31,85.31,31,31,29.22,29.22,62.3,62.3,1.51,1.51,93.52,93.52,698.79,698.79,-4,-4,64,64,55.13,55.13,690.01,690.01,780.31,780.31,0.32,0.32,184.69,184.69,9.9,9.9,15.15,15.15,581.08,581.08,1.76,1.76,44.91,44.91,50.04,50.04,84.26,84.26,-26.46,-26.46,104.81,104.81,40188.31,40188.31,27791.91,27791.91,55665,55665,1003.64,1003.64,2.91,2.91,439.09,439.09,13400000000,14600000000,28453.32,28453.32,13.68,13.68,12.75,12.75
Parts of Animals,57.33,57.33,49.67,49.67,57.33,57.33,3,3,32.43,32.43,42,42,960.48,960.48,50,50,112.5,112.5,1878.27,1878.27,4815.2,4815.2,3158.9,3158.9,-2.45,-2.45,3585.78,3585.78,-4.73,-4.73,1451.39,1451.39,3415.03,3415.03,2305.15,2305.15,-4,-4,-4,-4,-8.12,-8.12,170.75,170.75,-4,-4,-4,-4,4777.91,4777.91,6488.56,6488.56,9.64,9.64,960.48,960.48,960.48,960.48,1280.64,1280.64,320.16,320.16,119.98,119.98,33.35,33.35,12,12,46.94,46.94,21.85,21.85,21.37,21.37,50,50,1,1,50,50,120,120,57.37,57.37,61.68,61.68,69.82,69.82,2.43,2.43,1280.64,1280.64,74.32,74.32,44.25,44.25,25,25,77.33,77.33,3.24,3.24,93.2,93.2,658.04,658.04,0,0,64,64,66.19,66.19,853.76,853.76,683.68,683.68,0.32,0.32,126.75,126.75,11.87,11.87,17.16,17.16,694.43,694.43,1.9,1.9,52.57,52.57,51.7,51.7,60,60,10,10,100.2,100.2,37925.07,37925.07,21085.21,21085.21,63232,63232,853.76,853.76,9.6,9.6,106.72,106.72,1106500000000,1109300000000,28443.8,28443.8,7.09,7.09,14.22,14.22
Helldiver,57.33,57.33,57.33,57.33,57.33,57.33,3.61,3.61,32.8,32.8,42,42,300.23,300.23,50,50,112.5,112.5,3202.47,3202.47,2900.24,2900.24,-7.07,-7.07,400.31,400.31,1601.24,1601.24,3096.39,3096.39,2001.55,2001.55,1797.39,1797.39,5204.02,5204.02,-3.16,-3.16,0,0,3202.47,3202.47,0,0,2001.55,2001.55,-3.16,-3.16,3202.47,3202.47,5204.02,5204.02,9.33,9.33,900.7,900.7,900.7,900.7,1200.93,1200.93,300.23,300.23,119.98,119.98,27.72,27.72,12,12,49.93,49.93,21.97,21.97,21.22,21.22,50,50,1,1,50,50,100,100,56.72,56.72,57.19,57.19,69.43,69.43,0.56,0.56,1200.93,1200.93,61.58,61.58,50,50,17.67,17.67,85.75,85.75,3.24,3.24,93.2,93.2,610.35,610.35,0,0,64,64,68.17,68.17,800.62,800.62,590.25,590.25,0.33,0.33,126.07,126.07,11.1,11.1,17.16,17.16,515.16,515.16,2.09,2.09,54.44,54.44,52.68,52.68,-58.31,-58.31,30,30,100.2,100.2,44906.69,44906.69,22565.05,22565.05,81416,81416,800.62,800.62,10.54,10.54,100.08,100.08,166800000000,168100000000,36958.21,36958.21,7.09,7.09,14.39,14.39
Secret Agent 99,32.12,32.12,96.72,96.83,15.2,15.2,4.33,4.1,33.51,32.73,20.6,20.6,-12.65,-12.65,68.91,68.91,42,42,6776.93,6771.92,4743.85,4740.34,2936.67,2934.5,4235.58,4232.45,6438.09,6433.32,-8.94,-8.94,14231.56,14221.03,6565.15,6560.3,1694.23,1692.98,7906.42,7900.57,8188.79,8182.74,6353.37,6348.68,3953.21,3950.29,2823.72,2821.63,3134.33,3132.01,3447.56,3396.64,23945.16,23927.45,13.08,13.19,-21.68,-21.68,-13.04,-13.04,6565.15,6560.3,1411.86,1622.44,687.84,687.84,23.07,24.39,0.75,0.75,46.55,45.64,4.69,4.69,32.62,32.62,54.66,54.66,0.62,0.62,43.04,43.04,36,36,68.91,69.02,115.17,115.61,68.73,69.5,28.44,27.49,3812.02,3809.21,12.95,13.02,79.71,76.86,8,8.21,110.4,108.89,20.12,20.12,91.71,91.71,821.24,848.43,-11,-11,56,56,74.4,74.03,0,0,171.74,178.47,0.28,0.28,21.93,21.93,20.18,19.95,14.95,14.95,6.61,6.61,85.56,82.9,26.56,27.51,64.67,65.59,-36.21,-36.21,90.17,90.17,67.4,67.4,107767.14,107850.7,48943.29,50514.29,212137,207079,-16.43,-16.43,2.36,2.35,-7.07,-7.07,1222400000000,1340100000000,99145.77,99006.94,19.07,19.07,8.06,7.78
Kania,69.22,69.11,57.56,64.44,66.44,66.44,1.64,1.63,26.93,26.68,40.11,40.11,2116.44,2213.66,37.17,37.33,141.75,141.75,3950.69,4132.16,3047.68,3187.67,-4.47,-4.47,-1.9,-1.9,-5.1,-5.1,-7.38,-7.38,1410.96,1475.77,-3.46,-3.46,376.26,393.54,-4,-4,-7.48,-7.48,4421.01,4624.09,188.13,196.77,-10.3,-10.3,5173.52,5411.17,808.95,846.11,5361.65,5607.94,13.15,13.27,470.32,491.92,3174.66,3320.49,2821.92,2951.55,1646.12,2090.68,654.03,654.03,61.08,61.45,9.76,9.76,43.87,43.6,32.01,31.98,2.9,2.91,50,50,3.93,3.93,50,50,132,132,64.69,64.71,105.3,105.41,78.64,79.22,11.55,11.66,2586.76,2705.58,55.13,55.28,38.17,37.67,53.79,54.43,41.07,39.98,1.19,1.19,93.62,93.62,534.22,539.31,-1,-1,62,62,62.25,60.99,940.64,983.85,995.07,995.24,0.38,0.38,117.67,117.14,9.83,9.83,15.11,15.11,776.84,776.84,1.55,1.55,43.45,43.34,57.14,58.44,-43.82,-43.82,30.33,30.33,102.24,102.24,39718.56,41911.95,30595.81,32389.66,50088,52705,1646.12,1721.73,2.68,2.68,1058.22,1106.83,9518300000000,11958600000000,18349.97,19111.85,14.05,14.05,12.74,12.51
Lorom Ipsim,77.56,76.89,51.11,58.44,77.33,77.33,1.58,1.57,23.56,23.32,42,42,3069.7,3253.02,24.67,25.67,171,168.75,-11.4,-11.4,4484.43,4752.24,0,0,0,0,-2.79,-2.79,-11.49,-11.49,-10.95,-10.95,-15.73,-15.73,1334.65,1414.36,-5.48,-5.48,-10,-10,-8.37,-8.37,2135.44,2262.97,-11.83,-11.83,2082.06,2206.4,-8.09,-8.12,0,0,12.65,12.77,800.79,848.61,8675.24,9193.31,800.79,848.61,533.86,990.05,95.92,95.92,63.2,63.58,12,12,46.22,45.96,41.86,41.71,1.7,1.71,50,50,6.08,6.08,50,50,178,178,61.75,61.8,98.31,98.72,88.61,89.55,19.49,19.33,1601.58,1697.23,71.68,72.55,43.33,42.83,65.02,65.65,40.98,39.9,0.68,0.68,94.26,94.26,306.72,315.43,0,0,64,64,63.87,63.3,400.4,424.31,1038.32,1038.93,0.36,0.35,228.59,222,9.65,9.65,17.29,17.29,1082.14,1082.14,1.42,1.42,35.51,35.67,60.97,62.39,-51.48,-51.48,51.48,51.48,98.83,98.83,31391.01,33689.96,24623.46,26510.59,38962,41700,3603.56,3818.76,3.17,3.16,-4.47,-4.47,7205100000000,8426600000000,10986.85,11555.66,5.85,5.9,19.44,19.09
Extended SDPC-Spin,84.67,80,76.67,77.33,82,82,9.95,7.52,33.14,32.12,44.28,44.28,-4.47,-4.47,15.33,21,191.25,177.75,0,0,1803.68,1799.91,5185.58,5174.73,5711.65,5699.7,6989.26,6974.64,7361.27,7345.87,-3.61,-3.61,6786.35,6772.15,3006.13,2999.84,3757.67,3749.8,375.77,374.98,4922.54,4912.24,4133.43,4124.79,1127.3,1124.94,2104.29,2099.89,1683.44,1679.91,5185.58,5174.73,6.78,7,1690.95,1687.41,751.53,749.96,-5.48,-5.48,187.88,468.73,8.94,8.94,10.05,13.3,15.51,15.51,78.83,75.59,36.15,35.22,2.15,2.26,51.62,51.62,1,1,51.48,51.48,111,111,51.42,52.75,32.59,37.73,69.08,70.16,30.09,26.54,281.83,281.24,52.99,58.68,72,67,6.02,6.37,119.25,116.91,0.7,0.7,94.17,94.17,102.04,140.62,0,0,68,68,72.42,71.7,93.94,93.75,312.75,352.35,1.62,1.26,328.28,278.23,13.93,13.5,26.89,26.89,571.94,571.94,4.19,3.42,24.91,28.46,57.79,58.37,-32.4,-32.4,89.16,89.16,87.18,87.18,64530.42,64676.63,18299.67,21558.88,182155,162055,1033.36,1031.2,15.62,14.72,-4.47,-4.47,356900000000,374200000000,60658.6,60537.33,1.79,2.01,26.54,24.41
Karlsburg,19.33,19.33,67.33,61.78,25,25,5.37,4.14,31,30.65,44.28,44.28,0,0,80.67,80.67,45,45,3330.86,3223.31,4138.25,4004.63,4232.97,4096.29,3955.4,3827.68,-4.43,-4.43,2283.38,2209.65,4510.54,4364.9,2863.85,2771.38,-7.14,-7.14,5065.69,4902.12,3677.83,3559.07,145.73,141.02,1596.04,1544.5,4718.72,4566.36,5586.13,5405.76,666.17,644.66,12074.37,11684.5,10.44,10.58,1127.64,1091.22,693.93,671.52,1474.6,1426.99,0,251.82,919.19,919.19,18.61,24.17,15.9,15.9,38.9,36.7,17.7,17.7,25.56,25.56,52.16,52.16,1,1,51.96,51.96,99,99,63.25,63.83,80.75,83.27,71.53,71.99,22.45,20.23,1387.86,1343.05,91.39,92.49,60,53.33,12.91,14.05,92.48,89.77,13.35,13.35,92.19,92.19,1120.2,1369.61,-8,-8,67,67,70.27,69.21,433.71,419.7,669.25,710.27,0.25,0.25,36.16,36.16,11.07,10.47,13.87,13.87,437.63,437.63,1.92,1.86,32.55,34.77,56.49,55.31,-22.36,-22.36,81.24,81.24,105.16,105.16,60598.09,58893.24,24420.13,27444.45,131198,113543,1214.38,1175.17,2.87,2.79,173.48,167.88,83400000000,105200000000,52780.94,50589.3,13.55,13.55,26.22,23.7
Regiment of the German President,66,64.89,57.33,48.44,57.33,57.33,3.61,2.91,32.94,32.68,42,42,297.22,276.16,42,43.67,130.5,128.25,3962.88,3682.18,-8.28,-8.28,4755.45,4418.62,792.58,736.44,792.58,736.44,2946.4,2737.7,-4.47,-4.47,3681.51,3420.75,-3.16,-3.16,2774.01,2577.53,-7.75,-7.75,3170.3,2945.74,-7.07,-7.07,-8.37,-8.37,2377.73,2209.31,5103.26,4450.9,8718.33,8100.8,9.33,9.49,891.65,828.49,891.65,828.49,1188.86,1104.65,297.22,552.33,119.98,119.98,27.72,34.4,12,12,51.46,47.86,25.22,24.89,16.9,17.41,50,50,1,1,50,50,100,100,56.47,57.28,55.13,61.12,69.28,69.55,3.22,4.89,1188.86,1104.65,74.65,78.13,50,43.33,17.26,18.65,86.22,83.35,3.5,3.5,93.16,93.16,546.98,613.07,0,0,64,64,68.14,66.73,792.58,736.44,539.22,552.32,0.37,0.34,158.55,151.88,9.99,9.93,17.16,17.16,509.71,509.71,2.23,2.19,51.78,50.11,52.64,51.39,67.82,67.82,37.42,37.42,100.2,100.2,45379.97,42150.9,22802.87,23836.58,82274,69285,792.58,736.44,10.87,9.74,99.07,92.05,244500000000,379300000000,37529.24,34268.68,6.73,6.78,13.36,11.94
DDG-008,50.67,50.67,48.44,42.22,44,44,2.91,2.36,30.48,30.32,42,42,326.88,306.62,55,55,101.25,101.25,-6.32,-6.32,-7.51,-7.51,5665.91,5314.71,435.84,408.82,-8.94,-8.94,-7.7,-7.7,2179.2,2044.12,544.8,511.03,-6.78,-6.78,-5.48,-5.48,1307.52,1226.47,2179.2,2044.12,-3.16,-3.16,2615.04,2452.94,5230.07,4905.89,1917.69,1798.82,7845.11,7358.83,9.8,9.95,980.64,919.85,1634.4,1533.09,1307.52,1226.47,653.76,919.85,119.98,119.98,34.4,42.42,12,12,39.13,36.2,21.87,21.87,21.34,21.34,50,50,2.52,2.52,50,50,102,102,57.92,58.7,63.46,69.47,72.23,72.45,7.78,10,1307.52,1226.47,82.82,85.14,43.33,36.67,28.1,29.47,74.49,71.67,5.63,5.63,92.89,92.89,799.41,862.71,0,0,64,64,66.59,64.44,871.68,817.65,502.19,511.24,0.3,0.29,107.08,107.08,9.94,9.87,17.16,17.16,520.78,520.78,2.35,2.32,47.22,45,52.29,51.25,74.83,74.83,30,30,100.2,100.2,35586.28,33687.08,20124.25,21340.74,58494,50305,871.68,817.65,8.72,7.29,108.96,102.21,262900000000,572000000000,25586.54,23749.39,7.3,7.3,11.36,10.03
Sla Mielly,24,24,58.67,49.78,16,16,3.74,3,30.53,30.46,37.37,37.37,1140,1057.01,76,76,54,54,-5.48,-5.48,1094.4,1014.73,-10.49,-10.49,5836.8,5411.9,-10,-10,-6,-6,1778.4,1648.94,-2.74,-2.74,2736,2536.83,-5.48,-5.48,1824,1691.22,-8.37,-8.37,2280,2114.02,2280,2114.02,1641.6,1522.1,-6.85,-7.38,1778.4,1648.94,12.57,12.69,684,634.21,1824,1691.22,3420,3171.03,1140,1374.12,8.06,8.06,26.73,33.3,6.84,6.84,32.04,30,12.94,12.94,29.19,29.19,50,50,1,1,50,50,106,106,59.86,60.52,75.87,80.85,72.15,72.25,20.94,22.5,1938,1796.92,79.09,81.19,51,44.33,44.79,46,54.21,51.5,18.89,18.89,91.8,91.8,1663.68,2008.59,0,0,64,64,66.42,64.53,1710,1585.52,492.78,503.66,0.23,0.23,23.23,23.23,11.53,10.94,31.76,31.76,613.83,613.83,2.39,2.35,34.06,32.5,54.77,53.47,-113.36,-113.36,85.73,85.73,101.04,101.04,40675.21,38031.28,20034.06,21128.49,74963,63449,1710,1585.52,4.34,3.65,342,317.1,14200000000,30100000000,22452.72,20536.89,8.75,8.75,14.73,13.16
Blitz the O is silent 10,57.33,57.33,64,64,57.33,57.33,4.36,4.36,32.81,32.81,42,42,111,111,50,50,112.5,112.5,888.02,888.02,710.42,710.42,4884.11,4884.11,3108.07,3108.07,4706.5,4706.5,177.6,177.6,-5.48,-5.48,5452.44,5452.44,-3.16,-3.16,5328.12,5328.12,-5.48,-5.48,-4.47,-4.47,1332.03,1332.03,-6.32,-6.32,444.01,444.01,4972.91,4972.91,5772.13,5772.13,9.22,9.22,999.02,999.02,999.02,999.02,1332.03,1332.03,333.01,333.01,119.98,119.98,22.94,22.94,12,12,52.47,52.47,22.89,22.89,20.12,20.12,50,50,1,1,50,50,94,94,56.09,56.09,53.59,53.59,69.42,69.42,2.22,2.22,1332.03,1332.03,80.29,80.29,55,55,18.55,18.55,85.88,85.88,3.24,3.24,93.2,93.2,570.34,570.34,0,0,64,64,69.16,69.16,888.02,888.02,446.4,446.4,0.33,0.33,125.79,125.79,12.42,12.42,17.16,17.16,376.8,376.8,2.61,2.61,52.78,52.78,53.79,53.79,40,40,62.45,62.45,100.2,100.2,45435.51,45435.51,20570.31,20570.31,89665,89665,888.02,888.02,11.36,11.36,111,111,514300000000,515700000000,37029.94,37029.94,7.09,7.09,13.45,13.45
Pinaplo 20,68.67,66.89,46.67,37.78,93,93,2.76,2.28,39.35,37.48,42,42,104.62,95.36,38,40.67,139.5,135,2510.8,2288.58,1650.85,1504.74,2092.33,1907.15,920.63,839.15,836.93,762.86,1186.35,1081.35,4603.13,4195.73,-5.58,-5.58,-6.32,-6.32,-3.16,-3.16,2510.8,2288.58,2092.33,1907.15,4184.67,3814.3,-7.07,-7.07,3096.65,2822.58,-1.83,-1.83,9206.27,8391.46,7.55,7.75,-3.16,-3.16,313.85,286.07,418.47,381.43,104.62,381.43,109.99,109.99,36.28,43.88,12,12,66.24,60.63,32.64,32.18,2.73,2.85,50,50,1,1,50,50,102,102,54.97,55.9,56.21,63.49,65.28,65.79,21.54,22.87,2301.57,2097.86,34.56,37.44,42,35.33,14.58,15.97,89.72,87.01,0.86,0.86,93.77,93.77,287.79,342.31,0,0,64,64,67.46,65.92,627.7,572.14,334.97,348.61,0.48,0.42,177.3,164.56,10,9.93,17.21,17.21,495.41,495.41,3.7,3.48,33.46,32.13,48.64,47.48,36.06,36.06,34.64,34.64,99.3,99.3,35649.18,32780.09,20751.01,21146.69,57193,48198,627.7,572.14,12.67,11.6,-13.04,-13.04,24200000000,45400000000,30444.4,27535.28,7.96,8.03,10.82,9.74
Longe 1,57.33,57.33,57.33,57.33,57.33,57.33,3.61,3.61,32.8,32.8,42,42,307.57,307.57,50,50,112.5,112.5,2870.65,2870.65,3383.27,3383.27,3690.84,3690.84,410.09,410.09,5331.21,5331.21,-6.52,-6.52,1230.28,1230.28,1845.42,1845.42,-5.48,-5.48,-6.32,-6.32,1640.37,1640.37,2870.65,2870.65,1640.37,1640.37,-8.37,-8.37,4511.03,4511.03,2624.6,2624.6,7791.77,7791.77,9.33,9.33,922.71,922.71,922.71,922.71,1230.28,1230.28,307.57,307.57,119.98,119.98,27.72,27.72,12,12,49.93,49.93,24.72,24.72,17.65,17.65,50,50,1,1,50,50,100,100,56.72,56.72,57.19,57.19,69.43,69.43,0.56,0.56,1230.28,1230.28,74.31,74.31,50,50,18.67,18.67,84.7,84.7,3.24,3.24,93.2,93.2,610.35,610.35,0,0,64,64,68.11,68.11,820.19,820.19,476.97,476.97,0.33,0.33,126.07,126.07,12.94,12.94,17.16,17.16,515.43,515.43,2.46,2.46,54.44,54.44,52.68,52.68,60,60,30,30,100.2,100.2,43838.98,43838.98,22028.54,22028.54,79480,79480,820.19,820.19,10.54,10.54,102.52,102.52,3000000000,3500000000,35641.09,35641.09,7.09,7.09,11.94,11.94

The Eras Tour International Tour,80.67,76.22,77.67,80.33,83,83,26.6,17.01,49.71,37.4,42,42,-4.47,-4.47,20,26.67,180,166.5,4231.44,4328.13,-3.46,-3.46,2820.96,2885.42,3761.28,3847.23,-3.74,-3.74,0,0,5641.91,5770.84,2115.72,2164.06,1410.48,1442.71,8462.87,8656.26,3761.28,3847.23,-4.47,-4.47,5641.91,5770.84,1880.64,1923.61,-5.48,-5.48,3009.02,3077.78,12694.31,12984.39,6.71,6.93,705.24,721.35,587.7,601.13,587.7,601.13,0,360.68,105.17,105.17,3.76,5.88,12,12,89.23,85.99,33.81,32.68,2.48,2.72,50,50,1,1,50,50,94,94,44.69,46.85,24.19,28.45,64.21,65.83,33.03,29.14,1057.86,1082.03,31.05,35.76,84.5,79.5,7.77,8.17,110.58,108.24,0.71,0.71,94.13,94.13,74.77,111.69,0,0,64,64,74.2,73.57,587.7,601.13,140.21,167.19,2.1,1.55,267.48,224.7,14.45,14.02,17.24,17.24,316.28,316.28,97.83,87.35,21.97,25.86,56.13,57.78,-35.36,-35.36,65.19,65.19,98.83,98.83,51505.97,53043.62,8071.83,10951.79,214688,186279,587.7,601.13,18.38,17.55,-4.47,-4.47,416000000000,636000000000,47488.51,48694.05,5,5.39,22.94,21.02
Tinell,73.83,72.83,22,23,74,74,1.52,1.36,30.81,30.23,44.83,44.83,832.62,850.22,30.25,31.75,157.5,155.25,-10.39,-10.39,-6.2,-6.2,1831.77,1870.47,333.05,340.09,1415.46,1445.37,2397.96,2448.62,707.73,722.68,832.62,850.22,1061.6,1084.02,2747.66,2805.71,2955.82,3018.27,2518.69,2571.9,457.94,467.62,1706.88,1742.94,-4.18,-4.18,982.5,1003.25,2539.5,2593.16,14.46,14.56,1769.33,1806.71,936.7,956.49,520.39,531.38,624.47,797.08,1207.99,1207.99,65.73,73.63,17.36,17.36,40.49,36.4,32.24,31.98,2.83,2.91,51.62,51.62,1,1,53.38,53.38,145,145,66.76,67.2,96.17,97.94,71.77,72.58,23.85,25.02,936.7,956.49,68.32,70.29,-80,-85,41.64,42.63,40.49,38.16,0.79,0.79,93.84,93.84,533.58,584.19,-8,-8,67,67,76.56,76.09,572.43,584.52,1040.49,1042.12,0.4,0.38,233.12,224.28,9.85,9.8,12.56,12.56,839.49,839.49,1.41,1.41,31.15,29.98,48.34,48.83,50.5,50.5,43.01,43.01,108.45,108.45,33247.11,34108.95,26630.77,29018.06,40514,39411,988.74,1009.63,2.5,2.47,416.31,425.11,170000000000,291100000000,19416.31,19578.54,12.76,12.79,14.02,12.77
Glesa Trod,67.17,66.27,66.33,62,74.67,74.67,5.09,4.15,34.07,33.4,37.37,37.37,270.74,262.09,40.25,41.6,135,132.75,4692.83,4542.82,1155.16,1118.23,1804.93,1747.24,7364.13,7128.73,2238.12,2166.58,2270.61,2198.03,3393.27,3284.81,3248.88,3145.03,1985.43,1921.96,5775.79,5591.16,2526.91,2446.13,1841.03,1782.18,3248.88,3145.03,938.57,908.56,-6.08,-6.08,4461.8,4271.23,9891.03,9574.87,9.33,9.49,90.25,87.36,902.47,873.62,812.22,786.26,451.23,698.9,9.15,9.15,19.65,24.09,8.98,8.98,68.63,65.32,30.7,30.46,3.42,3.68,52.16,52.16,1,1,51.48,51.48,96,96,56.07,56.74,56.91,61.91,68.22,68.83,13.64,11.52,1714.69,1659.88,33.87,35.66,58.5,53.5,9.65,10.01,100.02,97.66,0.77,0.77,93.9,93.9,332.72,371.97,-8,-8,64,64,70.91,70.08,902.47,873.62,375.34,405.07,1.11,0.77,251.93,245.78,12.29,11.85,25.89,25.89,359.09,359.09,3.14,2.88,41.36,43.48,54.68,53.77,-91.1,-91.1,103.92,103.92,105.16,105.16,58450.96,56796.72,24281.87,26420.37,123550,109659,902.47,873.62,11.38,10.51,-4.47,-4.47,294500000000,312600000000,52839.67,51117.05,12.74,12.77,18.1,16.51
Tenecia,21.5,21.5,47.33,40.67,68.67,68.67,2.82,2.42,30.45,30.52,45.34,45.34,250.76,231.6,78.5,78.5,49.5,49.5,-3.16,-3.16,2500.94,2309.87,1003.05,926.42,1604.88,1482.27,4413.43,4076.24,-8.94,-8.94,0,0,501.53,463.21,-7.75,-7.75,6018.31,5558.5,3009.16,2779.25,2340.46,2161.64,334.35,308.81,4680.91,4323.28,4212.82,3890.95,686.22,518.79,1003.05,926.42,11.53,11.66,1588.17,1466.83,1253.82,1158.02,1504.58,1389.63,417.94,617.61,13.18,13.18,35.43,41.3,15.09,15.09,49.85,46.89,24.82,24.82,17.5,17.5,50,50,1,1,50,50,92,92,62.56,63.03,96.37,99.13,72.27,72.18,16.57,18.24,1504.58,1389.63,97,97.84,42.5,37.5,26.2,27.32,70.71,68.3,1.16,1.16,93.63,93.63,821.29,869.17,-4,-4,64,64,64.97,62.7,835.88,772.01,539.41,544.21,0.25,0.25,27.16,27.16,11.93,11.49,18.61,18.61,363.27,363.27,2.23,2.21,38.43,36.76,53.03,51.89,-43.01,-43.01,57.88,57.88,104.46,104.46,45098.04,41769.07,25914.55,26079.7,73141,63149,1253.82,1158.02,2.99,2.9,334.35,308.81,12700000000,22600000000,33282.36,30366.12,14.76,14.76,10.02,9.22
Cosmo Kramerica,49.33,49.33,100.02,100.03,55.47,55.47,1.44,1.39,22.47,22.39,15.98,15.98,1656.02,1654.15,56,56,61,61,11355.53,11342.74,2271.11,2268.55,-5.29,-5.29,441.6,441.11,-4.84,-4.84,-10.77,-10.77,20250.7,20227.89,-15.49,-15.49,-4.74,-4.74,-8.94,-8.94,21764.77,21740.25,5740.85,5734.39,-5.48,-5.48,-16.09,-16.09,4226.78,4222.02,-9.98,-9.98,31606.23,31570.63,20.59,20.66,-16.12,-16.12,6229.77,6222.75,7333.78,7325.52,5441.19,5671.37,239.44,239.44,69.23,71.88,0.49,0.49,44.31,42.34,56.9,56.9,1.22,1.22,49.36,49.36,7.03,7.03,31.88,31.88,178,178,76.83,76.95,120.7,121.09,90.31,90.35,8.04,9.15,8122.36,8113.21,5.67,5.67,35.5,32.17,56.81,57.43,-3.2,-4.76,6.5,6.5,92.79,92.79,801.58,832.97,-8,-8,74,74,54.33,53.46,-17.61,-17.61,1160.2,1160.01,1.18,1.18,10.37,10.37,9.31,9.28,16.68,16.68,1477.89,1477.89,1.01,1.01,46.96,45.85,87.92,87.93,-119.75,-119.75,112.47,112.47,60.89,60.89,99487.09,99611.32,81915.98,83670.21,118323,116402,4652.61,4647.37,2.05,2.05,-16.73,-16.73,3207000000000,3781900000000,42978.42,42434.42,21.02,21.02,48.22,46.34
State Peace and Development Council,67.62,67.62,70.78,72.56,57.33,57.33,1.47,1.42,21.15,21.07,46.76,46.76,8221.78,8308.57,39.57,39.57,137.25,137.25,-14.97,-14.97,-6.57,-6.57,-7.67,-7.67,-9.3,-9.3,-12.28,-12.28,-11.38,-11.38,-16.12,-16.12,-20.01,-20.01,-3,-3,-10.68,-10.68,-17.44,-17.44,-9.95,-9.95,-7.35,-7.35,-20.59,-20.59,-4.08,-4.08,-15.12,-15.12,0,0,20.95,21.02,4167.2,4211.19,13064.74,13202.66,2590.42,2617.77,2139.91,2503.95,1052.22,1052.22,67.92,70.55,18.02,18.02,29.55,28.35,50.56,50.56,1.37,1.37,52.64,52.64,8.06,8.06,52.44,52.44,320,320,75.75,75.86,105.17,105.85,90.98,91.02,8.37,9.48,2703.05,2731.59,111.76,111.84,37.17,33.83,67.49,67.7,-26.85,-28.4,1.51,1.51,93.52,93.52,630.08,657.94,-8,-8,77,77,49.81,49.16,563.14,569.08,1266.67,1266.51,0.22,0.22,190.21,190.21,9.03,9,13.26,13.26,2006.88,2006.88,0.79,0.79,46.63,45.52,69.04,69.5,-74.97,-74.97,51.77,51.77,108.14,108.14,49443.29,50306.69,40300.79,41838.82,59332,59304,9010.17,9105.28,2.08,2.08,788.39,796.71,314200000000,346300000000,16069.07,16249.06,12.79,12.79,89.8,86.36
Ugg Lands,69,69,68.95,71.05,64.56,64.56,1.36,1.32,20.53,20.45,44.28,44.28,13176.8,13342.33,37.5,37.5,141.75,141.75,-26.23,-26.23,-13.51,-13.51,-16.73,-16.73,-12.68,-12.68,-17.96,-17.96,-13.54,-13.54,-18.55,-18.55,-24.62,-24.62,-20.15,-20.15,-18.65,-18.65,-24.25,-24.25,-17.61,-17.61,-17.26,-17.26,-25.36,-25.36,-9.07,-9.07,-25.2,-25.2,0,0,28.77,28.83,6062.94,6139.11,12368.41,12523.78,7033.02,7121.37,2263.5,2537.5,74.94,74.94,73.28,75.61,15.9,15.9,30.06,28.84,82.19,82.19,0.91,0.91,53.51,53.51,9.3,9.3,51.96,51.96,471,471,87.69,87.78,118.41,118.81,91.34,91.39,13.35,14.3,7194.69,7285.07,101.33,101.5,30.43,27.57,77.85,78.03,-131.21,-132.68,5.34,5.34,92.92,92.92,620.47,644.13,-2,-2,108,108,43.75,43.43,889.23,900.4,1474.99,1474.9,0.18,0.18,164.44,164.44,8.27,8.25,17.42,17.42,3295.97,3295.97,0.57,0.57,41.65,40.7,72.32,73,-156.13,-156.13,95.06,95.06,106.84,106.84,66934.9,68021.32,56801.9,58690.74,77511,77618,10751.62,10886.68,1.82,1.82,1616.79,1637.1,739100000000,784100000000,14859.55,14964.69,17.45,17.45,137.25,136.81
Etruriia,53.67,53.67,29.67,24.25,64,64,1.93,1.7,32.31,32.39,43,43,1009.37,909.81,52.75,52.75,108,108,-11.14,-11.14,839.79,756.96,-2,-2,-7.75,-7.75,-6.32,-6.32,4565.04,4114.77,2799.31,2523.21,-11.42,-11.42,-2.45,-2.45,2853.15,2571.73,2583.98,2329.12,1964.9,1771.1,2314.82,2086.5,-9.7,-9.7,1318.91,1188.82,1866.99,1537.27,2799.31,2523.21,11.09,11.22,403.75,363.92,874.79,788.5,1143.95,1031.12,471.04,606.54,32.69,32.69,51.78,58.82,13.62,13.62,41.51,38.31,24.16,24.16,18.44,18.44,51,51,1,1,50.5,50.5,134,134,62.02,62.5,91.55,94.81,69.95,69.86,10.07,11.73,1278.53,1152.43,56.18,56.88,29.25,24.25,24.68,25.85,71.23,68.77,2.35,2.35,93.34,93.34,770.19,816.58,-8,-8,64,64,56.43,54.5,672.91,606.54,1021.46,1022.78,0.34,0.33,183.2,183.2,9.53,9.48,17.79,17.79,792.48,792.48,1.49,1.48,44.93,43.27,48.62,47.48,47.96,47.96,-50,-50,106.84,106.84,36565.03,32994.89,25786.53,24910.32,49795,42347,538.33,485.23,3.1,3,134.58,121.31,561200000000,865700000000,27533.47,24449.21,13.82,13.82,14.03,12.77
The United Provinces of the Benelux,66.22,65.33,72.22,71.78,72,72,7.02,5.11,31.67,30.96,43.68,43.68,-3.16,-3.16,41.67,43,132.75,128.25,5681.09,5625.66,2414.46,2390.91,4349.59,4307.15,497.1,492.25,3018.08,2988.63,674.63,668.05,1065.2,1054.81,3262.19,3230.36,2174.79,2153.57,4793.42,4746.65,-4.69,-4.69,2884.93,2856.78,355.07,351.6,2574.24,2549.13,-5.1,-5.1,-3.52,-4.61,11095.88,10987.62,9.7,9.85,1664.38,1648.14,998.63,988.89,1442.46,1428.39,776.71,1098.76,8.43,8.43,14.25,19.58,14.16,14.16,66.71,62.82,29.47,29.23,5.86,6.59,52.64,52.64,1,1,50.5,50.5,93,93,59.29,60.06,77.91,83.9,70.68,71.57,14.15,11.48,1664.38,1648.14,59.33,62.4,65.33,58.67,17.45,18.73,88.05,85.24,0.82,0.82,93.8,93.8,324.27,373.46,-8,-8,64,64,70.77,69.6,665.75,659.26,414.71,455.13,0.47,0.42,182.87,171.2,14.05,13.48,29.58,29.58,352.12,352.12,2.8,2.56,40.85,43.52,58.06,58.13,58.22,58.22,38.86,38.86,105.84,105.84,51631.36,51457.23,17895.45,21333.84,125605,108940,1664.38,1648.14,5.9,4,0,0,25700000000,41600000000,42647.5,41834.73,12,12.06,19.63,17.28
Nikolia,63.33,63.33,97.93,98.05,76.67,76.67,1.56,1.51,19.76,19.73,38.75,38.75,12615.02,12592.13,45.5,45.5,157.75,157.75,-22.09,-22.09,-12.26,-12.26,-14,-14,-12.92,-12.92,-17.37,-17.37,-13.83,-13.83,-18.92,-18.92,-25.51,-25.51,-14.7,-14.7,-21.86,-21.86,-23.83,-23.83,-16.97,-16.97,-16.06,-16.06,-23.64,-23.64,4067.08,4059.7,-9.65,-9.65,0,0,27.64,27.69,4560.82,4552.54,14555.8,14529.38,6113.44,6102.34,6986.78,7264.69,1698.53,1698.53,64.3,66.21,15.09,15.09,43.16,41.91,67.48,67.48,1.06,1.06,56.34,56.34,12.67,12.67,54.76,54.76,449,449,74.76,74.84,117.02,117.44,91.86,91.88,13.03,13.86,7277.9,7264.69,99.46,99.64,41.88,39.38,90.44,90.5,-138.74,-140.16,4.75,4.75,92.99,92.99,455.8,473.55,8,8,105,105,46.82,46.54,2328.93,2324.7,1364.97,1364.89,0.19,0.19,47.83,47.83,7.65,7.63,10.52,10.52,2792.78,2792.78,0.67,0.67,41.97,41.14,89.66,89.66,-131.23,-131.23,66.48,66.48,104.81,104.81,79210.71,79357.52,62708.48,63811.74,97524,96374,10674.25,10654.88,2.11,2.11,1746.7,1743.53,877100000000,950400000000,7604.23,7538.96,13.76,13.76,135,134.7
Caffeinneburg,59.33,59.33,79.62,81.71,31.05,31.05,1.36,1.32,20.45,20.38,40.78,40.78,10599.45,10731.25,48.5,48.5,193,193,-31.62,-31.62,-22.27,-22.27,-21.45,-21.45,-22.32,-22.32,-21.57,-21.57,-17.78,-17.78,-28.21,-28.21,-28.98,-28.98,-27,-27,-27.2,-27.2,-23.02,-23.02,-20.52,-20.52,-23.45,-23.45,-34.26,-34.26,-23.77,-23.77,-35.05,-35.07,0,0,21.98,21.98,1253.7,1269.29,11169.31,11308.2,5926.57,6000.27,-10,-8.37,3.19,3.19,73.28,75.61,0.82,0.82,23.77,22.7,72.15,72.15,1,1,61.07,61.07,11.08,11.08,32.53,32.53,588,588,87.24,87.32,107.67,108.25,91.4,91.44,14.53,15.49,20743,21000.94,5.51,5.51,30.43,27.57,27.15,27.3,49.81,49.35,6.62,6.62,92.78,92.78,956.58,985.91,4,4,109,109,54.07,53.32,-18.44,-18.44,1541.85,1541.77,7.9,7.9,104.02,104.02,5.67,5.65,90.7,90.7,3876.21,3876.21,0.52,0.52,40.47,39.51,74.99,75.67,-32.52,-32.52,-180.31,-180.31,78.21,78.21,55048.74,55733.25,46715.14,48088.25,63747,63596,5356.71,5423.32,1.83,1.83,-16.12,-16.12,864000000000,937700000000,40130.53,40518.08,16.78,16.78,142.53,142.11
Southern Eureka,70.96,70.89,70.8,73.33,61.78,61.78,3,2.89,22.34,22.25,42,42,11043.39,11169.22,34.56,34.67,148.5,148.5,-23.45,-23.45,-11.31,-11.31,-15.2,-15.2,-9.17,-9.17,-11.4,-11.4,-8.25,-8.25,-14.49,-14.49,-20.12,-20.12,-12.17,-12.17,-18.71,-18.71,-19.49,-19.49,-14.28,-14.28,-16.43,-16.43,-18.68,-18.68,-7.98,-7.98,-20.03,-20.03,0,0,24.15,24.21,12020.68,12157.64,6450.12,6523.61,8013.79,8105.09,1075.02,1383.8,13.55,13.55,33.37,34.59,10.55,10.55,44.73,43.41,75.22,75.21,0.97,0.97,53.09,53.09,3.3,3.3,49.01,49.01,342,342,82.35,82.42,118.31,118.53,90.37,90.41,11.92,12.62,9382,9488.89,36.02,36.14,35.2,33,70.56,70.74,-64.09,-65.46,2.7,2.7,93.28,93.28,578.41,596.86,-2,-2,115,115,44.12,43.8,-6.32,-6.32,1405.59,1405.51,0.24,0.24,141.92,141.34,9.69,9.67,18.47,18.47,2785.53,2785.53,0.63,0.63,43.08,42.38,71.63,72.31,-143.7,-143.7,95.39,95.39,99.76,99.76,56976.09,57921.77,31691.18,32851.15,94960,94975,8600.16,8698.15,1.92,1.92,97.73,98.84,566900000000,595800000000,16750.97,16971.08,18.23,18.23,132.44,131.96
Greater Astorias,53.33,53.33,27.25,22.25,9,9,1.83,1.62,32.65,32.73,41.43,41.43,556.55,505.35,53,53,105.75,105.75,254.42,231.02,305.31,277.22,254.42,231.02,356.19,323.42,826.87,750.8,407.08,369.63,1272.11,1155.08,318.03,288.77,127.21,115.51,4388.79,3985.02,254.42,231.02,254.42,231.02,254.42,231.02,-1.41,-1.41,-1.18,-1.18,137.39,124.75,1780.96,1617.11,12.96,13.08,715.56,649.73,1113.1,1010.69,1590.14,1443.85,556.55,721.92,528.29,528.29,54.55,61.76,11.33,11.33,18.73,17.2,17.05,17.05,26.12,26.12,50,50,1,1,50,50,98,98,62.85,63.31,78.02,80.62,69.59,69.5,22.83,24.5,1749.15,1588.23,60.94,61.66,27.25,22.25,50.51,51.58,43.88,41.55,23.9,23.9,91.47,91.47,2069.89,2373.42,-8,-8,64,64,53.67,52.42,1113.1,1010.69,636.19,641.25,0.32,0.32,185.52,185.52,9.81,9.76,15.69,15.69,538.4,538.4,1.99,1.98,32.17,30.5,49.26,48.13,-38.21,-38.21,43.13,43.13,101.04,101.04,27999.19,25639.85,20302.9,19867.7,37221,32167,1431.13,1299.46,2.93,2.86,159.01,144.38,4157200000000,7166800000000,13859.6,12409.69,14.47,14.47,8.69,8.11
Dynomo,75.11,73.78,42.89,45.33,50.67,50.67,1.54,1.5,28.51,28.27,42,42,1200.58,1214.75,28.33,30.33,162,157.5,160.08,161.97,2593.25,2623.86,2561.24,2591.47,2481.2,2510.48,2040.99,2065.07,-9.3,-9.3,-8.72,-8.72,700.34,708.6,-8.66,-8.66,1360.66,1376.72,-10.3,-10.3,4162.01,4211.13,-9.27,-9.27,-6.78,-6.78,2000.97,2024.58,4051.1,4021.98,2721.31,2753.43,11.31,11.45,800.39,809.83,2401.16,2429.5,1800.87,1822.12,700.34,1012.29,119.98,119.98,64.84,66.5,12,12,41.98,40.88,28.78,28.41,8.11,9.43,50,50,2.93,2.93,50,50,131,131,61.21,61.37,87.36,89.14,75.39,75.83,13.02,13.07,1800.87,1822.12,71.74,73.58,39.17,37,37.82,38.7,58.73,57.33,4.64,4.64,93.01,93.01,563.8,596.86,0,0,64,64,62.39,57.84,800.39,809.83,791.1,797.94,0.35,0.34,215,202.33,10,9.98,17.16,17.16,772.26,772.26,1.74,1.74,41.98,41.93,53.1,53.47,-25.5,-25.5,62.05,62.05,99.76,99.76,35478.28,36123.76,28212,29114.67,43510,43780,1100.53,1113.52,3.33,3.28,0,0,11634700000000,14934100000000,22067.49,22143.87,7,7.09,12.93,12.23
Wauka Mountain,53.87,53.87,64.13,69.2,62.44,62.44,13.72,11.96,32.77,31.86,34.02,34.02,1140.48,1184.31,52.6,52.6,176,176,-14.35,-14.35,-6.69,-6.69,2851.21,2960.78,-5.66,-5.66,-3.3,-3.3,-4.29,-4.29,4003.1,4156.94,2423.53,2516.67,-6,-6,1938.82,2013.33,1938.82,2013.33,-9.64,-9.64,1938.82,2013.33,4447.89,4618.82,-3.02,-3.02,-3.46,-3.46,6854.31,7117.72,10.49,10.49,427.68,444.12,997.92,1036.27,3136.33,3256.86,-10.49,-8.94,569.59,569.59,7.29,8.36,3.55,3.55,73.85,71.72,25.58,25.58,16.32,16.32,47.8,47.8,4.21,4.21,49.5,49.5,122,122,56.19,56.44,59.7,62.47,69.45,70.46,13.49,12.16,3136.33,3256.86,52.27,52.81,82.8,78.8,38.87,39.1,72.42,71.75,2.81,2.81,93.26,93.26,364.81,390.41,-3,-3,67,67,72.94,72.44,1853.29,1924.51,545.64,563.91,0.34,0.34,118.87,118.87,11.59,11.23,15.5,15.5,691.91,691.91,2.21,2.16,41.51,42.84,54.37,56.49,43.31,43.31,-15,-15,99.3,99.3,35223.85,36577.51,8271.47,9317.26,113510,111431,1710.73,1776.47,11.24,10.91,570.24,592.16,270200000000,351300000000,21521.77,22275.71,9.94,9.94,33.98,31.96
Damination,58.67,58.22,16.33,10.67,61.33,61.33,1.41,1.24,34.87,35.66,42,42,297.83,239.99,49,49.33,114.75,114.75,0,0,2766.84,2229.46,-4.47,-4.47,-8.94,-8.94,893.49,719.96,-9.02,-9.02,2084.81,1679.9,-9.71,-9.71,-8.37,-8.37,595.66,479.97,893.49,719.96,-10,-10,-5.48,-5.48,2084.81,1679.9,-5.48,-5.48,-5.35,-5.97,2084.81,1679.9,9.85,10,744.57,599.96,670.12,539.97,893.49,719.96,297.83,419.97,125.17,125.17,70.95,80.55,12,12,31.63,27.57,22.79,22.72,20.24,20.33,50,50,1,1,50,50,100,100,60.69,61.28,82.79,86.87,67.55,66.95,13.12,14.9,967.95,779.95,71.92,73.29,16.33,10.67,38.16,39.49,63.08,60.54,2.55,2.55,93.31,93.31,875.65,935.12,0,0,64,64,52.52,51.26,670.12,539.97,494.28,501.4,0.29,0.28,130.02,129.47,9.92,9.87,17.14,17.14,517.5,517.5,2.39,2.36,41.88,40.1,44.83,43.3,50.5,50.5,-59.58,-59.58,100.62,100.62,18626.26,15188.67,15537.33,13551.42,21900,16823,670.12,539.97,3.55,3.31,148.91,119.99,315100000000,363200000000,11511.03,9189.14,7.19,7.19,7.27,7.16
Polgarias,90,83.25,11.5,7.25,85,85,1.27,1.16,32.65,33.53,47.2,47.2,398.72,325.94,10,16.75,202.5,189,-4.24,-4.24,25.52,20.86,2488,2033.87,2105.23,1720.97,510.36,417.2,-9.25,-9.25,468.89,383.31,642.41,525.16,669.85,547.58,2424.21,1981.72,191.38,156.45,366.82,299.87,-4.24,-4.24,2264.72,1851.35,-4.69,-4.69,204.14,166.88,2956.9,2417.18,15.39,15.49,1754.36,1434.14,917.05,749.67,518.33,423.72,478.46,488.91,9.32,9.32,79,86.09,17.69,17.69,33.75,29.77,39.73,38.67,1.83,1.91,49.36,49.36,1,1,51.48,51.48,95,95,65.95,66.43,104.51,105.16,69.59,68.7,38.44,37.61,757.56,619.29,87.28,94.09,-88.5,-92.75,51.36,52.26,25.41,23.31,0.73,0.73,94.07,94.07,349.45,420.47,0,0,66,66,75.98,75.58,677.82,554.1,643.02,668.85,0.42,0.36,358.49,302.69,9.84,9.8,25.11,25.11,445.64,445.64,1.97,1.92,16.56,17.39,45.77,44.59,-12.25,-12.25,89.16,89.16,110.31,110.31,23774.78,19533.01,20995.14,18051.03,26575,20967,1076.54,880.04,2.56,2.52,877.18,717.07,443600000000,725800000000,11554.54,9317.25,6.97,7.23,7.88,7.55
1st Northern Polish division,75.17,73.2,74.17,70.83,68,68,9.18,7,40.99,37.2,40.78,40.78,-3.16,-3.16,28.25,31.2,162,155.25,5536.74,5375.88,6085.49,5908.68,5915.97,5744.09,3943.98,3829.4,3033.83,2945.69,242.71,235.66,758.46,736.42,3600.4,3495.8,2882.14,2798.4,9329.03,9057.99,1744.45,1693.77,2920.06,2835.23,986,957.35,2882.14,2798.4,2730.45,2651.12,283.97,275.72,12211.17,11856.4,5.83,6.08,0,0,379.23,368.21,189.61,184.11,94.81,368.21,9.01,9.01,10.9,14.28,13,13,69.84,66.96,31.96,31.44,2.92,3.09,53.09,53.09,1,1,51.48,51.48,103,103,47.15,49,22.47,26.13,65.08,65.95,18.22,15.57,758.46,736.42,48.54,51.94,70.25,65.25,5.38,5.73,121.97,119.64,1.38,1.38,93.56,93.56,255.24,298.79,0,0,64,64,73.11,72.44,379.23,368.21,272.34,302.31,1.31,1.17,296.53,281.61,14.08,13.65,26.56,26.56,448.69,448.69,10.72,4.52,36.78,39.43,56.3,55.48,44.72,44.72,76.16,76.16,98.34,98.34,62309.51,60775.39,18522.36,21089.97,169970,147716,758.46,736.42,17.43,16.67,-6.32,-6.32,709400000000,753200000000,58944.8,57311.19,1.56,1.6,21.14,19.34
BreakfastInterruption,84.25,82,38.33,41,83,83,2.58,2.29,32.93,32.08,45.83,45.83,-7.75,-7.75,15.75,18,191.25,184.5,1826.54,1873.07,3086.19,3164.83,-5.29,-5.29,3457.37,3545.46,5805.77,5953.7,-4.73,-4.73,-6.65,-6.65,4998.18,5125.54,1826.54,1873.07,2478.87,2542.03,-7.35,-7.35,-5.59,-5.59,1826.54,1873.07,-5.29,-5.29,881.96,904.43,631.46,647.55,1826.54,1873.07,7.62,7.68,1386.21,1421.53,489.25,501.72,-9.49,-9.49,-4.47,83.62,1160.78,1160.78,38.75,43.61,18.02,18.02,58.05,55.06,39.25,38.9,1.87,1.89,52.16,52.16,1,1,53.38,53.38,97,97,59.35,59.86,69.51,73.44,69.29,70.21,26.33,26.91,163.08,167.24,62.09,65.16,39.75,35.75,9.79,9.99,96.91,95.51,0.73,0.73,94.07,94.07,234.62,267.21,0,0,67,67,66.08,64.85,0,0,540.99,554.1,0.54,0.47,308.06,285.39,12.12,11.76,12.77,12.77,395.98,395.98,2.22,2.18,28.67,28.09,50.82,51.57,-88.88,-88.88,80.62,80.62,98.34,98.34,37809.67,38856.67,22808.07,24986.19,58859,57290,1141.58,1170.67,5.7,4.34,-5.48,-5.48,249400000000,335400000000,34104.32,34971,1.51,1.54,12.58,11.68
Ausaland,41.33,41.33,43.33,36.67,70.67,70.67,2.57,2.22,30.63,30.67,42,42,901.84,825.67,62,62,85.5,85.5,-2.83,-2.83,3679.52,3368.74,360.74,330.27,4088.35,3743.04,1803.68,1651.34,6348.97,5812.72,2765.65,2532.06,-2.45,-2.45,1683.44,1541.25,3366.88,3082.51,360.74,330.27,2284.67,2091.7,2164.42,1981.61,1863.81,1706.39,1953.99,1788.95,577.18,528.43,3126.39,2862.33,11.22,11.36,1202.46,1100.89,826.69,756.87,1277.61,1169.7,300.61,481.64,468.75,468.75,38.9,45.03,13.62,13.62,54,50.54,26.48,26.48,14.76,14.76,50,50,1,1,50.99,50.99,143,143,63.19,63.65,98.07,100.38,72.02,71.97,13.07,14.74,1277.61,1169.7,68.53,69.3,39.5,34.5,21.58,22.61,76.31,73.98,1.06,1.06,93.67,93.67,672.91,716.32,-8,-8,64,64,63.78,58.26,526.07,481.64,970.79,976.62,0.29,0.29,73.29,73.29,9.96,9.91,15.95,15.95,833.71,833.71,1.57,1.56,41.93,40.26,51.72,50.59,-82.46,-82.46,86.02,86.02,106.18,106.18,46138.25,42447.75,27889.54,27770.54,71699,61667,751.54,688.06,2.88,2.81,225.46,206.42,230600000000,282700000000,36172.39,32854.56,14.27,14.27,20.3,18.56
Virtual World,7.67,7.67,12.5,8.25,4,4,1.29,1.19,31.67,32.35,39.43,39.43,880.21,730.68,92.33,92.33,18,18,871.83,723.72,-4.73,-4.73,-11.31,-11.31,-4.9,-4.9,-5.02,-5.02,5564.95,4619.57,-8.37,-8.37,251.49,208.77,-12.73,-12.73,1207.15,1002.07,33.53,27.84,-10.86,-10.86,871.83,723.72,1140.08,946.4,-8.66,-8.66,-14.39,-14.39,871.83,723.72,18.08,18.17,1047.87,869.86,1173.61,974.24,1676.59,1391.77,964.04,904.65,8.28,8.28,77.33,84.35,8.98,8.98,13.25,12.45,1.54,1.54,34.81,34.81,51,51,1,1,50,50,93,93,69.59,69.92,95.03,96.54,70.69,69.91,42.6,44.01,1550.85,1287.39,101.83,102.26,-87.5,-91.75,68.46,68.75,-7.58,-9.69,29.5,29.5,91.14,91.14,8791.71,9636.43,-8,-8,64,64,75.94,75.56,1173.61,974.24,629.74,632.91,0.2,0.2,16.26,16.26,9.28,9.25,30.42,30.42,535.39,535.39,2,1.99,12.4,10.99,46.53,45.38,-81.85,-81.85,17.32,17.32,110.91,110.91,24351.16,20318.74,21261.84,18574.97,27495,22022,1173.61,974.24,2.32,2.31,670.64,556.71,14200000000,16200000000,7670.62,6359.77,16.32,16.32,10.23,9.56
Versord,66.67,66.4,43.33,36.67,38.67,38.67,2.57,2.22,31.3,31.3,43.68,43.68,1185.45,1087.8,41,41.4,132.75,132.75,-8.25,-8.25,-3.79,-3.79,4030.52,3698.54,632.24,580.16,-3.29,-3.29,-1.79,-1.79,2291.87,2103.09,-6,-6,4425.67,4061.14,474.18,435.12,2054.78,1885.53,2094.29,1921.79,869.33,797.72,2845.07,2610.73,-5.92,-5.92,-1.77,-1.77,6322.39,5801.62,10.82,10.95,1580.6,1450.41,1086.66,997.15,1086.66,997.15,395.15,634.55,624.65,624.65,38.9,45.03,15.09,15.09,39.69,37.29,22.84,22.76,20.18,20.28,52.64,52.64,1,1,51.48,51.48,136,136,58.94,59.48,63.57,67.96,71.14,71.14,11.74,13.27,987.87,906.5,76.01,77.96,39.5,34.5,32.54,33.69,67.14,64.8,8.82,8.82,92.57,92.57,743.01,792.29,0,0,64,64,58.63,55.62,691.51,634.55,739.09,747.94,0.34,0.33,195.35,193.99,11.42,10.97,15.24,15.24,791.45,791.45,1.81,1.8,43.26,41.73,51.76,50.65,59.16,59.16,40,40,100.2,100.2,35701.74,33033,21580.9,21611.14,55481,47989,1383.02,1269.11,6.77,5.24,296.36,271.95,855000000000,1146500000000,24098.67,21900.88,2.74,2.74,12.6,11.49
Agostora,21,21,71.56,69.78,73.33,73.33,7.39,5.33,30.1,29.65,45.83,45.83,99.55,97.92,79,79,47.25,47.25,4141.27,4073.31,-4.38,-4.38,-7.07,-7.07,5734.06,5639.96,4539.47,4464.97,-6.96,-6.96,2867.03,2819.98,-4.47,-4.47,159.28,156.67,2946.67,2898.31,4539.47,4464.97,2867.03,2819.98,1353.88,1331.66,-4,-4,6092.44,5992.46,-2.95,-4.11,7008.3,6893.29,11.09,11.22,2289.64,2252.07,1194.6,1174.99,696.85,685.41,497.75,783.33,923.69,923.69,13.54,18.75,17.01,17.01,66.59,62.76,26.64,26.64,14.45,14.45,50,50,1,1,51.96,51.96,101,101,60.19,60.89,78.65,83.71,72.78,73.46,22.03,19.81,796.4,783.33,102.14,103.32,66.33,59.67,20.24,21.45,82.44,79.63,0.77,0.77,93.87,93.87,559.9,613.07,0,0,67,67,70.02,68.75,597.3,587.5,621.13,664.68,0.23,0.22,39.42,39.42,13.54,12.96,13.85,13.85,461.36,461.36,2.02,1.93,32.97,35.19,58.31,57.87,-102.47,-102.47,89.44,89.44,101.04,101.04,56748.92,56111.37,19104.53,22705.1,141134,121092,1592.8,1566.66,3.88,3.46,298.65,293.75,17700000000,24900000000,45285.64,44103.54,7.73,7.73,16.88,14.82
Great Linwa,14,14,79.78,79.33,1,1,13.66,8.85,33.99,32.96,38.75,38.75,618.6,612.56,86,86,31.5,31.5,-3.46,-3.46,-8.91,-8.91,1385.66,1372.14,3761.08,3724.39,5542.65,5488.58,4749.85,4703.51,-2.9,-2.9,-6.06,-6.06,1682.59,1666.18,5344.69,5292.56,-3.46,-3.46,-5,-5,-1.41,-1.41,3860.06,3822.4,514.67,509.65,855.15,846.81,1385.66,1372.14,10.91,11.05,123.72,122.51,1237.2,1225.13,3340.43,3307.85,1360.92,1715.18,8.51,8.51,7.32,11.3,8.98,8.98,23.64,22.47,1.32,1.32,35.77,35.77,47.8,47.8,1,1,50.5,50.5,99,99,57.23,58.03,50.87,56.55,68.29,69.27,37.84,35.62,3092.99,3062.82,70.68,72.83,76.67,70,26.45,27.73,78.7,75.89,30.34,30.34,91.09,91.09,1632.09,1971.62,-8,-8,64,64,72.32,71.31,1237.2,1225.13,272.56,302.33,0.27,0.26,98.77,98.77,14.12,13.55,29.15,29.15,516.26,516.26,10.57,4.52,17.16,19.38,59.32,59.42,-55.68,-55.68,67.08,67.08,105.16,105.16,50733.02,50605.66,11947.08,15357.94,163175,135965,1237.2,1225.13,9.81,8.54,-4.47,-4.47,16200000000,22200000000,37339.51,36587.89,16.56,16.56,21.02,18.54
Kidani,59,58.93,39.33,32.67,72,72,2.35,2.04,31.49,31.55,43.68,43.68,286.99,260.97,48.75,48.8,117,117,286.99,260.97,3334.84,3032.43,2238.53,2035.54,344.39,313.16,2984.71,2714.05,1968.76,1790.23,1607.15,1461.41,-3.54,-3.54,2869.92,2609.66,2869.92,2609.66,1721.95,1565.8,-7.48,-7.48,3443.9,3131.59,2582.92,2348.7,3816.99,3470.85,1845.21,1521.3,4132.68,3757.91,11.83,11.96,1434.96,1304.83,932.72,848.14,860.97,782.9,358.74,521.93,490.88,490.88,42.53,48.93,14.64,14.64,49.15,45.85,28.14,28.13,10.61,10.65,51.62,51.62,1,1,50.99,50.99,99,99,59.76,60.28,81.73,86.23,70.9,70.83,11.16,12.81,717.48,652.42,86.57,88.33,36.5,31.5,25.2,26.33,70.09,67.64,0.82,0.82,93.8,93.8,572.31,612.8,0,0,68,68,59.05,55.71,789.23,717.66,507.11,513.24,0.3,0.29,86.87,86.42,12.02,11.58,15.85,15.85,464.83,464.83,2.34,2.31,43.84,42.19,50.29,49.15,53.85,53.85,31.62,31.62,92.89,92.89,43969.83,40021.63,27891.31,27377.98,65587,55955,1004.47,913.38,4.54,3.81,502.24,456.69,83300000000,119300000000,32889.43,29495.94,5.22,5.22,11.43,10.45
El Alacran,63.33,62.67,39.33,32.67,68.67,68.67,2.35,2.04,31.43,31.58,43.68,43.68,363.13,330.2,45.5,46,123.75,121.5,-1.41,-1.41,1834.19,1667.83,-4.69,-4.69,871.52,792.48,-1.1,-1.1,116.2,105.66,508.39,462.28,1034.93,941.07,-8.83,-8.83,-1.41,-1.41,-4.69,-4.69,2505.62,2278.37,-7.87,-7.87,4284.97,3896.34,1634.1,1485.89,4891.21,4239.58,508.39,462.28,12,12.12,1815.67,1650.99,1180.18,1073.14,1089.4,990.6,453.92,660.4,644.28,644.28,42.53,48.93,15.09,15.09,47.17,44.03,27.11,27.01,13.51,13.71,51,51,1,1,51.48,51.48,98,98,60.59,61.12,83.95,88.13,70.98,70.8,10.59,12.09,1270.97,1155.69,63.78,65.26,36.5,31.5,39.41,40.72,57.05,54.59,1.16,1.16,93.63,93.63,586.18,630.87,-4,-4,64,64,56.4,54.49,998.62,908.05,532.03,539.8,0.38,0.37,192.99,190.29,9.92,9.87,15.15,15.15,430.69,430.69,2.25,2.23,44.41,42.91,50.71,49.54,-53.85,-53.85,42.43,42.43,104.81,104.81,34730.95,31620.62,22030.83,21631.02,51806,44209,1270.97,1155.69,3.61,3.37,635.48,577.85,58900000000,89900000000,21046.96,18751.03,13.19,13.21,11.05,10.11
Mauritano,2.33,2.33,64.33,58,1,1,4.49,3.71,31.9,31.66,37.37,37.37,1095.93,1041.24,97.67,97.67,6.75,6.75,-5.48,-5.48,-6.34,-6.34,-7.07,-7.07,-3.74,-3.74,-10.86,-10.86,13918.31,13223.71,3746.09,3559.14,2490.75,2366.45,-9.49,-9.49,-7.07,-7.07,5579.28,5300.84,3188.16,3029.05,-8.94,-8.94,-8.94,-8.94,2152.01,2044.61,-8.17,-8.53,3746.09,3559.14,13.19,13.3,-3.16,-3.16,1195.56,1135.9,3287.79,3123.71,1095.93,1325.21,8.08,8.08,22.26,26.97,6.84,6.84,19.6,18.68,0.98,0.98,38.61,38.61,50,50,1,1,50,50,102,102,61.21,61.71,77.3,80.87,70.41,70.7,34.67,33,3686.31,3502.34,56.19,56.88,55.5,50.5,36.85,37.88,57.18,54.84,30.34,30.34,91.09,91.09,3927.32,4441.89,-8,-8,64,64,68.38,67.27,1594.08,1514.53,390.68,415.89,0.23,0.22,10.24,10.24,9.66,9.61,31.66,31.66,549.05,549.05,3,2.8,20.33,22,54.74,53.73,-48.99,-48.99,-10,-10,107.17,107.17,51199.84,48928.69,22797.94,24220.92,102400,89803,1594.08,1514.53,3.33,3.18,-10.95,-10.95,13500000000,17000000000,32358.3,30384.72,16.77,16.77,25.51,23.44
QyreneTorpedo,10.5,10.5,65,59.33,8,8,4.68,3.85,30.68,30.52,37.37,37.37,1021.66,980.81,89.5,89.5,24.75,24.75,3064.98,2942.43,817.33,784.65,-8.94,-8.94,-3.16,-3.16,-10.1,-10.1,-8.72,-8.72,-2.65,-2.65,-3.54,-3.54,1787.91,1716.42,3575.81,3432.84,-7.07,-7.07,-8.94,-8.94,-3.16,-3.16,-6.32,-6.32,2043.32,1961.62,3652.93,3212.63,3064.98,2942.43,12.92,13.04,766.25,735.61,1915.61,1839.02,3831.23,3678.04,1277.08,1593.82,8.06,8.06,21.38,25.99,6.84,6.84,27.31,26.11,1.39,1.39,35.43,35.43,46.97,46.97,1,1,50,50,94,94,60.69,61.19,75.34,79.17,71.96,72.18,29.94,28.27,3831.23,3678.04,73.17,74.16,56.5,51.5,52.23,53.62,50.07,47.62,24.66,24.66,91.43,91.43,2589.93,2955.01,-8,-8,64,64,67.81,66.6,1915.61,1839.02,367.75,392.41,0.24,0.23,17.29,17.29,11.98,11.54,31.76,31.76,450.36,450.36,3.23,2.98,25.06,26.73,55.73,54.7,-65.19,-65.19,15.81,15.81,106.84,106.84,39947.42,38423.72,17390.05,18638.37,81354,71703,1915.61,1839.02,3.56,3.34,383.12,367.8,6800000000,9100000000,19094.87,17828.61,17.34,17.34,16.53,15.06
Brass Taqs,17.25,17.25,78.83,81.83,74,74,22.21,14.73,35.35,33.8,38.06,38.06,-3.16,-3.16,82.75,82.75,40.5,40.5,1625.07,1654.98,1609.59,1639.21,6887.2,7013.95,7041.97,7171.56,278.58,283.71,340.49,346.76,2089.38,2127.83,2669.76,2718.89,812.54,827.49,3559.68,3625.19,77.38,78.81,2708.45,2758.29,2011.99,2049.02,7815.81,7959.65,1586.38,1615.57,6280.16,6159.31,10601.65,10796.75,9.22,9.38,-5.48,-5.48,580.38,591.06,1257.49,1280.64,483.65,788.08,923.69,923.69,4.5,6.79,10.55,10.55,82.76,79.72,21.74,21.74,21.49,21.49,50,50,1,1,51.96,51.96,95,95,57.14,57.73,64.52,69.69,67.18,68.46,29.1,27.43,1257.49,1280.64,82.27,83.95,82.75,77.75,8.86,9.23,105.96,103.51,0.77,0.77,93.9,93.9,458.44,494.38,-8,-8,67,67,74.28,73.66,580.38,591.06,389.43,416.14,0.28,0.28,24.93,24.93,14.05,13.62,13.85,13.85,358.59,358.59,3.01,2.79,25.9,27.57,57.7,59.24,-22.36,-22.36,96.95,96.95,103.74,103.74,64069.98,65308.16,11236.15,14702.46,249565,216561,580.38,591.06,9.95,9.04,-4.47,-4.47,6000000000,7400000000,58367.75,59299.81,14.44,14.44,32.15,29.73
KcabtuO,57.33,57.33,64.33,58,61.33,61.33,4.49,3.71,33.44,33.07,42,42,121.76,115.57,50,50,112.5,112.5,-6.32,-6.32,389.63,369.82,3409.28,3235.9,974.08,924.54,3214.46,3050.99,-8.94,-8.94,487.04,462.27,-3.54,-3.54,2922.24,2773.63,487.04,462.27,1948.16,1849.09,3409.28,3235.9,1948.16,1849.09,-5.48,-5.48,3896.32,3698.17,5454.84,5177.44,3896.32,3698.17,9.11,9.27,1095.84,1040.11,974.08,924.54,1461.12,1386.81,365.28,693.41,119.98,119.98,22.26,26.97,12,12,54.35,51.72,24.7,24.7,17.68,17.68,50,50,1,1,50,50,94,94,55.76,56.41,51.79,56.72,68.79,69.16,3.39,1.72,1461.12,1386.81,72.45,74.04,55.5,50.5,21.47,22.69,83.64,81.3,2.55,2.55,93.31,93.31,543.14,582.2,0,0,64,64,69.2,68.2,974.08,924.54,394.52,421.71,0.34,0.33,125.92,125.92,13.93,13.5,17.16,17.16,393.62,393.62,2.96,2.76,51.61,53.28,53.81,52.82,45.83,45.83,37.42,37.42,100.2,100.2,42055.88,40263.84,18726.37,19931.6,84112,73900,974.08,924.54,11.76,10.95,121.76,115.57,29000000000,35600000000,33013.87,31123.94,7.09,7.09,11.59,10.59
Dewi Rahl,57.33,57.33,64.33,58,61.33,61.33,4.49,3.71,33.48,33.07,42,42,104.11,99.16,50,50,112.5,112.5,1249.32,1189.98,-8.49,-8.49,-5.48,-5.48,-4.47,-4.47,3997.84,3807.93,666.31,634.65,1249.32,1189.98,2498.65,2379.95,1249.32,1189.98,5413.74,5156.57,3331.53,3173.27,2498.65,2379.95,1665.77,1586.64,6246.62,5949.89,1249.32,1189.98,5970.8,5449.17,2498.65,2379.95,9.11,9.27,936.99,892.48,832.88,793.32,1249.32,1189.98,312.33,594.99,119.98,119.98,22.26,26.97,12,12,54.35,51.72,23.26,23.26,19.65,19.65,50,50,1,1,50,50,94,94,55.76,56.41,51.79,56.72,68.75,69.15,3.39,1.72,1249.32,1189.98,62.8,64.27,55.5,50.5,15.05,16.28,89.98,87.53,2.55,2.55,93.31,93.31,543.14,582.2,0,0,64,64,69.54,68.58,832.88,793.32,410.49,438.25,0.34,0.33,125.92,125.92,12.72,12.28,17.16,17.16,355.35,355.35,2.84,2.65,51.61,53.28,53.79,52.81,-30,-30,-24.49,-24.49,100.2,100.2,49176.59,46900.04,21897.04,23216.69,98353,86080,832.88,793.32,11.76,10.95,104.11,99.16,32100000000,37400000000,41750.93,39255.33,7.09,7.09,12.06,11.01
Sapphic Magical Girls,57.33,57.33,61.78,52.89,57.33,57.33,4.14,3.23,33.11,32.95,42,42,351.19,322.69,50,50,112.5,112.5,-3.16,-3.16,6162.16,5662.07,-7.75,-7.75,-6.32,-6.32,468.25,430.25,-5.93,-5.93,-6.32,-6.32,-4.1,-4.1,2341.25,2151.24,-4.47,-4.47,4682.49,4302.48,-3.16,-3.16,-6.32,-6.32,5618.99,5162.98,1404.75,1290.75,6966.46,6048.29,0,0,9.22,9.38,1053.56,968.06,936.5,860.5,1404.75,1290.75,351.19,645.37,119.98,119.98,24.17,30.97,12,12,51.63,48.21,22.61,22.61,20.46,20.46,50,50,1,1,50,50,100,100,56.26,57.11,54.05,60.12,69.11,69.28,1.67,1.67,1404.75,1290.75,68.03,70.14,53.33,46.67,21.26,22.81,83.15,80.18,3.24,3.24,93.2,93.2,583.53,637.78,0,0,64,64,68.73,67.22,936.5,860.5,503.44,528.65,0.33,0.32,126.07,126.07,12.18,11.6,17.16,17.16,510.56,510.56,2.35,2.26,53.33,53.33,53.47,51.97,-37.42,-37.42,-40,-40,100.2,100.2,42408.25,38936.48,19762.39,20791.95,81761,67135,936.5,860.5,11.15,9.99,117.06,107.56,7800000000,12300000000,33375.29,30058.96,7.09,7.09,14.28,12.53
Wabacha,58.89,58.89,96.72,96.84,64.1,64.1,1.35,1.32,19.54,19.52,50.37,50.37,12102.37,12073.1,48.83,48.83,21,21,-23.96,-23.96,-15.85,-15.85,-14.35,-14.35,-11.06,-11.06,-19.35,-19.35,-13.33,-13.33,-20.45,-20.45,-25.01,-25.01,-16.25,-16.25,-17.44,-17.44,-19.85,-19.85,-17.89,-17.89,-13.93,-13.93,-24.66,-24.66,-12.98,-12.98,-30.72,-30.72,0,0,24.84,24.9,1776.5,1772.2,15544.33,15506.73,8216.29,8196.41,4774.33,5095.07,543.93,543.93,73.83,75.88,19.85,19.85,25.19,24.24,58.95,58.95,1.18,1.18,42.83,42.83,14.65,14.65,50.99,50.99,361,361,81.63,81.71,126.59,126.94,92.02,92.04,9.67,10.51,8105.26,8085.65,108.8,108.87,29.75,27.25,66.81,66.99,-44.58,-45.99,0.53,0.53,95.11,95.11,729.07,751.48,1,1,112,112,56.45,55.53,1776.5,1772.2,1369.29,1369.22,0.18,0.18,95.39,95.39,5.15,5.14,15.62,15.62,2305.78,2305.78,0.66,0.66,45.33,44.49,85,85.9,-100.82,-100.82,46.48,46.48,106.84,106.84,68506.09,68672.66,58366.51,59362.56,79052,78232,11991.34,11962.34,1.94,1.93,111.03,110.76,356500000000,369500000000,22744.02,22661.98,21.1,21.1,134.14,133.84
Zhonghua-Diguo,42,42,58.67,62.22,41.33,41.33,1.95,1.87,27.32,26.97,43,43,2359.31,2433.75,61.5,61.5,87.75,87.75,-13.19,-13.19,2170.57,2239.05,-5.29,-5.29,-6,-6,5111.84,5273.13,-9.47,-9.47,2516.6,2596,-7.45,-7.45,825.76,851.81,1415.59,1460.25,-12.41,-12.41,-10.72,-10.72,1415.59,1460.25,-14.07,-14.07,4364.73,4502.44,1489.3,1508.93,2516.6,2596,13.71,13.82,1671.18,1723.91,2359.31,2433.75,1277.96,1318.28,1277.96,1622.5,1199.43,1199.43,51.28,53.56,16.29,16.29,40.25,38.75,22.71,22.71,20.35,20.35,52.16,52.16,3.3,3.3,53.38,53.38,174,174,64.89,65.04,85.36,87.11,77.77,78.54,10.75,11.86,1572.87,1622.5,74.83,75.09,43,39.67,44.01,44.8,46.17,44.6,7.53,7.53,92.69,92.69,883.8,916.74,-8,-8,67,67,55.9,54.77,884.74,912.66,1089.87,1089.63,0.28,0.28,171.03,171.03,10.41,10.11,12.6,12.6,1040.05,1040.05,1.22,1.22,44.25,43.14,56.71,57.64,-24.49,-24.49,-28.28,-28.28,106.51,106.51,47259.94,49027.9,33152.49,35205.77,64656,65731,1572.87,1622.5,2.66,2.65,589.83,608.44,439700000000,687900000000,26465.57,27063.4,13.04,13.04,22.15,21.01
The Baltic Confederation,18.67,18.67,57.78,61.33,50.67,50.67,2.31,2.2,29.33,28.94,43,43,2203.29,2238.22,81.33,81.33,42.75,42.75,-3.16,-3.16,5036.09,5115.93,6043.31,6139.11,4784.29,4860.13,4952.16,5030.66,-7.21,-7.21,-3.46,-3.46,-9.49,-9.49,1846.57,1875.84,839.35,852.65,-9.49,-9.49,587.54,596.86,1259.02,1278.98,-13.42,-13.42,-3.45,-3.45,-8.19,-8.31,6043.31,6139.11,11.09,11.22,629.51,639.49,1363.94,1385.56,1573.78,1598.73,734.43,1065.82,468.75,468.75,43.25,45.35,14.16,14.16,47.2,45.6,14.52,14.52,28.11,28.11,47.8,47.8,2.52,2.52,50.99,50.99,165,165,61.89,62.06,85.94,88.22,73.98,74.63,12.77,13.66,1573.78,1598.73,106.1,106.21,50.33,47,30.08,30.93,67.92,66.37,4.64,4.64,93.01,93.01,938.48,972.42,-8,-8,66,66,66.32,65.13,734.43,746.07,1049.47,1049.53,0.24,0.24,36.08,36.08,11.88,11.59,15.95,15.95,1001.95,1001.95,1.38,1.38,42.23,41.34,54.31,54.97,33.91,33.91,77.78,77.78,105.5,105.5,44380.58,45403.86,28409.46,29817.46,65687,65747,524.59,532.91,3.13,3.09,839.35,852.65,500400000000,918800000000,31022.03,31374.07,15.63,15.63,23.83,22.24
Greece-Cyprus,14.25,14.25,58.89,54.44,25,25,2.45,2.33,30.52,30.36,40.78,40.78,2234.52,2140.72,85.75,85.75,33.75,33.75,-4.47,-4.47,932.67,893.52,4663.36,4467.59,5362.86,5137.72,-2.45,-2.45,-9.17,-9.17,0,0,-6.12,-6.12,2331.68,2233.79,-4.47,-4.47,-8.94,-8.94,-6,-6,5440.58,5212.18,-7.35,-7.35,6062.36,5807.86,5161.18,4870.05,4663.36,4467.59,10.34,10.49,291.46,279.22,777.23,744.6,1068.69,1023.82,388.61,651.52,468.75,468.75,40.89,42.94,12,12,39.11,37.84,14.16,14.16,28.37,28.37,51,51,1,1,50.99,50.99,170,170,60.41,60.58,66.41,68.7,72.17,72.39,21.17,21.5,1651.61,1582.27,98.7,99.22,51.17,47.83,20.7,21.57,80.47,78.88,15.09,15.09,92.06,92.06,1691.74,1859.73,-8,-8,64,64,67.24,66.23,680.07,651.52,1038.72,1039.64,0.24,0.24,25.06,25.06,11.35,11.06,15.95,15.95,1043.92,1043.92,1.42,1.42,33.83,33.5,54.15,53.33,-36.74,-36.74,85.73,85.73,105.84,105.84,48821.86,46977.04,30321.37,29954.68,74147,69762,485.77,465.37,3.72,3.61,97.15,93.07,566400000000,919500000000,38715.73,36830,14.5,14.5,22.6,21.07
Great Carpathia,65.83,65.2,69.67,66.33,38.67,38.67,6.39,5.09,32.78,32.23,43.68,43.68,-5.48,-5.48,42.25,43.2,130.5,128.25,-1.41,-1.41,1647.89,1608.31,7541.05,7359.94,-3.46,-3.46,-6.63,-6.63,2544.25,2483.14,239.94,234.18,899.78,878.17,2099.5,2049.07,2056.65,2007.26,2913.59,2843.61,4198.99,4098.15,3770.53,3679.97,3770.53,3679.97,5570.1,5436.32,3290.64,3211.61,7780.99,7594.12,7.87,8.06,1392.52,1359.08,749.82,731.81,749.82,731.81,107.12,418.18,12.77,12.77,15.66,19.65,13.62,13.62,47.45,45.46,24.03,23.84,18.62,18.89,51.62,51.62,1,1,50,50,94,94,56.09,56.76,44.67,49.03,69.44,70.03,12.29,10.31,1392.52,1359.08,59.27,61.46,63.5,58.5,9.48,9.86,100.53,98.2,7.94,7.94,92.65,92.65,552.78,599.82,-8,-8,68,68,71.2,70.4,428.47,418.18,399.26,429.08,0.69,0.59,84.03,81.37,12.4,11.96,18.78,18.78,412.23,412.23,2.92,2.71,42.71,44.69,55.91,54.99,94.6,94.6,-12.25,-12.25,98.83,98.83,51383.7,50463.24,18789.56,20963.59,119985,106666,964.05,940.9,11.36,10.49,-4.47,-4.47,33900000000,50500000000,46502.25,45467.38,12.63,12.66,23.22,21.29
Bharaata,80.67,76.22,78.44,78.44,80.67,80.67,23.92,13.66,42.72,36.41,42,42,0,0,20,26.67,180,166.5,2853.63,2866.25,4851.17,4872.62,2038.31,2047.32,5707.26,5732.49,5707.26,5732.49,5992.62,6019.12,3668.95,3685.17,2772.1,2784.35,6522.58,6551.42,815.32,818.93,-3.16,-3.16,1630.65,1637.86,-4.47,-4.47,407.66,409.46,-6.32,-6.32,9783.87,9827.13,8560.89,8598.74,6.71,6.93,611.49,614.2,509.58,511.83,509.58,511.83,0,307.1,105.17,105.17,4.18,7.32,12,12,86.53,82.29,33.79,32.66,2.48,2.72,50,50,1,1,50,50,100,100,45.63,48.37,25.1,30.52,64.89,66.44,31.64,27.19,917.24,921.29,33.1,38.4,83.33,76.67,6.37,6.79,117.9,115.09,0.69,0.69,94.23,94.23,87.11,132.92,0,0,64,64,74.28,73.42,509.58,511.83,171.29,207.86,1.93,1.41,267.7,224.9,15.78,15.22,17.24,17.24,491.24,491.24,85.74,70.67,23.36,27.81,56.58,57.32,-68.92,-68.92,85.15,85.15,98.83,98.83,60191.21,60764.44,10081.78,14309.37,241125,195439,509.58,511.83,18.02,16.94,-4.47,-4.47,4300000000,6800000000,56338.97,56632.45,5,5.39,27.01,24.02
Harmoniaarm,62.33,61.6,78.22,76.44,73.33,73.33,13.5,8.77,36.61,35.17,37.37,37.37,122.63,121.03,46.25,46.8,121.5,121.5,-4.24,-4.24,6469.6,6384.95,-7.62,-7.62,-4.24,-4.24,1373.48,1355.51,81.92,80.85,-3.55,-3.55,-6.94,-6.94,294.32,290.47,4022.35,3969.71,-6.16,-6.16,1275.38,1258.69,4512.88,4453.83,-6.93,-6.93,3531.82,3485.6,8790.3,8413.7,0,0,9.06,9.22,-5.48,-5.48,735.8,726.17,2207.39,2178.5,613.16,968.22,463.1,463.1,7.41,11.4,8.23,8.23,78.69,74.58,27.73,27.63,12,12.28,46.97,46.97,1,1,50.99,50.99,102,102,53.77,54.8,49.05,55.83,66.31,67.32,16.96,14.56,2330.02,2299.53,34.2,35.92,76.33,69.67,15.61,17.04,92.94,90.02,0.77,0.77,93.87,93.87,276.26,317.19,-4,-4,64,64,73,72.04,735.8,726.17,333.1,368.27,0.81,0.65,75.63,74.37,13.71,13.13,15.97,15.97,499.25,499.25,3.73,3.22,38.04,40.44,57.41,57.08,-47.96,-47.96,-24.49,-24.49,100.62,100.62,50567.77,50007.6,11992.02,15259.37,161865,133820,735.8,726.17,13.86,12.85,-6.32,-6.32,600000000,1500000000,42679.2,41506.31,15.45,15.45,22.94,20.29
Roadside Picnic,90,83.25,9.33,5.33,82,82,1.21,1.12,33.04,34.37,47.2,47.2,418.86,325.04,10,16.75,202.5,189,586.41,455.06,-6.38,-6.38,586.41,455.06,27.92,21.67,921.5,715.09,-7.48,-7.48,-10.77,-10.77,-6.6,-6.6,586.41,455.06,1563.75,1213.49,1005.27,780.1,2331.66,1809.41,1005.27,780.1,446.79,346.71,1703.37,1321.84,67.02,52.01,1172.81,910.12,15.78,15.87,1396.2,1083.48,872.63,677.17,453.77,352.13,349.05,352.13,814.61,814.61,82.55,89.57,18.34,18.34,31.19,27.35,40.56,39.52,1.78,1.85,51.62,51.62,1,1,52.44,52.44,105,105,66.21,66.67,104.24,104.72,69.18,67.95,38.16,37.25,628.29,487.56,88.15,94.94,-90.67,-94.67,51.31,52.19,22.86,20.79,0.7,0.7,94.17,94.17,381.99,454.34,0,0,64,64,75.8,75.4,593.39,460.48,768,796.06,0.39,0.34,359.3,303.44,9.73,9.69,14.36,14.36,538.53,538.53,1.77,1.74,16.84,17.75,45.19,43.89,25.5,25.5,38.08,38.08,105.16,105.16,22632.76,17644.64,20455.81,16649.75,24781,18589,942.44,731.35,2.54,2.51,558.48,433.39,5000000000,9000000000,11022.16,8434.14,4.32,4.86,7.07,7
Tatarica,82.83,82.83,96.66,96.77,78.93,78.93,1.59,1.54,20.4,20.36,42,42,14245.64,14223.49,17.17,17.17,220.75,220.75,-16.61,-16.61,-11.52,-11.52,-14.39,-14.39,-7.59,-7.59,-15.38,-15.38,-12.59,-12.59,-21.35,-21.35,-23.65,-23.65,-15.49,-15.49,-19.9,-19.9,-22.49,-22.49,-9.94,-9.94,-11.66,-11.66,-20.62,-20.62,20704.61,20672.42,-9.93,-9.93,0,0,26.96,27.02,8903.52,8889.68,12019.76,12001.07,7389.93,7378.43,2492.99,2755.8,501.72,501.72,62.8,64.97,18.34,18.34,43.09,41.71,96.02,96.02,0.81,0.81,62.05,62.05,8.22,8.22,56.53,56.53,469,469,85.61,85.69,122.39,122.76,91.43,91.45,22.88,23.83,6499.57,6489.47,73.55,73.78,43.86,41,87.84,88.02,-143.06,-144.54,1,1,93.69,93.69,249.53,264.62,7,7,120,120,44.44,44.11,-11.83,-11.83,1476.91,1476.82,0.22,0.22,133.42,133.42,8.8,8.77,15.8,15.8,3313.64,3313.64,0.57,0.57,32.12,31.17,87.09,87.76,-156.46,-156.46,118.83,118.83,65.19,65.19,85433.24,85567.08,66792.16,68113.1,106349,104843,13177.22,13156.73,1.86,1.86,-7.75,-7.75,849400000000,884100000000,10422.86,10268.05,0.76,0.76,144.55,144.14
2nd South Pacific Peasant Revolt,60.33,60,49,42.33,72,72,2.93,2.5,30.38,30.39,45.34,45.34,486.09,455.33,47.75,48,119.25,117,1244.4,1165.64,2893.23,2710.12,466.65,437.12,-3.29,-3.29,-2.83,-2.83,124.44,116.56,871.08,815.95,5444.26,5099.68,-8.49,-8.49,3966.53,3715.48,-4.24,-4.24,2799.9,2622.69,3577.66,3351.22,606.65,568.25,-8.31,-8.31,3620.53,3161.9,2582.13,2418.71,10,10.15,2138.82,2003.45,1166.63,1092.79,777.75,728.53,194.44,455.33,12.84,12.84,34.17,39.94,15.09,15.09,52.73,49.64,28.72,28.68,8.3,8.47,51,51,1,1,50,50,113,113,61.55,62.06,85.77,89.36,72.37,72.36,9.04,10.62,1361.06,1274.92,67.46,68.46,43.75,38.75,23.29,24.58,79.11,76.65,0.86,0.86,93.77,93.77,509.14,548.91,-8,-8,64,64,65.3,63.26,486.09,455.33,703.98,711.67,0.36,0.35,108.2,106.69,10.09,9.96,18.75,18.75,643.56,643.56,1.87,1.85,45.96,44.38,53.42,52.31,9.49,9.49,22.58,22.58,106.51,106.51,39692.63,37224.14,22364.13,22825.25,65445,57150,1458.28,1365.99,3.22,3.09,194.44,182.13,587000000000,678200000000,30444.25,28067,13.24,13.27,17.61,16.06
Moth Legionary 50,57.33,57.33,57.33,48.44,57.33,57.33,3.61,2.91,32.8,32.59,42,42,332.51,307.79,50,50,112.5,112.5,4433.53,4103.87,5805.7,5374.02,-6.32,-6.32,-4.47,-4.47,-4.47,-4.47,1899.77,1758.51,-5.48,-5.48,-2.85,-2.85,5763.59,5335.03,443.35,410.39,1773.41,1641.55,-6.32,-6.32,-7.07,-7.07,1773.41,1641.55,0,0,4256.19,3939.71,4433.53,4103.87,9.33,9.49,997.54,923.37,997.54,923.37,1330.06,1231.16,332.51,615.58,119.98,119.98,27.72,34.4,12,12,49.93,46.46,21.87,21.87,21.34,21.34,50,50,1,1,50,50,100,100,56.72,57.49,57.19,63.08,69.43,69.65,0.56,2.78,1330.06,1231.16,69.84,71.82,50,43.33,21.98,23.29,81.61,78.9,3.24,3.24,93.2,93.2,610.35,665.81,0,0,64,64,67.91,66.47,886.71,820.77,526.17,534.21,0.32,0.31,126.07,126.07,11.6,11.01,17.16,17.16,506.78,506.78,2.27,2.24,54.44,52.22,52.68,51.43,-37.42,-37.42,-24.49,-24.49,100.2,100.2,40562.35,37854.08,20382.08,21406.7,73540,62222,886.71,820.77,10.54,9.42,110.84,102.6,129200000000,221100000000,31638.63,29034.08,7.09,7.09,14.74,13.17
Expologos,45,45,43.11,39.56,73.33,73.33,2.56,2.11,31.46,31.08,43.68,43.68,289.06,275.4,59.25,59.25,92.25,92.25,1503.12,1432.09,1110,1057.55,4625,4406.44,3873.44,3690.4,3295.31,3139.59,6453.89,6148.92,1676.56,1597.34,433.59,413.1,1214.06,1156.69,4104.68,3910.72,1214.06,1156.69,-4.84,-4.84,2081.25,1982.9,2081.25,1982.9,-4.88,-4.88,129.5,123.38,7804.68,7435.87,11.22,11.36,1300.78,1239.31,867.19,826.21,578.12,550.81,578.12,757.36,634.49,634.49,39,47.5,15.09,15.09,51.79,47.36,25.17,25.17,16.98,16.98,52.16,52.16,1,1,51.48,51.48,105,105,59.92,60.62,80.27,85.57,70.94,71.42,13.56,15.78,867.19,826.21,99.38,101.49,39.33,32.67,19.72,20.9,78.78,75.97,0.77,0.77,93.87,93.87,617.83,673.62,0,0,68,68,64.45,57.99,650.39,619.66,666.62,675.76,0.27,0.26,152.68,152.68,9.91,9.85,15.2,15.2,537.42,537.42,1.93,1.91,41.44,39.22,51.18,50.67,28.28,28.28,84.85,84.85,91.29,91.29,47977.12,45916.51,29040.88,30915.6,74470,65081,1011.72,963.91,4.23,3.59,361.33,344.25,89100000000,137900000000,38525.63,36319.96,5.45,5.45,13.64,11.97
Metternau,32.89,32.89,69,65.67,68.67,68.67,6.09,4.88,31.83,31.33,42,42,0,0,68.33,68.33,72,72,4035.11,3949.45,3026.97,2962.72,512.39,501.52,4931.8,4827.11,4611.55,4513.66,76.86,75.23,4035.11,3949.45,3940.31,3856.67,896.69,877.66,3714.86,3636.01,2113.63,2068.76,4803.7,4701.73,4035.11,3949.45,4995.85,4889.8,-3.13,-3.13,5501.63,5196.78,8582.61,8400.43,9.8,9.95,1280.99,1253.8,800.62,783.62,640.49,626.9,160.12,391.81,468.75,468.75,16.42,20.51,13.62,13.62,63.12,60.29,24.27,24.27,18.3,18.3,50,50,1,1,50.99,50.99,102,102,56.78,57.39,57.25,62.19,70.49,71.1,14.86,13.19,800.62,783.62,60.85,62.31,62.5,57.5,8.58,8.92,105.53,103.07,1.16,1.16,93.63,93.63,561.2,600.89,-4,-4,64,64,70.93,70.1,560.43,548.54,484.56,514.54,0.35,0.34,67.01,67.01,12.63,12.19,15.95,15.95,486.72,486.72,2.42,2.31,40.14,41.81,56.66,55.75,-87.75,-87.75,92.2,92.2,103.37,103.37,67697.36,66307.38,25428.61,28205.38,154836,137549,960.74,940.35,10.45,9.58,240.18,235.09,43400000000,94100000000,61875.39,60406.02,13.82,13.82,18.11,16.52
AlfrosAlijos,46.67,46.67,69,65.67,67.33,67.33,6.09,4.88,34.95,34.12,40.78,40.78,0,0,58,58,94.5,94.5,-2,-2,207.32,202.47,1986.82,1940.36,2591.5,2530.91,950.22,928,3764.59,3676.56,2591.5,2530.91,2785.86,2720.73,777.45,759.27,4146.4,4049.45,4146.4,4049.45,6046.84,5905.45,-7.35,-7.35,691.07,674.91,-6.4,-6.4,4975.68,4789.99,4578.32,4471.27,8.72,8.89,323.94,316.36,647.88,632.73,1187.77,1160,107.98,421.82,468.75,468.75,16.42,20.51,12,12,62.78,59.97,23.69,23.69,19.09,19.09,52.16,52.16,1,1,50.99,50.99,95,95,56.39,57.01,56.48,61.42,67.49,68.17,10.75,9.08,1187.77,1160,57.45,58.86,62.5,57.5,12.84,14.01,94.16,91.8,1.38,1.38,93.56,93.56,498.05,535.49,-8,-8,64,64,71.05,70.24,755.85,738.18,380,406.47,0.42,0.4,77.3,77.3,11.85,11.4,15.95,15.95,354.27,354.27,3.1,2.87,44.25,45.92,55.23,54.35,-35.36,-35.36,59.58,59.58,105.84,105.84,50201.71,49274.9,18856.86,20960.22,114820,102217,971.81,949.09,10.98,10.13,107.98,105.45,34200000000,70100000000,43775.89,42376.41,12.5,12.5,19.63,17.93
Opina,63.33,62.67,65.56,58.22,76.67,76.67,4.86,3.72,31.78,31.5,43.68,43.68,198.55,187.34,45.5,46,123.75,121.5,1429.56,1348.84,-7.12,-7.12,1429.56,1348.84,1747.23,1648.58,3494.47,3297.16,381.21,359.69,5241.7,4945.74,-3.24,-3.24,2620.85,2472.87,-7.35,-7.35,-3.74,-3.74,5678.51,5357.88,4606.35,4346.26,5003.45,4720.93,4844.61,4571.06,1779,1678.55,8100.82,7643.42,9.54,9.7,1588.4,1498.71,992.75,936.69,1092.02,1030.36,397.1,655.69,26.8,26.8,20.58,26.89,14.16,14.16,65.62,61.35,32.43,32.34,2.78,2.8,51,51,1,1,50.5,50.5,99,99,57.56,58.37,69.24,75.91,70.55,70.9,12.52,10.14,1092.02,1030.36,60.81,63.24,57.33,50.67,14.8,16.05,90.14,87.33,0.73,0.73,94.04,94.04,353.57,399.35,0,0,64,64,69.34,67.96,694.92,655.69,464.87,505.97,0.35,0.34,191.83,189.14,13.26,12.67,17.87,17.87,519.38,519.38,2.51,2.34,42.48,44.86,55.57,54.13,-34.64,-34.64,54.77,54.77,100.2,100.2,52293.94,49622.25,22287.8,24523.1,108312,91201,1191.3,1124.03,9.31,7.93,99.27,93.67,7800000000,12100000000,44554.44,41633.07,6.04,6.09,12.72,11.18
Tcheka,90,83.25,65.56,65.11,82,82,6.36,4.69,35.98,34.46,43.68,43.68,-5.48,-5.48,10,16.75,202.5,189,2002.74,1988.12,-6.99,-6.99,-4.9,-4.9,5834.06,5791.48,5137.46,5099.96,3977.61,3948.58,1828.59,1815.24,2448.57,2430.69,261.23,259.32,1567.36,1555.92,1131.98,1123.72,3352.41,3327.94,696.6,691.52,1131.98,1123.72,-3.13,-3.13,6130.12,6085.38,3831.33,3803.36,6.08,6.08,1197.29,1188.55,544.22,540.25,0,0,-5.48,0,599.84,599.84,15.72,21.3,15.09,15.09,73.68,69.19,37.12,36.03,2.05,2.16,51,51,1,1,51.48,51.48,101,101,51.67,53.26,35.1,41.74,66.73,67.88,28.98,24.51,326.53,324.15,35.54,41.11,63.33,56.67,7.65,7.85,108.04,106.23,0.7,0.7,94.17,94.17,113.44,165.39,0,0,64,64,71.32,70.26,217.69,216.1,275.58,322.79,1.97,1.44,356.16,300.56,12.25,11.66,15.36,15.36,454.73,454.73,8.74,3.94,26.02,30.49,53.87,54.03,-91.92,-91.92,85.15,85.15,97.83,97.83,47754.87,47406.29,17502.2,20597.76,111317,96691,761.91,756.35,15.47,14.31,-4.47,-4.47,8700000000,11000000000,44125.5,43708.6,2.13,2.41,15.53,13.62
Flecher,49.33,49.33,78.44,78.44,13,13,23.92,13.66,37.14,35.1,40.78,40.78,0,0,56,56,99,99,-2,-2,5395.56,5433.54,2747.12,2766.46,5566.53,5605.71,2602.53,2620.85,-1.26,-1.26,-3.16,-3.16,7321.07,7372.6,2674.83,2693.65,3831.51,3858.48,216.88,218.4,6144.87,6188.13,2747.12,2766.46,3470.04,3494.47,-3.13,-3.13,8389.42,8149.98,2747.12,2766.46,7.94,8.12,90.37,91,451.83,455.01,1445.85,1456.03,0,273.01,457.39,457.39,4.18,7.32,12,12,37.09,35.53,14.08,14.08,28.42,28.42,50,50,1,1,50.99,50.99,108,108,51.61,52.95,25.22,29.79,65.99,67.37,26.01,23.79,1084.39,1092.02,53.97,55.83,83.33,76.67,6.43,6.85,118.96,115.98,20.96,20.96,91.66,91.66,691.55,750.51,-4,-4,64,64,74.56,73.71,451.83,455.01,370.52,406.54,0.6,0.54,57.84,57.84,14,13.42,15.99,15.99,563.74,563.74,3.2,2.86,28.99,31.21,57.42,58.11,-65.95,-65.95,90.28,90.28,102.24,102.24,67745.61,68197,11347.11,16059.66,271388,219345,451.83,455.01,15.51,14.56,-3.16,-3.16,3000000000,6200000000,63409.89,63559.6,13.68,13.68,31.97,28.63
Andalaian,29.67,29.67,78.22,77.78,72,72,11.78,7.86,32,31.21,43.68,43.68,97.64,97.06,70.75,70.75,67.5,67.5,1874.71,1863.47,5605,5571.37,1484.15,1475.24,984.22,978.32,5546.03,5512.75,4473.15,4446.31,1718.49,1708.18,-3.87,-3.87,2499.62,2484.62,3827.54,3804.58,4999.24,4969.24,976.41,970.55,3827.54,3804.58,-4.69,-4.69,5624.14,5590.4,3615.52,3275.48,5077.35,5046.89,10.05,10.2,1464.62,1455.83,878.77,873.5,1659.9,1649.94,683.49,970.55,25.09,25.09,8.49,12.73,14.16,14.16,71.84,68.05,26.73,26.73,14.29,14.29,47.8,47.8,1,1,50.5,50.5,99,99,58.83,59.57,77.78,83.81,70.3,71.26,21.29,19.07,2050.47,2038.17,68.78,70.9,74.33,67.67,11.35,12.66,97.01,94.04,0.82,0.82,93.8,93.8,454.34,502.35,-8,-8,64,64,72.25,71.23,585.85,582.33,410.2,446.24,0.3,0.29,134.45,134.45,14.28,13.71,17.9,17.9,458.37,458.37,2.84,2.61,33.71,35.93,59.63,59.72,-10.49,-10.49,44.83,44.83,105.84,105.84,63479.04,63070.99,16317.17,20500.69,192161,161048,1074.05,1067.61,7,4.89,0,0,1700000000,2600000000,56242.43,55060.97,15.85,15.85,24.34,21.57
Originistan,40.67,40.67,25.33,18.67,40,40,1.74,1.48,32.2,32.58,40.78,40.78,712.36,611.66,62.5,62.5,85.5,85.5,-3.74,-3.74,-1.79,-1.79,2342.86,2011.67,1772.97,1522.34,3229.34,2772.84,1317.07,1130.88,246.95,212.04,-1.73,-1.73,1076.45,924.28,-7.35,-7.35,-5.83,-5.83,823.17,706.8,-4.9,-4.9,823.17,706.8,-6.48,-6.48,-8.92,-9.3,2589.81,2223.71,12.61,12.73,791.51,679.62,1108.11,951.46,1741.31,1495.16,712.36,815.54,13.48,13.48,57.32,67.53,10.55,10.55,32.01,28.43,18,18,25.29,25.29,51.62,51.62,1,1,50,50,100,100,62.89,63.52,91.77,94.74,70.08,69.65,17.32,19.54,1741.31,1495.16,79.12,80.25,-74.67,-81.33,50.41,51.66,45.62,42.81,7.53,7.53,92.69,92.69,1283.94,1562.84,-4,-4,68,68,77.52,76.9,1108.11,951.46,697.43,704.42,0.28,0.28,48.68,48.68,10,9.93,18.5,18.5,587.14,587.14,1.88,1.87,37.68,35.46,48.14,46.44,14.14,14.14,59.16,59.16,99.3,99.3,25989.89,22519.8,19352.34,18299.67,33762,27097,1108.11,951.46,2.93,2.83,474.9,407.77,8600000000,24700000000,12890.98,10877.06,13.98,13.98,9.6,8.6
Welovetherothschildsss,49.67,49.67,64.22,55.56,20,20,4.48,3.46,32.54,32.28,37.37,37.37,661.32,614.48,55.75,55.75,101.25,101.25,-5.48,-5.48,4374.18,4064.34,1889.49,1755.65,3023.19,2809.05,755.8,702.26,4808.76,4468.14,-6.78,-6.78,0,0,4912.69,4564.7,1133.7,1053.39,1511.6,1404.52,-6.32,-6.32,4534.79,4213.57,755.8,702.26,-7.75,-7.75,6042.63,5326.68,1889.49,1755.65,11.05,11.18,283.42,263.35,1133.7,1053.39,2172.92,2019,661.32,877.83,8.01,8.01,22.34,28.89,6.84,6.84,36.17,34,15.12,15.12,27.66,27.66,46.97,46.97,1,1,50,50,100,100,56.14,56.99,50.76,56.51,69.7,69.99,14.28,12.95,1889.49,1755.65,68.83,70.95,55.33,48.67,20.82,22.17,80.07,77.09,16.31,16.31,91.97,91.97,882.98,949.44,0,0,64,64,69.22,67.82,1133.7,1053.39,481.22,515.02,0.31,0.3,53.34,53.34,10.54,9.99,32.07,32.07,531.31,531.31,2.44,2.31,40.72,42.05,54.51,53.05,-45.83,-45.83,67.82,67.82,99.76,99.76,54186.96,50324.08,24172.96,25871.42,108212,89539,1133.7,1053.39,11.3,10.15,0,0,5000000000,7200000000,42916.07,39152.14,10.27,10.27,17.32,15.21
O Imperio Brasileiro,35,35,65.56,58.22,10,10,4.86,3.72,31.01,30.77,43.68,43.68,201.83,191.01,66.75,66.75,76.5,76.5,-6.63,-6.63,-6.64,-6.64,5893.54,5577.5,-6.78,-6.78,726.6,687.64,226.46,214.31,2906.4,2750.55,4268.38,4039.49,-9,-9,2664.2,2521.34,1856.87,1757.3,-6.32,-6.32,-6.63,-6.63,5893.54,5577.5,6135.74,5806.72,3671.96,3161.79,8799.94,8328.05,10.91,11.05,1614.67,1528.08,1009.17,955.05,1816.5,1719.09,201.83,477.53,468.75,468.75,20.58,26.89,14.64,14.64,27.78,26.17,15.1,15.1,27.68,27.68,46.97,46.97,1,1,50.99,50.99,100,100,59.7,60.41,62.48,67.33,71.51,71.83,21.94,19.72,2119.25,2005.61,76.1,78.32,57.33,50.67,22.76,24.15,78.51,75.53,23.15,23.15,91.52,91.52,1255.34,1529.15,-8,-8,64,64,68.97,67.52,706.42,668.54,400.98,436.13,0.3,0.3,45.36,45.36,11.83,11.24,15.95,15.95,499.1,499.1,2.91,2.67,33.06,35.28,55.89,54.44,93.81,93.81,-38.73,-38.73,106.18,106.18,51338.99,48559.23,21880.8,23997.76,106334,89248,1211,1146.06,4.65,3.72,302.75,286.52,1200000000,2500000000,39633.7,36807.89,16.09,16.09,17.42,15.3
Loma,66.67,65.87,65.56,58.22,72,72,4.86,3.72,32.01,31.69,43.68,43.68,186.05,175.81,41,42.2,132.75,130.5,1339.53,1265.85,3435.14,3246.2,-2,-2,-2.9,-2.9,312.56,295.36,5021.74,4745.53,156.28,147.68,167.44,158.23,5060.44,4782.1,3572.07,3375.6,5432.53,5133.72,4130.21,3903.03,3944.16,3727.22,2827.89,2672.35,3051.15,2883.32,3453,3169.92,1495.81,1413.53,9.85,10,1488.36,1406.5,930.23,879.06,837.2,791.16,186.05,439.53,768.24,768.24,20.58,26.89,15.9,15.9,62.03,58.03,30.77,30.55,3.39,3.54,51.62,51.62,1,1,52.44,52.44,103,103,57.1,57.94,62.32,68.88,70.29,70.66,11.69,9.07,744.18,703.25,69.8,72.97,57.33,50.67,13.63,14.88,91.48,88.61,0.82,0.82,93.8,93.8,369.23,420.7,0,0,64,64,69.35,67.98,651.16,615.34,465.22,508.16,0.36,0.34,235.36,230.16,12.04,11.45,14.57,14.57,465.96,465.96,2.51,2.33,43.31,45.93,55.48,54.05,-24.08,-24.08,19.49,19.49,100.2,100.2,55758.57,52862.23,23764.43,26124.28,115488,97156,1116.27,1054.87,10,8.7,279.07,263.72,1600000000,3400000000,48175.41,44985.76,3.98,4.15,17.46,15.33
CHROMAKOPIA ON CHROME,72.33,70.8,77.67,80.33,38.67,38.67,26.6,17.01,50.12,37.51,43,43,-5.48,-5.48,32.5,34.8,153,148.5,1690.41,1731.24,1646.31,1686.08,-2,-2,4924.24,5043.19,7276.12,7451.88,-2.53,-2.53,7129.12,7301.34,2921.47,2992.04,110.24,112.91,4997.74,5118.46,4262.78,4365.75,7974.33,8166.96,4262.78,4365.75,4262.78,4365.75,3380.82,3462.49,1646.31,1686.08,8819.54,9032.58,6.32,6.56,0,0,551.22,564.54,459.35,470.45,91.87,376.36,119.98,119.98,3.76,5.88,14.64,14.64,55.81,53.93,26.62,26.18,14.5,15.31,51.62,51.62,1,1,51.48,51.48,95,95,46.59,48.39,18.03,21.05,64.17,65.77,22.56,20.12,1194.31,1223.16,19.9,21.56,84.5,79.5,4.99,5.32,126.4,124.07,7.94,7.94,92.65,92.65,340.28,386.08,-8,-8,64,64,75.01,74.42,367.48,376.36,204.22,228.34,2.86,2.43,288.05,276.59,15.87,15.45,17.16,17.16,314.88,314.88,72.28,60.64,32.44,34.88,56.49,58.13,-85.44,-85.44,84.26,84.26,104.81,104.81,65813.58,67685.64,10314.07,13974.89,274326,237699,367.48,376.36,17.65,16.93,-6.32,-6.32,14400000000,28200000000,62522.9,64098.3,12.35,12.41,23.59,21.63
Saint Clair Avenue,57.33,57.33,49.78,53.33,9,9,1.48,1.42,27.01,26.74,37.37,37.37,3828.45,3889.91,50,50,112.5,112.5,-16.19,-16.19,2520.21,2560.67,-9.8,-9.8,490.04,497.91,-10.77,-10.77,6160.53,6259.42,-6.16,-6.16,-16.93,-16.93,-8,-8,-10.1,-10.1,-11.92,-11.92,-12.33,-12.33,-9.59,-9.59,-16.79,-16.79,-3.3,-3.3,-10.41,-10.41,0,0,15.84,15.94,984.46,1000.26,3390.91,3445.35,4375.37,4445.61,2187.69,2556.22,8.08,8.08,67.79,70.42,6.84,6.84,20.33,19.31,17.49,17.49,25.74,25.74,46.97,46.97,3.3,3.3,50,50,181,181,65.75,65.9,99.6,101.25,78.46,79.07,18.78,19.89,3390.91,3445.35,69.65,69.91,36.33,33,70.66,70.88,10.01,8.46,21.68,21.68,91.61,91.61,1467.15,1616.49,0,0,62,62,52.25,51.42,1750.15,1778.24,1065.96,1065.68,0.25,0.25,125.44,125.44,9.55,9.51,31.66,31.66,1136.86,1136.86,1.31,1.31,36.22,35.11,56,56.65,-81.61,-81.61,43.13,43.13,102.24,102.24,36626.25,37547.6,29823.36,31196.27,43991,44302,2187.69,2222.8,2.58,2.57,656.31,666.84,243800000000,541900000000,10731.49,10926.35,11.25,11.25,17.46,16.22
Cabbages,79.33,78.67,68.22,70,86,86,2.95,2.8,31.12,30.62,42,42,2683.34,2690.77,22,23,175.5,173.25,-10.3,-10.3,343.47,344.42,3864.02,3874.71,400.71,401.82,3978.5,3989.51,-6.51,-6.51,-9.8,-9.8,2146.68,2152.62,572.45,574.03,3148.46,3157.17,-2.45,-2.45,-4,-4,-6.78,-6.78,-9.8,-9.8,6225.36,6242.59,-3.46,-3.46,3864.02,3874.71,7.14,7.35,536.67,538.15,1610.01,1614.46,178.89,179.38,536.67,1076.31,95.92,95.92,33.85,35.71,12,12,75.42,73.06,35.66,35.5,2.2,2.23,50,50,2.52,2.52,50,50,159,159,54.33,54.61,49.47,52.28,71.36,72.03,25.55,24.11,1252.23,1255.69,55.68,56.9,61.33,58,24.64,25.96,85.32,83.76,0.73,0.73,94.04,94.04,151.23,169.3,0,0,64,64,69.56,68.82,536.67,538.15,641.88,662.72,0.98,0.82,241.7,234.93,12.61,12.32,17.29,17.29,946.59,946.59,1.98,1.94,29.45,30.89,55.88,56.55,45.5,45.5,25.1,25.1,97.28,97.28,30804.79,31428.19,17267.03,18137.66,51011,50786,894.45,896.92,13.33,13.04,-7.07,-7.07,5312100000000,7921500000000,23226.81,23256.86,4.64,4.73,22.49,20.96
Neyshon26,57.33,57.33,65.52,67.62,54.67,54.67,2.6,2.49,32.13,31.48,39.43,39.43,989.76,1002.38,50,50,112.5,112.5,1880.54,1904.53,-3.1,-3.1,3365.17,3408.1,-3.46,-3.46,4058,4109.77,-2.19,-2.19,1158.01,1172.79,494.88,501.19,-3.46,-3.46,-3.46,-3.46,2870.29,2906.91,-3.95,-3.95,1880.54,1904.53,3860.05,3909.29,890.78,902.14,6617.48,6615.98,6403.72,6485.41,10.68,10.82,989.76,1002.38,989.76,1002.38,989.76,1002.38,989.76,1378.28,232.05,232.05,38.43,40.13,12,12,53.79,52.35,21.91,21.91,21.29,21.29,52.16,52.16,1,1,51.96,51.96,112,112,56.58,56.76,52.75,55.06,70.15,70.92,3.56,2.6,1979.51,2004.76,72.11,72.56,57.29,54.43,32.88,33.82,68.47,66.96,3.76,3.76,93.12,93.12,568.09,590.75,0,0,64,64,68.8,68.18,989.76,1002.38,566.47,580.26,0.33,0.33,126.81,126.81,12.49,12.24,16.71,16.71,600.83,600.83,2.15,2.11,51.44,52.4,54.7,55.63,60,60,-14.14,-14.14,101.85,101.85,42034.88,42861.12,25244.83,26350.3,65682,65659,989.76,1002.38,10.72,10.48,989.76,1002.38,1056100000000,1569600000000,28205.41,28374.06,5.7,5.7,14.21,13.43
Renault Vel Satis,97,86.67,66.67,73.78,97,97,102.81,52.58,101.91,67.51,42,42,-4.47,-4.47,3,13.33,218.25,195.75,3061.91,3193.98,408.25,425.86,1020.64,1064.66,-8.37,-8.37,-7.07,-7.07,6044.71,6305.44,-4.47,-4.47,5730.87,5978.06,-7.75,-7.75,510.32,532.33,2551.59,2661.65,-7.07,-7.07,2551.59,2661.65,6123.81,6387.95,2041.27,2129.32,4082.54,4258.63,4082.54,4258.63,5.29,5.39,510.32,532.33,510.32,532.33,127.58,133.08,-4.47,133.08,95.92,95.92,0.97,1.9,12,12,107.14,102.43,38.65,37.01,1.91,2.06,50,50,1,1,50,50,100,100,38.58,40.59,16.97,20.18,60.61,62.85,47.51,41.84,893.06,931.58,26.31,32.31,97,90.33,6.96,7.25,114.64,112.6,1.06,1.06,93.67,93.67,2.2,18.34,0,0,64,64,75.54,74.89,382.74,399.25,85.78,110.85,3.95,2.84,371.37,290.79,13.61,13.03,17.29,17.29,464.36,464.36,120.2,109.49,7.49,13.16,51.06,54.03,65.95,65.95,-57.88,-57.88,97.83,97.83,41271.95,43185.22,2587.2,4340.01,266001,228206,382.74,399.25,20.69,19.93,-6.32,-6.32,1200000000,2500000000,38382.92,40032.7,3.19,3.8,35.39,32.31
Sabanalarga,66.4,66.27,41.33,44.89,67.33,67.33,1.78,1.71,28.24,27.77,44.28,44.28,2208.92,2317.17,41.4,41.6,132.75,132.75,-14,-14,-3.58,-3.58,1851.29,1942.01,4123.32,4325.38,-2.16,-2.16,-9.08,-9.08,-7.87,-7.87,-9.33,-9.33,42.07,44.14,-4,-4,-12.08,-12.08,3113.53,3266.1,-7.48,-7.48,-14.35,-14.35,2819.01,2957.15,-10.88,-10.97,1851.29,1942.01,11.75,11.87,2419.3,2537.85,1998.55,2096.49,841.49,882.73,736.31,1103.41,7.94,7.94,56.13,58.52,14.16,14.16,46.98,44.97,29.99,29.95,4.56,4.63,50,50,2.52,2.52,50,50,173,173,63.1,63.25,89.81,91.86,75.9,76.83,10.71,11.75,1682.99,1765.46,72.88,73.3,38,34.67,46.72,47.59,53.07,51.52,1.38,1.38,93.56,93.56,557.82,585.65,-8,-8,64,64,54.44,53.56,736.31,772.39,1062.89,1062.72,0.37,0.36,97.43,96.96,9.93,9.9,32.57,32.57,1057.81,1057.81,1.33,1.33,44.29,43.25,52.98,53.96,-59.58,-59.58,75.83,75.83,106.84,106.84,31143.7,33000.89,22931.68,24846.44,40853,42457,1577.8,1655.12,2.89,2.87,315.56,331.02,1944500000000,3466400000000,16599.59,17292.47,13.63,13.63,17.13,16.2
Nunchia,66.4,66.27,21.67,24.33,67.33,67.33,1.32,1.28,28.51,27.96,44.83,44.83,1982.03,2107.88,41.4,41.6,132.75,132.75,-14.97,-14.97,2025.51,2154.12,920.69,979.15,1534.48,1631.91,-6.2,-6.2,-7.59,-7.59,-7.87,-7.87,-7.94,-7.94,-7.55,-7.55,153.45,163.19,-13.56,-13.56,2455.16,2611.06,-9.17,-9.17,-9.17,-9.17,485.92,516.77,-11.17,-11.17,920.69,979.15,16.25,16.34,2493.52,2651.85,1854.16,1971.89,1150.86,1223.93,1086.92,1359.93,8.1,8.1,75.54,78.3,14.64,14.64,36.48,34.21,30.41,30.37,3.76,3.81,50,50,2.52,2.52,50,50,173,173,68.13,68.27,100.53,101.86,75.4,76.44,16.22,17.27,1662.35,1767.9,82.58,83.03,-78.33,-81.67,68.16,68.39,7.48,5.93,1.38,1.38,93.56,93.56,692.13,723.09,-8,-8,64,64,76.27,75.98,1086.92,1155.94,1090.08,1089.9,0.31,0.31,97.33,96.85,9.65,9.62,31.56,31.56,1086.89,1086.89,1.22,1.22,38.78,37.73,49.93,50.94,-50.5,-50.5,65.95,65.95,110,110,27032.35,28952.81,23311.48,25447.74,30861,32499,1598.41,1699.91,2.41,2.4,831.17,883.95,136300000000,314900000000,8596.29,9149.09,14.5,14.5,15.46,14.61
Jonewestia,73.64,72.94,32.95,37.14,50.67,50.67,1.32,1.28,25.81,25.39,34.02,34.02,1750.34,1862.98,30.55,31.58,91.5,91.25,-8.6,-8.6,-7.16,-7.16,-10.58,-10.58,8352.94,8890.46,-3.3,-3.3,-3.69,-3.69,-3.13,-3.13,-6.93,-6.93,1034.98,1101.59,1704.68,1814.38,2009.09,2138.37,-7.2,-7.2,1095.87,1166.39,-13.67,-13.67,5077.51,5404.26,-6.55,-6.66,0,0,15.87,15.97,1522.04,1619.98,4642.21,4940.94,1598.14,1700.98,532.71,809.99,262.3,262.3,75.5,77.87,1.3,1.3,33.18,31.73,46.43,46.28,1.5,1.51,57.85,57.85,4.98,4.98,44.79,44.79,124,124,60.79,60.96,64.76,66.95,81.42,82.57,16.04,16.65,3272.38,3482.96,21.75,21.9,-72.29,-75.14,60.17,60.86,16.37,14.89,24.15,24.15,91.46,91.46,675.75,709.51,1,1,65,65,74.4,74.07,684.92,728.99,700.51,703.43,1.15,1.09,325.44,313.24,9.54,9.51,16.61,16.61,905.53,905.53,1.87,1.87,38.96,38.35,56.17,57.22,-173.91,-173.91,151.13,151.13,101.04,101.04,39592.43,42383.24,34133.34,37141.81,45211,47700,2054.75,2186.97,3.51,3.43,456.61,485.99,161633400000000,192905400000000,15757.79,16571.85,1.06,1.06,13.8,13.04
Ivernia,67,67,94.92,96.01,74.67,74.67,1.5,1.46,20.59,20.54,49.24,49.24,9197,9217.47,40.5,40.5,157,157,-20.69,-20.69,-10.51,-10.51,-9.9,-9.9,2197.47,2202.36,-13.49,-13.49,-10.16,-10.16,-12.49,-12.49,-20.09,-20.09,-12,-12,-15.75,-15.75,-19.7,-19.7,-13.34,-13.34,-7.62,-7.62,-17.18,-17.18,1823.7,1827.76,-18.54,-18.54,0,0,20.25,20.32,1594.15,1597.7,12753.18,12781.56,6989.72,7005.28,3924.05,4301.49,1095.87,1095.87,66.69,68.64,21.25,21.25,35.34,34.28,54.7,54.7,1.27,1.27,48.6,48.6,11.58,11.58,54.76,54.76,358,358,75.2,75.29,122.59,122.95,91.31,91.34,14.63,15.46,5518.2,5530.48,116.48,116.54,38.75,36.25,77.01,77.19,-31.6,-33.02,0.62,0.62,94.59,94.59,463.75,481.65,4,4,74,74,63.07,61.41,735.76,737.4,1278.82,1278.74,0.17,0.17,19.23,19.23,7.9,7.88,13.06,13.06,2065.26,2065.26,0.77,0.77,40.37,39.54,77.55,78.45,-134.31,-134.31,108.49,108.49,98.83,98.83,60753.19,61257.1,49040.82,50209.49,73530,73148,7848.11,7865.58,2.1,2.1,735.76,737.4,317700000000,335300000000,13973.23,13966.62,0.69,0.69,99.2,97.59
Hulvin,66.39,66.39,92.81,93.86,65.33,65.33,1.36,1.32,18.6,18.56,67.99,67.99,17530.07,17602.32,41.42,41.42,68.75,68.75,-25.65,-25.65,-19.35,-19.35,-21.21,-21.21,-16.21,-16.21,-23.14,-23.14,-15.21,-15.21,-27.06,-27.06,-29.97,-29.97,-23.81,-23.81,-25.85,-25.85,-28.43,-28.43,-20.35,-20.35,-21.86,-21.86,-28.79,-28.79,-10.1,-10.1,-34.74,-34.74,0,0,34.81,34.86,14970.37,15032.07,13108.77,13162.79,12177.97,12228.16,3257.8,3504.89,1082.81,1082.81,73.28,75.61,35.15,35.15,8.38,8.43,97.75,97.75,0.8,0.8,52.16,52.16,16.08,16.08,55.65,55.65,614,614,108.9,108.97,133.74,134.04,92.79,92.82,12.57,13.53,6127.77,6153.02,146.94,146.98,30.43,27.57,85.63,85.81,-203.32,-204.79,2.03,2.03,93.4,93.4,643.24,667.33,10,10,123,123,40.45,40.18,2404.57,2414.48,1654.57,1654.5,0.12,0.12,82.95,82.95,6.36,6.34,13.12,13.12,3943.66,3943.66,0.46,0.46,42.43,41.47,82.59,83.26,-202.67,-202.67,107.52,107.52,113.24,113.24,94010.82,94631.92,79778.9,81651.14,108866,107983,14582.54,14642.63,1.58,1.58,1241.07,1246.18,494500000000,507600000000,13537.56,13437.73,0.75,0.75,157.03,156.66
WaffwlWolf,97,86.67,66.44,73.56,97,97,105.08,53.36,107.56,75.39,42,42,-4.47,-4.47,3,13.33,218.25,195.75,2721.49,2861.49,362.87,381.53,0,0,4082.24,4292.24,-7.75,-7.75,4885.08,5136.38,0,0,340.19,357.69,4989.41,5246.07,4535.82,4769.16,-7.07,-7.07,3175.08,3338.41,-7.07,-7.07,5442.99,5722.99,-8.37,-8.37,8708.78,9156.78,2721.49,2861.49,5.1,5.2,453.58,476.92,340.19,357.69,113.4,119.23,-4.47,119.23,95.92,95.92,0.95,1.87,12,12,107.37,102.67,38.53,36.88,1.92,2.07,50,50,1,1,50,50,100,100,38.54,40.55,16.9,20.11,59.85,62.33,47.62,41.95,793.77,834.6,24.5,30.23,97.33,90.67,5.93,6.22,119.55,117.41,1.06,1.06,93.67,93.67,2.04,17.87,0,0,64,64,75.8,75.05,340.19,357.69,91.77,117.89,3.98,2.86,371.37,290.79,14.88,14.31,17.29,17.29,462.02,462.02,117.55,106.63,7.38,13.05,50.59,53.86,-68.19,-68.19,68.19,68.19,97.83,97.83,45730.18,48201.87,2821.17,4796.21,296449,255929,340.19,357.69,20.7,19.94,-6.32,-6.32,19200000000,40400000000,43032.1,45213.36,3.19,3.8,33.15,29.73
Curious Inquiry,77.83,77.83,91.05,92.1,76.19,76.19,1.47,1.42,20.01,19.96,27.9,27.9,14250.38,14291.37,24.25,24.25,219,219,-26.87,-26.87,-11.73,-11.73,-15.43,-15.43,-12.54,-12.54,-15.47,-15.47,-12.99,-12.99,-18.11,-18.11,-23.43,-23.43,-15.68,-15.68,-19.54,-19.54,-20.54,-20.54,-15.23,-15.23,-16.49,-16.49,-23.9,-23.9,-7.41,-7.41,-22.56,-22.59,0,0,23.81,23.87,3478.44,3488.44,16831.15,16879.57,2692.98,2700.73,3478.44,3826.04,10.29,10.29,67.94,70.19,1.34,1.34,46.63,44.9,74.52,74.52,0.98,0.98,50,50,10.55,10.55,50,50,432,432,68.78,68.89,110.86,111.36,91.69,91.72,21.39,22.34,5161.55,5176.4,68.37,68.59,37.14,34.29,66.53,66.72,-40.23,-41.69,0.68,0.68,94.28,94.28,351.44,369.3,16,16,101,101,50.19,49.67,2580.78,2588.2,1346.15,1346.05,0.23,0.23,122.11,122.11,8.21,8.19,21.31,21.31,2883.64,2883.64,0.69,0.69,33.61,32.66,77.84,78.52,-152.69,-152.69,85.5,85.5,79.01,79.01,63621.75,64142.36,51865.07,53201.23,76336,75796,12006.22,12040.76,2.37,2.36,1234.28,1237.84,1630200000000,1889000000000,21313.29,21359.41,10.26,10.26,131.21,130.73
Nova Universo Headquarters,78.44,78.44,52.44,56,38.67,38.67,1.53,1.47,26.72,26.42,42,42,3404.07,3511.57,23.33,23.33,173.25,173.25,-6.32,-6.32,-6.93,-6.93,-12,-12,-2.45,-2.45,-8.53,-8.53,-8.49,-8.49,-10.95,-10.95,-11.62,-11.62,1502.49,1549.93,4225.75,4359.19,-13.78,-13.78,1878.11,1937.42,3756.22,3874.83,-16.12,-16.12,2488.49,2567.08,2320.5,2296.91,0,0,12.96,13.08,1291.2,1331.97,3404.07,3511.57,2230.25,2300.68,1408.58,1816.33,119.98,119.98,65.48,68.05,12,12,34.07,32.71,28.29,28.29,9.84,9.84,50,50,3.93,3.93,50,50,189,189,62.65,62.81,90.47,92.61,79.12,79.85,17.86,18.97,2230.25,2300.68,59.77,60.01,38.33,35,56.36,57.28,40.81,39.22,6.73,6.73,92.77,92.77,602.24,629.49,0,0,62,62,55.4,54.1,939.05,968.71,1055.08,1054.83,0.36,0.35,230.67,230.67,9.83,9.79,17.16,17.16,1136.7,1136.7,1.36,1.36,37.14,36.03,56.13,56.82,-88.32,-88.32,24.49,24.49,101.04,101.04,35891.71,37291.5,28689.56,30426.9,43817,44710,1408.58,1453.06,2.97,2.94,352.15,363.27,1802400000000,3843500000000,15648.78,15923.47,6.92,6.92,15.48,14.36
Talravin Island,75.83,74.67,25.25,20.25,75.33,75.33,1.74,1.54,31.01,31.21,44.28,44.28,1247.15,1121.75,27.25,29,164.25,159.75,-10.39,-10.39,2075.26,1866.59,-4.24,-4.24,2194.99,1974.28,1024.33,921.33,-1.79,-1.79,-10.2,-10.2,-10.89,-10.89,864.69,777.75,-2.83,-2.83,-10.86,-10.86,-6.4,-6.4,731.66,658.09,1729.39,1555.5,2826.88,2542.64,138.35,124.44,0,0,11.18,11.31,1995.45,1794.8,1164.01,1046.97,498.86,448.7,332.57,523.48,8.45,8.45,57.38,64.78,14.64,14.64,45.51,41.52,34.6,34.3,2.35,2.4,51,51,1,1,50.5,50.5,152,152,61.68,62.22,87.31,90.91,71.51,71.25,23.69,24.78,1247.15,1121.75,60.29,62.36,25.25,20.25,41.5,42.66,57.47,55.14,0.77,0.77,93.9,93.9,458.44,507.29,-4,-4,64,64,52.09,51.06,582,523.48,954.68,969.11,0.55,0.5,247.12,232.77,9.9,9.85,29.47,29.47,922.02,922.02,1.58,1.57,31.31,30.22,48.85,47.65,-71.06,-71.06,64.42,64.42,104.46,104.46,25357.46,23032.1,18891.94,18305.37,32924,28259,1247.15,1121.75,3.19,3.06,332.57,299.13,1215800000000,1494200000000,14834.11,13197.4,12.79,12.84,11.46,10.48
DysonsphereConstructors,78.44,78.44,42.22,45.78,38.67,38.67,1.38,1.33,28.14,27.7,42,42,3785.59,3961.01,23.33,23.33,173.25,173.25,-15.81,-15.81,-8.94,-8.94,1566.45,1639.04,731.01,764.88,-8.49,-8.49,6683.53,6993.22,-10.49,-10.49,-15,-15,-9.59,-9.59,-11.4,-11.4,-14.83,-14.83,-11.4,-11.4,-8.94,-8.94,-16.25,-16.25,-4.58,-4.58,-5.86,-6.03,1566.45,1639.04,11.75,11.87,1044.3,1092.69,2610.75,2731.73,1435.91,1502.45,1566.45,2048.8,119.98,119.98,72.28,74.99,12,12,31.89,30.38,28.14,28.14,10.6,10.6,51,51,3.3,3.3,50,50,186,186,61.18,61.34,76.91,79.23,76.08,76.97,20.33,21.44,2088.6,2185.38,69.64,69.9,30.67,27.33,61.83,62.66,47.98,46.43,7.53,7.53,92.69,92.69,665.81,694.44,0,0,64,64,53.07,52.35,1044.3,1092.69,1048.53,1048.32,0.38,0.37,233.94,233.94,9.54,9.51,17.16,17.16,1169.73,1169.73,1.38,1.38,34.67,33.56,53.62,54.58,-17.32,-17.32,42.43,42.43,99.76,99.76,26995.19,28655.83,22742.22,24616.45,31463,32827,1827.53,1912.21,3.35,3.29,0,0,5451900000000,7958400000000,10312.16,10688.62,5.75,5.75,16.33,15.45
Dolgavakia,59.22,59.22,78,80.33,64.78,64.78,1.36,1.32,20.26,20.18,50,50,12404.67,12619.04,48.58,48.58,31,31,-23.28,-23.28,-12.39,-12.39,-17.26,-17.26,-12.54,-12.54,-14.87,-14.87,-13.3,-13.3,-19.34,-19.34,-25.72,-25.72,-18.08,-18.08,-17.38,-17.38,-20.78,-20.78,-16.31,-16.31,-14.9,-14.9,-23.49,-23.49,-9.44,-9.44,-24.01,-24.01,0,0,29.31,29.36,5822.6,5923.22,13164.14,13391.63,5991.37,6094.91,4050.5,4378.03,355.06,355.06,73.63,75.67,21.25,21.25,25.86,24.9,63.18,63.18,1.12,1.12,53.51,53.51,10.42,10.42,53.84,53.84,458,458,83.35,83.43,117.39,117.8,91.51,91.57,9.88,10.72,7004,7125.03,112.93,112.99,30,27.5,79.18,79.35,-135.29,-136.7,0.93,0.93,93.73,93.73,715.58,737.78,3,3,81,81,43.96,43.73,2278.41,2317.78,1387.17,1387.1,0.17,0.17,53.22,53.22,8.14,8.12,16.33,16.33,2841.34,2841.34,0.64,0.64,45.12,44.28,73.27,74.18,-140.64,-140.64,60.14,60.14,109.7,109.7,72487.15,73997.34,61668.18,63873.33,83755,84406,9788.72,9957.88,1.9,1.9,2447.18,2489.47,528700000000,565400000000,15077.33,15243.45,17.24,17.24,114.67,114.23
Brunswick and Nassau,61.33,61.33,85.29,88.43,58.1,58.1,1.54,1.49,20.11,20.03,42,42,10410.8,10559.06,47,47,87.25,87.25,-15.75,-15.75,-11.59,-11.59,-13.42,-13.42,-10.33,-10.33,-11.4,-11.4,-11.45,-11.45,-12.57,-12.57,-21.7,-21.7,-17.32,-17.32,-12.57,-12.57,-16.37,-16.37,-13.34,-13.34,-12.57,-12.57,-21.75,-21.75,-2.97,-2.97,-13.95,-13.95,0,0,22.2,22.27,1286.73,1305.05,17546.3,17796.16,4679.01,4745.64,2573.46,2966.03,82.96,82.96,64.75,66.94,12,12,33.8,32.71,61.47,61.47,1.14,1.14,54.29,54.29,10.95,10.95,50,50,353,353,72.34,72.45,110.4,110.91,91.62,91.67,4.82,5.77,5263.89,5338.85,99.92,100.25,41.29,38.43,67.01,67.2,-29.88,-31.36,3.27,3.27,93.19,93.19,652.92,677.19,-4,-4,83,83,53.08,52.36,116.98,118.64,1276.92,1276.81,0.2,0.2,71.83,71.83,8.16,8.13,17.37,17.37,2257.17,2257.17,0.78,0.78,50.18,49.23,75.05,75.73,-133.42,-133.42,81.78,81.78,106.18,106.18,57668.84,58845.98,45823.57,47595.4,70771,71098,10761.73,10914.98,2.2,2.2,935.8,949.13,1130600000000,1284200000000,19030.72,19301.48,6.87,6.87,111.72,110.97
Deleted One More Time,65.56,65.56,81.52,84.43,57.9,57.9,1.58,1.53,19.86,19.79,30.24,30.24,13527.93,13751.39,42.67,42.67,140.5,140.5,-25.57,-25.57,-14.25,-14.25,-16.55,-16.55,-12.59,-12.59,-17.06,-17.06,-14.06,-14.06,-13.71,-13.71,-22.98,-22.98,-20.12,-20.12,-19.6,-19.6,-23.32,-23.32,-17.12,-17.12,-17.15,-17.15,-25.26,-25.26,-7.47,-7.47,-21.27,-21.27,0,0,30.74,30.79,8826.15,8971.94,14435.29,14673.74,11548.23,11738.99,2392.13,2683.2,37.24,37.24,63.23,65.4,1.23,1.23,40.19,38.91,85.43,85.43,0.88,0.88,50,50,9.73,9.73,46.62,46.62,455,455,95.74,95.82,129.98,130.31,91.79,91.84,5.53,6.49,10970.82,11152.04,55.01,55.2,43.29,40.43,83.94,84.13,-176.22,-177.7,0.67,0.67,94.32,94.32,601.86,625.17,-5,-5,119,119,42.96,42.66,989.85,1006.2,1525.79,1525.7,0.16,0.16,103.24,103.24,8.33,8.31,17.74,17.74,3355.94,3355.94,0.53,0.53,49.47,48.51,77,77.69,-181.32,-181.32,115.55,115.55,101.45,101.45,77950.55,79489.74,61163.76,63501.4,96726,97092,10640.87,10816.64,1.71,1.71,1484.77,1509.3,593500000000,622700000000,12550.04,12638.87,22.49,22.49,145.74,145.34
Emini,77.56,74.83,26.33,23.67,75.33,75.33,1.79,1.52,30.82,30.66,45.83,45.83,328.62,309.59,24.67,28.75,171,162,1007.78,949.4,3302.01,3110.73,3330.05,3137.15,1095.41,1031.96,1139.23,1073.24,2851.58,2686.39,92.01,86.68,712.02,670.77,613.43,577.9,1665.03,1568.58,-7.35,-7.35,-2.28,-2.28,2541.36,2394.14,2891.89,2724.37,3242.42,3054.6,674.77,635.69,4429.85,4173.24,13.86,13.96,1862.2,1754.33,931.1,877.16,273.85,257.99,547.71,670.77,1207.99,1207.99,55.9,65.99,18.02,18.02,42.87,38.04,37.1,36.44,2.05,2.11,52.16,52.16,1,1,53.38,53.38,103,103,65.65,66.32,93.5,95.39,71.76,71.98,24.26,25.12,985.87,928.76,71.57,76.07,-73.67,-80.33,33.38,34.53,54.17,51.36,0.76,0.76,93.94,93.94,432.95,509.76,-8,-8,67,67,77.64,77.01,602.48,567.58,809.2,831.21,0.47,0.41,273.09,241.06,9.85,9.79,12.56,12.56,526.48,526.48,1.72,1.7,30.74,29.88,49.58,48.98,62.85,62.85,60.42,60.42,108.45,108.45,38719.31,36631.21,28445.53,29402.16,50890,44557,1150.18,1083.56,2.59,2.53,438.16,412.78,1000000000,2600000000,25787.06,23993.44,12.2,12.31,14.72,12.91
Chial,97,86.67,70.89,75.33,52,52,79.27,38.15,94.32,61.24,40.78,40.78,0,0,3,13.33,218.25,195.75,5237.07,5373.06,1073.6,1101.48,1208.55,1239.94,-6.32,-6.32,3625.66,3719.81,4429.35,4544.37,-4,-4,4967.16,5096.15,3222.81,3306.5,-5.48,-5.48,5639.92,5786.38,402.85,413.31,4431.36,4546.44,3222.81,3306.5,-4.47,-4.47,7734.74,7935.6,6445.62,6613,6.63,6.86,100.71,103.33,503.56,516.64,906.42,929.95,0,309.98,105.17,105.17,1.26,2.62,10.55,10.55,68.95,66.05,29.62,27.72,5.47,12.04,50,50,1,1,50,50,100,100,39,41.38,12.64,15.49,61.12,63.3,32.42,26.75,906.42,929.95,25.49,31.59,94.67,88,6.31,6.73,119.25,116.44,4.34,4.34,93.04,93.04,105.4,170.73,0,0,64,64,75.6,74.81,503.56,516.64,156.32,194.14,3.91,2.75,370.38,289.92,15.1,14.53,17.24,17.24,469.06,469.06,91.57,76.55,22.58,28.25,52.88,55.16,57.01,57.01,-41.83,-41.83,98.83,98.83,55396.07,57144.61,4189.16,7107.54,332079,271133,503.56,516.64,20.52,19.63,-5.48,-5.48,1800000000,3800000000,51906.12,53315.92,3.6,4.43,31.39,28.09
Avedom,90,83.25,15.33,10,25,25,1.38,1.22,34.72,35.64,39.43,39.43,686.44,546.77,10,16.75,202.5,189,627.6,499.9,2627.9,2093.19,-7.62,-7.62,141.21,112.48,3059.57,2437.03,376.56,299.94,3138.02,2499.52,1519.98,1210.71,-4.24,-4.24,39.23,31.24,1608.24,1281,1039.47,827.97,-5.29,-5.29,235.35,187.46,-9.17,-9.17,1229.25,844.79,3765.62,2999.43,13.71,13.82,392.25,312.44,735.47,585.83,931.6,742.05,686.44,663.94,9.37,9.37,72.55,81.97,11.33,11.33,22.44,18.94,25.79,24.46,15.97,18.03,51.62,51.62,1,1,51.48,51.48,105,105,60.59,61.31,76.58,81.07,67.67,66.97,33.84,33.37,1618.04,1288.82,19.98,23.24,-84.67,-90,42.28,43.55,42.53,39.86,13.35,13.35,92.19,92.19,780.89,896.08,0,0,64,64,76.61,76.04,931.6,742.05,447.49,473.1,0.77,0.51,359.25,303.39,9.88,9.82,24.88,24.88,558.48,558.48,2.6,2.48,21.16,21.63,45.2,43.63,-63.32,-63.32,33.32,33.32,102.62,102.62,26578.38,21153.24,22435.15,19048.44,30923,23237,931.6,742.05,3.61,3.3,-9.49,-9.49,18600000000,22700000000,15335.72,11930.43,7.17,7.42,7.84,7.39
Erdholt,49,49,67,66.33,74.67,74.67,6.39,5.09,32.17,31.5,44.28,44.28,-6.32,-6.32,56.25,56.25,99,99,1428.49,1429.73,-2.19,-2.19,5651.85,5656.77,4471.8,4475.68,1987.46,1989.19,-6.2,-6.2,5900.29,5905.42,4184.23,4187.87,2546.44,2548.65,807.41,808.11,5465.53,5470.28,3540.17,3543.25,3912.82,3916.22,5776.07,5781.09,4999.72,5004.06,4962.83,4780.66,12980.63,12991.92,9.64,9.7,931.62,932.43,465.81,466.22,776.35,777.03,-4.47,77.7,1819.66,1819.66,15.66,19.65,15.9,15.9,67.4,64.38,31.03,31.03,3.26,3.26,50,50,1,1,51.96,51.96,93,93,61.49,61.98,87.85,91.42,70.1,70.89,14.13,12.46,776.35,777.03,70.57,71.36,63.5,58.5,8.12,8.35,108.27,106.49,0.76,0.76,93.94,93.94,402.1,435.81,-8,-8,67,67,71.59,70.84,232.91,233.11,628.65,660.65,0.34,0.34,86.08,86.08,13.87,13.44,10.06,10.06,319.18,319.18,2,1.94,40.87,42.54,55.53,55.57,36.06,36.06,88.32,88.32,104.81,104.81,67707.1,67657.19,24758.57,28106.34,158101,143010,621.08,621.62,3.24,3.11,77.64,77.7,10400000000,12700000000,62222.83,62041.64,13.5,13.5,21.62,19.79
Desolous,64.11,64.11,57.78,61.33,27.33,27.33,1.62,1.56,26.28,26.06,40.78,40.78,2779.72,2819.46,44.83,44.83,126,126,-11.58,-11.58,3386.98,3435.4,1368.48,1388.04,-1.55,-1.55,1508.75,1530.31,-9.03,-9.03,5131.79,5205.15,-12.06,-12.06,384.88,390.39,3677.78,3730.36,-10.2,-10.2,2394.83,2429.07,-2,-2,-10.68,-10.68,3079.07,3123.09,478.97,485.81,6500.27,6593.19,12.85,12.96,-5.48,-5.48,3528.11,3578.54,2993.54,3036.34,962.21,1301.29,919.19,919.19,61.7,64.21,10.55,10.55,32.07,30.89,22.43,22.43,20.68,20.68,50,50,4.48,4.48,50,50,196,196,65.64,65.78,97.33,98.99,80.2,80.76,12.27,13.38,2138.25,2168.81,50.5,50.71,42.33,39,44.55,45.36,47.72,46.16,10.54,10.54,92.42,92.42,832.34,864.32,-4,-4,62,62,64.33,62.27,534.56,542.2,1097.37,1097.13,0.34,0.34,41,41,9.78,9.75,13.87,13.87,1159.26,1159.26,1.2,1.2,42.73,41.62,57.15,57.78,31.14,31.14,25.1,25.1,97.83,97.83,43362.76,44307.95,33582.77,35049.58,54427,54589,748.39,759.08,2.59,2.58,-6.32,-6.32,1828800000000,3886600000000,24066.33,24192.14,14.06,14.06,17.73,16.47
Keobia,61.87,61.87,45.33,48.89,62.67,62.67,1.88,1.8,28.17,27.73,43.68,43.68,2003.5,2094.61,46.6,46.6,121.5,121.5,-3.74,-3.74,-5.93,-5.93,5230.19,5468.04,354.3,370.42,-4.33,-4.33,-7.04,-7.04,3458.68,3615.96,-1.73,-1.73,-8.83,-8.83,1940.23,2028.47,-7.35,-7.35,-4.27,-4.27,-6.63,-6.63,-12.41,-12.41,-5.39,-5.39,3744.02,3826.08,8688.87,9084,10.82,10.95,1370.82,1433.15,2108.95,2204.85,1159.92,1212.67,527.24,881.94,457.39,457.39,53.33,55.66,14.64,14.64,46.44,44.58,24.89,24.89,17.39,17.39,51.62,51.62,3.3,3.3,50.99,50.99,169,169,62.7,62.86,88.87,91,76.04,76.9,5.98,7.1,1370.82,1433.15,67.84,68.09,41,37.67,36.64,37.63,62.97,61.37,2.35,2.35,93.34,93.34,623.44,651.16,-8,-8,68,68,61.4,57.06,527.24,551.21,1073.36,1073.14,0.36,0.36,65.77,65.77,9.75,9.72,15.99,15.99,1015.17,1015.17,1.29,1.29,49.02,47.9,53.46,54.41,71.27,71.27,33.47,33.47,98.83,98.83,33847.16,35628.88,24248.71,26116.03,45469,46921,1265.37,1322.91,2.96,2.93,0,0,873300000000,1776900000000,21459.1,22232.42,12.74,12.74,21.98,20.85
Butterfly Ballot,71.05,71.05,80.33,82.17,57.67,57.67,1.44,1.39,20.89,20.82,40.78,40.78,9849.03,9938.68,34.43,34.43,174.5,174.5,-16,-16,-10.43,-10.43,-13.19,-13.19,-9.98,-9.98,-8.19,-8.19,-11.93,-11.93,-13.49,-13.49,-23.01,-23.01,-9.17,-9.17,-11.22,-11.22,-16.31,-16.31,-7,-7,-10.77,-10.77,-19.97,-19.97,1879.89,1897,-15.98,-15.98,0,0,21.38,21.45,1506.32,1520.03,14483.87,14615.71,5214.19,5261.65,3012.65,3390.84,190.3,190.3,69.23,71.88,11.33,11.33,32.07,30.71,57.34,57.34,1.21,1.21,48.6,48.6,8.85,8.85,50.5,50.5,333,333,73.52,73.64,111.4,111.89,91.12,91.17,10.78,11.89,3592,3624.7,88.95,89.24,35.5,32.17,83.6,83.78,-63.27,-64.83,1.48,1.48,93.53,93.53,599.65,626.83,0,0,80,80,49.03,48.56,463.48,467.7,1274.45,1274.3,0.24,0.24,69.95,69.95,8.85,8.83,16.86,16.86,2173.21,2173.21,0.78,0.78,44.22,43.11,72.81,73.49,-109.18,-109.18,56.75,56.75,102.24,102.24,54832.93,55682.8,45148.5,46771.7,65215,65069,8574.45,8652.5,2.16,2.15,1390.45,1403.11,1132200000000,1266000000000,8992.6,9020.61,9.87,9.87,92.33,89.73
Erove,53,53,69.78,65.33,68.67,68.67,6.41,4.73,35.52,34.57,40.78,40.78,96.66,93,53.25,53.25,105.75,105.75,4098.19,3943.01,2088.53,2009.45,4484.81,4314.99,3092.97,2975.85,2165.08,2083.1,1548.8,1490.16,4252.83,4091.8,753.91,725.36,3324.94,3199.04,8351.02,8034.8,4871.43,4686.97,4252.83,4091.8,-4.9,-4.9,-6.63,-6.63,-4.58,-4.58,-3.63,-3.63,12835.83,12349.79,8.54,8.72,289.97,278.99,579.93,557.97,1159.86,1115.95,96.66,371.98,468.75,468.75,15.6,21.16,12,12,66.64,62.67,24.5,24.5,17.97,17.97,50,50,1,1,50.99,50.99,99,99,54.4,55.37,45.32,51.8,67.05,67.79,10.22,8,966.55,929.95,65.23,67.3,63.67,57,9.22,9.63,101.81,98.99,1.26,1.26,93.59,93.59,441.56,488.91,0,0,64,64,71.39,70.3,676.59,650.97,386.29,423.1,0.36,0.34,81.12,81.12,13.05,12.47,15.95,15.95,390.75,390.75,3.04,2.75,44.78,47,54.89,53.58,38.08,38.08,65.95,65.95,99.76,99.76,56919.93,55043.62,20766.81,23824.85,133145,112612,483.28,464.98,13.26,12.22,96.66,93,97100000000,171200000000,51683.3,49759.43,6.92,6.92,16.31,14.32
Jivs,47.33,47.33,47.11,38.22,28,28,2.81,2.29,32.48,32.57,40.78,40.78,466.87,419.22,57.5,57.5,96.75,96.75,-9.49,-9.49,-5.5,-5.5,-6.32,-6.32,2240.99,2012.26,-3.74,-3.74,1825.48,1639.15,-8.12,-8.12,-8.4,-8.4,2100.93,1886.49,3734.99,3353.77,-6.32,-6.32,653.62,586.91,-7.75,-7.75,2334.37,2096.1,-2.65,-2.65,-5.83,-6.5,0,0,11.05,11.18,700.31,628.83,1167.18,1048.05,2100.93,1886.49,350.16,628.83,485.41,485.41,35.53,43.67,12,12,36.48,33.73,17.56,17.56,25.67,25.67,50,50,1,1,50.99,50.99,98,98,60.65,61.33,73.47,78.02,69.77,69.67,12.96,15.18,2100.93,1886.49,70.33,71.66,42.33,35.67,42.09,43.43,61.78,58.97,12.26,12.26,92.28,92.28,950.29,1058.68,-8,-8,64,64,65.36,62.23,1167.18,1048.05,564.32,572.23,0.31,0.31,76.85,76.85,10.21,9.96,15.87,15.87,497.66,497.66,2.16,2.13,42.04,39.82,51.81,50.22,-71.41,-71.41,55.68,55.68,106.84,106.84,32340.34,29353.83,18610.45,18887.71,52387,43255,1167.18,1048.05,3.58,3.29,466.87,419.22,56900000000,104900000000,18725.06,16614.27,14.23,14.23,12.03,10.59
Abbylandiaa,55,55,69.78,65.33,41.33,41.33,6.41,4.73,35.18,34.41,43,43,123.99,119.07,51.75,51.75,110.25,110.25,-3.74,-3.74,1031.56,990.65,1289.45,1238.32,2975.66,2857.65,1289.45,1238.32,-2.53,-2.53,1686.21,1619.34,2082.96,2000.36,-3.74,-3.74,5752.94,5524.8,4265.11,4095.97,208.3,200.04,7240.78,6953.63,1289.45,1238.32,-1.67,-1.67,-2.28,-2.28,2975.66,2857.65,8.54,8.72,371.96,357.21,991.89,952.55,1487.83,1428.83,123.99,476.28,468.75,468.75,15.6,21.16,14.16,14.16,50.59,47.72,19.53,19.53,23.84,23.84,50,50,1,1,50.99,50.99,99,99,53.69,54.73,35.33,40.95,67.31,67.93,9.72,7.5,991.89,952.55,67.33,69.43,63.67,57,16.83,18.21,90.27,87.46,7.53,7.53,92.69,92.69,611.03,666.52,0,0,64,64,70.88,69.72,867.9,833.48,315.05,348.17,0.36,0.35,82.88,82.88,13.36,12.78,15.95,15.95,430.78,430.78,4.13,3.48,45.28,47.5,54.98,53.63,-45.28,-45.28,57.88,57.88,99.76,99.76,44411.74,43007.7,16203.29,18615.27,103886,87988,619.93,595.34,13.93,12.93,123.99,119.07,95400000000,135600000000,36950.57,35180.3,6.53,6.53,16.13,14.15
Biggie Cats,85,80.17,69.83,69.17,83,83,7.87,6.12,37.69,35.96,43.68,43.68,-6.32,-6.32,15,20.75,191.25,180,784.2,777.85,4579.32,4542.2,1019.47,1011.2,-6.78,-6.78,3485.35,3457.11,4327.5,4292.43,3659.62,3629.96,2710.73,2688.76,4705.23,4667.09,1655.54,1642.13,3833.89,3802.82,5881.54,5833.87,-7.87,-7.87,2091.21,2074.26,4225.99,4191.74,-2.28,-2.28,5463.29,5419.01,5.57,5.66,1198.09,1188.38,435.67,432.14,0,0,-4.47,108.03,19.47,19.47,12.7,16.33,14.16,14.16,79.77,76.3,35.42,34.46,2.24,2.37,52.16,52.16,1,1,50.5,50.5,100,100,48.67,50.69,27.92,32.44,65.67,66.74,29.1,25.52,653.5,648.21,33.03,37.36,67.75,62.75,6.73,6.96,112.77,111.11,0.72,0.72,94.1,94.1,111.98,152.59,0,0,68,68,71.99,71.27,217.83,216.07,225.22,258.05,1.99,1.55,325.5,280.55,14.13,13.7,18.01,18.01,473.4,473.4,62.34,24.59,25.9,29.48,53.86,53.99,57.62,57.62,-46.37,-46.37,85.53,85.53,50605.61,50303.48,16427.94,18832.52,129342,115349,544.59,540.17,16.82,15.98,-6.32,-6.32,153600000000,163100000000,47215.04,46782.23,1.68,1.82,22.55,20.66
Petalumadom,76.78,76.78,100.13,100.13,90.43,90.43,1.6,1.56,229.39,225.85,11.18,11.18,-33.47,-33.47,25.83,25.83,214.75,214.75,849.88,854.94,3721.58,3743.72,-12.18,-12.18,19350.41,19465.52,5117.17,5147.61,-33.75,-33.75,31633.4,31821.58,-19.43,-19.43,-3.94,-3.94,11585.2,11654.12,14939.98,15028.86,7134.51,7176.96,3310.06,3329.75,-1.18,-1.18,33109.5,33306.47,7614.92,7660.22,32483.28,32676.52,23.02,23.09,-21.91,-21.91,4864.44,4893.38,-18.44,-18.44,4081.66,4274.68,791.5,791.5,62.42,64.3,0.3,0.3,127.43,123.23,111.83,111.83,0.73,0.73,59.25,59.25,0.39,0.39,51.48,51.48,-416,-416,3.9,3.91,4.01,4.02,28.26,28.38,24.28,25.11,14649.23,14736.38,3.24,3.24,44.38,41.88,19.16,19.69,77.8,76.38,11.26,11.26,92.36,92.36,224.78,237.3,47,47,151,151,58.9,56.59,-16.73,-16.73,13.17,13.17,16.84,16.81,373.81,373.81,50.54,50.41,14.47,14.47,2.78,2.78,422.7,422.69,30.72,29.89,70.68,70.72,-323.51,-323.51,305.06,305.06,19.85,19.85,168000.54,169168.71,130910.87,133925.23,209736,208279,6038.62,6074.54,55.81,55.71,-23.87,-23.87,1.2589496e+15,1.367106e+15,135744.44,135842.47,12.77,12.77,17.85,16.89
Titanica,68.72,68.72,100.39,100.4,53.71,53.71,1.36,1.32,25.21,25.07,14.91,14.91,10033.24,10020.84,37.92,37.92,131.75,131.75,39420.92,39372.22,-16.3,-16.3,-18.49,-18.49,-13.46,-13.46,-10.04,-10.04,-15.9,-15.9,-5.42,-5.42,-24.68,-24.68,-11.22,-11.22,-24.12,-24.12,-14.56,-14.56,-18.71,-18.71,-16.49,-16.49,-25.4,-25.4,6454.29,6446.31,-26.3,-26.33,39420.92,39372.22,25.12,25.18,3641.1,3636.6,3236.53,3232.53,9062.28,9051.09,14321.64,14546.39,1923.71,1923.71,73.51,75.85,0.71,0.71,42.92,41.07,63.09,63.09,1.12,1.12,76.85,76.85,0.46,0.46,52.91,52.91,515,515,75.86,75.96,123.54,123.9,83.1,83.53,12.46,13.41,728.22,727.32,9.19,9.23,30.14,27.29,77.33,77.52,-94.63,-96.1,1.39,1.39,93.56,93.56,698.69,723.79,0,0,104,104,43.43,43.11,-27.02,-27.02,1429.57,1429.48,0.26,0.26,167.56,167.56,25.47,25.25,9.68,9.68,3504.69,3504.69,0.61,0.61,42.54,41.59,85.93,86.07,-148.79,-148.79,-3.97,-3.97,13.36,13.36,96931.45,97054.14,82395.18,83879.06,112081,110585,4854.79,4848.8,2.08,2.08,-24.9,-24.9,1786000000000,1921600000000,22003.44,21837.18,0.32,0.32,121.38,120.81
Fleeb,62.67,62.67,98.39,98.49,65.81,65.81,1.59,1.53,19.79,19.74,12.59,12.59,11986.65,12027.41,46,46,63.5,63.5,-34.79,-34.79,-15.23,-15.23,-15.2,-15.2,-8.12,-8.12,0,0,-15.62,-15.62,-15.87,-15.87,-18.17,-18.17,-26.83,-26.83,-19.75,-19.75,-13.42,-13.42,-22.83,-22.83,-18.71,-18.71,-18.68,-18.68,-10.84,-10.84,-25.45,-25.45,0,0,29.83,29.88,5017.67,5034.73,11057.45,11095.06,16539.71,16595.97,557.52,839.12,4388.24,4388.24,63.02,65.18,0.49,0.49,73.88,71.25,94.59,94.59,0.82,0.82,67.36,67.36,13.24,13.24,61.83,61.83,559,559,98.1,98.18,134.98,135.28,91.84,91.87,7.01,7.97,11800.81,11840.94,6.47,6.48,43.57,40.71,73.22,73.4,-86.78,-88.25,12.05,12.05,92.29,92.29,568.09,590.75,-31,-31,144,144,48.7,48.24,2880.51,2890.31,1585.7,1585.62,0.18,0.18,115.44,115.44,7.46,7.44,3.61,3.61,3669.07,3669.07,0.5,0.5,47.99,47.03,93.09,93.1,-193.29,-193.29,148.61,148.61,11.06,11.06,82698.57,83259.55,64771.73,66394.61,102781,101856,12451.24,12493.59,1.69,1.69,-23.24,-23.24,555900000000,573300000000,22163.22,22147.04,0.56,0.56,162.5,162.15
Cekan,73.45,73.45,88.38,90.62,72.57,72.57,1.68,1.63,20.01,19.95,46.76,46.76,11548.57,11654.14,30.82,30.82,97.5,97.5,-16.91,-16.91,-11.17,-11.17,-14.7,-14.7,-5.25,-5.25,-15.21,-15.21,-12.43,-12.43,-17.09,-17.09,-23.33,-23.33,-8.49,-8.49,-13.27,-13.27,-16.91,-16.91,-13.56,-13.56,-13.64,-13.64,-20.57,-20.57,-1.71,-1.71,-14.85,-14.85,0,0,27,27.06,6016.9,6071.9,15139.31,15277.7,5046.44,5092.57,3105.5,3427.69,17.41,17.41,59.46,61.3,18.34,18.34,38.78,37.8,70.72,70.72,1.02,1.02,45.31,45.31,10.82,10.82,52.91,52.91,396,396,79.86,79.94,116.26,116.69,91.68,91.72,13.56,14.39,7472.61,7540.91,105.98,106.06,48.38,45.88,91.21,91.27,-150,-151.42,1.24,1.24,93.6,93.6,356.17,371.88,12,12,84,84,46.58,46.2,1746.84,1762.81,1350.2,1350.12,0.18,0.18,188.17,188.17,8.31,8.29,18.06,18.06,2524.76,2524.76,0.68,0.68,41.44,40.61,76.52,77.2,-174.19,-174.19,121.61,121.61,109.7,109.7,71921.03,72872.26,54611.67,56240.34,91845,91746,11548.57,11654.14,1.97,1.97,1940.94,1958.68,540300000000,576200000000,6329.05,6339.89,20.12,20.12,118.32,117.71
Zulankan Peoples Militia,77.11,77.11,30,33.56,61.33,61.33,1.24,1.2,25.09,24.73,43,43,3024.03,3203.25,25.33,25.33,168.75,168.75,-12.65,-12.65,-4,-4,-8.25,-8.25,-4.24,-4.24,806.41,854.2,-9.38,-9.38,-10.1,-10.1,-9.49,-9.49,-5.48,-5.48,864.01,915.21,-9.49,-9.49,576.01,610.14,-5.48,-5.48,-15.07,-15.07,1152.01,1220.28,-6.99,-6.99,0,0,20.54,20.62,4752.04,5033.67,4176.04,4423.53,2016.02,2135.5,1872.02,2211.77,15.84,15.84,80.69,83.55,13,13,32.78,30.76,37.5,37.5,2.01,2.01,50,50,4.48,4.48,50,50,192,192,71.59,71.72,104.83,105.53,83.46,84.57,19.3,20.41,2592.02,2745.64,84.15,84.44,-78.5,-81.83,80.7,80.88,-50.39,-51.95,2.15,2.15,93.38,93.38,617.15,644.73,0,0,60,60,76.79,76.52,1584.01,1677.89,1107.24,1107.01,0.27,0.27,281.27,281.27,9.64,9.61,18.11,18.11,1195.26,1195.26,1.16,1.16,35.7,34.59,55.69,56.73,-71.76,-71.76,41.83,41.83,107.5,107.5,33782.71,36013.64,30169.13,32758.68,37387,39208,2664.02,2821.91,2.23,2.23,1512.01,1601.62,558800000000,715500000000,6520.06,6878.61,9.19,9.19,10.61,10.07
Workers Revolution,75.78,74.22,23,19.67,18,18,1.26,1.22,31.1,31.11,42,42,677.19,632.45,27.33,29.67,164.25,159.75,-6.63,-6.63,243.79,227.68,-10.39,-10.39,1422.1,1328.15,85.33,79.69,-6.13,-6.13,-5.83,-5.83,-4.24,-4.24,-7.75,-7.75,1218.95,1138.41,880.35,822.19,1896.14,1770.86,-5.83,-5.83,-8,-8,1252.8,1170.04,-4.24,-4.24,0,0,11.92,12.04,1185.09,1106.79,1523.68,1423.02,1862.28,1739.24,423.24,632.45,130.47,130.47,79.42,82.26,12,12,21.7,19.86,20.16,19.63,23.2,23.74,50,50,2.52,2.52,50,50,113,113,62.05,62.26,81.66,84.01,71.39,71.38,27.74,28.07,1523.68,1423.02,60.33,62.34,-77,-80.33,54.85,55.71,45.62,44.07,16.94,16.94,91.93,91.93,941.84,1000,0,0,62,62,77.39,77.12,846.49,790.56,574.96,580.99,0.35,0.33,218.26,204.8,9.7,9.67,17.11,17.11,601.81,601.81,2.13,2.11,27.26,26.93,46.82,46.15,-87.75,-87.75,47.96,47.96,102.24,102.24,21823.18,20618.55,19326,18601.15,24333,22613,507.89,474.34,3.09,3.05,507.89,474.34,2438000000000,3729200000000,9864.08,9134.02,6.95,7.04,7.63,7.42
Everrly,19,19,62,64.78,10,10,2.49,2.37,28.84,28.44,42,42,2430.56,2473.88,81,81,42.75,42.75,-12.49,-12.49,-6.07,-6.07,4396.14,4474.5,-8.37,-8.37,7101.45,7228.03,-9.72,-9.72,169.08,172.1,-8.03,-8.03,2028.99,2065.15,5241.55,5334.98,-9.27,-9.27,3128.02,3183.78,2705.31,2753.54,-10.77,-10.77,-6.24,-6.24,6265.59,6291.23,4565.22,4646.59,11.49,11.62,1056.76,1075.6,1690.82,1720.96,1796.5,1828.52,951.09,1290.72,125.17,125.17,40.09,42.11,12,12,27.18,26.35,1.2,1.2,36.5,36.5,50,50,2.52,2.52,50,50,167,167,59.05,59.23,60.58,62.98,74.81,75.51,25.36,24.25,1373.79,1398.28,106.06,106.28,53.5,50.17,30.79,31.67,66.48,64.88,23.15,23.15,91.52,91.52,2113.24,2315.16,0,0,64,64,66.36,65.47,951.09,968.04,896.44,915.92,0.23,0.23,36.6,36.6,13.29,13,17.14,17.14,1004.16,1004.16,1.63,1.61,29.64,30.75,55,55.9,91.92,91.92,-57.01,-57.01,100.62,100.62,47403.27,48484.88,29125.89,30594.52,72652,72646,739.73,752.92,6.52,6.06,211.35,215.12,1090800000000,1840400000000,32803.06,33115.17,8.45,8.45,15.76,14.9
Greek People Nation,65.28,65.28,92.39,93.28,29.33,29.33,1.44,1.39,20.28,20.24,14.57,14.57,13515.45,13491.22,43.08,43.08,134.25,134.25,-25.38,-25.38,-13.39,-13.39,-16.79,-16.79,-7.1,-7.1,-14.24,-14.24,-14.34,-14.34,-11.04,-11.04,-22.98,-22.98,-21.84,-21.84,-17.44,-17.44,-21.54,-21.54,-16.43,-16.43,-16.25,-16.25,-22.61,-22.61,-10.71,-10.71,-20.42,-20.42,0,0,28.77,28.83,7602.44,7588.81,11356.73,11336.37,15204.88,15177.62,938.57,1217.96,658.89,658.89,69.49,72.15,0.63,0.63,37.72,36.08,77.15,77.15,0.95,0.95,57.85,57.85,10.01,10.01,50.99,50.99,515,515,92.93,93.02,116.52,116.94,91.51,91.53,15.08,16.19,21117.88,21080.03,6.24,6.24,35.17,31.83,78.84,79.03,-133.6,-135.16,54.15,54.15,85.65,85.65,868.36,901.02,-12,-12,95,95,41.63,41.26,-9.49,-9.49,1483.11,1482.99,0.18,0.18,130.88,130.88,8.2,8.17,15.09,15.09,3398.26,3398.26,0.56,0.56,39.92,38.81,79.58,80.04,-185.89,-185.89,126.13,126.13,52.17,52.17,77713.81,77855.58,64117.11,65525.22,92264,90820,7977.87,7963.57,1.75,1.75,-11.4,-11.4,1339900000000,1442000000000,16475.33,16349.67,23.31,23.31,132.62,131.98
Cherno Alpha,70.27,70.27,63.33,65.44,37.33,37.33,1.4,1.35,22.47,22.36,40.78,40.78,5682.97,5749.88,35.6,35.6,146.25,146.25,-14.7,-14.7,-7.8,-7.8,-7.75,-7.75,-5.25,-5.25,-7.9,-7.9,-10.51,-10.51,-6.48,-6.48,-16.79,-16.79,180.82,182.95,-8.72,-8.72,-11.66,-11.66,1239.92,1254.52,-8.72,-8.72,-14,-14,188.05,190.27,-13.32,-13.39,0,0,17,17.09,1549.9,1568.15,10720.15,10846.36,2712.33,2744.26,2454.01,2874.94,152.93,152.93,71.61,74.31,10.55,10.55,27.32,26.07,29.98,29.98,4.57,4.57,50,50,6.85,6.85,50,50,230,230,65.25,65.39,97.93,99.52,90.31,90.36,16.17,17.28,2970.65,3005.62,60.3,60.54,32.5,29.17,77.19,77.37,-6.96,-8.52,5.63,5.63,92.89,92.89,766.54,797.24,-2,-2,62,62,51.76,51.14,1033.27,1045.43,1106.59,1106.36,0.37,0.37,178.35,178.35,9.31,9.28,17.01,17.01,1368.79,1368.79,1.17,1.17,38.83,37.72,62.94,63.62,-60.17,-60.17,24.9,24.9,103.37,103.37,38935.6,39786.03,32640.04,34012.77,45578,45773,2841.49,2874.94,2.63,2.61,1549.9,1568.15,2176400000000,4750000000000,8877.32,8991.64,14.09,14.09,19.02,18.01
Maximilian Thermidor,65.78,65.56,32.22,30.44,71.33,71.33,1.38,1.33,28.65,28.57,43.68,43.68,1338.26,1294.04,42.33,42.67,130.5,130.5,-17.15,-17.15,-9.55,-9.55,-10.68,-10.68,2330.15,2253.15,1398.09,1351.89,13905.33,13445.83,-4.24,-4.24,-13.25,-13.25,-12.12,-12.12,-2,-2,-4.9,-4.9,-12,-12,188.93,182.69,-3.74,-3.74,-8.83,-8.83,-13.31,-13.31,0,0,13.86,13.96,1574.43,1522.4,2125.47,2055.24,2046.75,1979.12,787.21,989.56,8.01,8.01,72.69,75.4,13.62,13.62,46.65,44.33,29.81,29.75,4.98,5.12,46.97,46.97,2.52,2.52,50,50,130,130,66.02,66.16,104.98,105.68,75.15,75.28,14.64,15.64,2046.75,1979.12,56.39,56.85,-68.83,-72.17,51.98,52.75,35.85,34.29,0.92,0.92,93.73,93.73,571.65,600.89,-8,-8,64,64,77.5,77.14,944.66,913.44,974.35,973.14,0.33,0.33,71.77,70.95,9.37,9.34,32.07,32.07,795.13,795.13,1.56,1.56,40.36,39.36,51.62,51.21,-101.98,-101.98,68.56,68.56,107.5,107.5,32936.98,32076.95,27829.84,27635.11,38288,36652,1259.54,1217.92,2.56,2.55,393.61,380.6,657900000000,1366500000000,15809.75,15140.32,15.92,15.92,15.45,14.33
Deimos2,64.89,64.44,52.89,46.67,57.33,57.33,3.23,2.59,33.01,32.56,42,42,271.1,255.33,43.67,44.33,128.25,126,3253.16,3063.96,4229.11,3983.15,3614.63,3404.4,3253.16,3063.96,-5.48,-5.48,-7,-7,-6.32,-6.32,-6.78,-6.78,3253.16,3063.96,3614.63,3404.4,4699.02,4425.72,2891.7,2723.52,3253.16,3063.96,1807.31,1702.2,1807.31,1702.2,-1.67,-1.67,6867.79,6468.37,9.38,9.54,813.29,765.99,722.93,680.88,1084.39,1021.32,542.19,765.99,119.98,119.98,30.97,38.6,12,12,49.67,46.01,25.34,25.21,16.71,16.91,50,50,1,1,50,50,100,100,56.9,57.74,58.18,64.6,69.21,69.68,3.78,5.78,1084.39,1021.32,77.28,80.16,46.67,40,15.55,16.81,87.7,84.89,3.5,3.5,93.16,93.16,586.18,646.13,0,0,64,64,67.66,65.91,722.93,680.88,474.87,486.46,0.35,0.33,151.88,147.11,11.97,11.38,17.16,17.16,472.36,472.36,2.47,2.42,51.22,49.22,51.95,50.99,10,10,70,70,100.2,100.2,46303.37,43865.73,24725.85,26406.74,79838,68406,722.93,680.88,10.29,9.02,90.37,85.11,2441600000000,4371300000000,39080.05,36496.29,6.78,6.82,12.15,10.69
Selucrayse,72.27,71.87,27.67,31.11,70.67,70.67,1.5,1.44,29.06,28.44,45.83,45.83,2074.83,2211.81,32.6,33.2,153,150.75,-10,-10,-6.32,-6.32,-9.7,-9.7,-6.32,-6.32,4702.96,5013.43,-7.75,-7.75,-11.05,-11.05,-12.25,-12.25,-5.48,-5.48,829.93,884.72,-7.07,-7.07,-8.83,-8.83,1659.87,1769.44,-2.65,-2.65,3015.42,3214.49,-12.41,-12.41,0,0,16.85,16.94,2697.28,2875.35,1590.71,1695.72,1106.58,1179.63,1175.74,1474.54,1229.34,1229.34,66.76,69.36,18.02,18.02,42.7,40.29,33.41,33.31,2.56,2.58,52.16,52.16,1,1,53.38,53.38,168,168,68.54,68.69,98.58,100.06,74.42,75.52,19.51,20.42,1590.71,1695.72,75.07,75.86,-74.33,-77.67,68.28,68.51,5.02,3.47,1.16,1.16,93.63,93.63,546.47,577.18,-8,-8,67,67,76.41,76.12,1106.58,1179.63,1086.41,1086.47,0.34,0.34,277.58,274.34,11,10.7,12.47,12.47,1026.95,1026.95,1.24,1.24,35.49,34.58,50.75,51.78,-62.45,-62.45,-28.28,-28.28,110,110,31786.44,34106.04,25671.64,28110.61,38454,40527,1659.87,1769.44,2.38,2.37,899.09,958.45,63500000000,107800000000,10076.3,10743.4,12.89,12.91,12.36,11.7
Flying Pig 13,57.33,57.33,61.78,52.89,57.33,57.33,4.14,3.23,33.24,33.04,42,42,104.16,95.64,50,50,112.5,112.5,4582.89,4208.37,2666.41,2448.51,-6.32,-6.32,-6.32,-6.32,-5.83,-5.83,666.6,612.13,4166.26,3825.8,312.47,286.93,-7.07,-7.07,7082.64,6503.85,3749.63,3443.22,3749.63,3443.22,1666.5,1530.32,-8.37,-8.37,1666.5,1530.32,5781.8,4995.59,8749.15,8034.17,9.11,9.27,937.41,860.8,833.25,765.16,1249.88,1147.74,312.47,573.87,119.98,119.98,24.17,30.97,12,12,51.63,48.21,22.86,22.86,20.15,20.15,50,50,1,1,50,50,94,94,56.26,57.11,54.05,60.12,68.99,69.18,1.67,1.67,1249.88,1147.74,56.52,58.43,53.33,46.67,15.87,17.3,88.68,85.71,3.24,3.24,93.2,93.2,583.53,637.78,0,0,64,64,69.15,67.73,833.25,765.16,395.7,417.97,0.35,0.33,125.79,125.79,11.23,10.63,17.16,17.16,338.96,338.96,2.95,2.78,53.33,53.33,53.43,51.94,-20,-20,-40,-40,100.2,100.2,47652.71,43731.77,22206.32,23352.62,91872,75403,833.25,765.16,11.15,9.99,104.16,95.64,61500000000,78500000000,40075.93,36166.17,7.09,7.09,14.09,12.36
Woronneus,57.33,57.33,57.33,48.44,57.33,57.33,3.61,2.91,32.79,32.58,42,42,329.55,305.04,50,50,112.5,112.5,-4.47,-4.47,-4.25,-4.25,2197,2033.57,5712.2,5287.29,4394,4067.15,0,0,-7.75,-7.75,1489.57,1378.76,5272.8,4880.58,439.4,406.71,2197,2033.57,1757.6,1626.86,2636.4,2440.29,1318.2,1220.14,878.8,813.43,-5.29,-5.76,2197,2033.57,9.33,9.49,988.65,915.11,988.65,915.11,1318.2,1220.14,329.55,610.07,119.98,119.98,27.72,34.4,12,12,49.93,46.46,23.75,23.75,19.01,19.01,50,50,1,1,50,50,100,100,56.72,57.49,57.19,63.08,69.43,69.66,0.56,2.78,1318.2,1220.14,79.74,81.84,50,43.33,21.59,22.9,81.94,79.23,3.24,3.24,93.2,93.2,610.35,665.81,0,0,64,64,67.93,66.5,878.8,813.43,472.55,480.16,0.32,0.31,126.07,126.07,13.65,13.08,17.16,17.16,512.49,512.49,2.48,2.44,54.44,52.22,52.69,51.43,-66.33,-66.33,83.07,83.07,100.2,100.2,40925.7,38186.47,20564.66,21594.67,74199,62768,878.8,813.43,10.54,9.42,109.85,101.68,28300000000,49500000000,32085.75,29441.77,7.09,7.09,11.5,10.33
Equilism,52,52,40,31.11,19,19,2.37,1.99,33.05,33.07,42,42,347.13,310.8,54,54,103.5,103.5,462.84,414.4,2385.93,2136.24,1388.51,1243.2,4165.54,3729.61,1388.51,1243.2,0,0,-6.32,-6.32,-4.11,-4.11,-7.75,-7.75,3239.87,2900.81,-4.47,-4.47,-5.48,-5.48,-7.07,-7.07,925.68,828.8,-8.94,-8.94,-5.44,-6.1,1851.35,1657.61,9.49,9.64,1041.39,932.4,1041.39,932.4,1735.64,1554.01,347.13,621.6,119.98,119.98,42.22,50.37,12,12,28.29,25.92,14.3,14.3,28.27,28.27,50,50,1,1,50,50,100,100,58.1,58.81,57.13,62.43,69.17,69.15,16.56,18.78,1388.51,1243.2,83.43,85.58,37,30.33,34.93,36.35,70.63,67.92,16.94,16.94,91.93,91.93,1202.77,1467.15,0,0,64,64,63.55,57.16,925.68,828.8,396.85,403.3,0.29,0.28,110.96,110.96,10.34,9.97,17.16,17.16,510.28,510.28,2.94,2.89,38.44,36.22,49.71,48.37,-58.31,-58.31,70,70,100.2,100.2,27610.61,25031.93,17445.51,17393.66,41323,34529,925.68,828.8,8.42,7.06,115.71,103.6,56400000000,97000000000,17974.5,15920.31,7.26,7.26,9.87,8.95
Back and Forth,97,86.67,66.67,73.78,97,97,102.81,52.58,101.76,66.34,42,42,-4.47,-4.47,3,13.33,218.25,195.75,3222.8,3363.72,3450.42,3601.28,3222.8,3363.72,3625.66,3784.19,-3.16,-3.16,3905.64,4076.41,4834.21,5045.58,0,0,3222.8,3363.72,-3.16,-3.16,3625.66,3784.19,3625.66,3784.19,0,0,4834.21,5045.58,1208.55,1261.4,6445.61,6727.44,11279.82,11773.03,5.29,5.39,402.85,420.47,402.85,420.47,100.71,105.12,-4.47,105.12,95.92,95.92,0.97,1.9,12,12,107.14,102.43,39.22,37.59,1.87,2,50,50,1,1,50,50,100,100,38.58,40.59,16.97,20.18,60.62,62.93,47.51,41.84,704.99,735.81,21.35,26.59,97,90.33,5.15,5.42,124.42,122.38,1.06,1.06,93.67,93.67,2.2,18.34,0,0,64,64,75.86,75.21,302.14,315.35,99.31,126.71,4.3,3.21,371.37,290.79,14.88,14.31,17.29,17.29,459.68,459.68,114.3,103.12,7.49,13.16,51.06,54.06,-25.5,-25.5,68.19,68.19,97.83,97.83,52281.95,54673.09,3277.38,5494.51,336962,288912,302.14,315.35,20.69,19.93,-6.32,-6.32,800000000,1600000000,49563.29,51720.74,3.19,3.8,32.86,29.93
Stvoopvaffell,97,86.67,66.67,73.78,97,97,102.81,52.58,102.24,66.95,42,42,-4.47,-4.47,3,13.33,218.25,195.75,1640.41,1712.08,-3.46,-3.46,4921.24,5136.25,2050.52,2140.1,4921.24,5136.25,-8.97,-8.97,-8.37,-8.37,1898.78,1981.73,-5.48,-5.48,5331.35,5564.27,2460.62,2568.12,5331.35,5564.27,410.1,428.02,4101.04,4280.21,5331.35,5564.27,7217.83,7533.16,6561.66,6848.33,5.29,5.39,410.1,428.02,410.1,428.02,102.53,107.01,-4.47,107.01,95.92,95.92,0.97,1.9,12,12,107.14,102.43,40.77,39.17,1.77,1.87,50,50,1,1,50,50,100,100,38.58,40.59,16.97,20.18,60.58,62.89,47.51,41.84,717.68,749.04,33.68,40.65,97,90.33,5.3,5.57,123.51,121.47,1.06,1.06,93.67,93.67,2.2,18.34,0,0,64,64,75.83,75.18,307.58,321.02,70.27,92.34,3.91,2.78,371.37,290.79,17.44,16.89,17.29,17.29,436.53,436.53,127.51,117.3,7.49,13.16,51.05,54.04,57.88,57.88,51.48,51.48,97.83,97.83,51357.29,53708.01,3219.41,5397.52,331002,283812,307.58,321.02,20.69,19.93,-6.32,-6.32,600000000,1300000000,48635.35,50700.37,3.19,3.8,24.44,22.04
Hogalin High by Carly,81.33,77.83,60.44,59.56,60,60,5.07,3.86,33.07,32.16,46.76,46.76,-7.07,-7.07,19,24.25,182.25,171,1123.47,1114.64,-6.39,-6.39,3283.98,3258.19,967.91,960.31,1037.05,1028.9,-4.73,-4.73,181.48,180.06,518.52,514.45,-9,-9,2419.77,2400.77,4148.18,4115.61,4018.55,3986.99,691.36,685.93,5012.39,4973.02,3543.24,3515.41,4009.91,3978.42,4588.93,4552.89,6.56,6.56,1836.44,1822.01,864.2,857.42,-3.16,-3.16,-5.48,0,17.41,17.41,19.72,25.91,16.66,16.66,52.45,49.22,31.85,30.93,2.95,3.31,51,51,1,1,50.5,50.5,99,99,54.96,56.05,39.33,46.24,69.16,70.11,14.3,10.32,864.2,857.42,42.11,47.26,58.33,51.67,8.65,8.85,103.06,101.25,2.77,2.77,93.27,93.27,320.32,394.43,-4,-4,64,64,70.2,69.01,0,0,403.44,456.69,2.16,1.62,299.99,258.47,11.07,10.47,18.06,18.06,420.83,420.83,2.89,2.55,40.7,44.68,53.83,53.93,44.5,44.5,42.66,42.66,101.85,101.85,44474.58,44125.3,18512.64,21367.47,93860,82458,1080.26,1071.77,12.68,11.42,-5.48,-5.48,4700000000,6200000000,40649.76,40242.27,11.9,12.05,14.3,12.54
The Skpowski Skibidis,81.33,77.83,31.11,23.67,60,60,1.99,1.67,32.3,32.51,43.68,43.68,295.92,257.01,19,24.25,182.25,171,532.66,462.63,2338.09,2030.67,1657.17,1439.28,319.6,277.58,4024.56,3495.39,6244.87,5423.77,-7.48,-7.48,1035.73,899.55,-8.83,-8.83,532.66,462.63,532.66,462.63,-3.87,-3.87,3195.97,2775.75,-8.49,-8.49,-5.16,-5.16,-8.14,-8.71,2189.83,1901.9,10.58,10.72,1331.65,1156.56,887.77,771.04,591.85,514.03,295.92,449.77,30.6,30.6,50.37,59.98,14.16,14.16,39.61,35.65,28.42,27.44,9.39,12.74,52.16,52.16,1,1,50.5,50.5,103,103,60.15,60.98,75.27,80.82,69.96,69.74,18.09,18.57,1257.67,1092.31,50.36,55.82,30.33,23.67,25.54,26.81,71.72,68.91,2.77,2.77,93.27,93.27,506.67,598.88,-4,-4,68,68,56.5,53.99,665.83,578.28,707.13,735.67,1.22,0.7,300.66,259.1,9.65,9.58,17.82,17.82,554.39,554.39,1.86,1.82,36.91,36.43,48.85,47.22,41.95,41.95,32.25,32.25,97.28,97.28,34275.01,29961.15,23816.3,22855.94,47278,38106,1035.73,899.55,3.91,3.42,221.94,192.76,7300000000,15900000000,25534.88,21931.56,11.96,12.1,12.89,11.33
Korallia,69.61,69.61,91.43,92.48,29.33,29.33,1.98,1.91,25.16,24.97,34.68,34.68,3109.21,3137.88,36.58,36.58,206,206,-10.39,-10.39,-4.73,-4.73,1405.9,1418.87,13020.83,13140.88,-3.75,-3.75,-8.9,-8.9,140.59,141.89,-15.92,-15.92,-6.78,-6.78,-4.24,-4.24,1189.61,1200.58,832.73,840.41,1730.34,1746.3,-13.78,-13.78,1096.6,1106.72,2159.47,2179.38,1546.49,1560.75,16.16,16.25,2433.29,2455.73,5272.14,5320.75,1892.56,1910.01,3514.76,3956.45,9.32,9.32,50.41,52.35,9.76,9.76,42.58,41.54,47.46,47.46,1.47,1.47,52.16,52.16,3.3,3.3,53.84,53.84,143,143,59.65,59.8,57.52,59.64,83.26,83.81,15.42,14.47,2162.93,2182.87,52.01,52.39,60.29,57.43,64.35,65.02,30.55,29.07,47.47,47.47,90.04,90.04,588.56,611.61,10,10,66,66,58.79,56.55,811.1,818.58,958.61,975.75,0.47,0.46,316.57,316.57,6.78,6.76,25.11,25.11,983.99,983.99,1.58,1.56,39.58,40.53,72.04,72.89,-127.24,-127.24,132.25,132.25,112.08,112.08,57092.44,58028.11,39684.72,41159.95,78729,78630,7435.07,7503.62,4.75,4.45,1081.46,1091.44,63145200000000,78649600000000,20324.91,20309.84,4.8,4.8,14.61,13.81
Euxinos Pontos,97,86.67,66.44,73.56,97,97,105.08,53.36,107.4,75.88,42,42,-4.47,-4.47,3,13.33,218.25,195.75,-4.47,-4.47,7052.18,7410.63,1104.93,1161.09,2209.85,2322.17,2762.31,2902.71,3477.75,3654.52,0,0,-7.4,-7.4,2762.31,2902.71,-7.07,-7.07,4972.16,5224.88,5524.63,5805.43,0,0,-8.37,-8.37,-4.47,-4.47,0,0,1104.93,1161.09,5.1,5.2,552.46,580.54,414.35,435.41,138.12,145.14,-4.47,145.14,95.92,95.92,0.95,1.87,12,12,107.37,102.67,38.23,36.58,1.95,2.1,50,50,1,1,50,50,100,100,38.54,40.55,16.9,20.11,59.88,62.29,47.62,41.95,966.81,1015.95,25.34,31.2,97.33,90.67,7.35,7.66,112.98,110.84,1.06,1.06,93.67,93.67,2.04,17.87,0,0,64,64,75.59,74.83,414.35,435.41,92.56,118.82,3.98,2.86,371.37,290.79,15.72,15.15,17.29,17.29,478.5,478.5,117.2,106.26,7.38,13.05,50.59,53.85,-33.91,-33.91,46.37,46.37,97.83,97.83,37545.36,39598.82,2316.23,3940.18,243390,210251,414.35,435.41,20.7,19.94,-6.32,-6.32,4100000000,9300000000,34804.55,36549.71,3.19,3.8,30.89,27.62
Palatagoszcz,49,49,79.78,84.67,32,32,23.92,13.66,37.91,35.1,37.37,37.37,-3.16,-3.16,56.25,56.25,99,99,3810.63,3955.79,4745.93,4926.73,1769.22,1836.62,4082.81,4238.35,2177.5,2260.45,5255.6,5455.81,2585.78,2684.29,4660.53,4838.07,2313.59,2401.73,4831.33,5015.38,4831.33,5015.38,3470.39,3602.6,1088.75,1130.23,-2.83,-2.83,3334.3,3461.32,7839,7958.35,8165.63,8476.7,6.93,7.14,-7.07,-7.07,340.23,353.2,935.64,971.29,425.29,706.39,12.77,12.77,4.18,7.32,6.84,6.84,54.09,51.64,20.74,20.74,22.59,22.59,50,50,1,1,50,50,106,106,50.28,52.1,24.62,29.12,65.55,67.37,20.12,17.89,1105.76,1147.89,36.82,38.31,83.33,76.67,4.86,4.99,130.09,127.17,10.22,10.22,92.45,92.45,546.34,598.88,-8,-8,64,64,75.2,74.39,340.23,353.2,352.48,387.59,0.76,0.65,86.81,86.81,12.56,11.98,18.78,18.78,539.2,539.2,3.42,3.02,34.88,37.11,57.61,59.77,-61.64,-61.64,80,80,103,103,72921.1,75784.63,12213.98,17846.46,292121,243750,340.23,353.2,16.13,15.2,-8.94,-8.94,3400000000,11300000000,69347.97,71995.4,13.77,13.77,35.81,32.21
Albano Laziale,64.83,64.27,35.11,26.67,78.67,78.67,2.15,1.8,30.33,30.81,45.34,45.34,498.95,432.19,43.75,44.6,128.25,126,2794.1,2420.25,2668.65,2311.59,4447.75,3852.65,1425.56,1234.82,285.11,246.96,3878.38,3359.46,1083.43,938.46,-6.24,-6.24,3079.21,2667.22,-7.87,-7.87,-4.69,-4.69,558.82,484.05,513.2,444.54,-3.46,-3.46,-7.48,-7.48,865.72,651.99,8325.27,7211.36,13.56,13.67,2067.06,1790.49,1283,1111.34,1140.45,987.86,356.39,493.93,649.16,649.16,46.42,55.66,16.29,16.29,49.77,44.95,30.21,30.06,4.1,4.41,52.16,52.16,1,1,51.48,51.48,105,105,63.66,64.3,103.03,104.05,72.44,71.78,17.2,19.14,926.61,802.63,102.27,103.29,33.33,26.67,38.83,40.1,49.6,46.71,0.71,0.71,94.13,94.13,482.86,538.8,0,0,68,68,53.8,52.11,855.34,740.89,900.6,911.18,0.28,0.27,195.08,191.02,9.82,9.76,15.13,15.13,574.77,574.77,1.63,1.62,37.8,35.86,51.01,49.24,66.33,66.33,58.31,58.31,96,96,39687.43,34464.63,26392.47,25262.63,56854,45387,1568.12,1358.3,2.81,2.73,784.06,679.15,800000000,1800000000,24288.71,20644.31,4.56,4.64,12.75,11.21
Barlock,57.33,57.33,77,77.67,44,44,11.84,8.73,33.52,32.54,42,42,-3.16,-3.16,50,50,112.5,112.5,3165.57,3177.16,6062.51,6084.7,527.59,529.53,6858.73,6883.85,-4.69,-4.69,-3.58,-3.58,2286.24,2294.62,-5.92,-5.92,2637.97,2647.63,967.26,970.8,-2.83,-2.83,5231.98,5251.14,1406.92,1412.07,5363.88,5383.52,1099.16,1103.18,-3.85,-3.85,5979.41,6001.3,9.33,9.49,1648.73,1654.77,879.32,882.54,1209.07,1213.5,659.49,992.86,8.43,8.43,8.44,11.46,13,13,56.89,54.74,23.75,23.75,19.01,19.01,52.64,52.64,1,1,50.5,50.5,94,94,54.96,55.65,40.5,45.23,68.71,69.7,12.1,10.43,1538.82,1544.45,46.49,47.74,74.5,69.5,13.29,14.4,94.91,92.58,6.73,6.73,92.77,92.77,498.05,535.49,-4,-4,64,64,72.08,71.34,659.49,661.91,358.03,384.32,0.6,0.55,185.29,185.29,13.57,13.14,29.58,29.58,372.46,372.46,3.34,3.05,42.9,44.57,58.65,59.2,-89.16,-89.16,92.47,92.47,103,103,54980.23,55512.51,14086.97,16985.17,166811,148255,1428.9,1434.14,12.67,11.9,0,0,324200000000,447400000000,47667.86,47518.71,12.16,12.16,22.32,20.44
HuskVania,68.17,67.2,68.22,63.56,71.33,71.33,5.79,4.33,32.74,32.21,43.68,43.68,0,0,38.75,40.2,139.5,135,2985.33,2879.23,6458.53,6228.99,3378.14,3258.08,4870.8,4697.7,3849.51,3712.7,-5.36,-5.36,164.98,159.12,-5.21,-5.21,628.49,606.15,1414.1,1363.85,-2,-2,2239,2159.43,2199.72,2121.54,-3.74,-3.74,5185.05,5000.77,5344.77,4821.44,6528.45,6296.43,8.83,9,1374.82,1325.96,785.61,757.69,785.61,757.69,0,284.13,614.76,614.76,17.27,23.09,15.09,15.09,63.84,59.94,33.45,33.2,2.55,2.6,52.64,52.64,1,1,51.48,51.48,101,101,56.34,57.24,56.62,63.23,69.49,70.06,13.43,10.72,785.61,757.69,71.58,75.07,61.33,54.67,9.97,11.28,97.98,94.99,0.86,0.86,93.77,93.77,336.74,387.59,0,0,64,64,70.44,69.22,491.01,473.56,487.93,533.59,0.4,0.37,216.02,208.91,12.72,12.13,15.29,15.29,485.78,485.78,2.41,2.25,41.57,44.28,56.25,54.89,-52.92,-52.92,84.26,84.26,99.3,99.3,55230.44,53218.32,21341.12,24182.12,123576,104715,1374.82,1325.96,11.05,9.8,98.2,94.71,2300000000,4400000000,49707.4,47204.65,2.25,2.34,15.54,13.63
TesGay,78.5,78.33,29.78,33.33,72.67,72.67,1.32,1.27,27.75,27.41,45.83,45.83,2779.8,2855.31,23.25,23.5,173.25,173.25,-10.58,-10.58,-8.58,-8.58,-1.18,-1.18,-6.32,-6.32,-5,-5,-7.8,-7.8,500.36,513.96,-14.8,-14.8,1429.61,1468.45,-7.87,-7.87,-11.92,-11.92,-1.61,-1.61,1509.04,1550.03,-14.21,-14.21,2942.62,3022.55,-5.56,-5.56,500.36,513.96,13.53,13.64,2283.41,2345.43,2481.97,2549.38,694.95,713.83,893.51,1223.7,1190.86,1190.86,75.81,78.58,18.02,18.02,38.31,36.17,36.14,36.1,2.15,2.15,51.62,51.62,3.3,3.3,53.38,53.38,191,191,65.73,65.88,95.94,97.67,76.87,77.57,23.58,24.61,1290.62,1325.68,73.39,73.86,-74.67,-78,72.68,73.41,29.97,28.41,0.77,0.77,93.9,93.9,457.85,483.46,0,0,71,71,77.07,76.71,694.95,713.83,1104.15,1104,0.33,0.33,260.96,260.18,9.82,9.79,12.64,12.64,1176.09,1176.09,1.17,1.17,31.42,30.39,52.31,52.99,21.91,21.91,-23.45,-23.45,91.29,91.29,24549.65,25522.4,21211.22,22474.95,27979,28600,2283.41,2345.43,2.58,2.57,297.84,305.93,228500000000,503800000000,6702.05,6788.96,3.91,3.91,16.55,15.37
Grand Beringia,72.47,72.47,96.65,96.75,68.19,68.19,1.62,1.57,20.85,20.82,29.05,29.05,15192.47,15148.89,32.3,32.3,1217,1217,-23.41,-23.41,-12.9,-12.9,-15.17,-15.17,-8.76,-8.76,-13.49,-13.49,-12.77,-12.77,-13.71,-13.71,-24,-24,-13.42,-13.42,-12.17,-12.17,-18.92,-18.92,-12.85,-12.85,-14.42,-14.42,-23.17,-23.17,-3.7,-3.7,-16.72,-16.77,0,0,21.07,21.14,1309.7,1305.94,15847.32,15801.86,2881.33,2873.07,5500.72,5876.73,74.94,74.94,61.63,63.77,1.06,1.06,46.11,44.66,57.74,57.74,1.21,1.21,53.9,53.9,7.21,7.21,44.79,44.79,428,428,66.62,66.74,107.18,107.78,91.15,91.17,11.91,12.86,4060.06,4048.41,45.55,45.73,45.43,42.57,58.37,58.95,-11.98,-13.43,0.86,0.86,93.77,93.77,427.84,447.53,1,1,83,83,53.29,52.55,654.85,652.97,1302.29,1302.19,0.33,0.32,342.74,342.74,9.17,9.14,17.42,17.42,2780.08,2780.08,0.74,0.74,43.09,42.14,83.41,84.08,-125.34,-125.34,64.88,64.88,88,88,58150.5,58375.47,45007.74,46011.66,73027,72149,9822.72,9794.54,2.51,2.5,1178.73,1175.35,2347000000000,3948900000000,24190.61,23933.94,0.56,0.56,114.6,113.92
Union of Soviet Socialist RepublicsUSSR,70.67,68.44,6.33,3,15,15,1.14,1.06,37.52,46.12,42,42,183.54,120.25,35,38.33,146.25,139.5,146.84,96.2,1307.57,856.68,-10.49,-10.49,1027.85,673.42,734.18,481.01,5097.38,3339.67,-10.95,-10.95,-6.12,-6.12,-3.16,-3.16,-8.37,-8.37,-10.95,-10.95,881.01,577.21,1174.68,769.62,-10.49,-10.49,-8.94,-8.94,-5.5,-5.66,146.84,96.2,10.72,10.86,403.8,264.56,367.09,240.51,660.76,432.91,183.54,192.4,130.47,130.47,87.78,94.4,12,12,14.11,13.02,18.41,17.61,24.91,25.63,50,50,1,1,50,50,100,100,61.66,62.09,76.91,79.21,65.76,64.54,31.8,31.8,513.92,336.71,73.37,76.76,-93.67,-97,30.59,31.58,62.28,60.32,19.57,19.57,91.75,91.75,1899.39,2283.88,0,0,64,64,75.85,75.46,367.09,240.51,447.79,461.19,0.31,0.3,189.57,171.25,9.43,9.4,17.11,17.11,546.04,546.04,2.6,2.53,23.2,23.2,42.12,40.82,-97.47,-97.47,63.25,63.25,101.04,101.04,15618.86,10305.2,14582.78,9997.59,16612,10590,367.09,240.51,3.19,3.09,110.13,72.15,9800000000,8900000000,10839.49,7048.76,6.72,6.85,8.26,7.86
Grand Prydain,2.33,2.33,79,79.67,68,68,12.66,9.24,33.03,32.12,37.37,37.37,321.21,323.08,97.67,97.67,6.75,6.75,4368.39,4393.83,4130.27,4154.32,-8.25,-8.25,-7.75,-7.75,4282.73,4307.68,15645.68,15736.8,-2.37,-2.37,-3.67,-3.67,-10.82,-10.82,2227.02,2239.99,513.93,516.92,-9.38,-9.38,-9.38,-9.38,1798.75,1809.22,-9.06,-9.06,4746.46,4515.65,4368.39,4393.83,10.34,10.49,107.07,107.69,1070.68,1076.92,2462.57,2476.91,1177.75,1507.69,13.18,13.18,7.9,10.82,6.84,6.84,72.82,69.98,14.77,14.77,27.92,27.92,50,50,1,1,50,50,100,100,58.44,58.99,77.32,82.39,69.2,70.17,28.68,27.01,2034.3,2046.15,78.64,80.29,75.5,70.5,16.68,17.85,89.53,87.08,1.26,1.26,93.59,93.59,704.61,749.01,-8,-8,64,64,72.75,72.04,1070.68,1076.92,373.29,399.01,0.24,0.23,10.17,10.17,10.01,9.95,18.61,18.61,525.13,525.13,3.17,2.92,26.32,27.99,59.4,59.94,-33.17,-33.17,-47.96,-47.96,105.16,105.16,57889.19,58290.96,14256.29,17255.28,180550,159496,1070.68,1076.92,7.8,6.65,-4.47,-4.47,4500000000,5700000000,48221.7,47856.88,15.32,15.32,31.01,28.64
Southern Low Countries,70.13,70.13,75.62,77.71,76.22,76.22,1.36,1.32,21.01,20.93,41.43,41.43,11148.49,11267.81,35.8,35.8,150.25,150.25,-19.24,-19.24,-12.65,-12.65,-16.49,-16.49,-10.39,-10.39,-14.15,-14.15,-13.27,-13.27,-17.55,-17.55,-21.91,-21.91,-17.52,-17.52,-14.83,-14.83,-18.97,-18.97,-15.59,-15.59,-13.42,-13.42,-24.78,-24.78,1966.01,1987.05,-23.66,-23.66,0,0,24.78,24.84,4168.57,4213.18,14056.79,14207.24,4265.51,4311.16,2908.3,3233.37,239.44,239.44,73.28,75.61,12,12,35.75,34.27,68.74,68.74,1.04,1.04,43.65,43.65,6.85,6.85,50.5,50.5,377,377,75.56,75.66,114.39,114.83,91.06,91.1,19.74,20.69,4265.51,4311.16,104.76,104.86,30.43,27.57,90.11,90.16,-123.25,-124.72,0.77,0.77,93.89,93.89,472.93,493.62,0,0,88,88,44.79,44.45,1163.32,1175.77,1322.16,1322.05,0.2,0.2,130.88,130.88,8.97,8.94,16.68,16.68,2594.24,2594.24,0.72,0.72,35.26,34.31,72.49,73.17,-138.56,-138.56,74.83,74.83,101.85,101.85,61489.27,62441.32,52180.66,53876.16,71205,71251,10276,10385.98,2.09,2.09,1648.04,1665.68,802400000000,881000000000,6087.44,6119.25,0.79,0.79,112.71,111.99
AP Admin 2,57.67,57.6,65,62,78.67,78.67,5.09,4.15,31.29,30.85,45.34,45.34,-4.47,-4.47,49.75,49.8,114.75,114.75,5029.44,4943.3,-8.05,-8.05,-6.63,-6.63,5202.87,5113.76,-4.47,-4.47,1144.63,1125.03,182.1,178.98,1170.65,1150.6,693.72,681.83,1994.43,1960.27,5896.58,5795.59,3902.15,3835.32,693.72,681.83,1127.29,1107.98,3425.22,3366.56,-2.68,-2.68,5211.54,5122.28,10.15,10.25,2384.65,2343.8,1083.93,1065.37,650.36,639.22,-3.16,213.07,1439.83,1439.83,19.65,24.09,15.9,15.9,66.53,63.34,31.61,31.61,3.03,3.03,50,50,1,1,50.99,50.99,95,95,58.11,58.67,69.07,74.03,71.15,71.72,12.48,10.8,433.57,426.15,82.9,84.64,58.5,53.5,22.07,22.96,81.22,79.22,0.71,0.71,94.13,94.13,354.09,386.08,0,0,64,64,68.62,67.56,541.97,532.68,382.27,408.53,0.31,0.3,85.61,85.16,12.17,11.73,11.57,11.57,331.88,331.88,3.07,2.85,42.52,44.2,55.46,54.99,-94.6,-94.6,82.16,82.16,100.62,100.62,47090.29,46496.83,19562.38,21629.12,99537,89773,1409.11,1384.98,8.4,7.35,433.57,426.15,30200000000,54300000000,36683.33,35802.56,5.75,5.75,13.89,12.65
The Navy of South Asians 23,64.27,64.13,34.22,37.78,75.33,75.33,1.5,1.44,30.13,29.46,43.68,43.68,2098.68,2221.49,44.6,44.8,126,126,-9.8,-9.8,4593.59,4862.39,1746.1,1848.28,738.74,781.96,-4.65,-4.65,-3.22,-3.22,2014.73,2132.63,-7.04,-7.04,3827.99,4051.99,2149.05,2274.8,-5.1,-5.1,-4.36,-4.36,2820.62,2985.68,-9.8,-9.8,1527.84,1617.24,-2.01,-2.01,3760.83,3980.9,12.77,12.88,1678.94,1777.19,1259.21,1332.89,1259.21,1332.89,1091.31,1421.75,34.9,34.9,66.76,69.36,14.16,14.16,48.42,45.83,27.98,27.95,11.23,11.35,52.16,52.16,1,1,50.5,50.5,168,168,62.79,62.94,98.53,100.49,72.74,73.76,16.79,17.84,1259.21,1332.89,81.38,81.83,28.67,25.33,44.96,45.78,46.62,45.07,0.77,0.77,93.9,93.9,561.98,589.91,0,0,68,68,51.55,50.95,923.42,977.45,1047.74,1047.56,0.28,0.28,194.13,193.45,10.42,10.12,17.77,17.77,1031.53,1031.53,1.39,1.39,38.21,37.16,50.01,51.02,33.17,33.17,38.73,38.73,92.89,92.89,33572.15,35803.25,27113.82,29509.47,40614,42544,1175.26,1244.03,2.94,2.92,419.74,444.3,4609800000000,7363200000000,18464.68,19405.36,5.14,5.14,16.89,15.97
Minesweepers,71,69.6,68.89,64.44,72.67,72.67,6.07,4.51,36.5,35.32,40.78,40.78,0,0,34.5,36.6,148.5,144,2239.21,2168.24,1727.39,1672.64,2958.96,2865.17,3918.62,3794.42,639.78,619.5,3553.15,3440.53,3198.88,3097.49,5247.76,5081.43,-4.9,-4.9,-2,-2,-2,-2,3838.65,3716.98,4638.37,4491.36,5837.95,5652.91,1559.45,1510.02,-2.53,-2.53,8397.05,8130.9,6.4,6.63,99.96,96.8,499.82,483.98,599.79,580.78,0,290.39,12.84,12.84,16.49,22.19,10.55,10.55,67.25,63.16,28.58,28.19,8.82,10.35,51.62,51.62,1,1,50,50,102,102,50.64,52.38,32.25,37.91,66.38,67.2,15.8,12.87,899.68,871.17,45.03,48.15,62.33,55.67,7.06,7.49,111.5,108.69,0.79,0.79,93.84,93.84,294.34,345.97,0,0,68,68,71.81,70.76,499.82,483.98,483.4,531.48,0.86,0.62,125.17,118.19,9.96,9.89,18.75,18.75,539.78,539.78,2.43,2.25,39.2,42.13,53.42,52.13,-35.36,-35.36,70.36,70.36,87.18,87.18,54371.29,52938.37,20468.13,23528.16,124145,106035,499.82,483.98,16,15,-5.48,-5.48,9300000000,11700000000,50510.93,48967.99,3.78,3.89,22.47,19.86
Atlantcinkoa,63.33,62.67,65.56,58.22,70,70,4.86,3.72,31.76,31.43,43.68,43.68,170.34,161.27,45.5,46,123.75,121.5,4360.69,4128.51,1516.36,1435.63,2248.48,2128.76,2657.29,2515.81,4428.82,4193.02,8092.14,7661.29,-7.48,-7.48,4804.25,4548.46,-7.21,-7.21,-4.69,-4.69,4701.37,4451.05,667.73,632.18,1635.26,1548.19,4360.69,4128.51,3406.79,3225.4,3545.27,3082.35,6609.17,6257.28,10.05,10.2,1362.72,1290.16,851.7,806.35,936.87,886.99,170.34,403.18,624.65,624.65,20.58,26.89,15.09,15.09,60.47,56.59,29.41,29.31,6.06,6.33,52.16,52.16,1,1,51.48,51.48,103,103,57.56,58.37,65.43,71.92,70.58,70.97,9.18,6.79,851.7,806.35,84.28,87.12,57.33,50.67,10.84,12.12,95.72,92.74,0.98,0.98,93.7,93.7,418.22,467.89,0,0,68,68,69.63,68.29,596.19,564.45,625.98,673.74,0.33,0.31,192.23,189.54,9.99,9.92,15.24,15.24,534.8,534.8,2.01,1.92,45.82,48.21,55.24,53.82,-34.64,-34.64,67.08,67.08,89.65,89.65,60900.59,57625.82,25955.97,28478.43,126138,105911,1022.04,967.62,9.31,7.93,255.51,241.91,1800000000,3700000000,54323.32,50653.09,3.8,3.86,21.36,18.85
Mazda Millenia,97,97,66.44,66.44,97,97,105.08,105.08,107.63,107.63,42,42,-4.47,-4.47,3,3,218.25,218.25,2765.77,2765.77,-7.45,-7.45,-7.07,-7.07,-6.32,-6.32,-6.32,-6.32,221.26,221.26,3872.08,3872.08,4917.55,4917.55,-4.47,-4.47,2765.77,2765.77,4978.39,4978.39,1659.46,1659.46,0,0,0,0,-6.32,-6.32,8850.48,8850.48,6637.86,6637.86,5.1,5.1,553.15,553.15,414.87,414.87,138.29,138.29,-4.47,-4.47,95.92,95.92,0.95,0.95,12,12,107.37,107.37,37.84,37.84,1.98,1.98,50,50,1,1,50,50,100,100,38.54,38.54,16.9,16.9,59.84,59.84,47.62,47.62,968.02,968.02,19.06,19.06,97.33,97.33,7.36,7.36,112.95,112.95,1.06,1.06,93.67,93.67,2.04,2.04,0,0,64,64,75.59,75.59,414.87,414.87,75.08,75.08,4.17,4.17,371.37,371.37,15.35,15.35,17.29,17.29,448.51,448.51,125.17,125.17,7.38,7.38,50.58,50.58,-25.5,-25.5,-43.01,-43.01,97.83,97.83,37498.37,37498.37,2313.33,2313.33,243085,243085,414.87,414.87,20.7,20.7,-6.32,-6.32,600000000,700000000,34723.49,34723.49,3.19,3.19,30.42,30.42
Blackbird,73.11,73.11,27.38,24.88,67.81,67.81,1.32,1.28,15.52,15.57,171.47,171.47,24858.64,23487.18,31.33,31.33,217.25,217.25,-76.64,-76.64,-54.95,-54.95,-60.32,-60.32,-41.89,-41.89,-71.31,-71.31,-35.97,-35.97,-77.81,-77.81,-74.17,-74.17,-63.54,-63.54,-62.32,-62.32,-75.79,-75.79,-66.19,-66.19,-60.37,-60.37,-77.99,-77.99,806,761.54,-90.73,-90.73,0,0,131.45,131.46,19335.75,18268.99,18042.2,17046.8,11799.42,11148.44,11113.28,10532.03,2739.69,2739.69,75.78,77.85,124.73,124.73,4.43,4.51,282.11,282.11,0.41,0.41,44.48,44.48,38.55,38.55,93.17,93.17,1616,1616,255.68,255.71,231.24,231.41,96.59,96.51,18.49,19.33,6928.92,6546.65,337.82,337.83,-72.62,-75.12,120.63,120.63,-5991.19,-5992.6,0.54,0.54,95.04,95.04,556.61,576.21,190,190,217,217,86.94,86.78,14004.08,13231.47,2819.36,2819.33,0.06,0.06,167.23,167.23,0.99,0.99,7.06,7.06,10687.92,10687.92,0.23,0.23,36.51,35.67,71.75,71.06,-570.51,-570.51,252.09,252.09,344.54,344.54,195164.59,184429.16,168584.34,161604.9,222475,207585,22755.22,21499.8,1.09,1.09,12373.08,11690.45,258600000000,245700000000,0,0,46.82,46.82,260.41,260.17
Minyos,70.39,70.39,31.24,27.57,72.56,72.56,1.36,1.32,18.2,18.28,98.34,98.34,13046.62,12198.57,35.42,35.42,1216.25,1216.25,-36.3,-36.3,-27.25,-27.25,-25.73,-25.73,-24.96,-24.96,-34.36,-34.36,-21.05,-21.05,-50.99,-50.99,-33.63,-33.63,-28.35,-28.35,-36.3,-36.3,-40.6,-40.6,-33.44,-33.44,-29.12,-29.12,-46.25,-46.25,1881.99,1759.66,-47.88,-47.88,0,0,57.44,57.46,10808.5,10105.93,10208.03,9544.49,4394.36,4108.72,3793.89,3623.84,1666.02,1666.02,73.28,75.61,60.5,60.5,5.78,5.87,143.44,143.44,0.62,0.62,31.28,31.28,23.17,23.17,66.48,66.48,607,607,118.86,118.93,149.29,149.56,93.16,93.08,18.01,18.96,2729.42,2552,206.16,206.19,-69.57,-72.43,100.59,100.59,-1124.81,-1126.29,0.42,0.42,95.97,95.97,510.29,531.77,54,54,202,202,82.91,82.71,6141.19,5742.01,1784.65,1784.57,0.1,0.1,246.16,246.16,3.89,3.87,10.65,10.65,4540.08,4540.08,0.41,0.41,36.99,36.04,71.27,70.58,-158.76,-158.76,81.16,81.16,167.8,167.8,91925.5,86026.78,78009.28,74226.37,106451,98164,14329.45,13398.01,1.51,1.51,4339.78,4057.68,325300000000,308600000000,0,0,11.1,11.1,198.44,198.15
World Assembly Administered Territory,78.17,78,53.56,57.11,52.89,52.89,1.44,1.39,22.87,22.74,42,42,4435.24,4500.06,23.75,24,173.25,171,-16.91,-16.91,-7.8,-7.8,-13.78,-13.78,-7.18,-7.18,624.12,633.24,-11.24,-11.24,-8.12,-8.12,-16.79,-16.79,-13.15,-13.15,636.86,646.16,-14.35,-14.35,-9.27,-9.27,-10.3,-10.3,-14,-14,4103.17,4163.13,183.41,186.09,0,0,16.37,16.46,1478.41,1500.02,9552.83,9692.43,2501.93,2538.49,1592.14,1961.56,119.98,119.98,69.49,72.15,12,12,31.68,30.33,37.4,37.36,2.02,2.02,50,50,6.85,6.85,50,50,220,220,65.43,65.59,102.67,103.56,90.14,90.19,15.28,16.31,2501.93,2538.49,56.24,56.68,35.17,31.83,72.59,72.8,3.16,1.61,2.41,2.41,93.33,93.33,546.34,574.28,0,0,62,62,52.94,52.04,909.79,923.09,1106.87,1106.81,0.33,0.32,228.75,223.62,9.2,9.17,17.16,17.16,1314.02,1314.02,1.16,1.17,39.72,38.69,61.7,62.16,-96.54,-96.54,-13.42,-13.42,101.85,101.85,37990.78,38892.14,31343.97,32732.6,45104,45369,2956.83,3000.04,2.61,2.59,568.62,576.93,691800000000,1518900000000,10409.47,10578.66,7.35,7.4,17.32,16.09
Britannia Turb,35,35,15.33,10,66.67,66.67,1.38,1.22,31.6,32.67,44.28,44.28,529.01,417.41,66.75,66.75,76.5,76.5,731,576.78,-8.01,-8.01,-2.9,-2.9,1962.16,1548.21,1962.16,1548.21,-6.97,-6.97,1385.06,1092.85,-8.15,-8.15,365.5,288.39,1115.74,880.35,-5.66,-5.66,-1.61,-1.61,2269.95,1791.07,1038.79,819.64,1154.21,910.71,300.1,236.78,2116.06,1669.64,16.19,16.28,1587.04,1252.23,1009.94,796.87,865.66,683.03,529.01,531.25,1108.9,1108.9,72.55,81.97,16.29,16.29,32.02,28.01,26.47,26.47,14.78,14.78,51,51,1,1,52.44,52.44,95,95,68.24,68.69,100.36,101.58,70.76,69.57,20.73,22.51,1154.21,910.71,89.99,90.97,-84.67,-90,60.08,61.1,16.22,13.73,1.65,1.65,93.49,93.49,1013.09,1193.69,-4,-4,67,67,76.42,75.85,865.66,683.03,932.73,938.88,0.25,0.25,139.72,139.72,9.94,9.88,13,13,480.01,480.01,1.6,1.59,34.27,32.49,46.93,45.2,-82.28,-82.28,79.69,79.69,107.17,107.17,26127.06,20728.95,22054.19,18666.36,30398,22771,1106.12,872.77,2.4,2.37,769.48,607.14,6800000000,11000000000,10424.7,8063.56,14.61,14.61,7.41,7.24
Me and Julio,69.11,69.11,75.44,77.22,42.4,42.4,1.42,1.37,20.94,20.88,40.78,40.78,11436.31,11482.03,37.33,37.33,141.75,141.75,-21.07,-21.07,-13.97,-13.97,-16.25,-16.25,-11.59,-11.59,-15.38,-15.38,-11.03,-11.03,-16.43,-16.43,-23.62,-23.62,-15.97,-15.97,-15.94,-15.94,-20.1,-20.1,-15.62,-15.62,-15.94,-15.94,-22.2,-22.2,-7.47,-7.47,-20.2,-20.2,0,0,24.12,24.19,4959.11,4978.93,12347.16,12396.52,4756.69,4775.71,3137.39,3454.77,232.05,232.05,70.28,72.95,10.55,10.55,30.45,29.13,50.93,50.93,1.36,1.36,52.16,52.16,8.7,8.7,50,50,415,415,76.43,76.54,107.54,108.13,91.1,91.13,13.95,15.06,3339.81,3353.16,88.04,88.33,-65.83,-69.17,68.7,68.9,-53.03,-54.58,7.61,7.61,92.68,92.68,732.87,762.89,-2,-2,79,79,77.56,77.21,1214.47,1219.33,1321.66,1321.52,0.25,0.25,249.52,249.52,8.58,8.55,16.71,16.71,2577.62,2577.62,0.72,0.72,41.05,39.94,70.84,71.3,-117.81,-117.81,26.08,26.08,105.5,105.5,58902.03,59442.35,48889.66,50323.91,69560,68980,8096.5,8128.87,2.06,2.06,2125.33,2133.83,659600000000,734100000000,18436.34,18486.57,13.91,13.91,107.83,106.63
Artalisia,68.89,67.5,75.67,75,76,76,10.42,7.82,34.36,33.28,44.28,44.28,-6.32,-6.32,37.67,39.75,141.75,137.25,6648.39,6604.59,886.45,880.61,761.79,756.78,2562.4,2545.52,2493.15,2476.72,2769.12,2750.88,5401.82,5366.23,4726.59,4695.45,2112.25,2098.33,4224.5,4196.67,5263.31,5228.64,2874.04,2855.11,4917.04,4884.65,415.52,412.79,1592.84,1582.35,8118.85,7838.33,12812.01,12727.6,8.89,9.06,1038.81,1031.97,432.84,429.99,519.41,515.98,173.14,429.99,604.82,604.82,9.6,12.79,15.51,15.51,73.9,70.91,30.3,29.92,3.95,4.7,51,51,1,1,51.48,51.48,99,99,55.64,56.36,52.6,58.06,67.96,68.95,19.86,17.5,1991.06,1977.94,24.18,25.98,72.5,67.5,7.51,7.87,112.23,109.77,0.74,0.74,94,94,230.43,267.21,-8,-8,64,64,72.82,72.11,259.7,257.99,290.74,319.13,1.28,1.18,202.76,188.45,13.87,13.44,15.34,15.34,293.19,293.19,4.99,4.03,35.14,37.5,57.41,57.52,-55.23,-55.23,64.42,64.42,105.84,105.84,68909.05,68486.05,19027.13,22317.59,198280,174542,1125.38,1117.97,11.91,11.02,-11.83,-11.83,11000000000,16000000000,63740.87,63075.65,13.77,13.83,23.6,21.64
Nabiliand,68.89,67.5,66,59.11,74,74,4.93,3.84,31.65,31.25,45.34,45.34,-3.16,-3.16,37.67,39.75,141.75,137.25,3875.78,3699.2,160.38,153.07,7684.73,7334.62,5813.67,5548.8,5680.02,5421.24,349.49,333.57,6214.61,5931.47,-4.18,-4.18,1269.65,1211.81,-2,-2,5212.25,4974.79,4443.78,4241.32,2205.18,2104.72,2205.18,2104.72,1603.77,1530.7,4125.61,3676.15,17775.12,16965.29,8.6,8.77,1420,1355.31,668.24,637.79,584.71,558.07,83.53,318.9,22.03,22.03,20.29,26.07,15.51,15.51,62.71,58.7,32.16,31.8,2.85,2.96,48.6,48.6,1,1,50.5,50.5,97,97,58.57,59.32,71.21,77.17,70.71,71.2,14,11.08,1085.89,1036.41,56.5,59.89,58,51.33,8.03,8.44,107.62,104.74,0.77,0.77,93.9,93.9,326.25,380.38,-8,-8,66,66,70.37,69.31,334.12,318.9,511.03,556.56,0.82,0.61,201.79,187.52,13.54,12.96,17.95,17.95,451.94,451.94,2.32,2.18,41,43.92,55.37,54.2,46.37,46.37,96.7,96.7,105.16,105.16,62122.6,59270.02,26270.75,28799.53,129470,110450,751.77,717.52,7.55,5.81,501.18,478.34,1200000000,2100000000,57152.79,54291.33,14,14.05,15.91,14.22
Eschara,85,80.17,69,69.67,83,83,9.24,7.05,61.06,44.57,42,42,-8.37,-8.37,15,20.75,191.25,180,0,0,-7.75,-7.75,-4.47,-4.47,2762.03,2782.34,-3.16,-3.16,1578.3,1589.91,2466.1,2484.23,-5,-5,-4.47,-4.47,2466.1,2484.23,2466.1,2484.23,5770.68,5813.11,-3.16,-3.16,3945.76,3974.78,6757.12,6806.8,4360.07,4392.13,2466.1,2484.23,5.1,5.1,1109.75,1117.91,246.61,248.42,246.61,248.42,-6.32,-3.16,8.32,8.32,10.82,14.19,13,13,82.72,79.23,36.37,35.43,2.12,2.23,47.8,47.8,1,1,50.5,50.5,96,96,44.73,46.8,22.6,26.54,63.31,64.69,30.03,26.44,1233.05,1242.12,27.05,30.87,70.5,65.5,7.16,7.31,110.08,108.75,0.72,0.72,94.1,94.1,102.6,141.6,0,0,64,64,72.37,71.69,0,0,150.54,176.9,2.38,1.74,324.2,279.35,12.35,11.91,30.21,30.21,314.33,314.33,93.81,83.53,24.97,28.56,52.39,53.08,-62.05,-62.05,53.39,53.39,96.68,96.68,44064.29,44388.31,13043.91,15348.2,120569,108181,369.92,372.64,18.36,17.56,-7.75,-7.75,112600000000,121300000000,40891.66,41147.96,7.1,7.31,16.44,14.98
Etethehehhe,54.33,54.33,16.33,10.67,44,44,1.41,1.24,32.04,32.89,41.43,41.43,737.82,597.93,52.25,52.25,108,108,-4.69,-4.69,-7.59,-7.59,2479.06,2009.03,-8.37,-8.37,-7.21,-7.21,4686.22,3797.71,-7.07,-7.07,688.63,558.06,-9.06,-9.06,1731.41,1403.13,944.41,765.35,-6.16,-6.16,1141.16,924.79,354.15,287,-8.72,-8.72,1048.8,738.33,2479.06,2009.03,15.78,15.87,1082.13,876.96,983.76,797.24,1229.69,996.54,639.44,637.79,538.74,538.74,70.95,80.55,13,13,27.9,24.24,20.2,20.2,23.16,23.16,51.62,51.62,1,1,50.99,50.99,104,104,64.93,65.44,98.42,99.8,70.25,69.33,15.92,17.81,1032.94,837.1,105.42,105.81,-83.67,-89.33,56.56,57.81,20.05,17.37,6.35,6.35,92.81,92.81,1128.81,1339.43,0,0,68,68,76.51,75.94,983.76,797.24,882.04,887.81,0.25,0.25,82.31,82.31,9.39,9.34,15.64,15.64,590.57,590.57,1.65,1.64,39.08,37.19,46.36,44.72,94.87,94.87,-51.96,-51.96,98.34,98.34,27296.98,22129.44,22770.11,19744.01,32094,24511,983.76,797.24,2.66,2.61,688.63,558.06,2800000000,8100000000,11846.89,9338.62,7.26,7.26,10.26,9.27
Fluffel,74.89,74.78,65.67,66.5,80,80,3.11,2.66,30.32,29.73,43.68,43.68,76.37,77.01,28.67,28.83,162,162,4093.52,4127.73,3773.68,3805.21,4704.5,4743.81,6231.93,6284.01,4154.62,4189.34,3744.96,3776.26,-4.47,-4.47,7730.65,7795.25,1160.85,1170.55,4704.5,4743.81,-9.27,-9.27,-4.36,-4.36,4093.52,4127.73,1649.63,1663.41,-2.05,-2.05,4384.77,4241.21,8798.02,8871.54,8.43,8.6,840.09,847.11,763.72,770.1,458.23,462.06,763.72,1001.13,22.03,22.03,32.12,37.58,14.16,14.16,62.09,58.63,37.63,37.6,2,2,52.64,52.64,2.52,2.52,50.5,50.5,104,104,57.41,57.98,68.41,73.47,72.46,73.34,18.85,20.38,381.86,385.05,72.38,74.06,45.5,40.75,6.99,7.33,112.99,110.58,0.7,0.7,94.17,94.17,294.34,322.79,0,0,64,64,68.77,67.72,305.49,308.04,598.64,606.74,0.45,0.43,215.93,215.21,9.83,9.78,17.95,17.95,548.11,548.11,2.07,2.05,36.15,34.62,57.07,57.58,-62.85,-62.85,107.94,107.94,97.83,97.83,68259.61,68880.87,37186.2,40865.89,115756,108746,1451.06,1463.19,9.54,8.62,-6.32,-6.32,1515800000000,2018000000000,63481.43,63852.57,1.62,1.62,17.2,15.68
North Caucasian Union,72.33,70.8,61.33,56.89,78.67,78.67,2.33,2.23,29.75,29.65,44.83,44.83,397.87,384.17,32.5,34.8,153,148.5,2307.66,2228.2,4678.98,4517.87,2148.51,2074.53,-4.24,-4.24,4456.17,4302.74,-11.15,-11.15,-5.35,-5.35,4873.93,4706.12,1909.79,1844.03,5092.76,4917.41,-7.21,-7.21,2228.08,2151.37,-8.49,-8.49,-8.72,-8.72,537.92,519.4,3697.47,3470.28,4456.17,4302.74,10.44,10.58,2188.3,2112.95,1094.15,1056.48,497.34,480.22,0,288.13,919.19,919.19,42.84,44.93,16.29,16.29,63.45,61.26,32.53,32.14,2.75,2.86,51,51,1,1,51.96,51.96,114,114,61.07,61.29,85.28,87.93,73.31,73.46,16.36,14.71,696.28,672.3,83.68,86,53,49.67,22.12,23,78.62,77.01,0.72,0.72,94.1,94.1,285,317.19,0,0,67,67,66.9,66.08,497.34,480.22,757.29,781.55,0.33,0.32,124.91,117.41,13.75,13.46,13.87,13.87,624.83,624.83,1.79,1.76,38.64,40.29,55.45,54.83,52.44,52.44,-7.07,-7.07,100.62,100.62,48219.36,46747.35,30706.86,30544.7,71686,67987,1492.02,1440.65,3.39,3.31,198.94,192.09,426800000000,669800000000,37562.88,35995.46,4.24,4.46,17.47,16.52
Yotimmoto,66.28,66.28,96.14,96.25,61.9,61.9,1.56,1.51,19.67,19.64,51.1,51.1,16555.99,16527.92,41.58,41.58,78.75,78.75,-25.61,-25.61,-15.39,-15.39,-20.05,-20.05,-13.1,-13.1,-19.81,-19.81,-13.94,-13.94,-23.54,-23.54,-24.28,-24.28,-22.23,-22.23,-20.15,-20.15,-25.02,-25.02,-16.22,-16.22,-16.31,-16.31,-26.68,-26.68,-9.71,-9.71,-24.41,-24.41,0,0,29.66,29.72,8139.26,8125.46,14798.65,14773.56,8509.22,8494.8,4347.1,4616.74,496.32,496.32,63.99,66.17,19.56,19.56,28.26,27.37,73.52,73.52,0.99,0.99,41.19,41.19,10.95,10.95,49.5,49.5,505,505,89.03,89.11,120.16,120.54,91.92,91.95,7.31,8.26,4254.61,4247.4,123.18,123.24,42.29,39.43,76.92,77.1,-125.18,-126.66,0.69,0.69,94.23,94.23,577.2,600.03,0,0,76,76,44.83,44.49,3052.22,3047.05,1435.79,1435.69,0.17,0.17,14.26,14.26,5.84,5.82,15.83,15.83,3199.06,3199.06,0.6,0.6,47.69,46.74,82.7,83.38,-126.79,-126.79,50.85,50.85,112.08,112.08,81392.59,81531.58,64269.48,65538.18,100438,99043,12578.85,12557.53,1.8,1.8,1849.83,1846.69,663900000000,691600000000,18801.69,18670.73,0.89,0.89,121.67,121.1
Bloom3,76,72.67,80.17,76.83,79.33,79.33,16.84,11.74,36.17,34.97,42,42,585.47,569.61,27,32,164.25,153,-10.49,-10.49,5152.12,5012.53,4293.43,4177.11,-3.16,-3.16,4761.81,4632.79,1873.5,1822.74,3512.81,3417.63,-10.25,-10.25,5464.37,5316.32,5464.37,5316.32,5464.37,5316.32,1951.56,1898.68,2341.87,2278.42,4293.43,4177.11,2732.19,2658.16,9445.55,9189.63,7806.24,7594.74,7.28,7.48,585.47,569.61,585.47,569.61,487.89,474.67,0,284.8,105.17,105.17,5.94,8.51,12,12,85.45,82.18,32.57,31.7,2.74,3,50,50,1,1,50,50,120,120,47.38,49.35,27.21,31.66,66.6,67.47,27.28,23.94,878.2,854.41,41.3,45.78,79.25,74.25,6.46,6.81,117.72,115.38,0.71,0.71,94.13,94.13,131.97,172.53,0,0,64,64,73.59,72.94,487.89,474.67,300.07,336.85,1.45,1.2,231.16,199.01,15.57,15.14,17.24,17.24,665.6,665.6,4.6,3.66,27.72,31.06,58.04,57.22,75.83,75.83,-15.81,-15.81,98.83,98.83,65357.78,63871.75,13575.56,16444.59,228624,193131,487.89,474.67,17.34,16.52,-4.47,-4.47,301000000000,308100000000,61109.52,59528.47,5.45,5.74,23.18,21.25
The Kock,72.11,71.67,12,7.5,32.89,32.89,1.27,1.16,31.25,32.09,45.83,45.83,1346.58,1097.49,32.83,33.5,153,150.75,-13.11,-13.11,-3.1,-3.1,406.58,331.37,194.6,158.61,1654.13,1348.15,-2.97,-2.97,-13.19,-13.19,-13.19,-13.19,-3.46,-3.46,-7.21,-7.21,1355.27,1104.57,990.39,807.19,-6.48,-6.48,-6.78,-6.78,1911.28,1557.73,-12.87,-12.87,406.58,331.37,18.41,18.49,1911.28,1557.73,1216.27,991.28,825.33,672.66,781.89,743.46,1259.14,1259.14,78.58,85.87,18.02,18.02,22.21,18.84,29.82,29.7,4.95,5.25,52.16,52.16,1,1,53.38,53.38,145,145,67.23,67.6,88.34,89.96,71.2,70.19,25.12,26.4,781.89,637.25,106.56,107.04,-88,-92.5,72,72.28,-16.41,-18.56,10.87,10.87,92.39,92.39,970.7,1075.17,0,0,67,67,75.04,74.64,999.08,814.27,1043.83,1044.81,0.28,0.27,237.29,233.55,9.87,9.82,12.34,12.34,903.88,903.88,1.4,1.4,29.88,28.6,46.76,45.53,-33.76,-33.76,48.06,48.06,106.51,106.51,21724.31,17811.95,19130.36,16438.39,24344,19142,1433.46,1168.3,2.46,2.44,781.89,637.25,347500000000,507200000000,6082.81,4933.91,5,5.07,8.44,8.01
Regular,51.56,51.56,80.33,78.33,65.78,65.78,17.01,11.84,37.78,36.17,41.43,41.43,-5.48,-5.48,54.33,54.33,103.5,103.5,5505.54,5425.9,314.6,310.05,6921.26,6821.14,4954.99,4883.31,1101.11,1085.18,-4,-4,5584.2,5503.42,3539.28,3488.08,2359.52,2325.39,2752.77,2712.95,3146.03,3100.52,-5.1,-5.1,-3.16,-3.16,-3.16,-3.16,4561.74,4495.75,7172.94,7069.18,18011,17750.45,8.43,8.6,491.57,484.46,294.94,290.67,786.51,775.13,393.25,678.24,923.69,923.69,5.88,8.44,14.16,14.16,69.99,67.4,25.27,25.27,16.83,16.83,50,50,1,1,51.96,51.96,88,88,52.28,53.19,33.56,37.8,65.62,66.6,14.45,12.78,589.88,581.35,67.31,68.84,79.5,74.5,7.93,8.28,110.25,107.92,1.7,1.7,93.48,93.48,372.4,404.86,0,0,67,67,73.65,73,589.88,581.35,325.24,350.24,0.39,0.38,111.1,111.1,14.48,14.05,13.85,13.85,211.65,211.65,3.89,3.45,40.55,42.22,57.2,56.86,48.99,48.99,80,80,98.34,98.34,64662.62,64017.9,13350.74,16402.6,227083,194231,393.25,387.56,15.07,14.37,98.31,96.89,148700000000,204300000000,59554.28,58704.42,6.36,6.36,24.31,22.31
Afraking Therand,57.33,57.33,57.33,48.44,57.33,57.33,3.61,2.91,32.78,32.57,42,42,324.51,301.56,50,50,112.5,112.5,-7.07,-7.07,4960.72,4609.85,865.37,804.16,-7.75,-7.75,-4.47,-4.47,4065.06,3777.54,-6.32,-6.32,0,0,432.68,402.08,-5.48,-5.48,-4.47,-4.47,2596.1,2412.48,3894.15,3618.72,3461.47,3216.64,3461.47,3216.64,5381.57,4695.36,865.37,804.16,9.33,9.49,973.54,904.68,973.54,904.68,1298.05,1206.24,324.51,603.12,119.98,119.98,27.72,34.4,12,12,49.93,46.46,23.83,23.83,18.9,18.9,50,50,1,1,50,50,100,100,56.72,57.49,57.19,63.08,69.44,69.67,0.56,2.78,1298.05,1206.24,75.47,77.53,50,43.33,20.92,22.4,82.53,79.66,3.24,3.24,93.2,93.2,610.35,665.81,0,0,64,64,67.97,66.53,865.37,804.16,504.64,512.51,0.32,0.31,126.07,126.07,10.49,9.99,17.16,17.16,526.14,526.14,2.35,2.32,54.44,52.22,52.69,51.43,60,60,-50.99,-50.99,100.2,100.2,41558.25,38614.83,20882.5,21836.91,75345,63473,865.37,804.16,10.54,9.42,108.17,100.52,1216500000000,1978800000000,32872.58,29965.11,7.09,7.09,15.52,13.87
Bocchi27,57.33,57.33,57.33,48.44,57.33,57.33,3.61,2.91,32.79,32.57,42,42,319.75,295.94,50,50,112.5,112.5,2131.67,1972.94,5702.2,5277.61,2131.67,1972.94,-7.07,-7.07,-7.07,-7.07,-6.22,-6.22,1705.33,1578.35,0,0,5116,4735.05,-3.16,-3.16,-7.07,-7.07,1279,1183.76,-3.16,-3.16,2984.33,2762.11,426.33,394.59,2046.4,1894.02,5968.66,5524.23,9.33,9.49,959.25,887.82,959.25,887.82,1279,1183.76,319.75,591.88,119.98,119.98,27.72,34.4,12,12,49.93,46.46,22.1,22.1,21.08,21.08,50,50,1,1,50,50,100,100,56.72,57.49,57.19,63.08,69.44,69.67,0.56,2.78,1279,1183.76,70.1,72.08,50,43.33,20.29,21.59,83.1,80.39,3.24,3.24,93.2,93.2,610.35,665.81,0,0,64,64,68.01,66.59,852.67,789.18,617.25,625.98,0.33,0.32,126.07,126.07,10.97,10.38,17.16,17.16,521.77,521.77,2.03,2.01,54.44,52.22,52.69,51.43,67.82,67.82,-45.83,-45.83,100.2,100.2,42175,39330.54,21192.41,22241.65,76464,64649,852.67,789.18,10.54,9.42,106.58,98.65,653500000000,1030800000000,33613.47,30835.14,7.09,7.09,14.31,12.79
Sleha,56.33,56.33,74.11,75.89,6,6,1.83,1.76,26.31,26.12,39.43,39.43,3103.37,3116.03,50.75,50.75,112.5,112.5,-9.9,-9.9,4362.46,4380.25,4344.72,4362.44,-3.29,-3.29,3369.38,3383.12,-7.69,-7.69,7093.43,7122.35,-14.18,-14.18,1241.35,1246.41,-8.25,-8.25,-11.75,-11.75,3192.04,3205.06,4522.06,4540.5,-12.17,-12.17,-7.42,-7.42,372.4,373.92,11438.15,11484.79,12.96,13.08,0,0,3325.04,3338.6,3546.71,3561.18,1884.19,2225.74,7.94,7.94,54.61,56.96,8.98,8.98,21.32,20.31,13.81,13.81,28.61,28.61,50,50,3.93,3.93,50,50,189,189,65.34,65.48,91.51,93.29,80.13,80.61,15.5,16.5,2992.54,3004.74,49.52,49.73,50.17,46.83,39.44,40.23,51.76,50.21,23.9,23.9,91.47,91.47,1083.49,1199.74,-8,-8,62,62,66.54,65.4,775.84,779.01,1085.39,1085.25,0.32,0.32,40.81,40.81,9.98,9.95,32.57,32.57,1143.46,1143.46,1.24,1.24,39.5,38.5,61.73,62.33,67.75,67.75,17.61,17.61,104.81,104.81,53129.76,53680.29,38547.71,39837.36,70593,69936,1219.18,1224.15,2.62,2.6,-5.48,-5.48,283700000000,509200000000,32196.64,32100.81,14.81,14.81,21.34,19.87
Reign of Terror,3,3,2,2,3,3,1.04,1.04,39.62,39.62,42,42,140.58,140.58,97,97,6.75,6.75,321.32,321.32,691.65,691.65,-6.32,-6.32,-8.37,-8.37,642.65,642.65,-2,-2,160.66,160.66,660.32,660.32,-10.95,-10.95,-4.47,-4.47,401.65,401.65,160.66,160.66,562.31,562.31,-10.95,-10.95,240.99,240.99,288.34,288.34,481.98,481.98,12.04,12.04,261.07,261.07,261.07,261.07,441.82,441.82,140.58,140.58,141.46,141.46,96.25,96.25,12,12,11.1,11.1,1,1,38.33,38.33,50,50,1,1,50,50,100,100,64.3,64.3,81.73,81.73,65.25,65.25,47.92,47.92,321.32,321.32,109.96,109.96,-98,-98,40.84,40.84,48.66,48.66,28.66,28.66,91.19,91.19,12373.42,12373.42,0,0,64,64,75.27,75.27,240.99,240.99,463.38,463.38,0.19,0.19,10.44,10.44,9.57,9.57,17.06,17.06,532.93,532.93,2.52,2.52,7.08,7.08,41.02,41.02,30,30,-53.85,-53.85,101.85,101.85,8183.24,8183.24,8020.39,8020.39,8333,8333,240.99,240.99,2.73,2.73,100.41,100.41,809200000000,811500000000,4844.48,4844.48,9.37,9.37,7.18,7.18
The Penrose Sphere,15,15,3,3,54.67,54.67,1.06,1.06,36.64,36.64,45.34,45.34,158.72,158.72,85,85,33.75,33.75,-8.94,-8.94,-8.48,-8.48,-7.75,-7.75,1070.19,1070.19,126.97,126.97,3122.61,3122.61,-10,-10,-9.15,-9.15,-12.25,-12.25,544.17,544.17,-9.49,-9.49,-10.63,-10.63,-10.95,-10.95,-7.07,-7.07,326.5,326.5,261.2,261.2,0,0,13.82,13.82,657.53,657.53,430.8,430.8,566.84,566.84,158.72,158.72,8.55,8.55,94.4,94.4,15.51,15.51,18.75,18.75,21.34,21.34,21.94,21.94,52.64,52.64,1,1,50.5,50.5,99,99,69.7,69.7,103.04,103.04,66.29,66.29,28.59,28.59,476.15,476.15,109.1,109.1,-97,-97,49.75,49.75,33.89,33.89,3.76,3.76,93.12,93.12,3277.09,3277.09,-8,-8,64,64,75.3,75.3,272.08,272.08,798.84,798.84,0.21,0.21,100.55,100.55,9.23,9.23,28.94,28.94,541.9,541.9,1.74,1.74,26.41,26.41,42.85,42.85,-101.98,-101.98,86.02,86.02,108.77,108.77,10417.17,10417.17,10106.21,10106.21,10705,10705,589.51,589.51,2.32,2.32,204.06,204.06,72000000000,72300000000,5229.42,5229.42,13.76,13.76,7.78,7.78
Big Hawk,71.33,68.89,17,12.67,64.67,64.67,1.42,1.3,35.03,35.39,42,42,222.61,194.6,34,37.67,148.5,141.75,2374.48,2075.78,1865.45,1630.79,-9.49,-9.49,890.43,778.42,-9.49,-9.49,-8.45,-8.45,-3.16,-3.16,371.01,324.34,-3.16,-3.16,890.43,778.42,-8.37,-8.37,-10.49,-10.49,593.62,518.95,2077.67,1816.31,0,0,-9.22,-9.54,2374.48,2075.78,10.1,10.25,667.82,583.81,667.82,583.81,816.23,713.55,222.61,389.21,1242.13,1242.13,70.42,77.19,12,12,32.94,29.83,26.63,25.93,14.47,15.75,50,50,1,1,50,50,100,100,61.24,61.72,86.18,89.26,67.42,67.15,18.89,19.11,890.43,778.42,64.09,67.59,17,12.67,39.84,41.02,61.37,59.25,1.97,1.97,93.42,93.42,703.15,774.77,0,0,64,64,52.47,51.59,593.62,518.95,515.41,530.22,0.32,0.31,194.89,175.66,9.8,9.76,12.41,12.41,517.24,517.24,2.31,2.26,36.11,35.89,44.68,43.7,-80,-80,43.59,43.59,100.2,100.2,18709.45,16550.48,15544.67,14437.07,22075,18703,593.62,518.95,3.32,3.18,74.2,64.87,1221400000000,1390500000000,11263.09,9764.78,6.36,6.5,7.88,7.55
Mevoo,52,52,62.33,55.67,65.33,65.33,4.17,3.47,33.76,33.35,40.78,40.78,797.52,750.07,54,54,103.5,103.5,-9.7,-9.7,6507.76,6120.54,-6.63,-6.63,4705.36,4425.39,1834.29,1725.15,382.81,360.03,5183.88,4875.43,-10.75,-10.75,717.77,675.06,1036.78,975.09,3429.33,3225.28,3469.21,3262.79,4226.85,3975.35,1674.79,1575.14,311.03,292.53,-4.29,-4.29,5183.88,4875.43,9.22,9.38,299.07,281.27,797.52,750.07,697.83,656.31,199.38,468.79,624.65,624.65,23.98,28.85,13,13,57.97,55.05,25.6,25.6,16.3,16.3,51,51,1,1,51.48,51.48,120,120,56.1,56.73,50.86,55.37,68.49,68.88,5.48,4.65,1395.66,1312.62,40.73,41.89,53.75,48.75,13.98,15.09,92.09,89.75,2.15,2.15,93.38,93.38,556.66,596.19,-4,-4,64,64,69.17,68.17,697.83,656.31,647.29,675.15,0.5,0.47,180.92,180.92,11.53,11.08,15.24,15.24,685.31,685.31,1.96,1.91,49.52,50.35,53.75,52.76,-93.54,-93.54,80.93,80.93,103,103,49801.09,47119.15,23104.24,24204.24,96361,83893,697.83,656.31,11.35,10.53,99.69,93.76,212600000000,245300000000,42828.94,40004.16,13.43,13.43,16.76,15.27
The Numidium,44,44,64.67,58.67,61.33,61.33,4.54,3.74,32.86,32.51,42,42,316.61,301.2,60,60,90,90,422.14,401.6,-2.83,-2.83,4221.4,4015.99,5487.82,5220.78,0,0,1583.03,1505.99,3799.26,3614.39,-2.74,-2.74,5487.82,5220.78,1688.56,1606.39,-5.48,-5.48,1688.56,1606.39,-5.48,-5.48,5065.68,4819.18,-3.16,-3.16,5403.39,5006.99,8442.8,8031.97,9.33,9.49,949.82,903.6,949.82,903.6,1266.42,1204.8,316.61,602.4,119.98,119.98,22.04,26.73,12,12,54.61,51.99,21.76,21.76,21.47,21.47,50,50,1,1,50,50,100,100,56.06,56.69,53.73,58.42,69.36,69.74,6.89,5.22,1266.42,1204.8,75.03,76.65,56,51,16.65,17.84,87.9,85.5,2.55,2.55,93.31,93.31,618.52,660.16,0,0,64,64,69.32,68.34,844.28,803.2,461.41,490.56,0.3,0.3,90.81,90.81,12.37,11.93,17.16,17.16,515.43,515.43,2.53,2.4,48.11,49.78,54,53.01,-43.59,-43.59,83.07,83.07,100.2,100.2,48503.89,46311.4,21476.85,22810.09,97445,85351,844.28,803.2,11.4,10.58,105.54,100.4,91800000000,103000000000,40403.74,38067.97,7.51,7.51,14.22,12.95
A Sitting Duck,81.11,77.67,7,5,80.67,80.67,1.15,1.1,33.54,34.4,45.83,45.83,469.5,396.14,19.33,24.5,182.25,171,281.7,237.68,-5.06,-5.06,-3.46,-3.46,-10.68,-10.68,626.01,528.18,-8.53,-8.53,-11.14,-11.14,-6.82,-6.82,1064.21,897.91,125.2,105.64,-8.49,-8.49,860.76,726.25,-8.49,-8.49,1220.71,1029.95,-5.1,-5.1,-10.58,-10.58,281.7,237.68,15.65,15.75,1565.02,1320.45,939.01,792.27,704.26,594.2,469.5,495.17,50.78,50.78,87.19,90.76,15.9,15.9,29.17,27.17,37.95,37.12,1.97,2.05,52.64,52.64,1,1,50.5,50.5,99,99,67.13,67.4,105.89,106.17,68.7,67.93,35.16,34.1,821.63,693.24,87.31,92.34,-93,-95,69.06,69.29,9.43,7.9,0.69,0.69,94.23,94.23,475.05,527.89,0,0,64,64,75.33,75.12,665.13,561.19,652.8,672.21,0.33,0.3,300.81,259.23,9.9,9.89,17.61,17.61,562.89,562.89,1.95,1.92,19.84,20.9,44.81,44.11,57.88,57.88,-62.85,-62.85,105.16,105.16,14202.51,12082.16,13213.28,11481.06,15154,12649,1212.89,1023.35,2.47,2.45,547.76,462.16,61900000000,74900000000,4388.58,3709.22,3.6,3.89,7.05,7.02
Far Jiharica Tell,67.33,65.78,61.33,54.67,61.33,61.33,4.03,3.36,33,32.67,42,42,378.4,357.99,40,42.33,135,130.5,-4.47,-4.47,-7.47,-7.47,-5.48,-5.48,3027.22,2863.92,-7.75,-7.75,0,0,4540.83,4295.88,2941.45,2782.77,3531.76,3341.24,-8.37,-8.37,2018.15,1909.28,1009.07,954.64,2018.15,1909.28,4540.83,4295.88,-7.75,-7.75,-4,-4,4540.83,4295.88,9.33,9.49,1135.21,1073.97,1135.21,1073.97,1513.61,1431.96,378.4,715.98,119.98,119.98,24.8,29.75,12,12,53.04,50.39,25.03,24.57,17.18,17.87,50,50,1,1,50,50,100,100,55.8,56.5,52.66,57.93,69.23,69.57,5.89,4.78,1513.61,1431.96,50.41,53.4,53,48,26.11,27.35,79.23,76.9,2.55,2.55,93.31,93.31,487.09,541.86,0,0,64,64,68.32,67.2,1009.07,954.64,442.47,469.24,0.42,0.39,167.4,155.64,11.69,11.25,17.16,17.16,523.73,523.73,2.63,2.49,49.11,50.22,53.28,52.29,-70,-70,58.31,58.31,100.2,100.2,38132.87,36433.82,18023,19032.59,72681,63974,1009.07,954.64,11.72,10.83,126.13,119.33,46400000000,65400000000,28180.19,26450.95,6.64,6.73,14.03,12.78
Bucky Badger,57.33,57.33,61.33,61.33,61.33,61.33,4.03,4.03,32.95,32.95,42,42,311.28,311.28,50,50,112.5,112.5,-6.32,-6.32,1292.85,1292.85,-7.75,-7.75,830.08,830.08,5395.54,5395.54,-6.05,-6.05,5395.54,5395.54,5491,5491,1245.12,1245.12,3735.37,3735.37,0,0,1245.12,1245.12,-5.48,-5.48,2490.25,2490.25,4150.42,4150.42,664.07,664.07,5395.54,5395.54,9.33,9.33,933.84,933.84,933.84,933.84,1245.12,1245.12,311.28,311.28,119.98,119.98,24.8,24.8,12,12,53.04,53.04,25.18,25.18,16.96,16.96,50,50,1,1,50,50,100,100,56.12,56.12,54.68,54.68,69.27,69.27,2.56,2.56,1245.12,1245.12,52.16,52.16,53,53,17.51,17.51,86.44,86.44,2.55,2.55,93.31,93.31,562.5,562.5,0,0,64,64,68.74,68.74,830.08,830.08,505.02,505.02,0.35,0.35,126.19,126.19,12.81,12.81,17.16,17.16,507.97,507.97,2.34,2.34,52.44,52.44,53.3,53.3,-66.33,-66.33,37.42,37.42,100.2,100.2,46324.87,46324.87,21894.84,21894.84,88294,88294,830.08,830.08,11.32,11.32,103.76,103.76,37600000000,38800000000,38218.02,38218.02,7.09,7.09,13.07,13.07
Rawr Dragon Rawr,57.33,57.33,57.33,48.44,57.33,57.33,3.61,2.91,32.8,32.58,42,42,310.42,287.32,50,50,112.5,112.5,1241.67,1149.3,5049.47,4673.8,-5.48,-5.48,5380.58,4980.28,1655.56,1532.39,-7.35,-7.35,1241.67,1149.3,-6,-6,0,0,-7.75,-7.75,4552.8,4214.09,-4.47,-4.47,4966.69,4597.18,2483.35,2298.59,4966.69,4597.18,-3.46,-3.46,2483.35,2298.59,9.33,9.49,931.25,861.97,931.25,861.97,1241.67,1149.3,310.42,574.65,119.98,119.98,27.72,34.4,12,12,49.93,46.46,26.13,26.13,15.39,15.39,50,50,1,1,50,50,100,100,56.72,57.49,57.19,63.08,69.42,69.66,0.56,2.78,1241.67,1149.3,65.02,66.93,50,43.33,19.05,20.33,84.31,81.6,3.24,3.24,93.2,93.2,610.35,665.81,0,0,64,64,68.08,66.68,827.78,766.2,472.95,480.56,0.33,0.32,126.07,126.07,12.56,11.97,17.16,17.16,512.76,512.76,2.48,2.44,54.44,52.22,52.68,51.43,-91.65,-91.65,83.07,83.07,100.2,100.2,43437.85,40493.53,21826.98,22899.33,78753,66561,827.78,766.2,10.54,9.42,103.47,95.77,12600000000,21600000000,35184.66,32273.35,7.09,7.09,12.34,11.05
Ferrets,42.67,42.67,57.33,48.44,30.67,30.67,3.61,2.91,35.05,34.52,42,42,355.37,328.57,61,61,87.75,87.75,-6.32,-6.32,5264.14,4867.24,-6.32,-6.32,-7.62,-7.62,-8.25,-8.25,2525.46,2335.05,5212.02,4819.05,3894.8,3601.14,-6.71,-6.71,2842.92,2628.57,1895.28,1752.38,473.82,438.1,0,0,0,0,-8.12,-8.12,-2.97,-2.97,5212.02,4819.05,9.7,9.85,118.46,109.52,592.28,547.62,1776.83,1642.86,355.37,657.14,119.98,119.98,27.72,34.4,12,12,39.13,36.53,12.25,12.25,29.62,29.62,50,50,1,1,50,50,102,102,58.08,58.79,59.99,65.44,67.41,67.83,10.89,13.11,3435.2,3176.19,33.99,35.31,50,43.33,27.36,28.7,76.64,73.93,10.71,10.71,92.4,92.4,888.7,955.37,-8,-8,64,64,68.35,67,947.64,876.19,470.01,477.07,0.36,0.35,87.1,87.1,9.96,9.89,17.16,17.16,507.68,507.68,2.49,2.46,44.11,41.89,51.5,50.3,26.46,26.46,-51.96,-51.96,106.18,106.18,37924.57,35393.72,19056.62,20015.35,68758,58178,947.64,876.19,8.45,7.1,-12.25,-12.25,4600000000,8300000000,27533.23,25235.72,15.26,15.26,19.25,17.26
Berserkian Forces A,77.56,74.83,23,21.33,75.33,75.33,1.63,1.44,30.99,30.68,45.83,45.83,314.54,307.02,24.67,28.75,171,162,545.19,532.16,2535.58,2474.97,2558.22,2497.08,2851.79,2783.63,2138.84,2087.72,536.81,523.98,2600.16,2538.01,1380.6,1347.6,-2.45,-2.45,1593.65,1555.56,-7.35,-7.35,381.64,372.52,1803.34,1760.24,-7.35,-7.35,943.61,921.05,385.83,376.61,5703.58,5567.26,14.66,14.76,1782.37,1739.77,943.61,921.05,524.23,511.7,524.23,665.21,2090.16,2090.16,61.21,69.36,18.02,18.02,40.49,36.27,35.29,34.61,2.25,2.35,51.62,51.62,1,1,53.38,53.38,104,104,67.76,68.27,99.72,101.22,71.54,71.95,25.38,25.91,943.61,921.05,61.04,64.97,-77,-82.67,41.85,42.87,39.9,37.45,0.75,0.75,93.97,93.97,456.09,527.26,-8,-8,67,67,77.3,76.84,576.65,562.87,896.9,917.12,0.46,0.41,272.31,240.32,9.94,9.88,9.09,9.09,527.43,527.43,1.63,1.61,29.62,29.09,48.48,48.4,-41.83,-41.83,88.6,88.6,108.45,108.45,34439.96,33770.33,26558.18,27833.92,43390,40129,1100.87,1074.56,2.43,2.4,419.38,409.36,800000000,1300000000,20009.61,19282.86,12.59,12.7,11.87,10.84
Zerzind,47.33,47.33,69.33,67.56,41.33,41.33,6.16,4.66,29.65,29.25,47.2,47.2,86.91,86.12,57.5,57.5,96.75,96.75,4450.03,4409.29,5034.45,4988.35,2364.08,2342.43,5423.48,5373.82,3754.71,3720.33,4464.98,4424.1,438.05,434.04,-6.96,-6.96,4102.37,4064.81,4102.37,4064.81,-1.41,-1.41,4380.5,4340.39,625.79,620.06,-6.48,-6.48,-5.02,-5.02,-5.51,-6.16,7252.16,7185.76,11.96,12.08,2346.7,2325.21,1129.89,1119.55,1129.89,1119.55,434.57,688.95,923.69,923.69,16.23,21.45,18.02,18.02,46.36,43.75,22.36,22.36,20.76,20.76,47.8,47.8,1,1,51.96,51.96,97,97,60.84,61.47,74.82,79.08,73.46,74.1,11.43,9.21,695.32,688.95,106.56,106.95,63,56.33,19.58,20.71,81.15,78.44,7.12,7.12,92.73,92.73,664.39,722.2,0,0,69,69,69.12,67.9,521.49,516.71,823.13,870.49,0.26,0.26,51.55,51.55,12.11,11.52,13.85,13.85,470.57,470.57,1.71,1.66,43.57,45.79,57.94,57.71,-73.48,-73.48,93.81,93.81,106.84,106.84,62294.19,61982.15,23244.1,27033.67,143212,126037,1390.63,1377.9,3.48,3.25,956.06,947.31,800000000,1200000000,50084.53,49151.84,8.5,8.5,27.13,24.55
Felidae Nhozemphtekh,14.67,14.67,31.11,23.67,73.33,73.33,1.99,1.67,31.35,31.74,40.78,40.78,876.39,757.35,85.33,85.33,33.75,33.75,-7.87,-7.87,1453.21,1255.83,-2.9,-2.9,956.06,826.2,-9.06,-9.06,2957.4,2555.72,1975.85,1707.49,-7.35,-7.35,-11.05,-11.05,-10.1,-10.1,892.32,771.12,-3.95,-3.95,2167.06,1872.73,1529.69,1321.93,-4.43,-4.43,-10.12,-10.12,1975.85,1707.49,14.11,14.21,956.06,826.2,1274.74,1101.6,2151.13,1858.96,717.04,826.2,517.74,517.74,50.37,59.98,12,12,46.9,42.06,18.93,18.93,24.42,24.42,51.62,51.62,1,1,50.99,50.99,104,104,64.18,64.79,105.9,106.61,71.08,70.61,25.26,27.48,1513.76,1308.16,105.8,106.24,30.33,23.67,55.15,56.34,35.01,32.2,0.77,0.77,93.87,93.87,938.48,1021.02,0,0,68,68,53.37,51.77,1274.74,1101.6,801.05,807.47,0.21,0.21,27.68,27.68,9.58,9.51,15.73,15.73,596.48,596.48,1.73,1.73,29.74,27.52,49.41,47.7,-50.2,-50.2,45.83,45.83,96,96,31559.44,27479.53,21929.36,20962.82,43533,34950,1274.74,1101.6,2.74,2.67,796.71,688.5,600000000,1400000000,14138.63,12008.55,8.3,8.3,12.11,10.66
Keenan Pili,57.33,57.33,57.33,48.44,57.33,57.33,3.61,2.91,32.84,32.61,42,42,314.74,291.31,50,50,112.5,112.5,1258.95,1165.25,2394.1,2215.92,839.3,776.83,0,0,2517.89,2330.5,-7.67,-7.67,839.3,776.83,-6.77,-6.77,2098.25,1942.08,5455.44,5049.42,5035.79,4661,4196.49,3884.17,-8.37,-8.37,1678.6,1553.67,2937.54,2718.92,-3.46,-3.46,2937.54,2718.92,9.33,9.49,944.21,873.94,944.21,873.94,1258.95,1165.25,314.74,582.62,119.98,119.98,27.72,34.4,12,12,49.93,46.46,23.65,23.65,19.14,19.14,50,50,1,1,50,50,100,100,56.72,57.49,57.19,63.08,69.39,69.62,0.56,2.78,1258.95,1165.25,69.84,71.82,50,43.33,19.62,20.91,83.74,81.02,3.24,3.24,93.2,93.2,610.35,665.81,0,0,64,64,68.05,66.64,839.3,776.83,514.37,522.32,0.33,0.32,126.07,126.07,12.51,11.92,17.16,17.16,472.83,472.83,2.31,2.28,54.44,52.22,52.67,51.42,24.49,24.49,20,20,100.2,100.2,42844.07,39946.71,21528.61,22590.1,77677,65662,839.3,776.83,10.54,9.42,104.91,97.1,2000000000,3500000000,34446.63,31597.85,7.09,7.09,11.09,9.98
Naval Mine 15,57.33,57.33,57.33,48.44,57.33,57.33,3.61,2.91,32.79,32.55,42,42,290.59,269.86,50,50,112.5,112.5,4649.39,4317.68,-4.3,-4.3,-3.16,-3.16,387.45,359.81,5036.84,4677.49,-3.92,-3.92,-4.47,-4.47,4382.05,4069.42,1937.25,1799.03,1937.25,1799.03,-7.07,-7.07,1162.35,1079.42,1162.35,1079.42,-3.16,-3.16,4261.94,3957.88,6756.21,6000.74,4649.39,4317.68,9.33,9.49,871.76,809.57,871.76,809.57,1162.35,1079.42,290.59,539.71,119.98,119.98,27.72,34.4,12,12,49.93,46.46,24.72,24.72,17.65,17.65,50,50,1,1,50,50,100,100,56.72,57.49,57.19,63.08,69.44,69.69,0.56,2.78,1162.35,1079.42,71.32,73.32,50,43.33,16.36,17.73,87.26,84.4,3.24,3.24,93.2,93.2,610.35,665.81,0,0,64,64,68.26,66.88,774.9,719.61,567.39,575.75,0.32,0.31,126.07,126.07,12.25,11.66,17.16,17.16,510.28,510.28,2.15,2.12,54.44,52.22,52.69,51.44,-37.42,-37.42,30,30,100.2,100.2,46392.3,43078.83,23311.55,24361.33,84110,70810,774.9,719.61,10.54,9.42,96.86,89.95,1300000000,2200000000,38783.96,35453.88,7.09,7.09,11.84,10.62
Lacard,10.5,10.5,21,15.67,5,5,1.56,1.38,31.31,31.73,38.75,38.75,994.62,866.4,89.5,89.5,24.75,24.75,-9.59,-9.59,-5.06,-5.06,-9.59,-9.59,-9.06,-9.06,-8.94,-8.94,9110.25,7935.78,-7.21,-7.21,-5.61,-5.61,-6.93,-6.93,-3.46,-3.46,-10.58,-10.58,944.89,823.08,-3.46,-3.46,-10.58,-10.58,696.24,606.48,-4.38,-4.38,0,0,15.59,15.68,745.97,649.8,1367.61,1191.3,2237.9,1949.4,994.62,1028.85,8.16,8.16,64.21,72.28,8.23,8.23,15.23,14.05,1.43,1.43,35.22,35.22,46.97,46.97,1,1,50,50,100,100,66.53,66.96,93.45,94.92,71.12,70.62,38.46,40.24,2237.9,1949.4,88.8,89.69,-79,-84.33,65.55,66.18,17.14,14.75,27.02,27.02,91.28,91.28,6681.54,7535.14,-8,-8,64,64,76.97,76.51,1305.44,1137.15,565.14,568.51,0.22,0.21,17.3,17.3,9.4,9.35,31.14,31.14,588.26,588.26,2.15,2.14,16.54,14.76,47.9,46.62,-39.37,-39.37,-55.23,-55.23,108.77,108.77,26553.46,23292.71,21004.98,19623.05,32715,27148,1305.44,1137.15,2.52,2.48,559.48,487.35,300000000,800000000,9160.94,7872.94,17.8,17.8,12.75,11.62
Goustcop,57.33,57.33,57.33,48.44,57.33,57.33,3.61,2.91,32.69,32.51,42,42,374.99,347.23,50,50,112.5,112.5,-4.47,-4.47,-6.16,-6.16,2999.95,2777.82,1999.97,1851.88,6499.9,6018.61,2314.96,2143.55,1999.97,1851.88,-2.74,-2.74,-8.37,-8.37,999.98,925.94,1499.98,1388.91,-4.47,-4.47,1499.98,1388.91,-8.37,-8.37,0,0,-5.29,-5.76,4999.92,4629.7,9.33,9.49,1124.98,1041.68,1124.98,1041.68,1499.98,1388.91,374.99,694.46,119.98,119.98,27.72,34.4,12,12,49.93,46.46,22.32,22.32,20.81,20.81,50,50,1,1,50,50,100,100,56.72,57.49,57.19,63.08,69.55,69.74,0.56,2.78,1499.98,1388.91,70.88,72.88,50,43.33,27.57,28.96,77.71,75,3.24,3.24,93.2,93.2,610.35,665.81,0,0,64,64,67.66,66.16,999.98,925.94,528.3,536.35,0.33,0.32,126.07,126.07,11.14,10.55,17.16,17.16,513.3,513.3,2.26,2.24,54.44,52.22,52.72,51.45,24.49,24.49,48.99,48.99,100.2,100.2,35989.44,33671.81,18084.25,19041.61,65249,55348,999.98,925.94,10.54,9.42,125,115.74,1200000000,2900000000,26056.36,23906.99,7.09,7.09,11.04,9.94
MattsMummy,17.75,17.75,18,17.33,66,66,1.45,1.32,31.03,30.69,45.83,45.83,625.77,624.66,82.25,82.25,40.5,40.5,-10.2,-10.2,1121.39,1119.38,-9.38,-9.38,634.12,632.98,60.07,59.97,6423.94,6412.47,3237.33,3231.55,-8.83,-8.83,-9,-9,-8,-8,1101.36,1099.39,1084.67,1082.74,1101.36,1099.39,-9.17,-9.17,1151.42,1149.37,-8.58,-8.58,3237.33,3231.55,17.66,17.75,1460.14,1457.53,959.52,957.81,1293.26,1290.96,792.65,916.16,1246.38,1246.38,68.84,75.81,18.02,18.02,33.02,29.78,22.26,22.26,20.88,20.88,51.62,51.62,1,1,53.38,53.38,106,106,71.44,71.76,106.55,107,71.48,71.94,24.74,26.29,1627.01,1624.11,67.47,68.13,-82,-86.67,55.93,56.81,9.1,6.93,1.65,1.65,93.49,93.49,1536.58,1757.35,-8,-8,67,67,76.67,76.29,834.36,832.87,1051.62,1052.04,0.22,0.22,131.04,131.04,9.23,9.19,12.39,12.39,576,576,1.37,1.37,30.26,28.71,47.67,47.83,-87.18,-87.18,56.57,56.57,111.2,111.2,33851.17,33915.65,27788.27,29303.57,40368,38653,1251.55,1249.31,2.24,2.22,41.72,41.64,100000000,200000000,14928.37,14651.56,15.9,15.9,14.28,13.25
Konetz,87.67,81.67,12,9,23,23,1.27,1.19,33.46,34.08,41.43,41.43,685.77,594.34,12.33,18.5,198,184.5,822.92,713.21,752.38,652.08,-2.83,-2.83,-5.29,-5.29,54.86,47.55,2320.24,2010.91,-6,-6,48.98,42.45,-8.83,-8.83,1410.72,1222.64,-4.24,-4.24,176.34,152.83,1606.65,1392.45,-6.16,-6.16,-6.93,-6.93,-7.76,-7.8,822.92,713.21,14.49,14.59,783.73,679.25,1077.63,933.96,1028.65,891.51,685.77,721.7,57.06,57.06,78.58,83.7,12,12,19.02,17.43,26.14,24.94,15.37,17.33,51,51,1,1,50.5,50.5,101,101,62.62,63.05,85.92,87.72,68.77,68.21,34.84,33.79,1126.62,976.42,54.35,59.26,-88,-91,58.45,59.28,26.63,24.83,14.5,14.5,92.11,92.11,853.06,943.53,0,0,64,64,76.07,75.77,930.68,806.6,545,567.28,0.45,0.39,342.95,290.08,9.49,9.47,17.55,17.55,559.1,559.1,2.21,2.15,20.16,21.21,44.97,44.12,7.07,7.07,-21.21,-21.21,102.62,102.62,20175.63,17613.18,17766.6,16035.88,22609,19160,930.68,806.6,2.97,2.9,342.88,297.17,5100000000,6300000000,8393.06,7168.56,6.39,6.67,7.85,7.6
Goeazoald,63.33,62.67,62.67,53.78,70,70,4.19,3.32,31.54,31.34,43.68,43.68,175.57,164.15,45.5,46,123.75,121.5,561.84,525.27,168.55,157.58,4073.31,3808.2,3651.94,3414.24,983.21,919.22,4828.63,4514.35,421.38,393.95,158.02,147.73,4775.61,4464.78,4424.46,4136.49,2668.72,2495.03,3967.97,3709.71,-7.35,-7.35,5126.76,4793.07,3581.71,3348.59,3514.76,3026.65,5056.53,4727.42,10.15,10.3,1404.59,1313.17,965.66,902.81,1316.8,1231.1,351.15,574.51,26.8,26.8,23.86,30.1,14.16,14.16,58.54,54.61,30.79,30.7,3.37,3.42,47.8,47.8,1,1,50.5,50.5,99,99,57.94,58.69,71.64,77.85,70.84,71.09,8.08,7.47,1492.38,1395.24,75.59,78.14,54,47.33,13.86,15.13,90.43,87.57,0.98,0.98,93.7,93.7,440.98,491.95,0,0,64,64,68.69,67.39,614.51,574.51,478.79,506.22,0.33,0.31,191.12,188.43,11.89,11.3,17.87,17.87,473.97,473.97,2.45,2.34,46.92,47.53,54.78,53.52,-14.14,-14.14,77.46,77.46,100.2,100.2,56508.23,52817.17,26145.6,27766.24,109577,92258,1053.44,984.88,8.69,7.32,87.79,82.07,1200000000,1700000000,48653.58,44841.78,9.14,9.17,14.75,13.18
Libertas en aequalitate,51,51,10,7.33,72,72,1.22,1.16,32.3,32.79,45.83,45.83,460.97,411.39,54.75,54.75,103.5,103.5,538.98,481.01,306.37,273.42,538.98,481.01,2354.49,2101.27,1730.41,1544.31,181.55,162.03,1077.96,962.03,1729.27,1543.29,-9.64,-9.64,964.49,860.76,-7.21,-7.21,1631.12,1455.7,113.47,101.27,-7.87,-7.87,-7.48,-7.48,-12,-12,2155.92,1924.05,16.22,16.31,1453.83,1297.47,886.48,791.14,886.48,791.14,460.97,506.33,8.66,8.66,81.97,86.02,15.9,15.9,29.28,26.99,31.48,31.48,3.07,3.07,52.64,52.64,1,1,50.5,50.5,99,99,70.28,70.46,106.28,106.54,69.96,69.43,21.19,22.08,957.4,854.43,86.8,87.2,-90,-92.67,55.94,56.67,16.41,14.76,0.82,0.82,93.8,93.8,857.07,882.98,-8,-8,64,64,75.78,75.58,638.27,569.62,999.91,1001.07,0.26,0.26,179.27,179.27,9.68,9.66,28.3,28.3,558.35,558.35,1.54,1.54,33.81,32.92,45.95,45.33,-90.55,-90.55,100.5,100.5,110.61,110.61,22143.84,19857.24,19940.47,18342.43,24325,21323,1134.69,1012.66,2.29,2.28,531.89,474.68,200000000,200000000,9765.43,8598.19,13.46,13.46,7.84,7.67
Xcinnamonfoxx,57.33,57.33,57.33,48.44,57.33,57.33,3.61,2.91,32.8,32.55,42,42,287.2,265.87,50,50,112.5,112.5,4212.33,3899.43,3434.97,3179.81,765.88,708.99,1531.76,1417.97,4212.33,3899.43,4560.81,4222.02,-7.07,-7.07,3806.42,3523.66,-3.16,-3.16,3063.51,2835.95,382.94,354.49,4212.33,3899.43,1148.82,1063.48,-8.37,-8.37,1531.76,1417.97,3063.51,2835.95,4978.21,4608.41,9.33,9.49,861.61,797.61,861.61,797.61,1148.82,1063.48,287.2,531.74,119.98,119.98,27.72,34.4,12,12,49.93,46.46,23.32,23.32,19.57,19.57,50,50,1,1,50,50,100,100,56.72,57.49,57.19,63.08,69.43,69.69,0.56,2.78,1148.82,1063.48,76.37,78.44,50,43.33,15.89,17.12,87.83,85.12,3.24,3.24,93.2,93.2,610.35,665.81,0,0,64,64,68.3,66.94,765.88,708.99,474.56,482.18,0.32,0.31,126.07,126.07,11.46,10.87,17.16,17.16,497.66,497.66,2.47,2.44,54.44,52.22,52.69,51.44,-37.42,-37.42,48.99,48.99,100.2,100.2,46936.87,43716.13,23585.19,24721.72,85097,71858,765.88,708.99,10.54,9.42,95.73,88.62,1300000000,2200000000,39473.91,36240.67,7.09,7.09,14.86,13.28
Rey Dau,68.22,67,24,18.33,72,72,1.67,1.48,32.86,33.08,43.68,43.68,569.83,510.72,38.67,40.5,139.5,135,-8,-8,547.04,490.29,-9.7,-9.7,-4.43,-4.43,-8,-8,-6.89,-6.89,119.66,107.25,2194.99,1967.29,-8.6,-8.6,455.86,408.58,3874.85,3472.9,1424.58,1276.8,740.78,663.94,-9.7,-9.7,319.11,286,2970.37,2483.49,119.66,107.25,12.92,13.04,997.2,893.76,925.98,829.92,997.2,893.76,427.37,574.56,501.72,501.72,59.73,67.79,14.64,14.64,40.7,36.58,28.49,28.15,9.16,10.58,50,50,1,1,50.99,50.99,104,104,61.62,62.19,94.5,97.95,69.37,69.14,18.7,19.98,1994.41,1787.52,51.08,53.06,24,18.33,47.72,49.09,44.72,42.14,0.82,0.82,93.8,93.8,591.51,653.12,0,0,64,64,52.43,51.35,925.98,829.92,572.59,583.43,0.3,0.29,176.96,164.23,9.77,9.71,15.8,15.8,530.24,530.24,2.13,2.11,36.3,35.02,47.46,46.27,-66.48,-66.48,-16.73,-16.73,102.62,102.62,27072.53,24276.93,20607.44,19767.78,34498,29158,1282.12,1149.12,3.2,3.06,-8.37,-8.37,3400000000,5900000000,14158.93,12356.96,8.7,8.78,8.82,8.22
Bortinge,73.17,71.47,1,0.67,76,76,1.02,1.02,44.98,44.65,45.83,45.83,225.83,225.22,31.25,33.8,155.25,150.75,247.22,246.56,-7.38,-7.38,247.22,246.56,342.3,341.39,123.61,123.28,-4.82,-4.82,-8.94,-8.94,427.88,426.73,57.05,56.9,342.3,341.39,-7.62,-7.62,39.94,39.83,9.51,9.48,199.68,199.14,199.68,199.14,-11.87,-11.87,494.44,493.11,18.73,18.81,558.62,557.12,368.45,367.47,356.57,355.61,225.83,260.78,1326.83,1326.83,98.12,98.43,16.66,16.66,21.35,20.84,35.92,35.5,2.17,2.22,51.62,51.62,1,1,51.48,51.48,103,103,71.12,71.17,108.93,108.96,64.65,64.68,30.89,30.16,309.02,308.2,105.14,106.04,-99,-99.33,71.71,71.87,-23.15,-24.21,0.74,0.74,94,94,670.78,695.6,0,0,64,64,74.65,74.65,285.25,284.49,907.34,916.76,0.26,0.25,269.82,257.94,9.74,9.73,12.05,12.05,581.98,581.98,1.62,1.61,24.11,24.84,42.08,42.09,-51.96,-51.96,72.8,72.8,107.5,107.5,6607.9,6625.75,6542.15,6570.81,6668,6676,404.11,403.03,2.25,2.25,249.6,248.93,100000000,100000000,1870.04,1861.84,7.07,7.16,7.11,7.11
Nakadavia,65.5,64.93,30.67,23.33,76.67,76.67,1.95,1.66,30.45,30.81,45.83,45.83,458.95,402.92,42.75,43.6,130.5,128.25,-4.9,-4.9,1132.95,994.64,1888.25,1657.73,1730.9,1519.59,3671.6,3223.37,4116.39,3613.85,1416.19,1243.3,-1.73,-1.73,-7.35,-7.35,-8,-8,-8.6,-8.6,-6.65,-6.65,2779.93,2440.55,157.35,138.14,545.5,478.9,692.36,607.83,3304.44,2901.03,14.63,14.73,1901.37,1669.24,1245.72,1093.64,917.9,805.84,327.82,460.48,2094.1,2094.1,51.28,60.22,18.02,18.02,46.09,41.32,31.65,31.5,3.01,3.07,51.62,51.62,1,1,53.38,53.38,104,104,66.27,66.82,102.39,103.35,72.28,71.77,17.66,19.6,917.9,805.84,96.62,98.43,30,23.33,46,47.12,37.6,34.89,0.73,0.73,94.04,94.04,522.23,580.35,0,0,67,67,52.04,50.83,786.77,690.72,1013.13,1015.17,0.27,0.26,233.18,228.74,9.75,9.68,9.07,9.07,551.48,551.48,1.51,1.51,37.34,35.4,50.35,48.85,-28.28,-28.28,66.33,66.33,103.37,103.37,37113.61,32755.39,26034.92,25041.85,50775,41581,1442.42,1266.32,2.54,2.49,590.08,518.04,200000000,400000000,20041.35,17327.6,5.66,5.72,11.28,10.14
JamJamShi,68.17,67.2,66,59.11,42.67,42.67,4.93,3.84,31.93,31.55,45.34,45.34,0,0,38.75,40.2,139.5,135,-4.9,-4.9,3599.34,3433.65,6809.19,6495.75,5583.53,5326.52,4698.34,4482.07,-2.2,-2.2,4289.79,4092.32,-2.14,-2.14,4630.25,4417.11,544.73,519.66,204.28,194.87,2281.08,2176.08,204.28,194.87,1225.65,1169.24,6060.18,5781.22,6093.23,5546.42,11098.97,10588.08,9.38,9.54,1532.07,1461.54,766.03,730.77,680.92,649.58,0,243.59,614.76,614.76,20.29,26.07,16.29,16.29,46.15,43.37,29.33,29.07,6.27,7.11,48.6,48.6,1,1,51.48,51.48,99,99,56.03,56.89,46.86,52.45,70.38,70.83,10.65,7.94,680.92,649.58,75.72,79.13,58,51.33,9.29,9.7,100.94,98.06,6.73,6.73,92.77,92.77,545.06,609.27,0,0,66,66,69.79,68.66,425.57,405.98,522.79,568.18,0.44,0.4,215.16,208.07,13.69,13.12,15.29,15.29,497.83,497.83,2.28,2.14,44.35,47.06,55.35,54.17,33.17,33.17,94.34,94.34,105.5,105.5,61059.71,58226.32,25821.27,28292.39,127255,108505,851.15,811.97,11.44,10.31,766.03,730.77,1300000000,1800000000,55381.15,52578.37,7.2,7.28,18.22,16.31
Norvikeland,71.28,71.28,98.46,98.57,70.19,70.19,1.59,1.54,20.09,20.04,12.74,12.74,15646.36,15703.58,34.08,34.08,212.5,212.5,-30.13,-30.13,-22.05,-22.05,-20.46,-20.46,-10.9,-10.9,-18.19,-18.19,-19.06,-19.06,-27.09,-27.09,-22.88,-22.88,-14.07,-14.07,-19.44,-19.44,-20.45,-20.45,-25.61,-25.61,-22.76,-22.76,-29.68,-29.68,8882.29,8914.78,-28.58,-28.61,0,0,30.43,30.48,12620.82,12666.98,17288.79,17352.02,6223.97,6246.73,3976.42,4251.25,1406.5,1406.5,62.8,64.97,0.42,0.42,77.12,74.37,110.91,110.91,0.73,0.73,71.86,71.86,2.93,2.93,48.04,48.04,290,290,74.87,74.97,116.85,117.27,91.63,91.67,13.03,13.99,2247.54,2255.76,61.19,61.4,43.86,41,93.7,93.76,-233.89,-235.36,0.7,0.7,94.21,94.21,430.26,450,32,32,156,156,39.41,39.16,1728.88,1735.2,1411.16,1411.06,0.17,0.17,182.96,182.96,9.91,9.88,11.71,11.71,3139.2,3139.2,0.62,0.62,41.97,41.01,94.68,94.69,-211.8,-211.8,147.6,147.6,39.8,39.8,88929.4,89514.93,69525.47,71255.66,110701,109680,19709.22,19781.31,2.11,2.11,-12.25,-12.25,2228400000000,2492800000000,5602.55,5549.93,0.34,0.34,153.38,153
Tarrsonis,73.73,73.73,47.56,51.11,56.44,56.44,1.4,1.35,24.05,23.82,44.28,44.28,2604.59,2703.86,30.4,30.4,157.5,157.5,-12.57,-12.57,4667.43,4845.31,2222.59,2307.29,5278.64,5479.82,-2.5,-2.5,-9.76,-9.76,-8,-8,-11.87,-11.87,-9.25,-9.25,3542.25,3677.25,-8.25,-8.25,777.91,807.55,-4.24,-4.24,-10.86,-10.86,7813.78,8111.57,-11.02,-11.02,2222.59,2307.29,14.83,14.93,1302.3,1351.93,6164.2,6399.13,1215.48,1261.8,607.74,901.29,1039.06,1039.06,71.48,74.17,16.29,16.29,30.65,29.27,39.13,39.13,1.88,1.88,47.8,47.8,6.47,6.47,52.44,52.44,213,213,65.96,66.1,98.23,99.77,86.83,87.65,12.53,13.64,1823.22,1892.7,67.94,68.19,32.67,29.33,52.86,53.6,29.44,27.88,1.92,1.92,93.43,93.43,597.4,624.54,-4,-4,65,65,54.29,53.43,173.64,180.26,1107.19,1106.96,0.4,0.4,220.16,220.16,9.33,9.3,13.32,13.32,1231.89,1231.89,1.16,1.16,42.47,41.36,59.11,60.05,-80,-80,97.98,97.98,103,103,43402.94,45327.47,36349.06,38712.51,50852,52193,1736.4,1802.57,2.56,2.55,347.28,360.51,472400000000,769700000000,20442.79,21031.95,14.86,14.86,26.24,24.96
Seafoam Island,81.67,81.67,100.1,100.11,81.33,81.33,1.61,1.55,20.19,20.15,65.68,65.68,19422.69,19411.02,18.5,18.5,220.5,220.5,-10.2,-10.2,-17.75,-17.75,-18.97,-18.97,-9.92,-9.92,-13.82,-13.82,-14.06,-14.06,-16.68,-16.68,-24.25,-24.25,-4.58,-4.58,-23.54,-23.54,-30.56,-30.56,-24.04,-24.04,-18.55,-18.55,-33.12,-33.12,9714.49,9708.65,2430.42,2428.96,0,0,47.67,47.7,16054.59,16044.95,14651.22,14642.42,6848.46,6844.35,9992.02,10154.32,1385.6,1385.6,62.16,64.31,38.16,38.16,8.48,8.51,138.1,138.1,0.63,0.63,72.05,72.05,0.53,0.53,65.81,65.81,508,508,101.16,101.23,129.57,129.89,91.56,91.59,23.31,24.26,14146,14137.51,67.15,67.37,-55.29,-58.14,99.01,99.01,-753.73,-755.21,2.22,2.22,93.37,93.37,233.54,248.14,15,15,136,136,77.54,77.29,5108.28,5105.21,1618.42,1618.34,0.16,0.16,373.08,373.08,19.11,18.88,11.8,11.8,4355.72,4355.72,0.48,0.48,31.69,30.74,97.17,97.18,-253.86,-253.86,201.59,201.59,143.94,143.94,139683.48,139767.88,108609.62,110661.99,174716,172064,20601.52,20589.15,1.65,1.65,3143.56,3141.67,935500000000,956100000000,1396.83,1397.68,0.49,0.49,154.76,154.38
The Maghreb Zaghreb,61,60.53,66,59.11,44,44,4.93,3.84,31.87,31.51,43.68,43.68,-3.16,-3.16,47.25,47.6,119.25,119.25,638.77,609.26,3258.55,3107.99,-4.9,-4.9,335.36,319.86,3513.26,3350.93,-4.73,-4.73,4471.42,4264.82,-5.48,-5.48,-4.58,-4.58,4631.11,4417.13,638.77,609.26,5030.35,4797.92,3832.65,3655.56,5429.58,5178.71,830.41,792.04,3603.99,3148.07,5110.2,4874.08,8.25,8.43,1297.51,1237.56,798.47,761.57,698.66,666.38,99.81,380.79,12.77,12.77,20.29,26.07,13.62,13.62,47.61,44.72,23.33,23.26,19.55,19.65,52.16,52.16,1,1,50,50,98,98,57.92,58.64,56.45,61.81,70.45,70.88,7.47,5.13,1297.51,1237.56,44.06,45.81,58,51.33,9.7,10.42,98.81,95.95,6.35,6.35,92.81,92.81,604.26,662.42,-8,-8,64,64,70.19,69.11,399.23,380.79,538.37,579.38,0.5,0.46,79.75,78.88,11.94,11.36,18.78,18.78,459.4,459.4,2.23,2.12,47.53,49.87,55.61,54.42,-49.7,-49.7,35.64,35.64,105.16,105.16,52062.22,49652.87,22016.36,24126.52,108504,92529,1297.51,1237.56,8.72,7.41,-4.47,-4.47,1800000000,2200000000,47012.18,44488.97,12.38,12.38,15.56,13.91
Sumatrah,70,68.8,62.67,61.78,68.67,68.67,5.37,4.14,33.22,32.34,42,42,-5.48,-5.48,36,37.8,144,141.75,-4.9,-4.9,5255.61,5257.42,5140.67,5142.45,2618.83,2619.74,1842.88,1843.52,-3.69,-3.69,5140.67,5142.45,-1.73,-1.73,-4.58,-4.58,2230.86,2231.63,-3.74,-3.74,969.94,970.27,775.95,776.22,-3.74,-3.74,3491.78,3492.98,1396.71,1397.19,10281.35,10284.89,7,7,1333.67,1334.13,727.45,727.7,363.73,363.85,-5.48,0,439.84,439.84,18.61,24.17,13.62,13.62,61.71,57.89,30.15,29.83,4.22,4.93,50,50,1,1,50.99,50.99,108,108,56.28,57.09,52.12,57.91,69.01,69.92,12.54,9.72,1212.42,1212.84,42.92,45.6,60,53.33,10.54,11.11,97.42,95.71,1.16,1.16,93.63,93.63,352.54,406.85,-8,-8,64,64,70.51,69.52,242.48,242.57,444.66,486.45,1.23,1.04,103.82,98.92,12.55,11.97,16.07,16.07,560.05,560.05,2.62,2.42,42.46,45.28,53.74,54.04,45.28,45.28,57.01,57.01,104.46,104.46,40915.39,40929.52,16488.29,19073.29,88584,78910,848.7,848.99,11.13,10.01,-4.47,-4.47,1100000000,1400000000,36619.28,36386.34,12.96,12.99,18.85,16.89
Lord Stalker,77.33,77.17,76.33,78.11,11,11,2.78,2.64,30.05,29.59,38.06,38.06,1883.44,1908.08,25,25.25,168.75,168.75,-12.41,-12.41,2446.26,2478.25,-3.13,-3.13,4077.1,4130.42,7179.24,7273.14,-9.47,-9.47,3013.51,3052.92,-8.4,-8.4,2393.08,2424.38,2038.55,2065.21,4254.37,4310.01,4032.78,4085.53,-4.9,-4.9,-4.9,-4.9,3190.77,3232.51,7553.8,7562.81,3013.51,3052.92,9.11,9.27,-13.04,-13.04,997.12,1010.16,664.74,673.44,886.33,1234.64,1034.67,1034.67,36,37.92,11.33,11.33,30.4,29.57,19.94,19.89,23.42,23.48,51,51,3.3,3.3,52.44,52.44,177,177,54.96,55.19,33.7,35.78,72.84,73.55,25.03,23.83,1994.23,2020.32,24.13,24.51,59.5,56.17,14.91,15.79,88.74,87.14,22.41,22.41,91.57,91.57,647.52,677.91,0,0,67,67,70.52,70.01,110.79,112.24,849.47,869.9,0.85,0.78,248.77,248,13.47,13.18,13.34,13.34,1016.3,1016.3,1.68,1.66,29.97,31.17,58.02,58.92,-71.69,-71.69,68.19,68.19,92.09,92.09,54958.96,55924.69,31854.32,33341.5,88490,87929,332.37,336.72,12.68,12.42,-15.49,-15.49,1100500000000,1749600000000,46770.08,47088.59,6.21,6.21,24.24,23.03
Mongolman,74,71.83,8.33,4.67,21,21,1.19,1.1,32.64,34.22,45.83,45.83,531.14,395.57,30,33.25,157.5,150.75,1619.97,1206.5,-5.51,-5.51,159.34,118.67,212.45,158.23,-4.47,-4.47,-4.82,-4.82,1062.27,791.15,365.16,271.96,-7.55,-7.55,159.34,118.67,292.13,217.56,1314.56,979.04,1752.75,1305.39,-4.69,-4.69,995.88,741.7,600.18,447,2841.58,2116.31,16.97,17.06,1460.63,1087.82,896.29,667.53,796.71,593.36,531.14,469.74,8.73,8.73,84.27,91.06,15.9,15.9,15.91,14.37,27.28,26.66,13.13,14.42,51,51,1,1,50.5,50.5,100,100,68.18,68.55,89.95,90.97,69.59,68.08,30.84,30.98,962.69,716.98,61.22,64.28,-91.67,-95.33,60.05,60.89,9.39,7.38,16.31,16.31,91.97,91.97,1303.3,1597.16,-4,-4,64,64,75.46,75.06,697.12,519.19,902.49,919.27,0.39,0.36,238.04,215.3,9.49,9.45,27.97,27.97,566.87,566.87,1.63,1.61,24.16,24.02,45.45,44.05,-43.01,-43.01,49.5,49.5,109.08,109.08,21355.69,15979.15,19514.07,15210.67,23156,16703,1029.08,766.42,2.4,2.38,597.53,445.02,1000000000,1500000000,8542.28,6247.85,14.11,14.19,7.35,7.26
New Awesome Prussia,68.5,68.5,94.81,95.86,71.71,71.71,1.36,1.32,20.34,20.29,67.49,67.49,13412.4,13459.09,38.25,38.25,165.5,165.5,-25.22,-25.22,-9.63,-9.63,-10.78,-10.78,-14.62,-14.62,-15.72,-15.72,-13.36,-13.36,-27.68,-27.68,-26.5,-26.5,-17.49,-17.49,-20.15,-20.15,-18.87,-18.87,-16.06,-16.06,-12.88,-12.88,-24.35,-24.35,21279.76,21353.83,-26.7,-26.7,0,0,24.9,24.96,4877.24,4894.21,10786.2,10823.74,844.14,847.08,3001.38,3294.18,1339.46,1339.46,73.28,75.61,33.3,33.3,8.37,8.42,85.23,85.23,0.88,0.88,45.31,45.31,12.07,12.07,51.96,51.96,414,414,80.46,80.55,119.79,120.18,91.46,91.5,16.81,17.76,0,0,152.84,152.88,30.43,27.57,79.82,80,-75.92,-77.39,0.54,0.54,95.1,95.1,541.22,563.34,9,9,104,104,48.05,47.61,3376.55,3388.3,1398.5,1398.41,0.14,0.14,126.89,126.89,5.19,5.18,11.99,11.99,2776.37,2776.37,0.63,0.63,38.19,37.24,81.16,81.84,-98.89,-98.89,63.01,63.01,120.99,120.99,79431.43,79990.27,67406.63,69017.9,91983,91275,14913.09,14965,1.96,1.96,0,0,695600000000,735700000000,16045.15,15998.05,0.84,0.84,128.23,127.72
Formisia,70.33,70.33,96.22,96.32,35.05,35.05,1.61,1.55,19.84,19.81,23.24,23.24,7543.54,7533.52,35.5,35.5,84.25,84.25,-18.38,-18.38,-11.24,-11.24,-10.18,-10.18,-9.74,-9.74,-15.63,-15.63,-11.63,-11.63,-10.52,-10.52,-15.44,-15.44,-8.31,-8.31,-5.29,-5.29,-17.83,-17.83,-15.56,-15.56,-9.38,-9.38,-25.12,-25.12,12859.44,12842.37,-18.82,-18.82,0,0,31.03,31.08,2459.85,2456.58,13857.15,13838.76,8281.49,8270.5,5903.64,6141.46,18.38,18.38,62.27,64.42,1.3,1.3,36.69,35.57,68.62,68.62,1.04,1.04,46.97,46.97,14.12,14.12,53.84,53.84,217,217,82.83,82.92,126.96,127.3,91.8,91.83,12.78,13.73,10413.36,10399.54,111.61,111.68,44.57,41.71,93.01,93.07,-223.4,-224.87,13.01,13.01,92.22,92.22,674.13,698.79,4,4,104,104,44.95,44.61,5411.67,5404.48,1274.76,1274.65,0.14,0.14,154.76,154.76,7.41,7.39,18.03,18.03,1510.18,1510.18,0.78,0.78,42.22,41.27,82.22,82.89,-124.87,-124.87,96.3,96.3,110.31,110.31,91820.62,91944.37,71459.55,72862.81,114757,113101,11397.3,11382.17,1.91,1.91,3361.79,3357.33,757100000000,801100000000,6427.44,6344.16,23.06,23.06,125.52,124.99
Uppentia,69.83,68.67,64.89,56.89,23,23,4.66,3.59,34.23,33.67,37.37,37.37,345.65,323.17,36.25,38,144,139.5,-6.32,-6.32,3895.44,3642.16,2073.88,1939.04,5530.34,5170.76,3456.46,3231.73,-2,-2,3594.72,3361,-2.74,-2.74,4493.4,4201.24,-4.47,-4.47,3802.11,3554.9,2073.88,1939.04,3456.46,3231.73,3802.11,3554.9,2419.53,2262.21,4977.31,4653.69,5668.6,5300.03,9.22,9.38,0,0,777.7,727.14,1382.59,1292.69,345.65,565.55,7.97,7.97,21.45,27.88,6.84,6.84,38.57,36.27,22.77,22.4,20.27,20.71,46.97,46.97,1,1,50,50,100,100,52.64,53.88,31.52,37.1,68.08,68.58,16.26,13.68,1469,1373.48,37.86,40.48,56.33,49.67,9.41,9.8,100.13,97.32,14.5,14.5,92.11,92.11,667.94,741.51,0,0,64,64,70.54,69.34,777.7,727.14,383.38,423.96,0.64,0.53,89.49,84.49,12.45,11.86,32.37,32.37,516.47,516.47,3.06,2.74,38.74,41.32,53.9,52.51,-73.82,-73.82,91.92,91.92,98.34,98.34,59271.46,55660.02,25851.4,28060.77,120525,100639,777.7,727.14,14.81,13.76,-5.48,-5.48,8700000000,11200000000,53699.94,50205.34,9.31,9.38,14.22,12.47
Regulus Corneas,68.22,68.22,49.78,53.33,55.56,55.56,1.3,1.26,23.01,22.88,45.83,45.83,3606.73,3667.61,38.67,38.67,139.5,139.5,-14,-14,157.38,160.04,-10.68,-10.68,-6.75,-6.75,-8.68,-8.68,-8.85,-8.85,-11.75,-11.75,-13.86,-13.86,-12.19,-12.19,1114.81,1133.62,-8.72,-8.72,1468.92,1493.72,2098.46,2133.88,-14.7,-14.7,3252.62,3307.52,-4.18,-4.18,0,0,22.16,22.23,3852.65,3917.67,7541.35,7668.64,3524.76,3584.25,2377.16,2667.35,1246.38,1246.38,76.64,79.42,18.02,18.02,27.03,25.57,36.75,36.75,2.08,2.08,48.6,48.6,6.47,6.47,53.38,53.38,203,203,75.44,75.56,110.25,110.76,90.08,90.14,12.72,13.84,3360.82,3417.54,87.03,87.32,-73.67,-77,81.3,81.49,-70.73,-72.28,2.03,2.03,93.4,93.4,726.64,756.54,-8,-8,65,65,78.24,77.91,1639.42,1667.09,1151.25,1151.05,0.26,0.26,173.19,173.19,9.14,9.11,12.39,12.39,1200.56,1200.56,1.03,1.03,42.28,41.16,61.48,61.95,-79.81,-79.81,25.88,25.88,112.37,112.37,48799.08,49872.81,42405.83,44165.97,55333,55608,3524.76,3584.25,2.09,2.09,1721.39,1750.45,174600000000,193500000000,9125.43,9226.47,16.35,16.35,22.65,21.12
Furry Felines,66.89,66.83,95.95,96.16,65.9,65.9,1.67,1.65,19.71,19.7,32.09,32.09,17934.59,17906.51,40.67,40.75,201,201,-30.1,-30.1,-18.46,-18.46,-19.29,-19.29,-13.1,-13.1,-23.87,-23.87,-13.05,-13.05,-20.15,-20.15,-24.28,-24.28,-24.9,-24.9,-25.42,-25.42,-24.21,-24.21,-23.28,-23.28,-22.93,-22.93,-25.53,-25.53,-7.21,-7.21,-22.13,-22.13,0,0,30.9,30.95,15892.53,15867.65,11009.35,10992.12,9322.43,9307.84,3551.4,3811.78,6.92,6.92,59.84,60.68,3.55,3.55,54.32,53.64,83.68,83.67,0.89,0.89,53.09,53.09,10.42,10.42,50.99,50.99,542,542,89.86,89.89,132.37,132.5,91.89,91.9,7.29,7.64,9855.14,9839.72,114.5,114.53,47.86,46.71,78.59,78.74,-144.31,-145.5,5.8,5.8,92.87,92.87,494.04,503.05,-1,-1,126,126,42.1,41.99,1598.13,1595.63,1534.13,1534.11,0.14,0.14,113.73,113.21,5.23,5.23,40.2,40.2,3760,3760,0.53,0.53,47.71,47.36,82.75,83.86,-122.94,-122.94,65.94,65.94,96,96,84789.75,84922.96,64601.71,65186.07,107958,107427,12163.56,12144.52,1.79,1.79,1065.42,1063.75,779600000000,792600000000,18145.01,18088.59,23.57,23.57,152.54,152.41
Argesea,44.4,44.4,97.53,97.64,45.71,45.71,1.52,1.47,18.01,17.98,23.71,23.71,2081.26,2081.27,59.7,59.7,62.25,62.25,-18.44,-18.44,-16.97,-16.97,-18.11,-18.11,21776.59,21776.62,-12.8,-12.8,-15.36,-15.36,16211.95,16211.97,-36.54,-36.54,-23.81,-23.81,-27.75,-27.75,28480.46,28480.49,-17.32,-17.32,-17.32,-17.32,-28.27,-28.27,-27.37,-27.37,-26.69,-26.69,16211.95,16211.97,36.72,36.72,4545.92,4545.92,1204.94,1204.94,19333.85,19333.87,-17.32,-16.43,3336.17,3336.17,65.73,67.94,0.77,0.77,38.24,36.95,85.64,85.64,0.88,0.88,22.26,22.26,27.93,27.93,40.94,40.94,570,570,107.3,107.38,158.86,159.1,93.35,93.37,10.35,11.3,35545.8,35545.84,3.72,3.72,-60,-62.86,94.92,94.94,-341.65,-342.13,0.85,0.85,93.78,93.78,863.49,891.37,4,4,120,120,83.25,83.12,-29.15,-29.15,1530.07,1529.99,0.14,0.14,45.81,45.81,3.31,3.3,5.56,5.56,2871.66,2871.66,0.53,0.53,44.65,43.7,91.79,91.8,-269.96,-269.96,240.99,240.99,114.92,114.92,140299.1,140299.28,112378.88,114373.33,170966,168338,54.77,54.77,1.6,1.6,-28.11,-28.11,874800000000,891800000000,7155.25,7155.26,59.64,59.64,157.82,157.57
Revolutionary Theory,75.88,75.82,64.1,66.19,22.33,22.33,1.32,1.28,22.48,22.36,52.16,52.16,6783.08,6870.67,27.18,27.27,206.25,206.25,-12.81,-12.81,-9.12,-9.12,-11.66,-11.66,-7.1,-7.1,-10.07,-10.07,-4.2,-4.2,-13.68,-13.68,-17.83,-17.83,-12.08,-12.08,-6.63,-6.63,-13.56,-13.56,-4.1,-4.1,-9.7,-9.7,-14.04,-14.04,-4.64,-4.64,-15.13,-15.13,0,0,25.3,25.36,6604.57,6689.86,7854.09,7955.51,4462.55,4520.18,3570.04,3887.35,60.39,60.39,75.97,78.34,19.56,19.56,18.44,17.58,49.54,49.53,1.4,1.4,50,50,5.87,5.87,48.04,48.04,222,222,79.89,79.98,106.01,106.65,90.31,90.36,24.78,25.7,3927.04,3977.75,111.63,111.7,-72.86,-75.71,79.31,79.5,-102.81,-104.28,16.1,16.1,91.99,91.99,856.64,885.3,0,0,78,78,76.74,76.47,2320.53,2350.49,1226.81,1226.71,0.22,0.22,257.12,256.34,9.18,9.15,17.53,17.53,1629.28,1629.28,0.86,0.86,30.22,29.3,66.85,67.54,-108.54,-108.54,70.57,70.57,114.08,114.08,57120.64,58129.45,49407.12,51105.99,65037,65234,8389.59,8497.93,1.97,1.97,2945.28,2983.32,379700000000,416800000000,11823.97,11916.54,10.14,10.14,52.97,50.99
Her Excellency,81.83,79.07,48.67,42,24,24,2.91,2.49,33.62,33.36,43.68,43.68,0,0,18.25,22.4,184.5,175.5,3226.92,3018.87,3805.97,3560.59,5019.65,4696.03,1936.15,1811.32,2079.57,1945.5,717.09,670.86,-8,-8,-5,-5,2151.28,2012.58,2509.82,2348.01,-6.32,-6.32,4696.96,4394.14,3226.92,3018.87,0,0,4051.57,3790.36,-4.2,-4.2,8246.56,7714.9,8.77,8.94,1434.19,1341.72,806.73,754.72,448.18,419.29,89.64,335.43,9.08,9.08,34.31,40.09,15.09,15.09,32.95,31.16,28.07,27.29,10.92,13.1,53.09,53.09,1,1,51.48,51.48,96,96,54.46,55.31,33.37,38.25,68.62,68.87,21.96,22.25,627.46,587,62.52,67.41,43.5,38.5,14.14,15.26,89.55,87.22,13.92,13.92,92.15,92.15,616.47,693.58,0,0,64,64,66.45,64.92,627.46,587,276.32,291.81,1.21,0.76,315.05,293.79,11.55,11.1,26.22,26.22,374.67,374.67,8.35,4.94,33.04,32.75,51.81,50.78,59.16,59.16,59.16,59.16,100.2,100.2,43177.94,40645.78,24381.57,24973.9,71060,62296,1254.91,1174.01,13.2,12.29,89.64,83.86,104900000000,149100000000,37089.85,34426.98,1.43,1.46,11.03,10.1
Flemingovia,61.11,61.11,95.33,96.04,64.95,64.95,1.52,1.47,18.6,18.57,66.46,66.46,15478.8,15544.16,47.17,47.17,85.25,85.25,-19.95,-19.95,-18.07,-18.07,-19.13,-19.13,-13.37,-13.37,-19.35,-19.35,-15.21,-15.21,-26.27,-26.27,-24.31,-24.31,-22.45,-22.45,-19.7,-19.7,-22.09,-22.09,-19.85,-19.85,-18.38,-18.38,-29.14,-29.14,-5.77,-5.77,-27.84,-27.84,0,0,38.26,38.3,14765.49,14827.83,14908.15,14971.1,9986.32,10028.49,5349.82,5587.3,1730.95,1730.95,65.73,67.94,34.05,34.05,8.54,8.57,89.07,89.07,0.85,0.85,47.8,47.8,15.38,15.38,55.65,55.65,515,515,108.47,108.54,130.52,130.85,92.79,92.82,6.93,7.88,5135.82,5157.51,150.24,150.28,40,37.14,94.94,95,-353.01,-354.49,0.59,0.59,94.76,94.76,616.37,639.96,-1,-1,100,100,36.74,36.58,3994.53,4011.39,1568.65,1568.57,0.13,0.13,87.94,87.94,6.74,6.72,10.4,10.4,3291.98,3291.98,0.51,0.51,48.07,47.12,83.45,84.35,-195.2,-195.2,117.9,117.9,115.74,115.74,104428.4,105084.22,83646.63,85665.67,127254,126085,14622.83,14684.57,1.59,1.59,3566.54,3581.6,621400000000,637700000000,5325.85,5254.21,14.53,14.53,140.95,140.67
Saamo,77.33,73.56,25,19,57.33,57.33,1.72,1.49,34.62,34.65,42,42,239.2,208.87,25,30.67,168.75,157.5,1594.67,1392.49,-2.83,-2.83,318.93,278.5,956.8,835.5,1594.67,1392.49,0,0,-8.94,-8.94,3316.92,2896.39,-4.47,-4.47,-10,-10,-10,-10,1594.67,1392.49,-10,-10,2232.54,1949.49,-7.07,-7.07,510.3,445.6,1913.61,1670.99,9.33,9.49,717.6,626.62,717.6,626.62,956.8,835.5,239.2,417.75,119.98,119.98,58.28,67.28,12,12,36.2,32.5,27.09,26,13.55,15.62,50,50,1,1,50,50,100,100,58.9,59.68,71.81,77.66,67.75,67.73,17.22,17.33,956.8,835.5,64.56,71.11,25,19,27.43,28.75,72.52,69.92,3.24,3.24,93.2,93.2,610.35,708.99,0,0,64,64,55.37,53.51,637.87,557,555.28,581.14,0.43,0.36,239.98,205.81,9.81,9.75,17.16,17.16,537.01,537.01,2.18,2.11,37.78,37.67,46.57,45.23,-37.42,-37.42,43.59,43.59,100.2,100.2,25307.45,22307.76,19012.06,18090.37,32622,26890,637.87,557,6.86,4.69,79.73,69.62,3700000000,5700000000,18373.21,15883.13,5.9,6.16,8.56,7.91
Morozko the snow demon,68.8,68.8,26,26.67,46.67,46.67,1.36,1.31,27.37,27.11,42,42,2856.12,2903.33,37.8,37.8,141.75,141.75,-12.08,-12.08,3030.49,3080.58,-2.45,-2.45,589.26,599,-4.5,-4.5,-7.1,-7.1,420.9,427.86,-12.43,-12.43,-4.9,-4.9,-8.12,-8.12,-11.66,-11.66,841.8,855.72,420.9,427.86,-13.27,-13.27,2886.18,2933.89,-13.5,-13.54,420.9,427.86,15.91,16,1653.54,1680.87,2630.64,2674.12,1728.7,1757.28,977.09,1222.45,507.09,507.09,73.63,76.36,13.62,13.62,31.91,30.2,30.43,30.43,3.72,3.72,50,50,3.93,3.93,50.99,50.99,206,206,65.92,66.06,98.49,99.96,77.65,78.22,15.26,16.37,1578.38,1604.47,78.51,78.79,26,22.67,69.62,69.85,9.18,7.63,4.96,4.96,92.97,92.97,782.12,813.13,0,0,64,64,49.57,49.07,1052.25,1069.65,1100.54,1100.3,0.28,0.28,90.94,90.94,9.68,9.65,15.78,15.78,1267.42,1267.42,1.19,1.19,39.74,38.63,51.8,52.21,-53.2,-53.2,50.3,50.3,102.62,102.62,27205.29,27884.15,23144.79,24184.76,31434,31671,1728.7,1757.28,2.57,2.55,676.45,687.63,764600000000,1615400000000,8270.41,8393.13,7.79,7.79,17.64,16.69
Cabrinialand,41.7,41.7,98.01,98.11,43.24,43.24,2.15,2.07,21.7,21.62,14.13,14.13,5713.49,5752.77,61.73,61.73,41.75,41.75,-13.27,-13.27,-3.58,-3.58,-5.02,-5.02,5185.48,5221.13,-3.3,-3.3,-10.32,-10.32,11986.5,12068.91,-19.29,-19.29,3625.11,3650.03,-9.27,-9.27,-9.8,-9.8,2253.87,2269.37,-9.27,-9.27,-15.65,-15.65,-6.49,-6.49,1647.38,1658.7,11986.5,12068.91,23.62,23.69,-13.04,-13.04,12215.04,12299.02,11426.97,11505.53,4334.37,4661.73,1831.71,1831.71,46.45,48.32,0.38,0.38,49.42,47.75,45.17,45.17,1.55,1.55,58.14,58.14,3.63,3.63,27.72,27.72,328,328,83.32,83.41,116.89,117.31,90.68,90.72,10.66,11.61,13791.17,13885.99,14.56,14.63,42.29,39.43,77.41,77.6,-80.21,-81.68,82.37,82.37,66.79,66.79,879.03,907.16,-14,-14,77,77,46.99,46.6,-16.73,-16.73,1324.74,1324.63,0.15,0.15,107.09,107.09,9.77,9.74,10.02,10.02,2426.41,2426.41,0.71,0.71,44.34,43.39,87.14,87.16,-112.37,-112.37,107.19,107.19,28.37,28.37,91241.13,92166,60697.72,62623.1,130667,129614,4432.88,4463.35,1.9,1.9,-10.49,-10.49,512999600000000,579295700000000,20620.49,20645.18,21.72,21.72,93.02,90.42
Dragonian Kazaman,70.33,70.33,57.33,60.89,56,56,1.33,1.28,24.28,24.06,43,43,4390.88,4523.2,35.5,35.5,146.25,146.25,-12.88,-12.88,-5.37,-5.37,474.69,489,-5.66,-5.66,-5.3,-5.3,-8.39,-8.39,-9.38,-9.38,-13.3,-13.3,-4.9,-4.9,1139.25,1173.59,-11.66,-11.66,664.57,684.59,2088.63,2151.58,-14.7,-14.7,-4.11,-4.11,-8.49,-8.49,474.69,489,16.76,16.85,4034.86,4156.46,5696.27,5867.94,2729.46,2811.72,2610.79,3056.22,196.95,196.95,75.26,78.02,13,13,32.83,31.16,27.72,27.72,12.04,12.04,50,50,4.48,4.48,50,50,191,191,67.44,67.57,102.53,103.42,86.03,86.8,12.88,13.99,2017.43,2078.23,99.32,99.56,28,24.67,75.19,75.38,-3.83,-5.38,2.55,2.55,93.31,93.31,681.48,710.45,0,0,62,62,49.28,48.8,1305.4,1344.74,1091,1090.75,0.27,0.27,72.68,72.68,9.64,9.61,16.83,16.83,1152.52,1152.52,1.22,1.22,42.12,41.01,59.44,60.37,30.82,30.82,-21.21,-21.21,104.1,104.1,37714.08,39217.41,32460.38,34404.66,43129,44095,2492.12,2567.22,2.45,2.44,1661.41,1711.48,1052000000000,1781600000000,9353.09,9647.48,7.16,7.16,12.52,11.84
Numadsh,65.15,65.03,83,86.14,38.22,38.22,1.78,1.72,27.13,26.81,44.83,44.83,3356.1,3443.91,43.27,43.45,178.25,178.25,-2.45,-2.45,4228.69,4339.33,763.51,783.49,10068.3,10331.74,2349.27,2410.74,-7.38,-7.38,1929.76,1980.25,-9.33,-9.33,-6.48,-6.48,2265.37,2324.64,-11.22,-11.22,3440,3530.01,1006.83,1033.17,-9.22,-9.22,9858.54,10116.5,314.13,322.35,2693.27,2763.74,12.08,12.21,1363.42,1399.09,1363.42,1399.09,1153.66,1183.85,2726.83,3121.05,34.9,34.9,56.13,58.18,16.29,16.29,36.98,35.6,38.82,38.79,1.9,1.9,46.97,46.97,3.93,3.93,51.96,51.96,163,163,61.57,61.71,75.07,77.2,78.18,78.91,12.56,13.45,104.88,107.62,12.55,12.56,35,32.14,28.75,29.5,62.15,60.68,9.42,9.42,92.51,92.51,808.18,836.89,1,1,72,72,57.2,56.09,629.27,645.73,1085.88,1085.82,7.86,7.86,60.54,59.79,9.64,9.61,17.77,17.77,1066.02,1066.02,1.24,1.24,42.44,41.55,65.58,66.71,-134.06,-134.06,138.48,138.48,101.04,101.04,63249.39,65227.23,46571.69,48955.19,82968,84149,3356.1,3443.91,3.22,3.18,209.76,215.24,4912100000000,7631400000000,45033.57,45985.2,7.6,7.6,26.79,25.92
Reepuba Kan,56,56,78.44,81.11,78,78,23.92,13.66,37.2,34.86,41.43,41.43,-3.16,-3.16,51,51,110.25,110.25,5803.49,5916.57,5647.94,5757.99,3644.05,3715.05,2091.95,2132.72,5803.49,5916.57,3649.78,3720.9,3509.08,3577.46,3130.51,3191.51,5128.66,5228.59,2766.78,2820.69,-2.83,-2.83,519.61,529.74,2766.78,2820.69,3441.6,3508.66,5094.92,5194.2,7664.88,7532.17,12956.62,13209.08,7.81,8,0,0,337.41,343.99,843.53,859.97,253.06,515.98,914.7,914.7,4.18,7.32,14.16,14.16,84.47,80.35,30.09,30.09,4.33,4.33,50,50,1,1,51.96,51.96,101,101,53.06,54.17,42.67,48.94,65.95,67.56,20.7,18.48,506.12,515.98,64.03,66.07,83.33,76.67,5.44,5.85,125.25,122.27,0.72,0.72,94.1,94.1,227.94,262.3,0,0,67,67,74.74,73.9,337.41,343.99,379.77,416.26,0.4,0.38,61.85,61.85,15.93,15.36,13.89,13.89,457.25,457.25,3.1,2.79,34.3,36.52,56.78,58.43,45.83,45.83,57.45,57.45,98.34,98.34,72562.15,73951.97,12153.86,17414.89,290683,237855,337.41,343.99,14.48,13.49,0,0,1700000000,3100000000,68643.8,69662.75,6.21,6.21,31.69,28.37
Bluturman,54.67,54.67,24.33,21.67,72,72,1.7,1.45,30.3,30.27,45.83,45.83,501.19,469.1,52,52,108,108,3029.39,2835.43,1997.39,1869.51,2717.54,2543.55,1024.65,959.04,623.7,583.77,2160.89,2022.54,1202.85,1125.83,-4.18,-4.18,1291.94,1209.23,579.15,542.07,1470.14,1376.02,-7.56,-7.56,-4.9,-4.9,1247.39,1167.53,173.74,162.62,-7.38,-7.38,6949.77,6504.82,16.31,16.4,2171.8,2032.76,1225.12,1146.68,1169.43,1094.56,835.31,938.19,1229.34,1229.34,58.76,69.1,18.02,18.02,39.94,35.22,29.01,29.01,7.3,7.3,51.62,51.62,1,1,53.38,53.38,98,98,69.44,69.98,104.12,104.89,72.48,72.53,15.52,17.75,1280.81,1198.8,94.08,95.26,-75.67,-82.33,54.85,55.97,19.55,16.74,0.82,0.82,93.8,93.8,700.24,759.56,-8,-8,67,67,77.38,76.75,891,833.95,1009.61,1011.45,0.28,0.27,217.08,217.08,9.88,9.81,12.47,12.47,441.31,441.31,1.52,1.52,39.48,37.25,49.56,48.91,50,50,60,60,110,110,35223.76,33124.95,26578.46,27247.05,45230,39432,1447.87,1355.17,2.33,2.3,723.93,677.59,2000000000,2700000000,15885.92,14574.98,13.8,13.8,12.24,10.77
The Free Republic of Tarysria,53.67,53.67,6.33,3,60,60,1.14,1.06,34.24,36.44,43.68,43.68,371.12,243.53,52.75,52.75,108,108,755.73,495.92,-5.93,-5.93,-9.7,-9.7,647.77,425.07,-8.25,-8.25,4720.77,3097.81,836.7,549.05,-9.03,-9.03,377.87,247.96,-3.74,-3.74,-4.9,-4.9,809.71,531.34,-9.17,-9.17,-8.25,-8.25,-10.25,-10.25,-12.95,-12.95,1592.44,1044.97,14.93,15.03,843.45,553.48,641.02,420.65,775.98,509.2,303.64,265.67,517.74,517.74,87.78,94.4,14.64,14.64,23.51,19.87,26.48,26.48,14.77,14.77,51,51,1,1,50.99,50.99,99,99,67.06,67.36,101.83,102.38,68.07,66.42,16.73,17.84,775.98,509.2,67.01,67.57,-93.67,-97,55.21,56.09,25.95,24,3,3,93.23,93.23,1077.94,1193.69,-4,-4,64,64,75.56,75.16,539.81,354.23,791.04,795.07,0.29,0.29,65,65,9.36,9.32,15.73,15.73,555.48,555.48,1.74,1.74,38.27,37.16,44.15,42.71,-91.92,-91.92,61.24,61.24,106.51,106.51,16427.88,10846.56,15338.13,10522.78,17473,11146,708.5,464.92,2.48,2.46,404.86,265.67,1600000000,2700000000,7359.69,4761.64,14.17,14.17,8.49,8.05
Gerfaanlich,69.33,69.28,91.52,92.57,64.89,64.89,2.25,2.17,22.38,22.31,32.72,32.72,9218.97,9239.24,37,37.08,185.75,185.75,-13.42,-13.42,606.18,607.51,-8.94,-8.94,-4.9,-4.9,0,0,-8.94,-8.94,-5.29,-5.29,-11.29,-11.29,757.72,759.39,1515.45,1518.78,-5.48,-5.48,0,0,-8.37,-8.37,-10.63,-10.63,-2.21,-2.21,484.94,486.01,0,0,20.64,20.71,4925.2,4936.03,7703.52,7720.46,5935.5,5948.55,3914.9,4303.21,13.04,13.04,44.35,46.18,1.69,1.69,56.83,55.06,53.28,53.27,1.3,1.3,46.97,46.97,7.39,7.39,47.56,47.56,255,255,71.06,71.16,110.32,110.84,90.35,90.39,7.25,8.18,7829.81,7847.02,53.49,53.68,48.57,45.71,81.36,81.54,-48.04,-49.52,0.71,0.71,94.13,94.13,473.34,494.65,5,5,79,79,49.75,49.25,2146.88,2151.6,1213.14,1213.03,0.23,0.23,101.81,101.32,9.38,9.35,18.67,18.67,1785.36,1785.36,0.89,0.89,47.75,46.82,75.35,76.03,-99.75,-99.75,77.14,77.14,99.3,99.3,57162.64,57668.04,37092.75,38240.43,83628,82815,8713.82,8732.98,2.25,2.25,1262.87,1265.65,944400000000,1164800000000,10632.25,10668.59,18.58,18.58,91.32,88.73
Objectivist Chimpz,72.47,72.47,94.05,95.1,66.33,66.33,1.6,1.54,21.28,21.22,23.24,23.24,9610.91,9632.4,32.3,32.3,153,153,-18.65,-18.65,-10.12,-10.12,-14.42,-14.42,-10.04,-10.04,96.6,96.82,-11.28,-11.28,-4.43,-4.43,-20.82,-20.82,-11.87,-11.87,-14.07,-14.07,-9.38,-9.38,-8.49,-8.49,-10.86,-10.86,-20.98,-20.98,9328.99,9349.85,16.56,16.6,0,0,20.22,20.3,-12.25,-12.25,14909.23,14942.57,7269.79,7286.05,3080.42,3457.79,13.25,13.25,62.59,64.75,1.02,1.02,47.99,46.43,63.27,63.27,1.11,1.11,55.01,55.01,6.08,6.08,49.01,49.01,340,340,73.81,73.92,115.57,116.01,90.91,90.94,11.42,12.37,6530.49,6545.09,24.1,24.21,44.14,41.29,77.81,77.99,-35.81,-37.29,5.12,5.12,92.95,92.95,456.03,476.35,4,4,79,79,52.66,51.98,-7.75,-7.75,1289.3,1289.19,0.29,0.29,69.44,69.44,9.53,9.5,18.58,18.58,2301.19,2301.19,0.76,0.76,43.58,42.63,77.99,78.67,-135.39,-135.39,73.82,73.82,88,88,59837.81,60342.12,46696.46,47947.75,74606,74052,8132.31,8150.49,2.15,2.14,492.87,493.97,1127300000000,1245900000000,13283.99,13275.27,12.94,12.94,93.45,90.84
Teremara Executive,64,63.2,38.33,31.67,68.67,68.67,2.29,2,31.68,31.83,43.68,43.68,915.51,829.75,45,45.6,123.75,123.75,-9.7,-9.7,3515.55,3186.23,-2,-2,2136.19,1936.08,3723.07,3374.31,-4.2,-4.2,-6.16,-6.16,-6.36,-6.36,3845.13,3484.94,5065.81,4591.27,793.44,719.11,1129.13,1023.36,2624.46,2378.61,793.44,719.11,1800.5,1631.84,2083.34,1722.23,0,0,12.04,12.17,1449.55,1313.77,915.51,829.75,1068.09,968.04,152.58,345.73,639.39,639.39,43.61,50.09,15.09,15.09,48.14,44.87,29.64,29.53,5.41,5.71,52.64,52.64,1,1,51.48,51.48,126,126,61.29,61.78,87.1,90.79,70.68,70.5,10.98,12.45,991.8,898.89,87.25,88.62,35.75,30.75,30.41,31.58,63.71,61.25,1.26,1.26,93.59,93.59,588.18,633.77,0,0,64,64,55.96,54.19,762.92,691.46,769.51,777.77,0.28,0.28,193.48,191.46,12.5,12.06,15.18,15.18,717.64,717.64,1.77,1.76,44.02,42.55,50.94,49.77,-68.19,-68.19,66.71,66.71,101.45,101.45,40281.39,36549.51,25902.33,25320.99,59390,50546,1296.97,1175.48,3.31,3.16,457.75,414.87,180000000000,237500000000,28035.84,24999.86,3.56,3.56,10.7,9.81
Arikea,68.8,68.8,51.11,54.67,27.33,27.33,1.49,1.44,25.95,25.69,43.68,43.68,2554.2,2624.24,37.8,37.8,141.75,141.75,0,0,2627.18,2699.22,-3.61,-3.61,2554.2,2624.24,3867.8,3973.85,-10.39,-10.39,2773.14,2849.18,-12.85,-12.85,2700.16,2774.2,4743.52,4873.59,-10,-10,-5.1,-5.1,-6.32,-6.32,-10.2,-10.2,4707.03,4836.1,1482.29,1447.96,2773.14,2849.18,14.04,14.14,1733.21,1780.74,3466.42,3561.47,1459.55,1499.57,1003.44,1312.12,468.75,468.75,67.02,69.62,14.64,14.64,29.5,28.3,27.86,27.86,11.62,11.62,51,51,4.48,4.48,50.99,50.99,189,189,65.13,65.27,86,87.75,81.05,81.74,16.3,17.42,2098.1,2155.63,53.24,53.46,37.33,34,46.44,47.26,40.74,39.15,11.04,11.04,92.38,92.38,813.13,844.74,-4,-4,62,62,55.07,53.85,638.55,656.06,1076.28,1076.02,0.38,0.38,171.24,171.24,9.95,9.92,15.95,15.95,1114.32,1114.32,1.27,1.28,38.7,37.58,56.96,57.63,-73.14,-73.14,68.56,68.56,104.46,104.46,44885.53,46322.51,36325.27,38256.4,54203,54946,1277.1,1312.12,2.64,2.62,547.33,562.34,1217900000000,1978300000000,24058.64,24411.96,13.77,13.77,14.74,13.68
Lynford,54.33,54.33,35.11,26.67,20,20,2.15,1.8,30.62,31.06,45.83,45.83,80.23,69.61,52.25,52.25,108,108,-7.07,-7.07,3481.92,3020.95,1797.12,1559.2,-3.46,-3.46,-3.74,-3.74,641.83,556.86,1219.48,1058.03,2471.04,2143.9,1604.57,1392.14,0,0,1604.57,1392.14,-3.61,-3.61,-5.48,-5.48,3722.61,3229.77,2182.22,1893.32,2729.07,2139.45,3016.6,2617.23,12,12.12,2005.72,1740.18,1123.2,974.5,962.74,835.29,80.23,278.43,932.65,932.65,46.42,55.66,17.01,17.01,26.59,24.11,20.84,20.84,22.49,22.49,51,51,1,1,51.96,51.96,92,92,62.84,63.47,74.59,77.41,72.03,71.45,16.84,19.07,802.29,696.07,98.54,99.58,33.33,26.67,34.76,36.22,61.11,58.13,16.94,16.94,91.93,91.93,1236.57,1507.02,0,0,67,67,55.43,53.3,641.83,556.86,659.25,666.09,0.26,0.26,81.36,81.36,10,9.93,13.81,13.81,394.93,394.93,1.94,1.93,38.16,35.93,51.29,49.54,46.9,46.9,24.49,24.49,101.85,101.85,35330.8,30633.85,23495.27,22454.67,50613,40343,1444.12,1252.93,2.94,2.84,401.14,348.04,63700000000,95300000000,23035.68,19544.4,6.22,6.22,13.2,11.59
Polish Lithium,23.33,23.33,28.67,27.5,18,18,1.89,1.66,31.02,30.67,38.06,38.06,820.38,804.17,76.67,76.67,54,54,656.3,643.34,1393.38,1365.85,-6.16,-6.16,-1.55,-1.55,-5.83,-5.83,9524.21,9336.03,-9.59,-9.59,-7.45,-7.45,-4.9,-4.9,3685.39,3612.57,-5.83,-5.83,-10.3,-10.3,908.73,890.77,-9.17,-9.17,-4.43,-4.43,-5.6,-5.6,656.3,643.34,16.28,16.37,1072.8,1051.61,1262.12,1237.18,2208.71,2165.07,1199.01,1360.9,986.13,986.13,52.98,60.1,10.55,10.55,25.58,23.54,11.45,11.45,30.1,30.1,50,50,1,1,51.96,51.96,101,101,65.71,66.14,96.36,98.14,71.5,71.97,27.38,29.04,1262.12,1237.18,108.05,108.33,-71.5,-76.5,58.25,59.21,17.98,15.65,17.58,17.58,91.89,91.89,2967.89,3376.35,0,0,67,67,77.64,77.2,1262.12,1237.18,716.67,721.18,0.21,0.21,45.42,45.42,9.53,9.48,13.56,13.56,565.78,565.78,1.85,1.84,27.62,25.96,50,49.93,-54.59,-54.59,32.86,32.86,103,103,36071.65,35544.52,25752.65,27144.69,48604,45165,1262.12,1237.18,2.58,2.55,757.27,742.31,38400000000,51200000000,15077.95,14502.16,9.11,9.11,15.56,14.17
Southern Anonambughtsvial,57.33,57.33,57.33,48.44,57.33,57.33,3.61,2.91,32.81,32.58,42,42,313.83,290.48,50,50,112.5,112.5,5021.28,4647.61,2148.69,1988.79,-6.32,-6.32,4602.84,4260.31,3765.96,3485.71,-5.09,-5.09,4602.84,4260.31,-2.74,-2.74,-7.07,-7.07,-5.48,-5.48,2510.64,2323.81,-4.47,-4.47,-4.47,-4.47,5021.28,4647.61,1255.32,1161.9,2008.51,1859.05,9624.12,8907.93,9.33,9.49,941.49,871.43,941.49,871.43,1255.32,1161.9,313.83,580.95,119.98,119.98,27.72,34.4,12,12,49.93,46.46,23.79,23.79,18.95,18.95,50,50,1,1,50,50,100,100,56.72,57.49,57.19,63.08,69.42,69.65,0.56,2.78,1255.32,1161.9,56.61,58.38,50,43.33,19.5,20.79,83.85,81.14,3.24,3.24,93.2,93.2,610.35,665.81,0,0,64,64,68.05,66.64,836.88,774.6,474.43,482.05,0.34,0.33,126.07,126.07,12.27,11.68,17.16,17.16,509.14,509.14,2.47,2.44,54.44,52.22,52.68,51.43,-88.88,-88.88,76.81,76.81,100.2,100.2,42967.5,40060.5,21590.63,22654.44,77900,65849,836.88,774.6,10.54,9.42,104.61,96.83,1500000000,2700000000,34588.84,31727.92,7.09,7.09,11.61,10.42
Und Sle,74.44,72.17,25,19,70,70,1.72,1.49,32.26,32.62,43.68,43.68,341.89,300.08,29.33,32.75,159.75,153,1367.54,1200.32,-5.18,-5.18,-4.47,-4.47,1859.86,1632.44,1969.26,1728.47,1356.6,1190.72,1531.65,1344.36,2089.61,1834.09,-3.16,-3.16,547.02,480.13,1094.03,960.26,2106.02,1848.5,2188.07,1920.52,-6.32,-6.32,984.63,864.23,1453.57,1081.38,2899.19,2544.69,11.27,11.4,1299.17,1140.31,957.28,840.23,957.28,840.23,341.89,480.13,32.69,32.69,58.28,67.28,14.16,14.16,40.44,36.23,32.44,31.85,2.78,2.95,51,51,1,1,50.5,50.5,99,99,61.55,62.2,92.83,96.75,70,69.61,20.46,21.32,957.28,840.23,62.16,65.69,25,19,32.32,33.72,62.63,59.87,0.98,0.98,93.7,93.7,534.22,608.32,0,0,64,64,53.49,52.05,683.77,600.16,496.41,512.27,0.35,0.33,243.51,219.78,9.96,9.91,17.79,17.79,519.03,519.03,2.38,2.32,34.54,33.68,48.27,46.81,-73.14,-73.14,65.95,65.95,101.45,101.45,29146.32,25567.97,21895.99,20734.23,37570,30820,1025.66,900.24,3.23,3.06,273.51,240.06,2900000000,5400000000,19732.06,16951.57,5.72,5.88,8.37,7.76
SucWAti,78.76,78.76,80.33,82.17,68.33,68.33,1.44,1.39,20.62,20.55,42,42,11316.54,11422.54,22.86,22.86,175.5,175.5,-18.76,-18.76,-12.39,-12.39,-15.17,-15.17,-7.82,-7.82,-12.39,-12.39,-12.52,-12.52,-16.49,-16.49,-23.11,-23.11,-16.88,-16.88,-13.86,-13.86,-18.49,-18.49,-13.86,-13.86,-13.11,-13.11,-22.76,-22.76,1350,1362.64,-18.99,-18.99,0,0,22.45,22.52,3106.5,3135.6,15199.67,15342.04,4215.97,4255.46,2773.66,3135.6,147.13,147.13,69.23,71.88,12,12,34.71,33.23,60.76,60.76,1.15,1.15,52.16,52.16,8.85,8.85,50,50,396,396,73.64,73.76,111.31,111.81,91.29,91.33,18.42,19.53,4770.7,4815.39,74.08,74.35,35.5,32.17,85.71,85.89,-80.14,-81.7,0.75,0.75,93.95,93.95,429.69,452.75,0,0,80,80,47.71,47.28,332.84,335.96,1304.69,1304.55,0.26,0.26,260.63,260.63,8.63,8.6,17.03,17.03,2509.62,2509.62,0.74,0.74,36.58,35.47,72.98,73.66,-129.96,-129.96,73.42,73.42,104.1,104.1,57267.02,58139.4,47152.7,48835.17,68110,67939,8764.77,8846.87,2.15,2.15,1220.41,1231.84,694000000000,776100000000,8189.18,8197.66,8.41,8.41,107.16,106.23
Morombe,70.56,70.56,97.54,97.64,57.71,57.71,1.36,1.32,20.99,20.94,42,42,5527.64,5521.88,35.17,35.17,72.25,72.25,1415.08,1413.6,2759.4,2756.52,-2.9,-2.9,14775.74,14760.36,-6.24,-6.24,-10.43,-10.43,11438.52,11426.62,-21.77,-21.77,3714.57,3710.71,1120.27,1119.1,1120.27,1119.1,3372.6,3369.09,-9.06,-9.06,-17.55,-17.55,14457.35,14442.3,-12.62,-12.62,12853.6,12840.22,26.08,26.13,73.7,73.63,11571.19,11559.14,10244.55,10233.89,4348.41,4564.76,9.32,9.32,73.51,75.85,0.89,0.89,29.33,28.12,64.69,64.69,1.09,1.09,57.27,57.27,9,9,33.52,33.52,267,267,81.94,82.03,128.05,128.39,91.07,91.09,12.29,13.24,12160.8,12148.14,10.65,10.71,30.14,27.29,76.19,76.37,-93.56,-95.03,0.75,0.75,93.97,93.97,649.52,673.73,27,27,94,94,48.75,48.29,958.12,957.13,1302.72,1302.61,0.2,0.2,121.76,121.76,8.93,8.9,25.11,25.11,2045.67,2045.67,0.74,0.74,42.71,41.76,87.81,87.82,-216.77,-216.77,215.37,215.37,71.93,71.93,104291.03,104403.36,88651.08,90230.62,120591,118959,4495.81,4491.13,1.93,1.93,368.51,368.13,2002800000000,2172400000000,24821.27,24639.19,19.61,19.61,113.14,112.43
BRU MkI,52.36,52.36,90.88,92.04,17.57,17.57,1.31,1.27,22.6,22.51,27.34,27.34,2813.63,2826.11,53.73,53.73,65.75,65.75,225.09,226.09,-12.39,-12.39,-8,-8,-7.01,-7.01,-18.08,-18.08,-12.03,-12.03,21777.47,21874.11,-12.61,-12.61,-17.75,-17.75,1913.27,1921.76,1350.54,1356.53,-10.65,-10.65,-4.69,-4.69,-16.58,-16.58,-10.84,-10.84,-12.23,-12.23,22002.56,22100.2,32.91,32.95,2110.22,2119.58,5627.25,5652.23,16319.03,16391.46,4290.78,4521.78,3000.39,3000.39,76.4,78.48,0.85,0.85,24.89,23.86,36.83,36.83,2.07,2.07,40.38,40.38,7.73,7.73,40.94,40.94,148,148,100.44,100.51,137.68,137.98,90.25,90.29,20.28,21.12,17092.78,17168.64,5.93,5.93,26.62,24.12,93.05,93.11,-246.27,-247.69,40.78,40.78,90.5,90.5,1689.2,1813.79,-15,-15,58,58,43.05,42.83,5345.89,5369.61,1235.63,1235.54,0.2,0.2,137.87,137.87,8.59,8.57,6.37,6.37,998.71,998.71,0.85,0.85,34.72,33.88,74.05,74.95,-84.94,-84.94,61.48,61.48,109.7,109.7,101445.29,102107.46,88007.58,89852.03,115199,114494,5416.23,5440.27,1.66,1.66,2180.56,2190.24,547800000000,566900000000,6999.73,7045.42,35.65,35.65,11.98,11.55
Sol Leste do Mar,70.17,68.93,10.5,5.75,76.67,76.67,1.24,1.12,33.35,35,46.76,46.76,347.97,257.61,35.75,37.6,146.25,141.75,1113.51,824.34,-11.49,-11.49,1789.58,1324.84,636.29,471.05,-6.93,-6.93,-9.89,-9.89,-8.37,-8.37,-5.48,-5.48,-2,-2,2107.72,1560.36,-3.74,-3.74,-8.77,-8.77,-2,-2,715.83,529.94,336.04,248.78,-10.58,-10.58,2903.09,2149.18,14.04,14.14,1739.87,1288.04,944.5,699.22,894.79,662.42,397.68,404.81,8.58,8.58,80.69,89.19,16.66,16.66,30.81,26.53,31.95,31.63,2.92,3.02,48.6,48.6,1,1,50.5,50.5,94,94,65.27,65.74,104.1,104.85,68.88,67.44,26.51,27.48,695.95,515.21,106.68,107.57,-89.5,-94.25,60.96,61.97,28.37,26.08,0.73,0.73,94.04,94.04,620.57,675.91,0,0,66,66,75.8,75.3,695.95,515.21,543.58,553.59,0.29,0.28,224.21,215.53,9.88,9.83,28.73,28.73,426.7,426.7,2.21,2.19,28.49,27.52,44.86,43.27,43.59,43.59,50.99,50.99,109.39,109.39,17605.47,13143.86,15722.29,12375.5,19484,13875,1093.63,809.62,2.62,2.58,944.5,699.22,250100000000,359200000000,6866.13,4994.67,7.89,7.97,7.31,7.22
Asfaltum,65.44,65.44,97.22,97.33,53.71,53.71,1.73,1.67,21.74,21.68,45.34,45.34,2136.63,2135.46,42.83,42.83,150.5,150.5,-9.27,-9.27,6768.86,6765.15,-2.05,-2.05,38502.14,38481.08,1830.67,1829.67,-9.08,-9.08,28075.37,28060.01,-13.58,-13.58,-9,-9,3290.42,3288.62,2435.76,2434.43,2051.17,2050.05,5213.39,5210.53,-20.86,-20.86,10174.65,10169.08,426.64,426.41,28075.37,28060.01,27.86,27.91,1175.15,1174.51,6142.82,6139.46,6035.99,6032.69,2083.22,2242.24,1043.45,1043.45,57.92,59.73,13,13,41.01,40,88.46,88.46,0.86,0.86,51.62,51.62,9,9,48.04,48.04,248,248,83.76,83.84,118.12,118.52,90.66,90.69,4.1,4.6,17947.72,17937.9,3.92,3.92,50.5,48,73.29,73.46,-105.4,-106.82,15.12,15.12,92.06,92.06,570.71,590.56,-7,-7,91,91,53.41,52.66,106.83,106.77,1296.75,1296.87,9.98,9.98,9.22,9.22,8.93,8.91,13.3,13.3,1852.54,1852.54,0.75,0.75,50.9,50.4,89.09,89.76,-433.5,-433.5,433.05,433.05,100.62,100.62,142424.77,142507,106641.43,108475.47,184120,181595,5448.42,5445.44,1.89,1.89,-7.07,-7.07,1914600000000,2064000000000,38027.41,37764.35,34.09,34.09,116.77,116.14
Actaeus,52.33,52.33,36,27.33,76.67,76.67,2.17,1.84,30.84,31.14,42,42,446.05,394.08,53.75,53.75,105.75,105.75,713.67,630.52,-7.48,-7.48,-8.37,-8.37,1712.81,1513.25,-5.48,-5.48,-2.83,-2.83,-4.47,-4.47,4014.41,3546.68,-7.75,-7.75,1427.34,1261.04,-6.32,-6.32,2854.69,2522.08,-8.37,-8.37,-3.16,-3.16,-6.63,-6.63,171.28,151.32,713.67,630.52,11.31,11.45,1694.97,1497.49,1248.93,1103.41,1338.14,1182.23,446.05,630.52,13.18,13.18,45.99,54.49,12,12,50.75,45.89,28.84,28.84,7.88,7.88,50,50,1,1,50,50,106,106,61.55,62.17,97.23,100.96,71.74,71.35,15.16,17.38,1248.93,1103.41,83.57,84.64,34,27.33,36.82,38.07,61.2,58.49,0.73,0.73,94.04,94.04,576.25,630.18,0,0,64,64,56.02,53.96,892.09,788.15,777.68,784.33,0.26,0.26,81.08,81.08,9.71,9.65,18.61,18.61,592.64,592.64,1.76,1.75,39.84,37.62,50.85,49.39,-82.76,-82.76,57.88,57.88,101.45,101.45,31876.16,28398.62,21092.19,20580.76,45861,37771,1338.14,1182.23,3.22,3.07,356.84,315.26,2400000000,6700000000,20145.74,17578.75,7.49,7.49,10.55,9.52
Andels,75.78,73.33,25.5,20.5,80.67,80.67,1.75,1.55,32.29,32.48,44.28,44.28,70.71,63.63,27.33,31,164.25,155.25,-5.48,-5.48,1732.43,1558.96,-9.49,-9.49,2658.76,2392.53,-8.94,-8.94,1237.45,1113.54,-7.48,-7.48,919.25,827.2,2545.62,2290.72,2545.62,2290.72,2545.62,2290.72,0,0,565.69,509.05,-3.16,-3.16,1499.09,1348.98,566.19,366.52,0,0,11.22,11.36,1767.79,1590.78,919.25,827.2,848.54,763.57,0,190.89,629.57,629.57,57.2,64.59,15.51,15.51,45.56,41.6,35.67,35.06,2.2,2.28,51,51,1,1,51.48,51.48,104,104,62.12,62.7,98.57,101.6,69.97,69.77,26.28,26.72,636.4,572.68,73.52,77.44,25.5,20.5,33.01,34.28,62.39,59.95,0.69,0.69,94.23,94.23,402.65,461.98,0,0,64,64,53.32,52.12,565.69,509.05,549.53,566.67,0.34,0.32,254.33,224.92,9.83,9.78,15.22,15.22,508.56,508.56,2.2,2.15,28.72,28.28,48.41,47.23,-100.5,-100.5,74.83,74.83,101.85,101.85,29006.39,26149.83,21574.41,20750.74,37717,32129,1131.39,1018.1,3.08,2.96,494.98,445.42,92100000000,143800000000,19434.28,17180.44,4.43,4.78,9.8,9.03
Anonymous Endorsing Agent,77.33,77.33,45.56,49.11,48.44,48.44,1.41,1.36,26.07,25.82,42,42,3774.79,3864.24,25,25,168.75,168.75,-8.37,-8.37,-8.94,-8.94,-12,-12,-3.46,-3.46,-7.39,-7.39,-9.8,-9.8,-12.65,-12.65,-11.29,-11.29,1266.38,1296.39,2435.35,2493.06,-5.48,-5.48,-7.75,-7.75,-5.48,-5.48,-14.14,-14.14,4968.12,5085.84,-5.4,-5.4,0,0,13.42,13.53,1339.44,1371.18,4261.86,4362.86,2191.82,2243.75,1461.21,1869.8,119.98,119.98,71.08,73.77,12,12,33.57,32.07,33.04,33.04,2.63,2.63,52.16,52.16,4.48,4.48,50,50,192,192,63.45,63.6,95.38,97.31,80.74,81.4,16.58,17.69,2191.82,2243.75,66.26,66.51,33.17,29.83,70.3,71.04,32.42,30.87,3.95,3.95,93.09,93.09,598.21,625.36,0,0,62,62,53.63,52.64,974.14,997.22,1062.33,1062.07,0.34,0.34,222.06,222.06,9.75,9.72,17.16,17.16,1158.66,1158.66,1.33,1.33,38.42,37.31,56.33,56.99,-90,-90,30,30,101.04,101.04,30588.01,31686.8,25540.73,26983.7,35932,36581,2191.82,2243.75,2.84,2.82,365.3,373.96,1798800000000,4862900000000,9084.64,9189.17,4.43,4.43,14.1,13.08
Menorah,67.07,67.07,48.44,52,66,66,1.72,1.65,27.88,27.52,45.34,45.34,1693.91,1744.28,40.4,40.4,135,135,-7.07,-7.07,4517.1,4651.42,4893.52,5039.04,2634.97,2713.33,4893.52,5039.04,-8.94,-8.94,526.99,542.67,-10.25,-10.25,376.42,387.62,752.85,775.24,-11.4,-11.4,-6,-6,5646.37,5814.28,-4.47,-4.47,0,0,451.71,465.14,5420.51,5581.71,10.77,10.91,1693.91,1744.28,1882.12,1938.09,846.96,872.14,470.53,775.24,439.84,439.84,58.04,60.47,15.9,15.9,45.19,43.25,31.57,31.57,3.04,3.04,52.16,52.16,3.3,3.3,50.99,50.99,171,171,63.78,63.93,90.93,92.82,76.6,77.33,10.58,11.69,1129.27,1162.86,75.54,75.81,37.33,34,28.29,29.15,68.23,66.67,1.65,1.65,93.49,93.49,570.86,597.4,-4,-4,64,64,57.21,55.38,188.21,193.81,1066.09,1065.82,0.37,0.37,82.68,82.68,10.07,9.97,16.07,16.07,1030.74,1030.74,1.31,1.31,44.42,43.31,55.51,56.19,37.42,37.42,71.41,71.41,102.24,102.24,41105.57,42618.66,30812.13,32653.1,53088,54000,2070.34,2131.9,2.79,2.77,0,0,714200000000,1392800000000,29472.69,30216.63,12.08,12.08,15.76,14.62
Jeruselem,68,68,94.81,95.86,44.67,44.67,1.36,1.32,19.07,19.04,38.06,38.06,18296.89,18362.38,39,39,149.25,149.25,-22.23,-22.23,-15.59,-15.59,-14.83,-14.83,-12.35,-12.35,-16.12,-16.12,-13.62,-13.62,-20.3,-20.3,-28.38,-28.38,-20.71,-20.71,-19.6,-19.6,-25.38,-25.38,-20.52,-20.52,-18.55,-18.55,-26.19,-26.19,-8.69,-8.69,-27.27,-27.27,0,0,29.98,30.03,11014.55,11053.97,14655.72,14708.17,9102.93,9135.51,2457.79,2740.65,1074.08,1074.08,73.28,75.61,18.02,18.02,28.11,26.96,87.17,87.17,0.87,0.87,52.64,52.64,13.8,13.8,58.65,58.65,574,574,91.05,91.13,122.17,122.54,92.38,92.41,14.13,15.08,9831.16,9866.35,111.72,111.79,30.43,27.57,80.91,81.09,-158.41,-159.88,0.68,0.68,94.26,94.26,766.28,792.55,1,1,123,123,42.7,42.4,-10.49,-10.49,1549.05,1548.96,0.14,0.14,92.48,92.48,7.19,7.17,13.16,13.16,3730.39,3730.39,0.52,0.52,40.87,39.92,82.79,83.47,-147.89,-147.89,104.31,104.31,91.29,91.29,81835.34,82402.31,69446.62,71099.08,94766,94028,12926.16,12972.43,1.77,1.77,-4.47,-4.47,727800000000,755700000000,15630.55,15574.04,19.53,19.53,152.01,151.62
Zahlee,2.33,2.33,74.67,72.67,3,3,9.38,7.14,32.33,31.77,40.11,40.11,435.94,429.85,97.67,97.67,6.75,6.75,87.19,85.97,418.5,412.66,-6.48,-6.48,-5.66,-5.66,3225.96,3180.89,4020.24,3964.08,2528.45,2493.13,2418.6,2384.81,1133.44,1117.61,4882.53,4814.32,959.07,945.67,1743.76,1719.4,-6.93,-6.93,-2.83,-2.83,2528.45,2493.13,3517.33,3210.28,2615.64,2579.1,11.7,11.83,108.99,107.46,1198.84,1182.09,2942.6,2901.49,871.88,1182.09,941.61,941.61,10.66,14.01,13,13,25.5,24.57,0.95,0.95,39.03,39.03,50,50,1,1,51.96,51.96,100,100,60.59,61.09,67.9,71.6,69.93,70.57,39.18,37.51,1852.75,1826.86,89.02,90.27,71,66,26.93,28.13,74.52,72.06,29.5,29.5,91.14,91.14,2499.2,2853.71,-8,-8,67,67,71.38,70.59,1089.85,1074.63,481.53,509.92,0.23,0.22,9.98,9.98,12.52,12.08,13.77,13.77,469.91,469.91,2.44,2.33,15.82,17.49,57.28,56.83,-28.28,-28.28,-36.06,-36.06,105.16,105.16,53987.01,53297.31,15846.93,18296.09,148631,130608,871.88,859.7,3.61,3.38,217.97,214.93,23100000000,26700000000,39464.5,38320.76,15.16,15.16,26.82,24.68
The Wisching Well,69.33,67.83,68.33,65,74,74,5.81,4.68,32.95,32.44,45.34,45.34,-5.48,-5.48,37,39.25,141.75,137.25,2295.19,2224.53,-4.9,-4.9,3595.8,3485.09,-4.9,-4.9,5967.5,5783.77,1530.13,1483.02,3060.26,2966.04,2008.29,1946.46,382.53,370.75,9945.84,9639.62,3825.32,3707.55,650.3,630.28,3060.26,2966.04,3442.79,3336.79,2027.42,1965,3993.64,3870.68,8951.25,8675.66,9.11,9.27,1817.03,1761.08,765.06,741.51,860.7,834.2,0,278.07,25.09,25.09,17.2,21.38,15.51,15.51,66.98,63.9,29.18,28.77,6.76,8.16,48.6,48.6,1,1,50.5,50.5,88,88,56.06,56.75,55.21,60.33,69.27,69.81,15.37,12.96,956.33,926.89,68.53,71.99,61.5,56.5,10.14,11.2,97.6,95.27,0.77,0.77,93.87,93.87,301.93,344.85,0,0,66,66,70.28,69.39,573.8,556.13,339.62,370.35,0.44,0.4,216.43,208.61,13.39,12.95,17.9,17.9,209.42,209.42,3.62,3.2,39.63,42.04,55.18,54.25,74.5,74.5,-29.15,-29.15,105.84,105.84,56675.96,55209.07,21852.67,24033.8,127023,112435,860.7,834.2,11.41,10.5,765.06,741.51,910900000000,1909300000000,50951.69,49025.65,7.44,7.52,16.84,15.35
Fishmong,73.17,71.47,8.5,4.75,71.33,71.33,1.19,1.1,34.36,36.02,45.34,45.34,390.63,291.54,31.25,33.8,155.25,150.75,625,466.46,-9.95,-9.95,-4.47,-4.47,-6.63,-6.63,1666.67,1243.89,-10.43,-10.43,-11.14,-11.14,-5.48,-5.48,-2,-2,451.39,336.89,798.61,596.03,815.98,608.99,-9.7,-9.7,798.61,596.03,729.17,544.2,111.11,82.93,625,466.46,14.53,14.63,1258.69,939.4,824.66,615.47,954.87,712.65,477.43,453.5,190.3,190.3,84.13,90.99,16.29,16.29,27.97,24.54,31.92,31.47,2.93,3.08,49.36,49.36,1,1,51.48,51.48,95,95,65.76,66.13,104.41,104.99,67.97,66.7,26.02,26.42,781.25,583.07,99.14,101.7,-91.5,-95.25,62.48,63.39,23.74,21.72,0.86,0.86,93.77,93.77,666.52,721.17,0,0,66,66,75.78,75.38,694.45,518.29,680.68,692.91,0.29,0.28,269.12,257.26,9.92,9.88,16.86,16.86,454.26,454.26,1.9,1.88,28.98,28.58,44.18,42.87,12.25,12.25,-33.91,-33.91,109.08,109.08,16471.81,12390.59,15037.7,11789.56,17875,12957,911.46,680.25,2.58,2.55,781.25,583.07,29600000000,42000000000,6176.93,4534.96,7.71,7.79,7.17,7.1
The Sigma Republic of Skibidi,74.44,72.17,46,39.33,72,72,2.73,2.35,34.22,33.92,41.43,41.43,109.74,101.28,29.33,32.75,159.75,153,1404.63,1296.4,-5.8,-5.8,-2.37,-2.37,-8.25,-8.25,-8.37,-8.37,5873.98,5421.4,-6.78,-6.78,-10.01,-10.01,-4.24,-4.24,2282.52,2106.66,3160.42,2916.91,2940.94,2714.35,-8.25,-8.25,-8.25,-8.25,-8.77,-8.77,4495.98,3870.04,1404.63,1296.4,10.1,10.25,438.95,405.13,877.89,810.25,1316.84,1215.38,109.74,405.13,1065.35,1065.35,36.57,42.53,14.64,14.64,53.35,50.07,29.04,28.42,7.2,9.41,52.16,52.16,1,1,52.44,52.44,96,96,59.03,59.65,77.15,82.38,68.09,68.35,15.93,16.46,1097.37,1012.82,67.18,71.6,41.5,36.5,31.87,33.33,70.72,68.25,0.82,0.82,93.8,93.8,396.07,453.17,0,0,71,71,65.81,64.03,877.89,810.25,630.53,649.31,0.39,0.35,242.9,219.2,9.83,9.78,13.2,13.2,443.79,443.79,2,1.96,39.07,38.54,50.46,49.44,52.15,52.15,-54.77,-54.77,89.65,89.65,33743,31167.46,19725.39,19770.4,53940,46491,877.89,810.25,6.56,4.75,438.95,405.13,22100000000,28800000000,22978.98,20788.7,2.85,3.02,15.17,13.82
Miterrister,57.33,57.33,64.33,58,61.33,61.33,4.49,3.71,33.47,33.08,42,42,118.9,112.87,50,50,112.5,112.5,5707.24,5417.93,-6,-6,-6.32,-6.32,3804.83,3611.95,0,0,190.24,180.6,-7.75,-7.75,0,0,5707.24,5417.93,-4.47,-4.47,4280.43,4063.44,-8.37,-8.37,3329.22,3160.46,6658.45,6320.91,-6.32,-6.32,-4,-4,5707.24,5417.93,9.11,9.27,1070.11,1015.86,951.21,902.99,1426.81,1354.48,356.7,677.24,119.98,119.98,22.26,26.97,12,12,54.35,51.72,23.26,23.26,19.65,19.65,50,50,1,1,50,50,94,94,55.76,56.41,51.79,56.72,68.77,69.14,3.39,1.72,1426.81,1354.48,70.1,71.66,55.5,50.5,20.45,21.65,84.48,82.14,2.55,2.55,93.31,93.31,543.14,582.2,0,0,64,64,69.25,68.25,951.21,902.99,414.6,442.5,0.33,0.32,125.92,125.92,12.81,12.37,17.16,17.16,377.65,377.65,2.81,2.63,51.61,53.28,53.8,52.81,-80,-80,66.33,66.33,100.2,100.2,43065.89,41221.39,19176.1,20405.61,86132,75657,951.21,902.99,11.76,10.95,118.9,112.87,26000000000,31500000000,34237.38,32276.35,7.09,7.09,12.86,11.72
Free Guardians,52.97,52.97,22.67,22.67,60.53,60.53,1.37,1.37,26.95,26.95,44.83,44.83,1926.94,1926.94,53.27,53.27,43.75,43.75,-4.47,-4.47,0,0,1366.38,1366.38,2592.61,2592.61,0,0,-2,-2,2662.68,2662.68,-5.48,-5.48,0,0,875.88,875.88,875.88,875.88,1576.59,1576.59,1576.59,1576.59,1226.24,1226.24,0,0,353.16,353.16,4029.06,4029.06,24.45,24.45,2408.68,2408.68,1926.94,1926.94,2540.06,2540.06,1270.03,1270.03,658.89,658.89,73.09,73.09,18.34,18.34,34.76,34.76,33.82,33.82,2.48,2.48,46.97,46.97,5.22,5.22,54.76,54.76,109,109,77.03,77.03,116.53,116.53,78.59,78.59,11.69,11.69,2890.41,2890.41,42.22,42.22,-77.33,-77.33,79.72,79.72,-94.3,-94.3,0.61,0.61,94.63,94.63,861.47,861.47,-3,-3,68,68,79.18,79.18,1620.38,1620.38,1109.97,1109.97,0.47,0.47,185.6,185.6,9.35,9.35,15.09,15.09,627.33,627.33,1.15,1.15,43.31,43.31,52.92,52.92,-81.55,-81.55,102.71,102.71,111.5,111.5,41186.8,41186.8,34902.91,34902.91,47754,47754,2583.85,2583.85,2.05,2.05,1620.38,1620.38,309600000000,309700000000,8360.92,8360.92,19.22,19.22,12.65,12.65
Yellow Rose 1,41.67,41.67,67.67,64.33,45.33,45.33,5.55,4.49,32.84,32.3,43.68,43.68,0,0,61.75,61.75,87.75,87.75,4142.13,4040.97,3117.15,3041.02,-4.9,-4.9,1563.07,1524.89,-1.55,-1.55,3021.02,2947.24,-4.24,-4.24,2227.37,2172.97,4923.67,4803.41,2579.07,2516.07,2969.83,2897.3,164.12,160.11,3751.37,3659.74,6486.74,6328.31,1133.23,1105.55,3876.41,3781.73,4142.13,4040.97,9.54,9.7,1563.07,1524.89,879.23,857.75,683.84,667.14,97.69,381.22,624.65,624.65,18,22.26,15.09,15.09,49.27,47.1,20.55,20.55,22.8,22.8,52.64,52.64,1,1,51.48,51.48,96,96,55.05,55.73,40.5,45.23,69.39,69.96,11,9.33,586.15,571.83,83.56,85.25,60.5,55.5,13.27,14.34,92.66,90.33,5.98,5.98,92.85,92.85,696.62,740.77,0,0,64,64,69.83,68.91,683.84,667.14,354.67,380.83,0.3,0.29,147.97,147.97,12.45,12.01,15.24,15.24,354.69,354.69,3.39,3.09,44,45.67,55.85,54.93,-63.25,-63.25,52.92,52.92,100.2,100.2,54762.93,53711.3,21659.97,23916.23,120317,107423,1367.69,1334.28,12.59,11.81,293.08,285.92,120200000000,153200000000,47479.46,46030.58,3.11,3.11,17.64,16.09
Zilpower,51.33,51.33,35.11,29.78,40,40,2.15,1.93,29.12,29.31,41.43,41.43,833.33,775.37,54.5,54.5,103.5,103.5,2499.99,2326.1,666.66,620.29,3222.2,2998.08,2888.87,2687.94,500,465.22,888.88,827.06,1166.66,1085.51,-3.87,-3.87,277.78,258.46,3055.54,2843.01,555.55,516.91,555.55,516.91,3333.31,3101.46,2499.99,2326.1,472.22,439.37,2249.07,1968.57,6888.85,6409.69,13.78,13.89,1874.99,1744.57,1736.1,1615.35,1180.55,1098.44,625,775.37,8.05,8.05,46.42,51.73,11.33,11.33,35.77,33.83,21.86,21.86,21.35,21.35,50,50,1,1,50,50,117,117,62.84,63.21,88.71,90.57,74.32,74,11.99,13.32,1666.66,1550.73,73.08,73.72,33.33,29.33,38.48,39.5,48.95,46.79,7.53,7.53,92.69,92.69,920.07,960.47,-4,-4,62,62,54.08,52.99,972.22,904.59,738.96,743.01,0.32,0.31,96.17,96.17,9.94,9.9,31.86,31.86,662.66,662.66,1.81,1.81,43.01,41.68,51.57,50.57,-15.81,-15.81,77.78,77.78,103,103,40971.06,38191.1,27246.1,26917.44,58693,52036,1041.66,969.21,2.94,2.87,555.55,516.91,4096100000000,7254100000000,25197.2,23105.61,14.66,14.66,9.44,8.86
Kultexia,85,81.78,34,38.67,32.44,32.44,1.43,1.39,30.54,29.94,42,42,3693.6,3894.3,15,18.33,191.25,184.5,-11.75,-11.75,-2.53,-2.53,-13.34,-13.34,-6,-6,3585.26,3780.06,-7.69,-7.69,-4.24,-4.24,-13.64,-13.64,-11.31,-11.31,-10.39,-10.39,-9.9,-9.9,-4.24,-4.24,590.98,623.09,-14.21,-14.21,-2.37,-2.37,-10.89,-11,0,0,12.65,12.77,1231.2,1298.1,1354.32,1427.91,2585.52,2726.01,1354.32,1817.34,130.47,130.47,70.02,72.01,12,12,35.28,34.02,28.12,27.5,10.71,12.61,51,51,1,1,50,50,179,179,63.11,63.3,85.68,87.33,72.15,73.01,24.72,24.44,2831.76,2985.63,42.15,44.37,30.5,28,75.28,75.93,39.18,37.76,12.62,12.62,92.25,92.25,636.39,685.79,0,0,64,64,52.07,51.44,1231.2,1298.1,1051.03,1052.67,0.42,0.39,280.94,258.53,9.98,9.96,17.11,17.11,1139.66,1139.66,1.37,1.37,30.28,30.56,50.84,51.79,-90,-90,-28.28,-28.28,100.62,100.62,23875.45,25562.17,19777.42,21492.57,28245,29845,1723.68,1817.34,2.89,2.86,246.24,259.62,27526000000000,35262700000000,5897.24,6160.48,6.53,6.67,11.93,11.29
The King of Boats in Paper Crowned,75,75,26.17,29.11,24.67,24.67,1.36,1.31,28.04,27.66,42,42,3360.75,3490.07,28.5,28.5,162,162,-14.56,-14.56,-9.03,-9.03,-12.33,-12.33,-6.48,-6.48,640.9,665.57,5115.61,5312.45,-11.92,-11.92,-9.95,-9.95,-8.37,-8.37,-11.49,-11.49,-13.49,-13.49,-3.46,-3.46,-8.49,-8.49,-13.86,-13.86,-8.77,-8.77,-2.41,-2.41,0,0,14.04,14.14,908.31,943.26,2543.27,2641.13,2270.78,2358.15,1089.97,1414.89,135.9,135.9,73.49,76.22,12,12,23.72,22.22,26.64,26.64,14.46,14.46,52.16,52.16,3.93,3.93,50,50,203,203,64.59,64.73,93.76,95.53,76.29,77.05,24.73,25.84,1907.45,1980.85,65.67,65.92,24.17,20.83,75.29,69.33,25.46,23.91,11.9,11.9,92.31,92.31,875.65,908.45,0,0,64,64,51.03,50.3,999.14,1037.59,1081.46,1081.2,0.31,0.31,209.6,209.6,9.5,9.47,17.09,17.09,1273.28,1273.28,1.25,1.26,30.27,29.16,51.57,52.27,-83.96,-83.96,-23.45,-23.45,100.62,100.62,23650.23,24843.25,20100.73,21526.7,27350,28242,1907.45,1980.85,2.69,2.68,181.66,188.65,1932500000000,4207400000000,5841.61,7626.88,5.39,5.39,17.87,16.6
Rainbow Hyacinth,73.17,71.47,6.5,3,78,78,1.14,1.06,33.23,35.87,47.2,47.2,530.47,346.4,31.25,33.8,155.25,150.75,-9.38,-9.38,29.96,19.56,32.45,21.19,-5.29,-5.29,-8.83,-8.83,4199.04,2742.06,-12.49,-12.49,967.32,631.68,649.04,423.84,-8.25,-8.25,-5.29,-5.29,104.84,68.47,-9.9,-9.9,-9.9,-9.9,-9.06,-9.06,359.47,234.74,32.45,21.19,18.28,18.36,1591.4,1039.21,936.12,611.3,936.12,611.3,592.87,448.29,9.5,9.5,87.64,94.4,17.69,17.69,27.44,23.87,34.81,34.38,2.32,2.38,49.36,49.36,1,1,51.48,51.48,95,95,70.18,70.51,108.84,109.23,69,66.81,30.06,30.38,811.3,529.8,108.82,109.73,-93.5,-97,69.89,70.16,-14.7,-16.68,0.72,0.72,94.1,94.1,600.22,650.04,0,0,66,66,75.29,74.89,748.89,489.04,905.79,919.96,0.26,0.26,269.12,257.26,9.35,9.32,24.32,24.32,542.08,542.08,1.62,1.61,24.94,24.62,44.86,43.24,-13.04,-13.04,17.32,17.32,112.37,112.37,17611.96,11562.09,16429.06,11216.96,18747,11882,1060.93,692.81,2.29,2.28,904.91,590.93,104600000000,83900000000,5301.2,3445.5,8.72,8.79,11.92,11.08
Machinatia,48.33,48.33,71.56,73.33,64,64,1.84,1.76,26.55,26.35,40.11,40.11,3165.52,3177.66,56.75,56.75,99,99,-13.71,-13.71,-4.73,-4.73,126.62,127.11,4090.82,4106.51,5357.03,5377.58,-7.69,-7.69,7207.64,7235.29,-13.91,-13.91,1607.11,1613.27,97.4,97.77,97.4,97.77,2922.02,2933.22,-4.24,-4.24,-9.9,-9.9,3409.02,3422.1,-10.86,-10.86,7334.26,7362.39,12.65,12.77,243.5,244.44,3165.52,3177.66,2069.76,2077.7,1582.76,1955.48,919.19,919.19,54.49,56.84,13,13,48.65,46.99,26.18,26.18,15.31,15.31,47.8,47.8,3.93,3.93,51.96,51.96,188,188,65.07,65.21,99.45,101.12,79.54,80.02,4.53,5.42,2313.26,2322.14,60.73,60.97,50.33,47,44.64,45.46,49.96,48.41,1.65,1.65,93.49,93.49,621.93,649.62,-8,-8,67,67,66.08,64.84,608.75,611.09,1100.3,1100.29,0.3,0.3,39.26,39.26,11.07,10.78,13.87,13.87,1128.09,1128.09,1.19,1.19,50.47,49.58,60.48,61.09,-69.43,-69.43,70.36,70.36,104.1,104.1,46440.6,46985.37,33655.96,34829.95,61767,61273,1095.76,1099.96,2.64,2.63,852.26,855.52,275300000000,565000000000,25728.09,25607.03,15.35,15.35,24.99,23.35
Slabfan 22,57.33,57.33,61.78,52.89,57.33,57.33,4.14,3.23,33.12,32.95,42,42,340.56,311.55,50,50,112.5,112.5,1362.26,1246.18,-6.24,-6.24,-7.07,-7.07,-7.75,-7.75,4994.95,4569.34,0,0,5449.03,4984.73,1003.53,918.02,1816.34,1661.58,2270.43,2076.97,908.17,830.79,4994.95,4569.34,-7.75,-7.75,1816.34,1661.58,2724.52,2492.37,0,0,6811.29,6230.91,9.22,9.38,1021.69,934.64,908.17,830.79,1362.26,1246.18,340.56,623.09,119.98,119.98,24.17,30.97,12,12,51.63,48.21,23.34,23.34,19.54,19.54,50,50,1,1,50,50,100,100,56.26,57.11,54.05,60.12,69.1,69.27,1.67,1.67,1362.26,1246.18,54.01,55.87,53.33,46.67,19.94,21.28,84.3,81.49,3.24,3.24,93.2,93.2,583.53,637.78,0,0,64,64,68.79,67.31,908.17,830.79,533.87,559.86,0.35,0.34,126.07,126.07,12.27,11.68,17.16,17.16,507.38,507.38,2.24,2.17,53.33,53.33,53.46,51.97,10,10,-50.99,-50.99,100.2,100.2,43728.48,40314.02,20377.62,21527.55,84306,69511,908.17,830.79,11.15,9.99,113.52,103.85,274300000000,379600000000,35026.51,31727.13,7.09,7.09,11.87,10.46
1st Flyskistani Infantry Brigade,67.17,66.27,12,7,18,18,1.27,1.15,31.78,33.19,45.83,45.83,736.33,560.8,40.25,41.6,135,132.75,554.41,422.25,-8.54,-8.54,727.67,554.2,1351.38,1029.22,1178.13,897.27,332.65,253.35,-11.4,-11.4,-8.83,-8.83,-8.49,-8.49,-2.83,-2.83,-2.83,-2.83,329.18,250.71,900.92,686.15,554.41,422.25,-9.54,-9.54,492.04,374.74,1282.08,976.44,18.36,18.44,2035.74,1550.43,1256.09,956.65,1602.6,1220.55,779.65,692.75,8.79,8.79,78.58,87.19,15.9,15.9,17.06,14.98,22.2,21.92,20.95,21.29,47.8,47.8,1,1,50.5,50.5,96,96,69.6,70.01,98.25,99.8,70.55,69.03,27.23,28.44,1645.92,1253.54,89.99,92.07,-88,-93,71.98,72.28,-17.55,-19.88,18.23,18.23,91.84,91.84,1724.28,2061.31,-4,-4,64,64,75.7,75.22,1039.53,791.71,719.65,728.72,0.3,0.29,214.64,208.97,9.8,9.76,27.65,27.65,527.99,527.99,1.84,1.83,27.77,26.56,46.27,44.65,-57.45,-57.45,73.48,73.48,110,110,21745.17,16660.24,19148.73,15499.83,24368,17776,1386.04,1055.61,2.32,2.3,909.59,692.75,16100000000,15800000000,6088.65,4614.89,16.49,16.52,7.18,7.09
Magi of Ferelden,66.67,65.33,50.22,41.33,57.33,57.33,3.02,2.44,32.31,32.27,42,42,582.32,522.47,41,43,132.75,128.25,3493.89,3134.83,-5.66,-5.66,2639.83,2368.54,1164.63,1044.94,-2.45,-2.45,3105.68,2786.52,0,0,-10.25,-10.25,3882.1,3483.15,3493.89,3134.83,2329.26,2089.89,388.21,348.31,4270.31,3831.46,776.42,696.63,-3.74,-3.74,543.49,487.64,6133.72,5503.37,9.75,9.9,873.47,783.71,970.53,870.79,1164.63,1044.94,291.16,522.47,119.98,119.98,33.12,40.99,12,12,47.16,43.59,24.85,24.45,17.47,18.05,50,50,1,1,50,50,106,106,57.62,58.46,64.32,70.88,69.95,69.99,5.33,6.89,1164.63,1044.94,70.97,74.88,44.67,38,21.39,22.69,80.25,77.44,3,3,93.23,93.23,580.88,651.72,0,0,68,68,66.65,64.52,776.42,696.63,689.52,707.8,0.35,0.33,163.34,152.33,10.19,9.95,17.16,17.16,596.64,596.64,1.89,1.86,49.67,48.11,52.14,50.6,36.06,36.06,45.83,45.83,100.2,100.2,41519.11,37513.5,22997.32,23329.29,69441,56908,1164.63,1044.94,9.21,7.76,97.05,87.08,4151200000000,7829700000000,32634.02,28997.94,6.69,6.78,14.91,13.08
Bobogoobo,68.5,68.5,37.71,36.57,63.43,63.43,1.44,1.4,20.5,20.53,48.85,48.85,8531.28,8297.84,38.25,38.25,149.5,149.5,-23.96,-23.96,-17.53,-17.53,-18.22,-18.22,-10.22,-10.22,-19.28,-19.28,-14.89,-14.89,-21.45,-21.45,-19.25,-19.25,-19.97,-19.97,-22,-22,-21.54,-21.54,-17.72,-17.72,-18,-18,-27.35,-27.35,-2.62,-2.62,-30.58,-30.58,0,0,32.39,32.43,7667.35,7457.55,7991.32,7772.66,4967.58,4831.65,1403.88,1523.02,15.25,15.25,69.4,71.67,2.14,2.14,30.1,29.01,71.28,71.28,1.01,1.01,41.19,41.19,13.8,13.8,37.04,37.04,308,308,88.8,88.88,123.08,123.44,91.36,91.35,11.07,12.03,5291.55,5146.76,122.04,122.09,35.29,32.43,86.22,86.4,-199.93,-201.4,0.59,0.59,94.76,94.76,597.34,620.57,6,6,110,110,42.03,41.74,2483.79,2415.83,1368.13,1368.03,0.15,0.15,14.96,14.96,5.35,5.34,18.14,18.14,2411.39,2411.39,0.66,0.66,43.93,42.97,65.27,65.04,-149.09,-149.09,84.61,84.61,125.43,125.43,56641.21,55248.89,46697.8,46335.24,67288,64650,8261.3,8035.25,1.81,1.81,1727.85,1680.57,537100000000,546200000000,7816.49,7513.85,11.52,11.52,135.13,134.67
Cynfin,76.67,76.67,76.33,78.11,65.67,65.67,1.44,1.39,19.81,19.74,45.83,45.83,12782.51,12929.97,26,26,166.5,166.5,-26.68,-26.68,-15.8,-15.8,-17.94,-17.94,-14.32,-14.32,-17.96,-17.96,-14.31,-14.31,-21.31,-21.31,-25.43,-25.43,-20.12,-20.12,-21.49,-21.49,-24.74,-24.74,-17.66,-17.66,-18.49,-18.49,-25.85,-25.85,-8.34,-8.34,-26.77,-26.77,0,0,33.26,33.3,12930.28,13079.45,14260.25,14424.76,6723.75,6801.31,3398.82,3662.25,246.94,246.94,69.23,71.88,15.51,15.51,31.62,30.29,81.9,81.9,0.91,0.91,48.6,48.6,8.85,8.85,50,50,469,469,92.18,92.27,122.08,122.45,91.82,91.87,16.03,17.14,7758.17,7847.67,106.37,106.47,-64.5,-67.83,87.94,88.13,-212.83,-214.39,0.84,0.84,93.79,93.79,479.84,504.2,0,0,109,109,77.86,77.61,1994.96,2017.97,1488,1487.88,0.18,0.18,249.34,249.34,8.44,8.41,16.66,16.66,3316,3316,0.56,0.56,38.97,37.86,74.8,75.49,-147.11,-147.11,74.43,74.43,110,110,81719.38,82886.33,67286.35,69621.77,97192,96858,10492,10613.04,1.76,1.76,2586.06,2615.89,607400000000,636800000000,9888.04,9863.47,16.38,16.38,137.35,136.9
Frawley,76.94,76.94,99.35,99.47,71.62,71.62,1.73,1.68,22.98,22.87,11.6,11.6,1415.64,1422.7,25.58,25.58,200.75,200.75,6613.86,6646.84,9567.45,9615.15,3850.54,3869.73,18455.39,18547.41,9286.59,9332.89,-9.34,-9.34,6536.85,6569.44,7417.94,7454.93,1381.66,1388.55,7519.87,7557.36,6160.86,6191.57,4475.68,4498,4575.34,4598.15,2120.06,2130.63,13082.76,13147.99,2971.1,2951.77,17001.25,17086.01,20.62,20.69,-26.83,-26.83,7587.82,7625.65,3624.03,3642.1,3850.54,4040.46,9.84,9.84,57.83,59.64,0.29,0.29,102.22,99.28,83.06,83.06,0.9,0.9,56.66,56.66,1,1,35.59,35.59,173,173,63.84,63.95,118.85,119.27,90.09,90.14,14.49,14.91,792.76,796.71,6.26,6.26,50.62,48.12,13.49,14.05,94.46,93.02,0.64,0.64,94.47,94.47,319.52,334.41,-14,-14,78,78,71.33,71,736.13,739.8,1073.29,1073.62,0.64,0.63,227.89,227.89,15.33,15.12,22.94,22.94,1584.67,1584.67,1.29,1.28,40.51,40.09,89.47,89.48,-250.83,-250.83,274.14,274.14,18.72,18.72,137723.56,138546.78,103035.72,105374.82,178172,176674,6058.93,6089.14,2.78,2.77,-6.32,-6.32,15092000000000,18006200000000,119130.88,119150.23,0.57,0.57,78.76,77.12
Haven and Sanctuary WA Puppet,78,78,69.89,71.67,60,60,1.52,1.46,21.59,21.5,42,42,7971.36,8046.58,24,24,171,171,-11.58,-11.58,-7.16,-7.16,-10,-10,-7.51,-7.51,-3.3,-3.3,-11.38,-11.38,-14.63,-14.63,-16.06,-16.06,-9.8,-9.8,-5.83,-5.83,-18.28,-18.28,-3.74,-3.74,-12.41,-12.41,-19.34,-19.34,-7.27,-7.27,-14.36,-14.36,0,0,17.35,17.44,1486.19,1500.21,13375.68,13501.89,2431.94,2454.89,2296.83,2727.65,105.17,105.17,65.86,68.45,12,12,33.69,32.39,42.86,42.86,1.65,1.65,50,50,7.73,7.73,50,50,291,291,66.47,66.61,103.1,103.93,90.74,90.79,13.36,14.47,2567.05,2591.27,78.3,78.57,39.83,36.5,52.03,52.7,16.22,14.66,1.26,1.26,93.59,93.59,473.85,498.05,0,0,66,66,54.27,53.42,675.54,681.91,1176.7,1176.52,0.31,0.31,225.74,225.74,9.15,9.12,17.24,17.24,1759.41,1759.41,0.97,0.97,41.64,40.53,66.75,67.43,-78.93,-78.93,35.07,35.07,101.04,101.04,40667.46,41460.35,32608.16,33931.48,49511,49575,5809.64,5864.46,2.52,2.51,405.32,409.15,650500000000,961100000000,19520.38,19610.74,6.97,6.97,42.53,40.78
C123po,68.33,68.33,57.11,60.67,59.11,59.11,1.45,1.4,22.82,22.65,42,42,4219,4350.66,38.5,38.5,139.5,139.5,-16.43,-16.43,-9.38,-9.38,-5.83,-5.83,4033.78,4159.66,-6.84,-6.84,-8.72,-8.72,-13.42,-13.42,-17.54,-17.54,782.06,806.46,2881.27,2971.18,-7.07,-7.07,-6.32,-6.32,1646.44,1697.82,-15.49,-15.49,5639.05,5815.03,-15.25,-15.31,0,0,16.64,16.73,2058.05,2122.27,8849.61,9125.78,1955.15,2016.16,1440.63,1803.93,12.97,12.97,68.97,71.61,12,12,33.42,32.01,39.28,39.28,1.87,1.87,50,50,6.85,6.85,50,50,236,236,66.77,66.91,102.53,103.43,90.16,90.23,9.42,10.53,2263.85,2334.5,75.9,76.17,35.83,32.5,69.2,69.43,4.25,2.7,1.6,1.6,93.5,93.5,621.25,648.92,-4,-4,62,62,52.27,51.62,720.32,742.8,1122.08,1121.87,0.33,0.33,88.66,88.66,9.34,9.31,18.69,18.69,1400.03,1400.03,1.12,1.12,45.58,44.47,62.54,63.23,-97.21,-97.21,88.03,88.03,104.81,104.81,43486.57,45162,35733.99,37859.68,51812,52867,3189.98,3289.53,2.5,2.49,514.51,530.57,624700000000,989300000000,13393.86,13819.57,14.08,14.08,21.68,20.56
United Emirates of Persian States,40.67,40.67,65.56,58.22,73.33,73.33,4.86,3.72,30.92,30.73,43.68,43.68,189.15,178.96,62.5,62.5,85.5,85.5,-3.74,-3.74,-4.99,-4.99,4009.99,3793.89,3556.03,3364.39,4993.57,4724.46,4661.05,4409.85,-2.28,-2.28,1669.82,1579.83,-9,-9,226.98,214.75,5523.2,5225.54,-7.75,-7.75,2875.09,2720.14,1361.88,1288.49,3102.07,2934.89,4215.75,3695.06,4009.99,3793.89,10.63,10.77,1513.2,1431.65,945.75,894.78,1418.63,1342.18,189.15,447.39,468.75,468.75,20.58,26.89,14.64,14.64,63.07,58.99,28.83,28.83,7.93,7.93,52.16,52.16,1,1,50.99,50.99,100,100,60.52,61.21,87.82,92.8,71.62,71.89,13.52,11.3,1324.05,1252.7,86.18,87.84,57.33,50.67,18.23,19.57,84.33,81.35,0.77,0.77,93.87,93.87,502.97,553.42,-4,-4,64,64,69.18,67.77,662.03,626.35,605.57,648.32,0.3,0.29,48.68,48.68,10.61,10.02,15.95,15.95,491.89,491.89,2.05,1.96,41.48,43.7,56.22,54.75,-20,-20,75.5,75.5,103.37,103.37,54772.28,51795.44,23344.07,25597.08,113445,95195,1513.2,1431.65,3.65,3.33,283.73,268.44,500000000,900000000,44803.72,41643.54,12.89,12.89,15.57,13.66
Fefefeferartata,67.33,65.78,64.33,58,61.33,61.33,4.49,3.71,33.7,33.24,42,42,110.32,105.11,40,42.33,135,130.5,2647.66,2522.59,2118.13,2018.07,5736.59,5465.62,1323.83,1261.3,-8,-8,353.02,336.35,-3.16,-3.16,-6.12,-6.12,2206.38,2102.16,6177.87,5886.05,0,0,-4.47,-4.47,3530.21,3363.46,1765.1,1681.73,-5.48,-5.48,8224.35,7558.38,8384.25,7988.21,9.11,9.27,992.87,945.97,882.55,840.86,1323.83,1261.3,330.96,630.65,119.98,119.98,22.26,26.97,12,12,54.35,51.72,24.81,24.34,17.52,18.2,50,50,1,1,50,50,94,94,55.43,56.15,49.84,55.5,68.55,68.98,6.72,4.28,1323.83,1261.3,70.45,74.02,55.5,50.5,17.35,18.64,87.4,84.94,2.55,2.55,93.31,93.31,469.08,522.86,0,0,64,64,69.4,68.42,882.55,840.86,381.18,414.73,0.41,0.37,167.09,155.34,11.61,11.17,17.16,17.16,364.11,364.11,3.08,2.8,48.28,50.72,53.73,52.76,67.82,67.82,43.59,43.59,100.2,100.2,46416.8,44262.1,20668.18,21910.84,92834,81238,882.55,840.86,12.16,11.28,110.32,105.11,133900000000,154100000000,38386.69,36029.35,6.64,6.73,14.24,12.97
Saint Georges Order,40.67,40.67,36.44,27.67,66.67,66.67,2.22,1.84,30.89,31.26,43.68,43.68,461.41,401.12,62.5,62.5,85.5,85.5,3014.57,2620.63,2751.87,2392.26,-7.21,-7.21,4060.44,3529.83,-1.67,-1.67,1303.65,1133.29,-6.78,-6.78,307.61,267.41,1107.39,962.68,3937.39,3422.87,553.7,481.34,3014.57,2620.63,861.3,748.75,-4,-4,-1.18,-1.18,-4.86,-4.86,3014.57,2620.63,11.92,12.04,1538.04,1337.06,1076.63,935.94,1076.63,935.94,615.22,735.38,13.25,13.25,45.14,54.26,13.62,13.62,44.66,40.52,24.82,24.82,17.51,17.51,51,51,1,1,50,50,99,99,62.45,63.09,91.54,94.91,71.67,71.19,12.97,15.19,1461.14,1270.21,77.98,79.11,34.33,27.67,30.94,32.17,64.77,61.96,1.65,1.65,93.49,93.49,776.3,838.69,-4,-4,64,64,56.96,54.25,845.92,735.38,679.7,686.97,0.28,0.28,48.87,48.87,9.89,9.82,18.58,18.58,509.77,509.77,1.91,1.89,42.03,39.81,50.98,49.27,-100.5,-100.5,86.6,86.6,104.81,104.81,37913.39,33159.57,24835.47,23976.08,55020,44191,1230.43,1069.65,3.01,2.89,384.51,334.26,3100000000,5900000000,26198.15,22482.19,14.08,14.08,11.58,10.21
Christ is Lord,26.5,26.5,24.33,17.67,41.33,41.33,1.7,1.45,31.11,31.6,45.83,45.83,451.5,382.48,73.5,73.5,60.75,60.75,-7.35,-7.35,-3.35,-3.35,1702.78,1442.5,3973.16,3365.82,154.8,131.14,-2.37,-2.37,-8.12,-8.12,-5.05,-5.05,-5.83,-5.83,-4.9,-4.9,154.8,131.14,2425.18,2054.46,2734.77,2316.74,2476.78,2098.18,-5.16,-5.16,-7.16,-7.16,1702.78,1442.5,13.96,14.07,1612.48,1366,967.49,819.6,1225.49,1038.16,322.5,437.12,950.54,950.54,58.76,69.1,17.01,17.01,30.42,26.91,19.01,19.01,24.35,24.35,47.8,47.8,1,1,51.96,51.96,97,97,65.54,66.13,91.91,93.79,71.39,70.76,20.97,23.19,902.99,764.96,114.94,115.24,-75.67,-82.33,47.95,49.14,38.74,35.93,7.12,7.12,92.73,92.73,1769.88,2132.74,0,0,69,69,77.37,76.74,773.99,655.68,944.76,951.58,0.21,0.21,29.53,29.53,9.76,9.7,13.73,13.73,541.55,541.55,1.59,1.58,34.03,31.81,48.88,47.11,-73.82,-73.82,93.54,93.54,107.82,107.82,30451.45,25960.55,22977.46,21353.95,39102,30903,1096.49,928.88,2.6,2.55,1160.99,983.52,3200000000,7500000000,15834.75,13213.92,9.75,9.75,12.22,10.76
Millopoli,79.06,79.06,97.09,97.2,81,81,1.61,1.55,21.33,21.27,71.22,71.22,14677.46,14679.35,22.42,22.42,169.5,169.5,-29.93,-29.93,1886.58,1886.82,-17.67,-17.67,-12.87,-12.87,-25.14,-25.14,-8.39,-8.39,-44.9,-44.9,-27.06,-27.06,-13.58,-13.58,-26.57,-26.57,-36.41,-36.41,-24.88,-24.88,-18.6,-18.6,-9.94,-9.94,53457.88,53464.79,1056.48,1056.62,0,0,33.17,33.17,8352.03,8353.11,9396.03,9397.24,-39.62,-39.62,-20,-19.24,15.25,15.25,62.16,64.31,50.93,50.93,7.24,7.3,164.59,164.59,0.57,0.57,66.74,66.74,8.06,8.06,81.05,81.05,522,522,37.72,38.17,6.62,6.67,90.88,90.91,22.06,23.02,-30.82,-30.82,159.46,159.53,44.71,41.86,91.44,91.46,-243.96,-244.44,0.71,0.71,94.14,94.14,256.3,271.59,124,124,181,181,43.09,42.81,-27.2,-27.2,1491.51,1491.5,0.18,0.17,366.75,366.75,8.49,8.47,18.14,18.14,4109.95,4109.95,0.56,0.56,32.94,31.98,94.96,95.64,-249.39,-249.39,203.85,203.85,146.38,146.38,123954.09,123970.11,96379.37,98154.02,155042,152616,23705.01,23708.08,21.01,20.84,-28.28,-28.28,4961300000000,6271500000000,10660.05,10537.46,0.31,0.31,180.85,180.53
Turing machine,66.93,66.22,85.4,87.4,67.5,67.5,13.06,11.42,35.62,34.44,41.43,41.43,512.93,518.05,40.6,41.67,1215,1214.75,3282.74,3315.51,164.14,165.78,266.72,269.39,923.27,932.49,3282.74,3315.51,82.07,82.89,1846.54,1864.98,1307.97,1321.02,307.76,310.83,9437.87,9532.1,7386.16,7459.9,933.53,942.85,205.17,207.22,3128.86,3160.1,1692.66,1709.56,2462.05,2486.63,5396,5449.87,11,11.14,1538.78,1554.15,897.62,906.59,641.16,647.56,2308.18,2719.76,141.46,141.46,7.65,8.75,4.49,4.49,66.32,64.13,28.9,28.7,7.7,8.39,48.6,48.6,0.8,0.8,45.24,45.24,75,75,49.51,50.22,27.47,29.63,66.98,67.9,13.56,11.88,512.93,518.05,60.13,61.55,69.4,65.4,27.38,28.28,76.46,74.79,1.35,1.35,93.57,93.57,333.93,365.12,0,0,66,66,70.98,70.33,1282.32,1295.12,143.03,153.87,0.59,0.54,259.55,253.3,15.51,15.17,17.06,17.06,292.36,292.36,96.73,92.52,41.44,43.12,60.75,61.5,-39.24,-39.24,42.43,42.43,102.62,102.62,52944.41,53861.52,12801.48,14095.11,167232,161007,2051.71,2072.19,16.44,16.14,1282.32,1295.12,5758300000000,9371600000000,38437.64,38618.71,6.7,6.75,17.7,16.44
Kania,70,69.89,65.22,67,65.56,65.56,1.69,1.62,26.69,26.44,40.11,40.11,3695.12,3749.9,36,36.17,144,144,-7.07,-7.07,3167.25,3214.2,-7.35,-7.35,-2.45,-2.45,-3.95,-3.95,-7.48,-7.48,-3.74,-3.74,-9.49,-9.49,316.72,321.42,-4.47,-4.47,-7.75,-7.75,4750.87,4821.3,0,0,-12.25,-12.25,5437.11,5517.71,1013.52,1028.54,0,0,13.53,13.64,527.87,535.7,3563.15,3615.98,3167.25,3214.2,2111.5,2544.58,654.03,654.03,59.13,61.58,9.76,9.76,46.31,44.45,30.94,30.91,3.3,3.32,50,50,3.93,3.93,50,50,167,167,64.32,64.47,103.53,104.33,79.19,79.79,10.58,11.64,2903.31,2946.35,55.25,55.59,40.83,37.5,62.96,63.73,35.5,33.95,1.47,1.47,93.54,93.54,515.35,541.86,-1,-1,62,62,57.66,55.99,1055.75,1071.4,1054.16,1053.92,0.39,0.38,119.05,118.52,9.87,9.84,15.11,15.11,1012.71,1012.71,1.36,1.36,44.42,43.36,58.37,59.24,-57.45,-57.45,24.49,24.49,102.24,102.24,38835.71,39813.24,29400.5,30800.79,49725,50019,1583.62,1607.1,2.72,2.71,1187.72,1205.33,5757000000000,15588200000000,14369.21,14452.21,14.03,14.03,15.51,14.67
Ser Carbilic,10,10,80.5,77.5,61.33,61.33,18.26,12.56,33.89,33.08,40.78,40.78,111.42,109.71,90,90,22.5,22.5,891.36,877.68,5929.78,5838.76,-6.32,-6.32,-3.46,-3.46,0,0,-4.57,-4.57,3743.71,3686.25,3391.63,3339.57,891.36,877.68,4902.48,4827.23,-7.07,-7.07,5793.84,5704.91,1782.72,1755.36,6239.52,6143.75,0,0,4866.83,4792.13,4635.07,4563.93,9.11,9.27,1002.78,987.39,891.36,877.68,1337.04,1316.52,334.26,658.26,119.98,119.98,5.48,7.96,10.55,10.55,60.97,58.79,14.46,14.46,28.15,28.15,50,50,1,1,50,50,100,100,53.41,54.2,40.26,44.97,68.37,69.14,24.97,23.31,1337.04,1316.52,81.13,82.81,80.25,75.25,11.52,12.62,98.28,95.94,1.97,1.97,93.42,93.42,666.52,709.72,0,0,64,64,73.31,72.65,891.36,877.68,344.69,370.47,0.25,0.24,19.53,19.53,13.26,12.83,17.16,17.16,518.27,518.27,3.53,3.2,30.03,31.69,59.17,58.76,-44.72,-44.72,0,0,100.2,100.2,56345.12,55809.41,11142.88,13813.52,203481,173456,891.36,877.68,14.19,13.46,111.42,109.71,51700000000,67700000000,49865.43,48777.42,8.66,8.66,25.87,23.77
Curious Observations,70.67,68.44,8.5,4.75,18,18,1.19,1.1,37.57,41.68,42,42,160.34,119.91,35,38.33,146.25,139.5,0,0,-8.99,-8.99,-8.37,-8.37,-3.16,-3.16,-7.87,-7.87,800.62,598.76,213.78,159.88,-10.57,-10.57,-9.49,-9.49,1068.92,799.42,641.35,479.65,427.57,319.77,641.35,479.65,1924.06,1438.95,-3.16,-3.16,778.01,493.12,213.78,159.88,10.54,10.68,481.02,359.74,534.46,399.71,962.03,719.48,267.23,319.77,130.47,130.47,84.13,90.99,12,12,15.66,14.17,18.48,17.68,24.84,25.57,50,50,1,1,50,50,94,94,61.12,61.57,75.44,78.48,65.73,65,30.07,30.21,748.25,559.59,64.32,67.52,-91.5,-95.25,43.03,44.42,56.13,53.99,17.58,17.58,91.89,91.89,1639.94,2003.94,0,0,64,64,76.04,75.65,534.46,399.71,359.22,371.39,0.32,0.31,189.56,171.24,9.61,9.57,17.11,17.11,400.63,400.63,3.33,3.19,24.93,24.79,42.55,41.42,-59.16,-59.16,0,0,101.04,101.04,13924.71,10445.08,12712.36,9938.42,15111,10923,534.46,399.71,3.37,3.22,160.34,119.91,8209800000000,7322600000000,7937.09,5807.47,6.72,6.85,7.1,7.03
Thatcher 1,64.33,64.17,48.22,47.11,56.44,56.44,1.72,1.66,29.72,29.5,42,42,277.89,274.79,44.5,44.75,126,126,3557.03,3517.32,-5.99,-5.99,2667.77,2637.99,4298.08,4250.1,1370.94,1355.64,754.39,745.97,963.36,952.61,824.05,814.85,-7.94,-7.94,6521.22,6448.43,-4.9,-4.9,3186.51,3150.94,-4.9,-4.9,5039.13,4982.88,2223.14,2198.33,-6.45,-6.58,7188.17,7107.93,9.49,9.64,648.42,641.18,1759.99,1740.34,833.68,824.37,555.79,824.37,119.98,119.98,58.16,60.22,12,12,43.22,41.83,25.14,25.09,17.02,17.09,50,50,2.93,2.93,50,50,105,105,57.52,57.69,62.74,65,73.35,73.7,4.88,5.74,833.68,824.37,73.42,74.07,43.17,40.33,20.19,21.03,79.3,77.83,2.92,2.92,93.25,93.25,626.74,652.42,0,0,62,62,66.66,65.82,741.05,732.78,388.05,388.11,0.34,0.34,148.98,148.39,9.99,9.97,17.16,17.16,482.94,482.94,3.02,3.02,50.12,49.26,52.42,52.32,-50,-50,78.1,78.1,100.2,100.2,41817.34,41625.34,31380.34,31823.02,53955,52841,555.79,549.58,9.37,9.11,92.63,91.6,1523400000000,2402500000000,33370.24,32884.02,6.36,6.36,9.98,9.49
Rich People Hate,75.56,73.17,2.67,1.33,3.33,3.33,1.05,1.03,33.56,34.05,42,42,208.91,170.45,27.67,31.25,164.25,155.25,-9.27,-9.27,-7.8,-7.8,-5.29,-5.29,441.97,360.6,-6.24,-6.24,4028.69,3286.95,-5.1,-5.1,-10.82,-10.82,65,53.03,1244.2,1015.12,-10.3,-10.3,129.99,106.06,-6,-6,-12.08,-12.08,62.77,51.21,21.84,17.82,0,0,12.69,12.81,255.34,208.33,742.8,606.04,464.25,378.78,116.06,151.51,130.47,130.47,95.63,96.87,12,12,10.89,10.75,26.07,25.37,15.51,16.66,50,50,3.93,3.93,50,50,109,109,63.42,63.57,82.87,83.77,68.68,68.23,39.36,38.61,278.55,227.27,70.34,73.42,-97.33,-98.67,42.07,42.76,44.9,43.68,24.4,24.4,91.44,91.44,2368.07,2701.22,0,0,68,68,76.09,75.99,232.13,189.39,563.25,574.46,0.33,0.32,227.76,199.98,9.04,9.03,17.11,17.11,651.1,651.1,2.16,2.13,15.64,16.39,44.27,43.9,-76.68,-76.68,66.93,66.93,101.04,101.04,10511.63,8633.1,10267.57,8489.93,10736,8764,649.95,530.29,2.84,2.82,69.64,56.82,1705800000000,1601600000000,6086.23,4938.13,6,6.21,11.04,10.84
MTF Epsilon-11,79.78,76.67,71.67,68.33,65.56,65.56,7.42,5.81,30.72,30.33,42,42,467.29,456.29,21.33,26,177.75,166.5,2429.91,2372.71,3116.37,3043,-3.22,-3.22,5420.58,5292.96,-6.72,-6.72,-7.34,-7.34,1962.62,1916.42,2400.94,2344.42,46.73,45.63,1028.04,1003.84,5233.66,5110.45,5233.66,5110.45,1028.04,1003.84,-7.62,-7.62,1822.44,1779.53,-3.58,-3.58,4392.54,4289.13,10.63,10.77,1401.87,1368.87,1869.17,1825.16,1869.17,1825.16,233.65,570.36,119.98,119.98,13.48,17.2,12,12,62.58,59.92,31.4,30.57,3.11,3.51,50,50,2.52,2.52,50,50,105,105,55.45,56.27,53.28,59.55,71.9,72.44,18.04,14.82,1869.17,1825.16,42.75,47.1,66.5,61.5,25.33,26.46,78.52,76.19,1.75,1.75,93.46,93.46,257.87,311.54,0,0,62,62,70.79,69.96,934.58,912.58,394.08,435.45,0.98,0.59,259.25,222.22,11.51,11.07,17.16,17.16,526.33,526.33,2.97,2.67,36.96,40.18,57.5,56.56,-82.58,-82.58,79.37,79.37,101.45,101.45,48419.32,47621.62,16260.22,18361.57,120643,106730,934.58,912.58,12.13,11.14,467.29,456.29,857300000000,1712300000000,36169.23,35001.89,6.37,6.61,17.36,15.83
James Forsyte,71.67,70.27,66.67,68.44,67.33,67.33,2.09,1.99,28.07,27.74,44.28,44.28,-5.48,-5.48,33.5,35.6,150.75,146.25,3155.31,3194.3,2824.76,2859.66,1126.9,1140.82,5258.85,5323.83,1126.9,1140.82,-3.1,-3.1,676.14,684.49,4056.83,4106.96,-6.71,-6.71,4282.21,4335.12,1277.15,1292.93,-2.79,-2.79,2404.05,2433.75,5409.11,5475.94,6010.12,6084.38,-4.18,-4.18,4958.35,5019.61,11.58,11.7,2347.7,2376.71,1878.16,1901.37,1314.71,1330.96,657.36,950.68,130.47,130.47,47.94,50.15,15.51,15.51,52.01,50.39,35.71,35.37,2.2,2.24,51.62,51.62,2.52,2.52,51.48,51.48,97,97,63.81,64.01,97.6,99.33,76.24,76.88,11.75,9.94,1690.35,1711.23,60.02,61.85,57,53.67,24.3,25.07,72.07,70.52,1.06,1.06,93.67,93.67,368.17,403.31,-8,-8,62,62,68.49,67.84,563.45,570.41,590.25,612.16,0.42,0.4,244.1,234.3,11.28,10.98,17.11,17.11,329.16,329.16,2.09,2.04,43.25,45.06,58.37,59.25,-82.46,-82.46,91.1,91.1,107.5,107.5,55976.74,56953.6,37874.81,39480.28,79005,78723,1690.35,1711.23,2.79,2.76,469.54,475.34,178000000000,222600000000,42374.39,42658.25,12.84,12.9,16.04,15.16
Wickedness,57.33,57.33,64.33,58,61.33,61.33,4.49,3.71,33.47,33.09,42,42,120.3,114.19,50,50,112.5,112.5,481.21,456.77,4092.66,3884.87,6255.68,5938.07,-5.48,-5.48,-8,-8,962.41,913.55,5293.27,5024.52,-3.54,-3.54,481.21,456.77,8180.5,7765.17,-4.47,-4.47,-8.37,-8.37,0,0,2406.03,2283.87,-7.07,-7.07,-3.46,-3.46,12030.15,11419.37,9.11,9.27,1082.71,1027.74,962.41,913.55,1443.62,1370.32,360.9,685.16,119.98,119.98,22.26,26.97,12,12,54.35,51.72,22.37,22.37,20.75,20.75,50,50,1,1,50,50,94,94,55.76,56.41,51.79,56.72,68.76,69.13,3.39,1.72,1443.62,1370.32,66.78,68.3,55.5,50.5,20.95,22.16,84.06,81.72,2.55,2.55,93.31,93.31,543.14,582.2,0,0,64,64,69.22,68.23,962.41,913.55,422.25,450.42,0.36,0.35,125.92,125.92,10.98,10.53,17.16,17.16,365.37,365.37,2.75,2.59,51.61,53.28,53.8,52.81,87.18,87.18,-33.17,-33.17,100.2,100.2,42565.09,40746.58,18953.11,20170.57,85130,74786,962.41,913.55,11.76,10.95,120.3,114.19,1495500000000,1755300000000,33626.42,31700.84,7.09,7.09,15.27,13.91
Sanju,59.47,59.47,33.6,38.13,41.33,41.33,1.74,1.69,31.91,31.21,43,43,885.87,934.12,48.4,48.4,117,117,1102.41,1162.46,1322.9,1394.95,-10.77,-10.77,-8.6,-8.6,-4.38,-4.38,1763.86,1859.93,-11.14,-11.14,-9.57,-9.57,2677.29,2823.11,2677.29,2823.11,-7.87,-7.87,314.98,332.13,2283.57,2407.94,-3.46,-3.46,286.63,302.24,-9.6,-9.68,1102.41,1162.46,10.86,11,689.01,726.53,1279.59,1349.28,1378.02,1453.07,1181.16,1556.86,13.25,13.25,57.42,59.3,13,13,31.21,30.05,21.31,21.31,21.97,21.97,50,50,1,1,50,50,110,110,58.71,58.86,70.58,72.44,70.4,71.25,11.69,12.56,1181.16,1245.49,78.69,79.12,30.2,27.6,40.55,41.43,59.73,58.3,5.98,5.98,92.85,92.85,880.86,906.46,0,0,62,62,55.73,54.64,1082.73,1141.7,570.62,569.81,0.3,0.3,92.76,92.76,9.87,9.84,18.58,18.58,621.2,621.2,2.14,2.14,43.31,42.44,49.72,50.67,-52.44,-52.44,-55.23,-55.23,101.45,101.45,28547.78,30413.98,21275.91,23060.15,37056,38889,885.87,934.12,7.26,6.96,295.29,311.37,4035100000000,5801300000000,16985.93,17822.59,7,7,8.62,8.27
Lilpet,25.25,25.25,6.5,3,68.67,68.67,1.14,1.06,32.64,34.95,45.83,45.83,619.25,404.45,74.75,74.75,58.5,58.5,-9.06,-9.06,-9.03,-9.03,122.67,80.12,-9.59,-9.59,56.62,36.98,5617.25,3668.8,-9.17,-9.17,-1.22,-1.22,-7.87,-7.87,1155.93,754.98,-10.1,-10.1,-9.75,-9.75,330.27,215.71,94.36,61.63,-7.07,-7.07,125.5,81.97,122.67,80.12,19.13,19.21,1444.92,943.72,943.62,616.31,1150.04,751.13,619.25,462.23,8.83,8.83,87.64,94.4,15.9,15.9,22.7,19.12,25.61,25.61,16.28,16.28,52.16,52.16,1,1,50.5,50.5,101,101,72.56,72.84,110.26,110.62,69.59,67.49,27.4,28.57,973.11,635.57,115.25,115.41,-93.5,-97,70.61,70.87,-23.6,-25.59,0.92,0.92,93.73,93.73,1536.58,1699.83,0,0,68,68,75.59,75.21,766.69,500.75,1032.91,1033.65,0.19,0.19,111.58,111.58,9.22,9.19,27.43,27.43,625.38,625.38,1.44,1.44,27.6,26.43,45.36,43.77,55.86,55.86,-50.99,-50.99,102.62,102.62,18625.53,12222.7,17374.56,11857.84,19826,12561,1179.53,770.38,2.19,2.18,678.23,442.97,63500000000,46100000000,5475.91,3556.8,9.08,9.08,9.84,9.21
Big Meme,60.44,59.56,54.89,50.44,61.33,61.33,1.88,1.8,32.17,32.01,42,42,868.48,825.49,47.67,48.33,119.25,117,-9.17,-9.17,-5.93,-5.93,926.37,880.52,-8.94,-8.94,-8,-8,-1.26,-1.26,-5.83,-5.83,-7.94,-7.94,-8.6,-8.6,7295.19,6934.11,2084.34,1981.17,-8,-8,347.39,330.2,4979.26,4732.8,2258.04,2146.27,-7.11,-7.27,926.37,880.52,9.11,9.27,1302.71,1238.23,1013.22,963.07,1302.71,1238.23,434.24,825.49,119.98,119.98,53.21,55.54,12,12,47.32,45.65,24.92,24.79,17.35,17.55,50,50,1,1,50,50,109,109,58.01,58.23,65.9,68.73,70.11,70.29,2.88,3.77,1302.71,1238.23,78.67,79.86,48.17,44.83,35.9,36.99,70.99,69.43,2.15,2.15,93.38,93.38,582.2,614.43,0,0,64,64,66.4,65.24,1157.97,1100.65,571.95,573.78,0.31,0.31,139.88,135.31,9.98,9.95,17.16,17.16,601.62,601.62,2.13,2.13,52.12,51.23,53.09,52.26,64.81,64.81,-58.31,-58.31,100.2,100.2,30529.79,29431.42,21846.77,21548.88,41054,38797,1447.46,1375.81,8.57,8.19,144.75,137.58,218000000000,411100000000,19569.6,18541.8,6.5,6.55,12.59,11.7
Ville Mancheseva,79.5,77.07,73.67,80.33,52,52,26.6,17.01,105.78,72.3,37.37,37.37,-7.07,-7.07,21.75,25.4,177.75,168.75,-4.47,-4.47,656.29,691.36,5332.39,5617.3,-2.45,-2.45,2871.29,3024.7,4333.59,4565.14,4265.91,4493.84,2768.74,2916.67,6152.75,6481.5,6973.12,7345.7,820.37,864.2,-5.1,-5.1,0,0,6809.05,7172.86,2173.97,2290.13,4413.58,4649.39,9598.3,10111.14,4.24,4.24,-8.37,-8.37,205.09,216.05,-7.07,-7.07,-5.48,0,744.82,744.82,3.76,5.88,10.55,10.55,66.54,64.23,27.43,26.73,12.79,14.28,52.16,52.16,1,1,52.44,52.44,98,98,34.9,36.72,7.74,8.72,60.14,62.53,22.78,19.89,307.64,324.07,27.14,29.92,84.5,79.5,4.75,4.8,128.34,127.01,4.64,4.64,93.01,93.01,225.87,270.73,0,0,64,64,75.14,74.59,205.09,216.05,124.21,144.92,3.07,2.51,309.05,289.65,15.14,14.71,14.68,14.68,312.77,312.77,104.11,95.99,32.22,35.11,53.29,56.54,81.24,81.24,-10,-10,93.65,93.65,56045.44,59039.97,8783.24,12189.84,233610,207337,205.09,216.05,22.1,21.39,-8.94,-8.94,331100000000,360100000000,53411.3,56206.05,1.62,1.68,24.37,22.37
Bolum Tigarchyss,63.47,62.67,34.22,32.44,8,8,1.59,1.53,29.44,29.27,38.06,38.06,2485.23,2414.94,45.4,46,123.75,121.5,-7.48,-7.48,-7.8,-7.8,-10,-10,-6.78,-6.78,5881.7,5715.37,-9.51,-9.51,-3.35,-3.35,-10.1,-10.1,-9,-9,-9.27,-9.27,-5.1,-5.1,-6.84,-6.84,-8.12,-8.12,-15.68,-15.68,5301.82,5151.88,167.01,162.28,0,0,11.96,12.08,-4.47,-4.47,2071.02,2012.45,1656.82,1609.96,621.31,905.6,1065.35,1065.35,62.95,65.48,11.33,11.33,17.86,17.05,21.73,21.6,21.5,21.65,51,51,3.3,3.3,52.44,52.44,179,179,62.25,62.44,75.88,78.04,73.8,74.07,21.83,22.74,1346.16,1308.09,52.56,53.21,32.67,29.33,54.26,55.12,47.97,46.42,21.68,21.68,91.61,91.61,1470.02,1647.83,-4,-4,67,67,55.2,54.2,828.41,804.98,1053.95,1054.1,0.36,0.35,193.18,190.48,9.98,9.94,13.2,13.2,1093.67,1093.67,1.36,1.36,33.17,32.26,51.66,51.52,-62.45,-62.45,-33.17,-33.17,101.04,101.04,26738.23,26283.93,20929.43,21009.71,33249,32087,1449.72,1408.72,3.05,3.01,-3.16,-3.16,582800000000,1415700000000,12219.37,11801.48,13.1,13.12,15.54,14.7
Marvel 1,57.33,57.33,55.33,51.33,61.33,61.33,3.45,2.91,33.15,32.66,42,42,109.18,104.98,50,50,112.5,112.5,-4.47,-4.47,-3.46,-3.46,-5.48,-5.48,2620.39,2519.44,2445.7,2351.48,1594.07,1532.66,873.46,839.81,2947.94,2834.37,3493.85,3359.25,4367.32,4199.06,2620.39,2519.44,-6.32,-6.32,2183.66,2099.53,4804.05,4618.97,-6.32,-6.32,-5.29,-5.57,873.46,839.81,9.27,9.43,982.65,944.79,873.46,839.81,1310.2,1259.72,655.1,944.79,119.98,119.98,28.98,34.31,12,12,50.66,47.95,23.06,23.06,19.91,19.91,50,50,1,1,50,50,94,94,56.66,57.27,58.24,63.25,69.08,69.58,2.06,3.72,1310.2,1259.72,65.87,67.38,48.5,43.5,21.5,22.69,81.89,79.56,2.55,2.55,93.31,93.31,598.21,639.17,0,0,64,64,67.87,66.68,873.46,839.81,443.04,449.72,0.33,0.32,125.92,125.92,12.07,11.63,17.16,17.16,369.16,369.16,2.63,2.59,52.94,51.28,52.34,51.85,-70,-70,58.31,58.31,100.2,100.2,40485.03,39240.25,20846.77,22158.05,71938,64580,873.46,839.81,10.62,9.75,109.18,104.98,629400000000,937800000000,31780.75,30332.71,7.09,7.09,11.99,10.94
Eldailemainatedopia,79.5,77.07,69.67,67.67,85,85,7.05,5.55,35.06,34.06,43.68,43.68,-7.07,-7.07,21.75,25.4,177.75,168.75,-6.63,-6.63,4198.64,4131.59,5355.61,5270.08,7639.62,7517.61,472.55,465.01,567.06,558.01,-6.16,-6.16,1949.28,1918.15,630.07,620.01,6143.2,6045.09,-7.35,-7.35,3780.43,3720.06,4174.22,4107.56,2205.25,2170.03,2835.32,2790.04,7434.85,7316.11,5355.61,5270.08,6.08,6.24,1082.94,1065.64,492.24,484.38,98.45,96.88,-3.16,193.75,7.86,7.86,14.19,18,13.62,13.62,76.74,73.32,38.23,37.65,1.95,2,52.16,52.16,1,1,50,50,92,92,52.25,53.33,37.83,43.09,67.4,68.22,26.79,23.91,393.79,387.51,57.46,61.77,65.5,60.5,6.43,6.73,115.1,113.1,0.73,0.73,94.07,94.07,137.71,173.18,0,0,64,64,72,71.27,196.9,193.75,199.06,226.03,1.26,0.95,157.33,143.59,13.2,12.76,33.08,33.08,329.08,329.08,74.49,61.91,28.21,31.09,55.77,55.38,-60.42,-60.42,102.23,102.23,97.83,97.83,55990.53,55290.11,19359.91,21868.48,136458,121475,1082.94,1065.64,15.1,14.25,-6.32,-6.32,199200000000,211500000000,52407.13,51585.67,1.67,1.77,18.16,16.56
Astravican Peoples Navy,56.33,56.33,5.5,2.75,57.33,57.33,1.12,1.06,32.82,34.54,45.83,45.83,757.61,534.31,50.75,50.75,112.5,112.5,-11.31,-11.31,447.58,315.65,606.09,427.44,326.36,230.16,-10.68,-10.68,-7.43,-7.43,349.67,246.6,-8.57,-8.57,-6.48,-6.48,1072.32,756.25,-8.25,-8.25,256.42,180.84,722.65,509.65,256.42,180.84,104.9,73.98,-10.32,-10.32,955.76,674.05,18.73,18.81,1369.53,965.86,845.03,595.96,1049.01,739.81,524.5,431.55,14.31,14.31,89.42,94.63,15.51,15.51,19.75,17.58,26.47,26.47,14.79,14.79,46.97,46.97,1,1,50,50,125,125,71.51,71.73,107.56,107.89,69.41,67.81,15.73,16.64,1019.87,719.26,90.9,91.4,-94.5,-97.25,71.62,71.86,-21.97,-23.73,2.77,2.77,93.27,93.27,1105.96,1202.77,-8,-8,64,64,75.09,74.79,699.34,493.21,1061.09,1061.5,0.26,0.26,95.56,95.56,9.51,9.48,18.22,18.22,775.77,775.77,1.33,1.33,39.27,38.36,44.55,43.35,-17.32,-17.32,53.85,53.85,112.37,112.37,16160.51,11458.81,15235.9,11131.01,17039,11762,932.45,657.61,2.23,2.23,611.92,431.55,30800000000,24500000000,4589.58,3219.93,16.82,16.82,8.45,8.11
SONIC UNDERGROUND,42.67,42.67,11.67,10.33,70,70,1.27,1.19,35.45,35.26,42,42,213.56,204.78,61,61,87.75,87.75,-6.32,-6.32,-6.89,-6.89,1708.49,1638.26,1708.49,1638.26,1281.37,1228.7,804.06,771.01,-9.49,-9.49,266.95,255.98,1494.93,1433.48,213.56,204.78,1708.49,1638.26,-8.37,-8.37,640.68,614.35,1494.93,1433.48,-3.16,-3.16,231.84,163.83,1708.49,1638.26,9.95,10.1,533.9,511.96,480.51,460.76,587.29,563.15,373.73,511.96,125.17,125.17,78.86,84.27,12,12,31.02,28.22,23.54,23.54,19.28,19.28,50,50,1,1,50,50,100,100,61.57,61.88,91.36,93.41,67.1,67.25,21.68,22.79,694.07,665.54,104.84,105.07,11.67,8.33,30.65,31.77,65.7,63.79,0.98,0.98,93.7,93.7,931.76,965.58,0,0,64,64,51.74,51.1,480.51,460.76,504.9,507.61,0.25,0.24,87.65,87.65,9.87,9.84,17.14,17.14,515.69,515.69,2.34,2.33,33.32,32.21,43.57,43.4,-21.21,-21.21,66.71,66.71,100.62,100.62,18334.38,17675.82,16175.61,16151.54,20511,19166,480.51,460.76,3.22,3.14,106.78,102.39,549900000000,651100000000,12705.73,12054.91,7.68,7.68,7.23,7.17
Maggots One Maggie Nil,65.83,65.2,6.5,3,70.67,70.67,1.14,1.06,33.17,35.7,45.83,45.83,533.89,348.62,42.25,43.2,130.5,128.25,150.75,98.43,-10.5,-10.5,401.99,262.49,1457.21,951.52,90.45,59.06,4209.2,2748.5,-7.03,-7.03,-10.61,-10.61,389.43,254.29,-4.24,-4.24,-10.86,-10.86,-11.27,-11.27,-6.93,-6.93,-10.1,-10.1,-8.66,-8.66,-10.64,-10.64,552.74,360.92,18.08,18.17,1476.05,963.83,942.16,615.21,879.35,574.19,596.7,451.15,9.5,9.5,87.64,94.4,16.66,16.66,25.84,22.35,32.64,32.47,2.73,2.77,52.16,52.16,1,1,51.48,51.48,96,96,71.04,71.34,106.38,106.83,69.06,66.93,22.72,23.57,1036.38,676.73,90.67,92.19,-93.5,-97,69.31,69.58,-10.38,-12.36,0.98,0.98,93.7,93.7,790.9,832.66,-8,-8,64,64,75.35,74.95,753.73,492.17,930.17,938.53,0.28,0.28,251.85,247.23,9.44,9.41,24.32,24.32,540.09,540.09,1.6,1.59,32.28,31.43,44.98,43.38,-77.46,-77.46,87.18,87.18,112.37,112.37,17496.21,11486.1,16321.09,11143.23,18624,11804,1067.78,697.24,2.25,2.24,659.51,430.65,22700000000,17900000000,5371.34,3491.78,14.05,14.07,7.82,7.5
HongQuanJiShen HeYiTianZhi,72.33,70.8,69.67,67.67,77.33,77.33,7.05,5.55,34.22,33.38,42,42,-7.07,-7.07,32.5,34.8,153,148.5,676.24,667.28,202.87,200.18,5325.36,5254.8,946.73,934.19,405.74,400.37,4882,4817.31,5325.36,5254.8,190.19,187.67,-9,-9,5325.36,5254.8,5325.36,5254.8,253.59,250.23,-3.74,-3.74,-2,-2,6424.24,6339.12,6960.29,6592.82,11326.95,11176.87,6.56,6.71,1162.28,1146.88,528.31,521.31,422.65,417.05,-3.16,208.52,7.86,7.86,14.19,18,12,12,72.24,69.05,34.38,34,2.38,2.45,50,50,1,1,50,50,100,100,55.39,56.12,50.94,56.73,68.09,68.85,19.87,17.44,1162.28,1146.88,37.32,39.82,65.5,60.5,7.6,7.93,109.03,106.89,0.73,0.73,94.07,94.07,229.6,267.48,-8,-8,64,64,71.92,71.18,211.32,208.52,320.17,350.81,1.51,1.3,142.93,134.9,11.12,10.68,33.08,33.08,436.72,436.72,4,3.44,35.13,37.56,55.65,55.24,68.04,68.04,40.87,40.87,104.46,104.46,52112.12,51354.93,18018.87,20312.02,127005,112829,739.63,729.83,12.2,11.32,-6.32,-6.32,91900000000,119600000000,48151.6,47297.89,12.94,13,20.94,19.15
1st Rogue Army Infantry,63.67,62.93,27.5,26.5,74.67,74.67,1.84,1.62,31.25,30.87,45.83,45.83,370.73,363.38,45.25,45.8,123.75,123.75,2669.25,2616.32,1821.23,1785.12,677.9,664.46,1440.55,1411.98,3643.73,3571.48,972.58,953.3,5380.86,5274.17,1608.75,1576.85,910.93,892.87,1398.18,1370.45,2245.56,2201.03,237.27,232.56,550.8,539.88,338.95,332.23,1673.57,1640.39,457.58,448.51,8728.01,8554.95,15.36,15.46,1535.88,1505.42,847.38,830.58,1165.15,1142.04,688.5,830.58,1220.81,1220.81,54.37,61.58,18.02,18.02,43.37,39.84,31.19,31.1,3.19,3.23,51.62,51.62,1,1,53.38,53.38,100,100,68.44,68.84,104.86,105.58,71.2,71.69,16.71,18.19,1959.57,1920.71,38.05,38.91,-72.5,-77.5,40.28,41.24,39.41,37.08,0.76,0.76,93.94,93.94,584.19,629.21,-8,-8,67,67,77.89,77.45,741.46,726.76,963.26,970.06,0.33,0.32,241.36,239.1,10.72,10.28,12.51,12.51,407.87,407.87,1.57,1.57,38.29,36.81,49.41,49.35,-52.92,-52.92,66.33,66.33,109.39,109.39,41480.5,40813.76,30026.93,31574.82,55225,51276,1271.07,1245.87,2.39,2.36,-7.07,-7.07,9600000000,11400000000,24763.86,23998.49,14.82,14.82,11.61,10.6
Dwemeris,29,29,75.33,74.89,15,15,8.85,6.36,35.93,34.43,37.37,37.37,532.41,531.49,71.25,71.25,65.25,65.25,3066.7,3061.35,-7.36,-7.36,85.19,85.04,1448.16,1445.64,-5.83,-5.83,15483.41,15456.44,-5.16,-5.16,-4.58,-4.58,85.19,85.04,-6.93,-6.93,3492.63,3486.54,3961.15,3954.25,-7.62,-7.62,4770.42,4762.11,2385.21,2381.05,-2.08,-2.08,3151.88,3146.39,10.49,10.63,-8.37,-8.37,745.38,744.08,2342.62,2338.53,1171.31,1488.16,9.15,9.15,11.3,15.72,8.98,8.98,36.6,34.81,5.98,5.98,32.24,32.24,51.62,51.62,1,1,51.48,51.48,105,105,53.55,54.53,35.4,40.69,66.77,67.9,26.04,23.82,2555.58,2551.13,53.86,55.58,70,63.33,18.83,20.04,85.82,83.11,19.57,19.57,91.75,91.75,941,1028.99,0,0,64,64,71.87,70.96,1064.83,1062.97,283.48,313.42,0.28,0.27,144.86,144.86,9.93,9.86,25.89,25.89,522.22,522.22,5.67,4.17,28.96,31.18,56.45,56.83,-43.59,-43.59,44.72,44.72,98.83,98.83,55347.07,55569.54,16796.87,20366.28,148704,129533,1064.83,1062.97,14.06,13.13,-13.42,-13.42,49800000000,101100000000,44941.82,44455.63,8.4,8.4,24.11,21.74
Illuminator 1,56,56,28.67,23.5,67.33,67.33,1.89,1.66,34.51,34.37,42,42,165.89,151.5,51,51,110.25,110.25,1990.67,1817.99,-10.24,-10.24,-5.48,-5.48,-3.16,-3.16,-9.49,-9.49,-8,-8,-3.16,-3.16,-7.07,-7.07,0,0,4644.89,4241.98,1327.11,1211.99,2986,2726.99,1658.89,1514.99,2986,2726.99,-9.49,-9.49,2538.06,2136.1,1990.67,1817.99,9.54,9.7,829.44,757.5,746.5,681.75,829.44,757.5,331.78,530.25,125.17,125.17,52.98,60.1,12,12,41.9,38.6,23.75,23.75,19.01,19.01,50,50,1,1,50,50,94,94,58.47,59.02,70.48,75.33,67.84,67.96,11.4,13.07,912.39,833.25,75.97,77.6,28.5,23.5,26.98,28.35,72.98,70.53,1.38,1.38,93.56,93.56,716.32,761.07,0,0,64,64,56.83,54.76,746.5,681.75,323.18,328.37,0.3,0.29,122.92,122.92,10.64,10.19,17.14,17.14,365.79,365.79,3.94,3.82,43.6,41.93,47.59,46.52,-38.08,-38.08,-7.07,-7.07,100.62,100.62,28001.99,25618.48,19991.47,19564.36,37731,32552,746.5,681.75,7.74,6.58,165.89,151.5,147900000000,200800000000,20441.45,18342.83,6.98,6.98,7.7,7.35
Polaris Dawn,57.33,57.33,64.33,58,61.33,61.33,4.49,3.71,33.49,33.09,42,42,111.97,106.34,50,50,112.5,112.5,895.78,850.71,3365.89,3196.53,3583.12,3402.82,1343.67,1276.06,2956.07,2807.33,537.47,510.42,-8.37,-8.37,4492.34,4266.29,-6.32,-6.32,4031.01,3828.18,3135.23,2977.47,-7.07,-7.07,447.89,425.35,4926.79,4678.88,3583.12,3402.82,-4.47,-4.47,4478.9,4253.53,9.11,9.27,1007.75,957.04,895.78,850.71,1343.67,1276.06,335.92,638.03,119.98,119.98,22.26,26.97,12,12,54.35,51.72,24.8,24.8,17.53,17.53,50,50,1,1,50,50,94,94,55.76,56.41,51.79,56.72,68.74,69.13,3.39,1.72,1343.67,1276.06,80.66,82.33,55.5,50.5,17.95,19.12,86.79,84.45,2.55,2.55,93.31,93.31,543.14,582.2,0,0,64,64,69.37,68.39,895.78,850.71,408.76,436.45,0.33,0.32,125.92,125.92,11.95,11.51,17.16,17.16,366.21,366.21,2.85,2.66,51.61,53.28,53.79,52.81,45.83,45.83,43.59,43.59,100.2,100.2,45727.33,43745.42,20361.17,21655.07,91455,80290,895.78,850.71,11.76,10.95,111.97,106.34,30600000000,36200000000,37496.41,35390.05,7.09,7.09,14.78,13.46
Rivers Glue Huffing Addiction,77.17,74.93,67.67,64.33,28,28,5.55,4.49,37.21,36.05,37.37,37.37,0,0,25.25,28.6,168.75,162,-4.47,-4.47,-8.49,-8.49,2378.3,2317.52,475.66,463.5,4566.33,4449.64,-4,-4,5422.51,5283.94,4290.44,4180.8,0,0,2853.95,2781.02,3805.27,3708.03,1426.98,1390.51,0,0,7134.89,6952.56,951.32,927.01,-5.29,-5.29,7800.81,7601.46,7.94,8.12,-4.47,-4.47,832.4,811.13,1426.98,1390.51,237.83,579.38,7.94,7.94,18,22.26,6.84,6.84,43.47,41.61,22.87,22.17,20.14,20.99,46.97,46.97,1,1,50,50,94,94,47.8,49.57,21.38,24.92,65.94,66.68,19.63,16.85,1783.72,1738.14,27.69,30.31,60.5,55.5,12.97,14.19,94.32,91.99,11.73,11.73,92.32,92.32,507.29,571.13,0,0,64,64,71.01,70.2,832.4,811.13,200.27,226.29,1.56,1.29,115.07,104.86,13.07,12.63,32.57,32.57,365.79,365.79,73.98,61.76,35.37,38.15,53.85,52.99,40.62,40.62,29.15,29.15,97.28,97.28,45078.2,44273.88,17829.44,19713.99,99039,88548,832.4,811.13,17.17,16.41,-7.07,-7.07,34900000000,44100000000,39218.04,37986.99,8.69,8.8,13.27,12.09
Ravania Perdita,97,86.67,66,72,98,98,109.86,65.38,110.49,86.48,42,42,-6.32,-6.32,3,13.33,218.25,195.75,6274.33,6550.47,3088.9,3224.85,-5.48,-5.48,-3.16,-3.16,-3.74,-3.74,772.23,806.21,4343.77,4534.94,1809.9,1889.56,-6.32,-6.32,965.28,1007.76,4826.41,5038.82,3861.13,4031.06,965.28,1007.76,1447.92,1511.65,3378.49,3527.18,4633.35,4837.27,10618.1,11085.41,5.1,5.2,482.64,503.88,361.98,377.91,120.66,125.97,-4.47,125.97,95.92,95.92,0.91,1.53,12,12,108.54,105,39.42,37.79,1.86,1.98,50,50,1,1,50,50,94,94,37.77,39.42,16.09,18.72,59.29,61.62,48.17,43.06,844.62,881.79,18.5,23.05,98,93,6.37,6.61,117.31,115.64,1.16,1.16,93.63,93.63,1.33,13.53,0,0,64,64,75.79,75.25,361.98,377.91,68.64,87.46,4.3,3.26,371.11,290.56,14.88,14.46,17.29,17.29,325.74,325.74,128.33,119.45,6.83,11.94,50.4,53.17,-33.91,-33.91,-18.71,-18.71,97.83,97.83,42979.17,44996.7,2565.92,3895.24,281893,254677,361.98,377.91,20.99,20.37,-6.32,-6.32,10400000000,21300000000,40228.5,42026.92,3.19,3.8,30.58,28.24
Sector-CS-5,57.33,57.33,57.33,48.44,57.33,57.33,3.61,2.91,32.79,32.55,42,42,298.41,276.23,50,50,112.5,112.5,-7.07,-7.07,-2.83,-2.83,397.88,368.31,4774.59,4419.72,3183.06,2946.48,-4.24,-4.24,1989.41,1841.55,5092.89,4714.37,3978.82,3683.1,-7.75,-7.75,1989.41,1841.55,3978.82,3683.1,5172.47,4788.03,3183.06,2946.48,-4.47,-4.47,-2.83,-2.83,2387.29,2209.86,9.33,9.49,895.23,828.7,895.23,828.7,1193.65,1104.93,298.41,552.47,119.98,119.98,27.72,34.4,12,12,49.93,46.46,23.11,23.11,19.85,19.85,50,50,1,1,50,50,100,100,56.72,57.49,57.19,63.08,69.44,69.69,0.56,2.78,1193.65,1104.93,66.02,67.94,50,43.33,17.43,18.68,86.03,83.32,3.24,3.24,93.2,93.2,610.35,665.81,0,0,64,64,68.19,66.81,795.76,736.62,504.23,512.09,0.33,0.32,126.07,126.07,13.13,12.55,17.16,17.16,523,523,2.35,2.32,54.44,52.22,52.69,51.44,-76.81,-76.81,80,80,100.2,100.2,45179.51,42097.83,22702.14,23806.57,81911,69198,795.76,736.62,10.54,9.42,99.47,92.08,2000000000,3400000000,37318.28,34225.54,7.09,7.09,12.77,11.43
Enfieldco,70.8,70.4,10.75,5.75,74.67,74.67,1.24,1.12,30.93,32.38,47.2,47.2,1416.05,1042.49,34.8,35.4,148.5,146.25,-9.06,-9.06,1019.55,750.59,389.41,286.68,-6.78,-6.78,-6.63,-6.63,-0.89,-0.89,-6.45,-6.45,-6.82,-6.82,-11.05,-11.05,-6.48,-6.48,-14.21,-14.21,1150.54,847.02,-9.59,-9.59,-7.21,-7.21,-9.95,-9.95,438.97,323.17,389.41,286.68,19.03,19.1,2256.83,1661.46,1371.8,1009.91,1416.05,1042.49,929.28,781.87,74.94,74.94,80.48,89.19,17.01,17.01,32.04,27.4,32.45,32.35,2.77,2.8,48.6,48.6,1,1,50.5,50.5,144,144,70.11,70.52,107.64,108.24,71.62,69.88,25.79,27.26,1150.54,847.02,106.66,107.17,-89.25,-94.25,76.74,77.03,-30.49,-32.83,0.77,0.77,93.87,93.87,635.42,682.78,0,0,66,66,74.96,74.45,1062.04,781.87,1061.98,1062.98,0.26,0.26,218.51,215.64,9.61,9.56,17.42,17.42,931.57,931.57,1.33,1.33,29.21,27.74,46.4,44.71,43.59,43.59,-28.28,-28.28,112.37,112.37,19513.13,14463.2,17401.64,13617.72,21622,15268,1416.05,1042.49,2.3,2.28,1283.29,944.75,29900000000,29300000000,4546.56,3326.54,9.31,9.35,12.28,11.21
Triguriyyah Mujahideen,9,9,15,10,3,3,1.36,1.22,31.32,32.03,39.43,39.43,1341.8,1091.96,91,91,20.25,20.25,-12.96,-12.96,-9.72,-9.72,-11.92,-11.92,-7.21,-7.21,-6.63,-6.63,2047.79,1666.49,-2.37,-2.37,-8.57,-8.57,123.86,100.8,454.15,369.58,-6.16,-6.16,-7.03,-7.03,41.29,33.6,41.29,33.6,241.52,196.55,668.84,544.3,0,0,18.84,18.92,1186.98,965.96,1290.19,1049.96,2219.13,1805.93,928.94,881.96,1012.66,1012.66,73.63,81.97,12,12,13.39,12.51,1.25,1.25,36.16,36.16,46.97,46.97,1,1,51.96,51.96,120,120,70.67,71.05,96.9,98.6,71.12,70.26,41.65,43.32,2012.7,1637.93,96.31,97.16,-85,-90,75.92,76.21,-26.65,-28.99,29.5,29.5,91.14,91.14,8263.59,9214.28,-8,-8,67,67,76.11,75.63,1341.8,1091.96,1005.63,1007.32,0.2,0.2,17.53,17.53,9.67,9.63,13.44,13.44,742.45,742.45,1.53,1.53,13.35,11.68,46.63,45.23,-74.83,-74.83,-38.73,-38.73,110.31,110.31,22806.47,18685.88,19402.52,16826.59,26352,20527,1238.58,1007.96,2.27,2.25,928.94,755.97,16100000000,15600000000,5496.36,4447.24,18.07,18.07,10.85,9.94
Yellowjackets,30.33,30.33,13.5,9,64,64,1.32,1.19,32.88,33.9,43.68,43.68,500.9,400.67,70.25,70.25,67.5,67.5,1322.38,1057.76,-6.76,-6.76,-8,-8,2284.1,1827.05,-7.62,-7.62,1021.03,816.72,1242.23,993.66,253.26,202.58,-10.3,-10.3,-6.63,-6.63,120.22,96.16,941.69,753.26,520.94,416.69,1923.46,1538.56,-1.67,-1.67,-2.99,-2.99,2564.61,2051.42,14.97,15.07,1302.34,1041.74,1001.8,801.34,1402.52,1121.87,601.08,601,9.32,9.32,75.67,83.7,15.09,15.09,29.84,26.44,24.1,24.1,18.53,18.53,48.6,48.6,1,1,51.48,51.48,95,95,66.98,67.38,104.53,105.2,69.34,68.37,21.2,22.7,1552.79,1242.07,75.88,76.65,-86.5,-91,59.7,60.67,23.05,20.8,2.15,2.15,93.38,93.38,1346.09,1536.58,-4,-4,64,64,76.32,75.84,851.53,681.14,630.61,635.18,0.25,0.25,156.81,156.81,9.67,9.62,25.11,25.11,484.83,484.83,2,1.99,33.8,32.3,46.07,44.64,-101,-101,83.67,83.67,106.84,106.84,21971.48,17695.1,18965.43,16110.46,25062,19249,1101.98,881.47,2.48,2.45,550.99,440.73,48000000000,69500000000,8854.51,6954.17,16.32,16.32,7.82,7.44
Secret Agent 99,33.09,33.09,96.59,96.7,16.4,16.4,3.72,3.53,32.32,31.69,20.6,20.6,-7.75,-7.75,68.18,68.18,42,42,3148.98,3146.45,4895.76,4891.84,2079.51,2077.84,4218.44,4215.05,7248.58,7242.77,-9.3,-9.3,13665.36,13654.39,4589.78,4586.1,1693.32,1691.96,8199.22,8192.64,8496.29,8489.47,6565.32,6560.05,4040.19,4036.95,1663.61,1662.27,3089.56,3087.08,3534.96,3481.23,18893.85,18878.68,13.15,13.27,-21.68,-21.68,-13.04,-13.04,6906.95,6901.41,1633.9,1855.22,687.84,687.84,26.87,28.29,0.75,0.75,46.2,45.22,3.2,3.2,33.1,33.1,54.66,54.66,0.62,0.62,43.04,43.04,71,71,69.24,69.35,115.77,116.2,69.94,70.66,25.13,24.18,4010.49,4007.27,13.78,13.85,71.71,68.86,9.35,9.56,100.94,99.43,19.98,19.98,91.72,91.72,879.57,907.7,-11,-11,56,56,72.76,72.35,0,0,348.62,358.52,0.27,0.27,22.52,22.52,19.7,19.47,14.95,14.95,104.48,104.48,3.47,3.34,29.87,30.82,63.99,64.89,-54.37,-54.37,86.06,86.06,67.4,67.4,102447.23,102536.74,50604.71,52106.45,188363,184189,-17.03,-17.03,2.34,2.34,-7.07,-7.07,1615800000000,1846300000000,92919.64,92693.21,19.07,19.07,8.07,7.79
Neyshon25,66,65.17,61,62.33,76.44,76.44,3.23,2.75,32.75,31.85,40.78,40.78,951.25,966.51,42,43.25,130.5,128.25,2378.13,2416.27,3995.26,4059.33,1902.51,1933.02,3329.39,3382.78,0,0,0,0,0,0,1189.07,1208.14,4756.27,4832.54,3329.39,3382.78,4756.27,4832.54,0,0,0,0,-2.65,-2.65,2378.13,2416.27,0,0,4280.64,4349.29,10.34,10.49,951.25,966.51,951.25,966.51,951.25,966.51,1307.97,1691.39,152.93,152.93,30.93,36.43,10.55,10.55,60.15,56.73,29.9,29.68,4.75,5.3,52.16,52.16,1,1,50,50,108,108,56.14,56.8,60.75,65.88,69.47,70.47,12.1,13.35,951.25,966.51,72.84,75.52,46.75,41.75,29.18,30.35,74.94,72.61,0.73,0.73,94.06,94.06,401,443.29,0,0,64,64,67.14,65.8,951.25,966.51,453.89,464.08,0.38,0.36,159.18,152.49,11.94,11.49,17.01,17.01,589.38,589.38,2.57,2.52,42.9,41.65,53.37,53.92,-43.59,-43.59,62.45,62.45,101.85,101.85,40737.42,41753.15,21736.76,24356.01,70286,66865,951.25,966.51,11.3,10.43,951.25,966.51,2577900000000,4374900000000,28842.09,29060.2,3.21,3.27,13.75,12.52
Kalevasi,57.67,57.6,54,52.67,9,9,3.33,2.82,31.33,30.86,42,42,737.12,724.45,49.75,49.8,114.75,114.75,-7.62,-7.62,3133.79,3079.96,-7.62,-7.62,-4.9,-4.9,707.63,695.47,808.72,794.83,-7.62,-7.62,2211.35,2173.36,-6.48,-6.48,3453.91,3394.58,84.24,82.79,5559.95,5464.44,505.45,496.77,926.66,910.74,6528.73,6416.58,3224.87,2921.09,0,0,9.43,9.59,1474.23,1448.9,947.72,931.44,1790.14,1759.38,421.21,724.45,12.84,12.84,30.01,35.43,12,12,25.63,24.3,17.52,17.51,25.71,25.73,50,50,1,1,50,50,131,131,58.47,59.02,55.84,60.13,71.1,71.71,15.14,16.79,1368.93,1345.41,58.01,59.46,47.5,42.5,21.31,22.62,81.51,79.06,24.66,24.66,91.43,91.43,1039.7,1213.75,-4,-4,64,64,66.75,65.3,526.51,517.47,630.33,637.8,0.4,0.39,96.24,95.76,10.79,10.34,18.75,18.75,760.4,760.4,2,1.98,39.86,38.21,53.01,52.99,-46.9,-46.9,-26.46,-26.46,102.62,102.62,41234.74,40588.47,21643.11,23323.23,72120,65827,842.42,827.95,7.75,6.59,-3.16,-3.16,1589300000000,2451800000000,32451.74,31415.48,13.58,13.58,17.94,16.36
Dad 2,63.67,62.93,40,34,34.67,34.67,2.37,2.1,32.45,32.27,40.78,40.78,969.55,907.54,45.25,45.8,123.75,123.75,-8.12,-8.12,4033.33,3775.37,4783.11,4477.2,180.98,169.41,3813.56,3569.66,5894.86,5517.85,-7.87,-7.87,-9.72,-9.72,3361.1,3146.14,1745.19,1633.57,-9.27,-9.27,-8.72,-8.72,2391.56,2238.6,452.46,423.52,-7.35,-7.35,-4.43,-4.43,4783.11,4477.2,10.34,10.49,484.77,453.77,888.75,831.91,969.55,907.54,403.98,605.03,13.18,13.18,42.22,47.61,10.55,10.55,36.82,34.74,21.37,21.25,21.91,22.04,51.62,51.62,1,1,50,50,122,122,57.12,57.63,54.56,58.65,69.8,70,12.12,13.44,888.75,831.91,85.27,87.19,37,32.5,22.4,23.43,76.61,74.46,9.74,9.74,92.49,92.49,833.13,881.84,0,0,66,66,63.69,59.27,807.96,756.28,715.28,723.35,0.34,0.33,89.67,88.29,9.94,9.9,18.61,18.61,746.12,746.12,1.85,1.84,42.88,41.56,50.65,49.83,79.5,79.5,32.86,32.86,91.29,91.29,39476.82,37178.9,24943.06,25063.39,59083,52641,969.55,907.54,9.97,9.2,161.59,151.26,1787400000000,2434600000000,30634.01,28479.04,5.24,5.24,12.72,11.81
Moralax Silly Snowm Division XIII,62.67,61.87,1,0.67,38.67,38.67,1.02,1.02,37.79,37.73,45.83,45.83,238.56,237.85,46,46.6,121.5,121.5,-9.38,-9.38,72.32,72.11,-8.25,-8.25,552.46,550.82,-7.62,-7.62,-6.26,-6.26,-11.4,-11.4,-3.67,-3.67,210.94,210.31,-8.25,-8.25,160.71,160.24,311.38,310.46,60.27,60.09,-6.16,-6.16,-11.05,-11.05,2.41,2.4,0,0,18.3,18.38,590.12,588.37,389.23,388.08,439.45,438.15,238.56,275.41,8.21,8.21,98.12,98.43,15.51,15.51,15.05,14.84,27.91,27.79,11.49,11.83,52.16,52.16,1,1,50,50,98,98,70.96,70.98,104.76,104.8,65.61,65.64,22.98,22.89,326.45,325.48,107.64,107.82,-99,-99.33,72.26,72.42,-19.9,-20.95,7.94,7.94,92.65,92.65,1663.68,1708.76,0,0,64,64,74.62,74.62,301.34,300.45,1014.2,1014.57,0.23,0.23,69.91,68.69,9.6,9.59,30.83,30.83,593.94,593.94,1.51,1.51,32.02,32.11,42.8,42.81,-104.88,-104.88,87.18,87.18,107.5,107.5,6257.72,6276.72,6195.46,6224.68,6314,6324,477.12,475.71,2.26,2.26,263.67,262.89,3400000000,3600000000,1733.39,1732.38,7.11,7.11,7.15,7.15
Rhyme Country,77.33,73.56,28.44,21.67,57.33,57.33,1.88,1.59,34.83,34.76,42,42,238.52,208.22,25,30.67,168.75,157.5,-9.49,-9.49,3304.33,2884.54,318.03,277.63,2226.21,1943.38,2544.24,2221.01,3552.39,3101.09,636.06,555.25,1192.61,1041.1,636.06,555.25,1272.12,1110.51,-7.07,-7.07,636.06,555.25,1272.12,1110.51,-3.16,-3.16,-7.07,-7.07,-2.83,-2.83,954.09,832.88,9.22,9.38,715.57,624.66,636.06,555.25,954.09,832.88,238.52,416.44,119.98,119.98,53.1,62.95,12,12,38.16,34.17,27.47,26.39,12.69,14.93,50,50,1,1,50,50,100,100,58.49,59.38,68.67,75.34,67.58,67.64,16.11,16.45,954.09,832.88,55.26,61.53,28.33,21.67,23.22,24.57,76.71,73.9,3.24,3.24,93.2,93.2,583.53,685.79,0,0,64,64,57.7,54.61,636.06,555.25,509.24,535.61,0.46,0.38,239.98,205.81,9.84,9.78,17.16,17.16,522.51,522.51,2.33,2.24,38.89,38.55,47.4,45.87,-58.31,-58.31,62.45,62.45,100.2,100.2,29156.95,25661,20840.21,20086.22,39247,31909,636.06,555.25,7.7,5.62,79.51,69.41,13200000000,21800000000,22392.53,19348.39,5.9,6.16,10.01,8.92
